#	X	Y	Z
1	0	0	0
2	0	1	0
3	0	2	0
4	0	3	0
5	0	4	0
6	0	5	0
7	0	6	0
8	0	7	0
9	0	8	0
10	0	9	0
11	0	10	0
12	0	11	0
13	0	12	0
14	0	13	0
15	0	14	0
16	0	15	0
17	0	16	0
18	0	17	0
19	0	18	0
20	0	19	0
21	0	20	0
22	0	21	0
23	0	22	0
24	0	23	0
25	0	24	0
26	0	25	0
27	0	26	0
28	0	27	0
29	0	28	0
30	0	29	0
31	0	30	0
32	0	31	0
33	0	32	0
34	0	33	0
35	0	34	0
36	0	35	0
37	0	36	0
38	0	37	0
39	0	38	0
40	0	39	0
41	0	40	0
42	0	41	0
43	0	42	0
44	0	43	0
45	0	44	0
46	0	45	0
47	0	46	0
48	0	47	0
49	8	0	0
50	8	1	0
51	8	2	0
52	8	3	0
53	8	4	0
54	8	5	0
55	8	6	0
56	8	7	0
57	8	8	0
58	8	9	0
59	8	10	0
60	8	11	0
61	8	12	0
62	8	13	0
63	8	14	0
64	8	15	0
65	8	16	0
66	8	17	0
67	8	18	0
68	8	19	0
69	8	20	0
70	8	21	0
71	8	22	0
72	8	23	0
73	8	24	0
74	8	25	0
75	8	26	0
76	8	27	0
77	8	28	0
78	8	29	0
79	8	30	0
80	8	31	0
81	8	32	0
82	8	33	0
83	8	34	0
84	8	35	0
85	8	36	0
86	8	37	0
87	8	38	0
88	8	39	0
89	8	40	0
90	8	41	0
91	8	42	0
92	8	43	0
93	8	44	0
94	8	45	0
95	8	46	0
96	8	47	0
97	16	0	0
98	16	1	0
99	16	2	0
100	16	3	0
101	16	4	0
102	16	5	0
103	16	6	0
104	16	7	0
105	16	8	0
106	16	9	0
107	16	10	0
108	16	11	0
109	16	12	0
110	16	13	0
111	16	14	0
112	16	15	0
113	16	16	0
114	16	17	0
115	16	18	0
116	16	19	0
117	16	20	0
118	16	21	0
119	16	22	0
120	16	23	0
121	16	24	0
122	16	25	0
123	16	26	0
124	16	27	0
125	16	28	0
126	16	29	0
127	16	30	0
128	16	31	0
129	16	32	0
130	16	33	0
131	16	34	0
132	16	35	0
133	16	36	0
134	16	37	0
135	16	38	0
136	16	39	0
137	16	40	0
138	16	41	0
139	16	42	0
140	16	43	0
141	16	44	0
142	16	45	0
143	16	46	0
144	16	47	0
#	A	B	M	N
1	1	2	3	4
2	1	2	4	5
3	1	2	5	6
4	1	2	6	10
5	1	2	10	13
6	1	2	13	15
7	1	2	15	19
8	1	2	19	30
9	1	2	30	38
10	1	2	38	49
11	1	2	49	57
12	1	2	57	58
13	1	2	58	67
14	1	2	67	71
15	1	2	71	82
16	1	2	82	96
17	1	2	96	101
18	1	2	101	108
19	1	2	108	118
20	1	2	118	142
21	2	3	1	4
22	2	3	4	5
23	2	3	5	6
24	2	3	6	7
25	2	3	7	11
26	2	3	11	14
27	2	3	14	18
28	2	3	18	24
29	2	3	24	45
30	2	3	45	47
31	2	3	47	50
32	2	3	50	57
33	2	3	57	64
34	2	3	64	67
35	2	3	67	74
36	2	3	74	93
37	2	3	93	103
38	2	3	103	112
39	2	3	112	117
40	2	3	117	140
41	3	4	1	2
42	3	4	2	5
43	3	4	5	6
44	3	4	6	7
45	3	4	7	8
46	3	4	8	12
47	3	4	12	16
48	3	4	16	23
49	3	4	23	31
50	3	4	31	47
51	3	4	47	51
52	3	4	51	57
53	3	4	57	61
54	3	4	61	69
55	3	4	69	77
56	3	4	77	84
57	3	4	84	103
58	3	4	103	110
59	3	4	110	118
60	3	4	118	143
61	4	5	1	2
62	4	5	2	3
63	4	5	3	6
64	4	5	6	7
65	4	5	7	8
66	4	5	8	9
67	4	5	9	11
68	4	5	11	18
69	4	5	18	22
70	4	5	22	35
71	4	5	35	48
72	4	5	48	52
73	4	5	52	60
74	4	5	60	63
75	4	5	63	68
76	4	5	68	96
77	4	5	96	98
78	4	5	98	108
79	4	5	108	118
80	4	5	118	144
81	5	6	1	2
82	5	6	2	3
83	5	6	3	4
84	5	6	4	7
85	5	6	7	8
86	5	6	8	9
87	5	6	9	10
88	5	6	10	14
89	5	6	14	19
90	5	6	19	25
91	5	6	25	47
92	5	6	47	53
93	5	6	53	59
94	5	6	59	60
95	5	6	60	68
96	5	6	68	85
97	5	6	85	96
98	5	6	96	104
99	5	6	104	112
100	5	6	112	142
101	6	7	1	3
102	6	7	3	4
103	6	7	4	5
104	6	7	5	8
105	6	7	8	9
106	6	7	9	10
107	6	7	10	11
108	6	7	11	13
109	6	7	13	16
110	6	7	16	27
111	6	7	27	48
112	6	7	48	50
113	6	7	50	58
114	6	7	58	62
115	6	7	62	66
116	6	7	66	82
117	6	7	82	96
118	6	7	96	108
119	6	7	108	115
120	6	7	115	144
121	7	8	2	4
122	7	8	4	5
123	7	8	5	6
124	7	8	6	9
125	7	8	9	10
126	7	8	10	11
127	7	8	11	12
128	7	8	12	13
129	7	8	13	18
130	7	8	18	28
131	7	8	28	44
132	7	8	44	54
133	7	8	54	58
134	7	8	58	60
135	7	8	60	67
136	7	8	67	80
137	7	8	80	95
138	7	8	95	99
139	7	8	99	117
140	7	8	117	144
141	8	9	2	5
142	8	9	5	6
143	8	9	6	7
144	8	9	7	10
145	8	9	10	11
146	8	9	11	12
147	8	9	12	13
148	8	9	13	15
149	8	9	15	19
150	8	9	19	26
151	8	9	26	47
152	8	9	47	54
153	8	9	54	55
154	8	9	55	62
155	8	9	62	70
156	8	9	70	77
157	8	9	77	86
158	8	9	86	105
159	8	9	105	116
160	8	9	116	144
161	9	10	4	6
162	9	10	6	7
163	9	10	7	8
164	9	10	8	11
165	9	10	11	12
166	9	10	12	13
167	9	10	13	14
168	9	10	14	15
169	9	10	15	17
170	9	10	17	25
171	9	10	25	42
172	9	10	42	46
173	9	10	46	53
174	9	10	53	62
175	9	10	62	65
176	9	10	65	76
177	9	10	76	95
178	9	10	95	108
179	9	10	108	116
180	9	10	116	144
181	10	11	1	6
182	10	11	6	7
183	10	11	7	8
184	10	11	8	9
185	10	11	9	12
186	10	11	12	13
187	10	11	13	14
188	10	11	14	15
189	10	11	15	18
190	10	11	18	27
191	10	11	27	41
192	10	11	41	43
193	10	11	43	49
194	10	11	49	64
195	10	11	64	70
196	10	11	70	72
197	10	11	72	96
198	10	11	96	103
199	10	11	103	116
200	10	11	116	141
201	11	12	2	7
202	11	12	7	8
203	11	12	8	9
204	11	12	9	10
205	11	12	10	13
206	11	12	13	14
207	11	12	14	15
208	11	12	15	16
209	11	12	16	20
210	11	12	20	27
211	11	12	27	32
212	11	12	32	48
213	11	12	48	49
214	11	12	49	60
215	11	12	60	69
216	11	12	69	73
217	11	12	73	93
218	11	12	93	110
219	11	12	110	114
220	11	12	114	144
221	12	13	1	7
222	12	13	7	9
223	12	13	9	10
224	12	13	10	11
225	12	13	11	14
226	12	13	14	15
227	12	13	15	16
228	12	13	16	17
229	12	13	17	20
230	12	13	20	25
231	12	13	25	38
232	12	13	38	47
233	12	13	47	57
234	12	13	57	63
235	12	13	63	68
236	12	13	68	79
237	12	13	79	93
238	12	13	93	97
239	12	13	97	115
240	12	13	115	144
241	13	14	5	9
242	13	14	9	10
243	13	14	10	11
244	13	14	11	12
245	13	14	12	15
246	13	14	15	16
247	13	14	16	17
248	13	14	17	18
249	13	14	18	21
250	13	14	21	24
251	13	14	24	39
252	13	14	39	46
253	13	14	46	55
254	13	14	55	64
255	13	14	64	70
256	13	14	70	73
257	13	14	73	90
258	13	14	90	100
259	13	14	100	117
260	13	14	117	143
261	14	15	2	9
262	14	15	9	11
263	14	15	11	12
264	14	15	12	13
265	14	15	13	16
266	14	15	16	17
267	14	15	17	18
268	14	15	18	19
269	14	15	19	21
270	14	15	21	22
271	14	15	22	36
272	14	15	36	47
273	14	15	47	51
274	14	15	51	62
275	14	15	62	69
276	14	15	69	76
277	14	15	76	94
278	14	15	94	99
279	14	15	99	120
280	14	15	120	139
281	15	16	6	8
282	15	16	8	12
283	15	16	12	13
284	15	16	13	14
285	15	16	14	17
286	15	16	17	18
287	15	16	18	19
288	15	16	19	20
289	15	16	20	21
290	15	16	21	27
291	15	16	27	38
292	15	16	38	47
293	15	16	47	59
294	15	16	59	61
295	15	16	61	71
296	15	16	71	76
297	15	16	76	90
298	15	16	90	99
299	15	16	99	112
300	15	16	112	144
301	16	17	7	10
302	16	17	10	13
303	16	17	13	14
304	16	17	14	15
305	16	17	15	18
306	16	17	18	19
307	16	17	19	20
308	16	17	20	21
309	16	17	21	22
310	16	17	22	23
311	16	17	23	36
312	16	17	36	47
313	16	17	47	52
314	16	17	52	62
315	16	17	62	71
316	16	17	71	75
317	16	17	75	96
318	16	17	96	100
319	16	17	100	115
320	16	17	115	142
321	17	18	4	10
322	17	18	10	14
323	17	18	14	15
324	17	18	15	16
325	17	18	16	19
326	17	18	19	20
327	17	18	20	21
328	17	18	21	22
329	17	18	22	23
330	17	18	23	28
331	17	18	28	31
332	17	18	31	46
333	17	18	46	51
334	17	18	51	65
335	17	18	65	68
336	17	18	68	76
337	17	18	76	95
338	17	18	95	99
339	17	18	99	120
340	17	18	120	144
341	18	19	2	10
342	18	19	10	15
343	18	19	15	16
344	18	19	16	17
345	18	19	17	20
346	18	19	20	21
347	18	19	21	22
348	18	19	22	23
349	18	19	23	24
350	18	19	24	27
351	18	19	27	35
352	18	19	35	48
353	18	19	48	49
354	18	19	49	62
355	18	19	62	69
356	18	19	69	78
357	18	19	78	92
358	18	19	92	97
359	18	19	97	115
360	18	19	115	143
361	19	20	4	10
362	19	20	10	15
363	19	20	15	16
364	19	20	16	17
365	19	20	17	18
366	19	20	18	21
367	19	20	21	22
368	19	20	22	23
369	19	20	23	24
370	19	20	24	26
371	19	20	26	37
372	19	20	37	47
373	19	20	47	52
374	19	20	52	64
375	19	20	64	71
376	19	20	71	75
377	19	20	75	94
378	19	20	94	95
379	19	20	95	121
380	19	20	121	144
381	20	21	2	11
382	20	21	11	16
383	20	21	16	17
384	20	21	17	18
385	20	21	18	19
386	20	21	19	22
387	20	21	22	23
388	20	21	23	24
389	20	21	24	25
390	20	21	25	27
391	20	21	27	35
392	20	21	35	45
393	20	21	45	56
394	20	21	56	64
395	20	21	64	69
396	20	21	69	78
397	20	21	78	90
398	20	21	90	95
399	20	21	95	106
400	20	21	106	142
401	21	22	8	11
402	21	22	11	17
403	21	22	17	18
404	21	22	18	19
405	21	22	19	20
406	21	22	20	23
407	21	22	23	24
408	21	22	24	25
409	21	22	25	26
410	21	22	26	30
411	21	22	30	37
412	21	22	37	47
413	21	22	47	61
414	21	22	61	67
415	21	22	67	73
416	21	22	73	76
417	21	22	76	86
418	21	22	86	96
419	21	22	96	98
420	21	22	98	144
421	22	23	8	14
422	22	23	14	17
423	22	23	17	19
424	22	23	19	20
425	22	23	20	21
426	22	23	21	24
427	22	23	24	25
428	22	23	25	26
429	22	23	26	27
430	22	23	27	28
431	22	23	28	35
432	22	23	35	48
433	22	23	48	52
434	22	23	52	65
435	22	23	65	70
436	22	23	70	76
437	22	23	76	86
438	22	23	86	95
439	22	23	95	97
440	22	23	97	144
441	23	24	3	17
442	23	24	17	18
443	23	24	18	20
444	23	24	20	21
445	23	24	21	22
446	23	24	22	25
447	23	24	25	26
448	23	24	26	27
449	23	24	27	28
450	23	24	28	30
451	23	24	30	35
452	23	24	35	48
453	23	24	48	49
454	23	24	49	65
455	23	24	65	72
456	23	24	72	78
457	23	24	78	86
458	23	24	86	96
459	23	24	96	102
460	23	24	102	143
461	24	25	1	15
462	24	25	15	19
463	24	25	19	21
464	24	25	21	22
465	24	25	22	23
466	24	25	23	26
467	24	25	26	27
468	24	25	27	28
469	24	25	28	29
470	24	25	29	32
471	24	25	32	37
472	24	25	37	46
473	24	25	46	49
474	24	25	49	69
475	24	25	69	74
476	24	25	74	76
477	24	25	76	83
478	24	25	83	96
479	24	25	96	97
480	24	25	97	141
481	25	26	1	18
482	25	26	18	21
483	25	26	21	22
484	25	26	22	23
485	25	26	23	24
486	25	26	24	27
487	25	26	27	28
488	25	26	28	29
489	25	26	29	30
490	25	26	30	31
491	25	26	31	38
492	25	26	38	48
493	25	26	48	51
494	25	26	51	67
495	25	26	67	74
496	25	26	74	77
497	25	26	77	89
498	25	26	89	93
499	25	26	93	97
500	25	26	97	144
501	26	27	1	18
502	26	27	18	21
503	26	27	21	23
504	26	27	23	24
505	26	27	24	25
506	26	27	25	28
507	26	27	28	29
508	26	27	29	30
509	26	27	30	31
510	26	27	31	34
511	26	27	34	37
512	26	27	37	46
513	26	27	46	50
514	26	27	50	67
515	26	27	67	76
516	26	27	76	80
517	26	27	80	90
518	26	27	90	93
519	26	27	93	98
520	26	27	98	144
521	27	28	4	16
522	27	28	16	22
523	27	28	22	24
524	27	28	24	25
525	27	28	25	26
526	27	28	26	29
527	27	28	29	30
528	27	28	30	31
529	27	28	31	32
530	27	28	32	33
531	27	28	33	40
532	27	28	40	48
533	27	28	48	51
534	27	28	51	70
535	27	28	70	75
536	27	28	75	81
537	27	28	81	92
538	27	28	92	95
539	27	28	95	97
540	27	28	97	140
541	28	29	3	20
542	28	29	20	23
543	28	29	23	25
544	28	29	25	26
545	28	29	26	27
546	28	29	27	30
547	28	29	30	31
548	28	29	31	32
549	28	29	32	33
550	28	29	33	35
551	28	29	35	38
552	28	29	38	47
553	28	29	47	52
554	28	29	52	69
555	28	29	69	78
556	28	29	78	81
557	28	29	81	95
558	28	29	95	96
559	28	29	96	97
560	28	29	97	134
561	29	30	2	17
562	29	30	17	24
563	29	30	24	26
564	29	30	26	27
565	29	30	27	28
566	29	30	28	31
567	29	30	31	32
568	29	30	32	33
569	29	30	33	34
570	29	30	34	35
571	29	30	35	40
572	29	30	40	47
573	29	30	47	49
574	29	30	49	71
575	29	30	71	76
576	29	30	76	84
577	29	30	84	92
578	29	30	92	97
579	29	30	97	128
580	29	30	128	142
581	30	31	1	19
582	30	31	19	25
583	30	31	25	27
584	30	31	27	28
585	30	31	28	29
586	30	31	29	32
587	30	31	32	33
588	30	31	33	34
589	30	31	34	35
590	30	31	35	36
591	30	31	36	40
592	30	31	40	46
593	30	31	46	49
594	30	31	49	73
595	30	31	73	79
596	30	31	79	84
597	30	31	84	94
598	30	31	94	97
599	30	31	97	127
600	30	31	127	136
601	31	32	1	19
602	31	32	19	26
603	31	32	26	28
604	31	32	28	29
605	31	32	29	30
606	31	32	30	33
607	31	32	33	34
608	31	32	34	35
609	31	32	35	36
610	31	32	36	37
611	31	32	37	45
612	31	32	45	47
613	31	32	47	51
614	31	32	51	74
615	31	32	74	81
616	31	32	81	86
617	31	32	86	90
618	31	32	90	97
619	31	32	97	129
620	31	32	129	139
621	32	33	13	25
622	32	33	25	26
623	32	33	26	29
624	32	33	29	30
625	32	33	30	31
626	32	33	31	34
627	32	33	34	35
628	32	33	35	36
629	32	33	36	37
630	32	33	37	39
631	32	33	39	41
632	32	33	41	48
633	32	33	48	49
634	32	33	49	78
635	32	33	78	79
636	32	33	79	86
637	32	33	86	95
638	32	33	95	100
639	32	33	100	126
640	32	33	126	143
641	33	34	1	24
642	33	34	24	26
643	33	34	26	30
644	33	34	30	31
645	33	34	31	32
646	33	34	32	35
647	33	34	35	36
648	33	34	36	37
649	33	34	37	38
650	33	34	38	39
651	33	34	39	45
652	33	34	45	47
653	33	34	47	50
654	33	34	50	79
655	33	34	79	83
656	33	34	83	89
657	33	34	89	94
658	33	34	94	98
659	33	34	98	131
660	33	34	131	138
661	34	35	2	22
662	34	35	22	29
663	34	35	29	31
664	34	35	31	32
665	34	35	32	33
666	34	35	33	36
667	34	35	36	37
668	34	35	37	38
669	34	35	38	39
670	34	35	39	40
671	34	35	40	45
672	34	35	45	47
673	34	35	47	50
674	34	35	50	76
675	34	35	76	85
676	34	35	85	88
677	34	35	88	95
678	34	35	95	98
679	34	35	98	134
680	34	35	134	140
681	35	36	8	24
682	35	36	24	29
683	35	36	29	32
684	35	36	32	33
685	35	36	33	34
686	35	36	34	37
687	35	36	37	38
688	35	36	38	39
689	35	36	39	40
690	35	36	40	41
691	35	36	41	45
692	35	36	45	48
693	35	36	48	50
694	35	36	50	81
695	35	36	81	84
696	35	36	84	89
697	35	36	89	95
698	35	36	95	97
699	35	36	97	126
700	35	36	126	144
701	36	37	1	27
702	36	37	27	28
703	36	37	28	33
704	36	37	33	34
705	36	37	34	35
706	36	37	35	38
707	36	37	38	39
708	36	37	39	40
709	36	37	40	41
710	36	37	41	42
711	36	37	42	44
712	36	37	44	48
713	36	37	48	64
714	36	37	64	80
715	36	37	80	85
716	36	37	85	90
717	36	37	90	96
718	36	37	96	97
719	36	37	97	130
720	36	37	130	138
721	37	38	4	23
722	37	38	23	29
723	37	38	29	34
724	37	38	34	35
725	37	38	35	36
726	37	38	36	39
727	37	38	39	40
728	37	38	40	41
729	37	38	41	42
730	37	38	42	43
731	37	38	43	44
732	37	38	44	50
733	37	38	50	75
734	37	38	75	78
735	37	38	78	87
736	37	38	87	89
737	37	38	89	95
738	37	38	95	101
739	37	38	101	129
740	37	38	129	142
741	38	39	1	22
742	38	39	22	32
743	38	39	32	34
744	38	39	34	35
745	38	39	35	36
746	38	39	36	37
747	38	39	37	40
748	38	39	40	41
749	38	39	41	42
750	38	39	42	43
751	38	39	43	46
752	38	39	46	60
753	38	39	60	73
754	38	39	73	78
755	38	39	78	88
756	38	39	88	93
757	38	39	93	96
758	38	39	96	97
759	38	39	97	133
760	38	39	133	144
761	39	40	1	28
762	39	40	28	30
763	39	40	30	35
764	39	40	35	36
765	39	40	36	37
766	39	40	37	38
767	39	40	38	41
768	39	40	41	42
769	39	40	42	43
770	39	40	43	44
771	39	40	44	47
772	39	40	47	50
773	39	40	50	75
774	39	40	75	83
775	39	40	83	87
776	39	40	87	94
777	39	40	94	96
778	39	40	96	100
779	39	40	100	132
780	39	40	132	144
781	40	41	11	27
782	40	41	27	32
783	40	41	32	35
784	40	41	35	37
785	40	41	37	38
786	40	41	38	39
787	40	41	39	42
788	40	41	42	43
789	40	41	43	44
790	40	41	44	45
791	40	41	45	47
792	40	41	47	50
793	40	41	50	77
794	40	41	77	80
795	40	41	80	85
796	40	41	85	93
797	40	41	93	96
798	40	41	96	97
799	40	41	97	134
800	40	41	134	142
801	41	42	3	26
802	41	42	26	31
803	41	42	31	36
804	41	42	36	38
805	41	42	38	39
806	41	42	39	40
807	41	42	40	43
808	41	42	43	44
809	41	42	44	45
810	41	42	45	46
811	41	42	46	48
812	41	42	48	55
813	41	42	55	74
814	41	42	74	85
815	41	42	85	89
816	41	42	89	94
817	41	42	94	96
818	41	42	96	103
819	41	42	103	137
820	41	42	137	141
821	42	43	1	30
822	42	43	30	35
823	42	43	35	36
824	42	43	36	39
825	42	43	39	40
826	42	43	40	41
827	42	43	41	44
828	42	43	44	45
829	42	43	45	46
830	42	43	46	47
831	42	43	47	48
832	42	43	48	50
833	42	43	50	75
834	42	43	75	82
835	42	43	82	88
836	42	43	88	92
837	42	43	92	96
838	42	43	96	103
839	42	43	103	136
840	42	43	136	141
841	43	44	3	27
842	43	44	27	32
843	43	44	32	37
844	43	44	37	40
845	43	44	40	41
846	43	44	41	42
847	43	44	42	45
848	43	44	45	46
849	43	44	46	47
850	43	44	47	48
851	43	44	48	52
852	43	44	52	72
853	43	44	72	75
854	43	44	75	85
855	43	44	85	91
856	43	44	91	92
857	43	44	92	96
858	43	44	96	98
859	43	44	98	136
860	43	44	136	142
861	44	45	1	24
862	44	45	24	34
863	44	45	34	38
864	44	45	38	40
865	44	45	40	41
866	44	45	41	42
867	44	45	42	43
868	44	45	43	46
869	44	45	46	47
870	44	45	47	48
871	44	45	48	50
872	44	45	50	76
873	44	45	76	79
874	44	45	79	84
875	44	45	84	89
876	44	45	89	96
877	44	45	96	97
878	44	45	97	124
879	44	45	124	138
880	44	45	138	142
881	45	46	15	23
882	45	46	23	30
883	45	46	30	36
884	45	46	36	39
885	45	46	39	42
886	45	46	42	43
887	45	46	43	44
888	45	46	44	47
889	45	46	47	48
890	45	46	48	50
891	45	46	50	70
892	45	46	70	76
893	45	46	76	85
894	45	46	85	87
895	45	46	87	91
896	45	46	91	95
897	45	46	95	99
898	45	46	99	127
899	45	46	127	136
900	45	46	136	141
901	46	47	3	24
902	46	47	24	30
903	46	47	30	37
904	46	47	37	40
905	46	47	40	42
906	46	47	42	43
907	46	47	43	44
908	46	47	44	45
909	46	47	45	48
910	46	47	48	49
911	46	47	49	71
912	46	47	71	83
913	46	47	83	85
914	46	47	85	91
915	46	47	91	92
916	46	47	92	96
917	46	47	96	97
918	46	47	97	133
919	46	47	133	138
920	46	47	138	140
921	47	48	3	26
922	47	48	26	31
923	47	48	31	36
924	47	48	36	40
925	47	48	40	42
926	47	48	42	44
927	47	48	44	45
928	47	48	45	46
929	47	48	46	50
930	47	48	50	65
931	47	48	65	77
932	47	48	77	84
933	47	48	84	89
934	47	48	89	91
935	47	48	91	96
936	47	48	96	98
937	47	48	98	121
938	47	48	121	129
939	47	48	129	140
940	47	48	140	141
941	49	50	2	7
942	49	50	7	11
943	49	50	11	15
944	49	50	15	25
945	49	50	25	46
946	49	50	46	47
947	49	50	47	51
948	49	50	51	53
949	49	50	53	54
950	49	50	54	56
951	49	50	56	61
952	49	50	61	67
953	49	50	67	69
954	49	50	69	96
955	49	50	96	99
956	49	50	99	104
957	49	50	104	107
958	49	50	107	110
959	49	50	110	116
960	49	50	116	141
961	50	51	4	9
962	50	51	9	12
963	50	51	12	18
964	50	51	18	26
965	50	51	26	48
966	50	51	48	49
967	50	51	49	53
968	50	51	53	54
969	50	51	54	55
970	50	51	55	56
971	50	51	56	57
972	50	51	57	64
973	50	51	64	67
974	50	51	67	84
975	50	51	84	96
976	50	51	96	102
977	50	51	102	108
978	50	51	108	111
979	50	51	111	117
980	50	51	117	144
981	51	52	4	9
982	51	52	9	12
983	51	52	12	21
984	51	52	21	31
985	51	52	31	46
986	51	52	46	49
987	51	52	49	53
988	51	52	53	54
989	51	52	54	55
990	51	52	55	56
991	51	52	56	59
992	51	52	59	61
993	51	52	61	68
994	51	52	68	77
995	51	52	77	96
996	51	52	96	99
997	51	52	99	106
998	51	52	106	111
999	51	52	111	117
1000	51	52	117	130
1001	52	53	3	10
1002	52	53	10	11
1003	52	53	11	20
1004	52	53	20	36
1005	52	53	36	39
1006	52	53	39	49
1007	52	53	49	51
1008	52	53	51	54
1009	52	53	54	55
1010	52	53	55	56
1011	52	53	56	57
1012	52	53	57	61
1013	52	53	61	63
1014	52	53	63	75
1015	52	53	75	95
1016	52	53	95	102
1017	52	53	102	107
1018	52	53	107	109
1019	52	53	109	117
1020	52	53	117	144
1021	53	54	5	10
1022	53	54	10	16
1023	53	54	16	20
1024	53	54	20	48
1025	53	54	48	49
1026	53	54	49	51
1027	53	54	51	52
1028	53	54	52	55
1029	53	54	55	56
1030	53	54	56	57
1031	53	54	57	58
1032	53	54	58	59
1033	53	54	59	63
1034	53	54	63	71
1035	53	54	71	85
1036	53	54	85	95
1037	53	54	95	102
1038	53	54	102	111
1039	53	54	111	113
1040	53	54	113	144
1041	54	55	3	8
1042	54	55	8	15
1043	54	55	15	25
1044	54	55	25	48
1045	54	55	48	50
1046	54	55	50	51
1047	54	55	51	52
1048	54	55	52	53
1049	54	55	53	56
1050	54	55	56	57
1051	54	55	57	58
1052	54	55	58	59
1053	54	55	59	64
1054	54	55	64	67
1055	54	55	67	77
1056	54	55	77	90
1057	54	55	90	101
1058	54	55	101	112
1059	54	55	112	117
1060	54	55	117	142
1061	55	56	3	9
1062	55	56	9	15
1063	55	56	15	20
1064	55	56	20	43
1065	55	56	43	49
1066	55	56	49	52
1067	55	56	52	53
1068	55	56	53	54
1069	55	56	54	57
1070	55	56	57	58
1071	55	56	58	59
1072	55	56	59	60
1073	55	56	60	61
1074	55	56	61	71
1075	55	56	71	83
1076	55	56	83	96
1077	55	56	96	97
1078	55	56	97	111
1079	55	56	111	114
1080	55	56	114	141
1081	56	57	5	7
1082	56	57	7	17
1083	56	57	17	24
1084	56	57	24	47
1085	56	57	47	50
1086	56	57	50	53
1087	56	57	53	54
1088	56	57	54	55
1089	56	57	55	58
1090	56	57	58	59
1091	56	57	59	60
1092	56	57	60	61
1093	56	57	61	64
1094	56	57	64	69
1095	56	57	69	83
1096	56	57	83	96
1097	56	57	96	105
1098	56	57	105	110
1099	56	57	110	114
1100	56	57	114	144
1101	57	58	7	12
1102	57	58	12	16
1103	57	58	16	22
1104	57	58	22	48
1105	57	58	48	52
1106	57	58	52	54
1107	57	58	54	55
1108	57	58	55	56
1109	57	58	56	59
1110	57	58	59	60
1111	57	58	60	61
1112	57	58	61	62
1113	57	58	62	64
1114	57	58	64	66
1115	57	58	66	84
1116	57	58	84	96
1117	57	58	96	100
1118	57	58	100	113
1119	57	58	113	114
1120	57	58	114	142
1121	58	59	7	9
1122	58	59	9	14
1123	58	59	14	28
1124	58	59	28	46
1125	58	59	46	49
1126	58	59	49	55
1127	58	59	55	56
1128	58	59	56	57
1129	58	59	57	60
1130	58	59	60	61
1131	58	59	61	62
1132	58	59	62	63
1133	58	59	63	65
1134	58	59	65	72
1135	58	59	72	78
1136	58	59	78	90
1137	58	59	90	98
1138	58	59	98	109
1139	58	59	109	121
1140	58	59	121	142
1141	59	60	4	13
1142	59	60	13	14
1143	59	60	14	23
1144	59	60	23	47
1145	59	60	47	54
1146	59	60	54	56
1147	59	60	56	57
1148	59	60	57	58
1149	59	60	58	61
1150	59	60	61	62
1151	59	60	62	63
1152	59	60	63	64
1153	59	60	64	65
1154	59	60	65	72
1155	59	60	72	81
1156	59	60	81	96
1157	59	60	96	97
1158	59	60	97	108
1159	59	60	108	115
1160	59	60	115	144
1161	60	61	6	10
1162	60	61	10	20
1163	60	61	20	29
1164	60	61	29	45
1165	60	61	45	55
1166	60	61	55	57
1167	60	61	57	58
1168	60	61	58	59
1169	60	61	59	62
1170	60	61	62	63
1171	60	61	63	64
1172	60	61	64	65
1173	60	61	65	66
1174	60	61	66	67
1175	60	61	67	83
1176	60	61	83	96
1177	60	61	96	103
1178	60	61	103	114
1179	60	61	114	115
1180	60	61	115	144
1181	61	62	3	11
1182	61	62	11	19
1183	61	62	19	26
1184	61	62	26	48
1185	61	62	48	49
1186	61	62	49	58
1187	61	62	58	59
1188	61	62	59	60
1189	61	62	60	63
1190	61	62	63	64
1191	61	62	64	65
1192	61	62	65	66
1193	61	62	66	67
1194	61	62	67	72
1195	61	62	72	75
1196	61	62	75	95
1197	61	62	95	99
1198	61	62	99	112
1199	61	62	112	121
1200	61	62	121	144
1201	62	63	6	13
1202	62	63	13	21
1203	62	63	21	30
1204	62	63	30	48
1205	62	63	48	53
1206	62	63	53	58
1207	62	63	58	59
1208	62	63	59	60
1209	62	63	60	61
1210	62	63	61	64
1211	62	63	64	65
1212	62	63	65	66
1213	62	63	66	67
1214	62	63	67	72
1215	62	63	72	79
1216	62	63	79	95
1217	62	63	95	101
1218	62	63	101	114
1219	62	63	114	118
1220	62	63	118	143
1221	63	64	3	10
1222	63	64	10	22
1223	63	64	22	30
1224	63	64	30	48
1225	63	64	48	55
1226	63	64	55	59
1227	63	64	59	60
1228	63	64	60	61
1229	63	64	61	62
1230	63	64	62	65
1231	63	64	65	66
1232	63	64	66	67
1233	63	64	67	68
1234	63	64	68	72
1235	63	64	72	80
1236	63	64	80	93
1237	63	64	93	99
1238	63	64	99	114
1239	63	64	114	116
1240	63	64	116	141
1241	64	65	4	16
1242	64	65	16	20
1243	64	65	20	28
1244	64	65	28	47
1245	64	65	47	58
1246	64	65	58	59
1247	64	65	59	61
1248	64	65	61	62
1249	64	65	62	63
1250	64	65	63	66
1251	64	65	66	67
1252	64	65	67	68
1253	64	65	68	69
1254	64	65	69	71
1255	64	65	71	82
1256	64	65	82	96
1257	64	65	96	97
1258	64	65	97	115
1259	64	65	115	121
1260	64	65	121	144
1261	65	66	9	11
1262	65	66	11	19
1263	65	66	19	29
1264	65	66	29	48
1265	65	66	48	57
1266	65	66	57	60
1267	65	66	60	62
1268	65	66	62	63
1269	65	66	63	64
1270	65	66	64	67
1271	65	66	67	68
1272	65	66	68	69
1273	65	66	69	70
1274	65	66	70	74
1275	65	66	74	79
1276	65	66	79	96
1277	65	66	96	101
1278	65	66	101	114
1279	65	66	114	121
1280	65	66	121	142
1281	66	67	4	14
1282	66	67	14	21
1283	66	67	21	30
1284	66	67	30	48
1285	66	67	48	55
1286	66	67	55	61
1287	66	67	61	63
1288	66	67	63	64
1289	66	67	64	65
1290	66	67	65	68
1291	66	67	68	69
1292	66	67	69	70
1293	66	67	70	71
1294	66	67	71	75
1295	66	67	75	76
1296	66	67	76	94
1297	66	67	94	97
1298	66	67	97	115
1299	66	67	115	119
1300	66	67	119	144
1301	67	68	1	13
1302	67	68	13	23
1303	67	68	23	31
1304	67	68	31	47
1305	67	68	47	51
1306	67	68	51	62
1307	67	68	62	64
1308	67	68	64	65
1309	67	68	65	66
1310	67	68	66	69
1311	67	68	69	70
1312	67	68	70	71
1313	67	68	71	72
1314	67	68	72	76
1315	67	68	76	80
1316	67	68	80	95
1317	67	68	95	97
1318	67	68	97	113
1319	67	68	113	119
1320	67	68	119	143
1321	68	69	1	14
1322	68	69	14	21
1323	68	69	21	28
1324	68	69	28	48
1325	68	69	48	56
1326	68	69	56	63
1327	68	69	63	65
1328	68	69	65	66
1329	68	69	66	67
1330	68	69	67	70
1331	68	69	70	71
1332	68	69	71	72
1333	68	69	72	73
1334	68	69	73	75
1335	68	69	75	79
1336	68	69	79	86
1337	68	69	86	102
1338	68	69	102	117
1339	68	69	117	122
1340	68	69	122	144
1341	69	70	8	20
1342	69	70	20	26
1343	69	70	26	28
1344	69	70	28	44
1345	69	70	44	53
1346	69	70	53	63
1347	69	70	63	66
1348	69	70	66	67
1349	69	70	67	68
1350	69	70	68	71
1351	69	70	71	72
1352	69	70	72	73
1353	69	70	73	74
1354	69	70	74	76
1355	69	70	76	79
1356	69	70	79	96
1357	69	70	96	99
1358	69	70	99	115
1359	69	70	115	124
1360	69	70	124	144
1361	70	71	1	18
1362	70	71	18	27
1363	70	71	27	28
1364	70	71	28	47
1365	70	71	47	56
1366	70	71	56	65
1367	70	71	65	67
1368	70	71	67	68
1369	70	71	68	69
1370	70	71	69	72
1371	70	71	72	73
1372	70	71	73	74
1373	70	71	74	75
1374	70	71	75	77
1375	70	71	77	84
1376	70	71	84	96
1377	70	71	96	100
1378	70	71	100	120
1379	70	71	120	125
1380	70	71	125	141
1381	71	72	10	17
1382	71	72	17	23
1383	71	72	23	34
1384	71	72	34	48
1385	71	72	48	60
1386	71	72	60	66
1387	71	72	66	68
1388	71	72	68	69
1389	71	72	69	70
1390	71	72	70	73
1391	71	72	73	74
1392	71	72	74	75
1393	71	72	75	76
1394	71	72	76	78
1395	71	72	78	80
1396	71	72	80	95
1397	71	72	95	109
1398	71	72	109	120
1399	71	72	120	127
1400	71	72	127	140
1401	72	73	1	19
1402	72	73	19	24
1403	72	73	24	33
1404	72	73	33	46
1405	72	73	46	50
1406	72	73	50	66
1407	72	73	66	69
1408	72	73	69	70
1409	72	73	70	71
1410	72	73	71	74
1411	72	73	74	75
1412	72	73	75	76
1413	72	73	76	77
1414	72	73	77	79
1415	72	73	79	82
1416	72	73	82	94
1417	72	73	94	97
1418	72	73	97	120
1419	72	73	120	127
1420	72	73	127	143
1421	73	74	3	20
1422	73	74	20	27
1423	73	74	27	31
1424	73	74	31	47
1425	73	74	47	51
1426	73	74	51	68
1427	73	74	68	70
1428	73	74	70	71
1429	73	74	71	72
1430	73	74	72	75
1431	73	74	75	76
1432	73	74	76	77
1433	73	74	77	78
1434	73	74	78	80
1435	73	74	80	87
1436	73	74	87	95
1437	73	74	95	97
1438	73	74	97	119
1439	73	74	119	129
1440	73	74	129	143
1441	74	75	1	20
1442	74	75	20	27
1443	74	75	27	35
1444	74	75	35	45
1445	74	75	45	52
1446	74	75	52	68
1447	74	75	68	71
1448	74	75	71	72
1449	74	75	72	73
1450	74	75	73	76
1451	74	75	76	77
1452	74	75	77	78
1453	74	75	78	79
1454	74	75	79	82
1455	74	75	82	86
1456	74	75	86	94
1457	74	75	94	97
1458	74	75	97	121
1459	74	75	121	130
1460	74	75	130	143
1461	75	76	1	26
1462	75	76	26	29
1463	75	76	29	33
1464	75	76	33	48
1465	75	76	48	49
1466	75	76	49	69
1467	75	76	69	72
1468	75	76	72	73
1469	75	76	73	74
1470	75	76	74	77
1471	75	76	77	78
1472	75	76	78	79
1473	75	76	79	80
1474	75	76	80	83
1475	75	76	83	87
1476	75	76	87	92
1477	75	76	92	97
1478	75	76	97	124
1479	75	76	124	130
1480	75	76	130	141
1481	76	77	2	24
1482	76	77	24	27
1483	76	77	27	35
1484	76	77	35	44
1485	76	77	44	49
1486	76	77	49	71
1487	76	77	71	73
1488	76	77	73	74
1489	76	77	74	75
1490	76	77	75	78
1491	76	77	78	79
1492	76	77	79	80
1493	76	77	80	81
1494	76	77	81	82
1495	76	77	82	89
1496	76	77	89	95
1497	76	77	95	97
1498	76	77	97	124
1499	76	77	124	128
1500	76	77	128	144
1501	77	78	1	26
1502	77	78	26	32
1503	77	78	32	39
1504	77	78	39	48
1505	77	78	48	51
1506	77	78	51	70
1507	77	78	70	74
1508	77	78	74	75
1509	77	78	75	76
1510	77	78	76	79
1511	77	78	79	80
1512	77	78	80	81
1513	77	78	81	82
1514	77	78	82	83
1515	77	78	83	91
1516	77	78	91	95
1517	77	78	95	97
1518	77	78	97	124
1519	77	78	124	130
1520	77	78	130	142
1521	78	79	2	25
1522	78	79	25	34
1523	78	79	34	38
1524	78	79	38	45
1525	78	79	45	52
1526	78	79	52	73
1527	78	79	73	75
1528	78	79	75	76
1529	78	79	76	77
1530	78	79	77	80
1531	78	79	80	81
1532	78	79	81	82
1533	78	79	82	83
1534	78	79	83	85
1535	78	79	85	87
1536	78	79	87	93
1537	78	79	93	99
1538	78	79	99	122
1539	78	79	122	133
1540	78	79	133	144
1541	79	80	1	28
1542	79	80	28	32
1543	79	80	32	42
1544	79	80	42	48
1545	79	80	48	53
1546	79	80	53	72
1547	79	80	72	76
1548	79	80	76	77
1549	79	80	77	78
1550	79	80	78	81
1551	79	80	81	82
1552	79	80	82	83
1553	79	80	83	84
1554	79	80	84	86
1555	79	80	86	88
1556	79	80	88	96
1557	79	80	96	100
1558	79	80	100	123
1559	79	80	123	132
1560	79	80	132	141
1561	80	81	2	29
1562	80	81	29	35
1563	80	81	35	38
1564	80	81	38	47
1565	80	81	47	54
1566	80	81	54	75
1567	80	81	75	77
1568	80	81	77	78
1569	80	81	78	79
1570	80	81	79	82
1571	80	81	82	83
1572	80	81	83	84
1573	80	81	84	85
1574	80	81	85	87
1575	80	81	87	91
1576	80	81	91	95
1577	80	81	95	97
1578	80	81	97	129
1579	80	81	129	131
1580	80	81	131	143
1581	81	82	1	25
1582	81	82	25	35
1583	81	82	35	38
1584	81	82	38	44
1585	81	82	44	49
1586	81	82	49	73
1587	81	82	73	78
1588	81	82	78	79
1589	81	82	79	80
1590	81	82	80	83
1591	81	82	83	84
1592	81	82	84	85
1593	81	82	85	86
1594	81	82	86	87
1595	81	82	87	89
1596	81	82	89	94
1597	81	82	94	102
1598	81	82	102	126
1599	81	82	126	135
1600	81	82	135	141
1601	82	83	4	25
1602	82	83	25	32
1603	82	83	32	37
1604	82	83	37	48
1605	82	83	48	49
1606	82	83	49	74
1607	82	83	74	79
1608	82	83	79	80
1609	82	83	80	81
1610	82	83	81	84
1611	82	83	84	85
1612	82	83	85	86
1613	82	83	86	87
1614	82	83	87	88
1615	82	83	88	91
1616	82	83	91	95
1617	82	83	95	100
1618	82	83	100	127
1619	82	83	127	131
1620	82	83	131	142
1621	83	84	3	27
1622	83	84	27	35
1623	83	84	35	40
1624	83	84	40	48
1625	83	84	48	49
1626	83	84	49	74
1627	83	84	74	79
1628	83	84	79	80
1629	83	84	80	81
1630	83	84	81	82
1631	83	84	82	85
1632	83	84	85	86
1633	83	84	86	87
1634	83	84	87	88
1635	83	84	88	91
1636	83	84	91	95
1637	83	84	95	99
1638	83	84	99	128
1639	83	84	128	136
1640	83	84	136	143
1641	84	85	10	25
1642	84	85	25	32
1643	84	85	32	42
1644	84	85	42	46
1645	84	85	46	49
1646	84	85	49	75
1647	84	85	75	80
1648	84	85	80	81
1649	84	85	81	82
1650	84	85	82	83
1651	84	85	83	86
1652	84	85	86	87
1653	84	85	87	88
1654	84	85	88	89
1655	84	85	89	92
1656	84	85	92	96
1657	84	85	96	99
1658	84	85	99	129
1659	84	85	129	133
1660	84	85	133	143
1661	85	86	2	31
1662	85	86	31	38
1663	85	86	38	44
1664	85	86	44	46
1665	85	86	46	51
1666	85	86	51	76
1667	85	86	76	80
1668	85	86	80	82
1669	85	86	82	83
1670	85	86	83	84
1671	85	86	84	87
1672	85	86	87	88
1673	85	86	88	89
1674	85	86	89	90
1675	85	86	90	92
1676	85	86	92	96
1677	85	86	96	97
1678	85	86	97	128
1679	85	86	128	137
1680	85	86	137	140
1681	86	87	1	29
1682	86	87	29	38
1683	86	87	38	44
1684	86	87	44	46
1685	86	87	46	51
1686	86	87	51	80
1687	86	87	80	81
1688	86	87	81	83
1689	86	87	83	84
1690	86	87	84	85
1691	86	87	85	88
1692	86	87	88	89
1693	86	87	89	90
1694	86	87	90	91
1695	86	87	91	95
1696	86	87	95	96
1697	86	87	96	98
1698	86	87	98	132
1699	86	87	132	135
1700	86	87	135	143
1701	87	88	3	26
1702	87	88	26	33
1703	87	88	33	44
1704	87	88	44	46
1705	87	88	46	69
1706	87	88	69	79
1707	87	88	79	81
1708	87	88	81	84
1709	87	88	84	85
1710	87	88	85	86
1711	87	88	86	89
1712	87	88	89	90
1713	87	88	90	91
1714	87	88	91	92
1715	87	88	92	95
1716	87	88	95	96
1717	87	88	96	97
1718	87	88	97	131
1719	87	88	131	136
1720	87	88	136	142
1721	88	89	6	30
1722	88	89	30	34
1723	88	89	34	42
1724	88	89	42	47
1725	88	89	47	49
1726	88	89	49	75
1727	88	89	75	82
1728	88	89	82	85
1729	88	89	85	86
1730	88	89	86	87
1731	88	89	87	90
1732	88	89	90	91
1733	88	89	91	92
1734	88	89	92	93
1735	88	89	93	95
1736	88	89	95	96
1737	88	89	96	97
1738	88	89	97	130
1739	88	89	130	139
1740	88	89	139	141
1741	89	90	2	31
1742	89	90	31	39
1743	89	90	39	41
1744	89	90	41	48
1745	89	90	48	50
1746	89	90	50	75
1747	89	90	75	84
1748	89	90	84	86
1749	89	90	86	87
1750	89	90	87	88
1751	89	90	88	91
1752	89	90	91	92
1753	89	90	92	93
1754	89	90	93	94
1755	89	90	94	95
1756	89	90	95	96
1757	89	90	96	99
1758	89	90	99	128
1759	89	90	128	137
1760	89	90	137	144
1761	90	91	10	32
1762	90	91	32	34
1763	90	91	34	41
1764	90	91	41	48
1765	90	91	48	52
1766	90	91	52	80
1767	90	91	80	82
1768	90	91	82	87
1769	90	91	87	88
1770	90	91	88	89
1771	90	91	89	92
1772	90	91	92	93
1773	90	91	93	94
1774	90	91	94	95
1775	90	91	95	96
1776	90	91	96	99
1777	90	91	99	124
1778	90	91	124	131
1779	90	91	131	136
1780	90	91	136	143
1781	91	92	1	30
1782	91	92	30	35
1783	91	92	35	44
1784	91	92	44	45
1785	91	92	45	51
1786	91	92	51	76
1787	91	92	76	82
1788	91	92	82	87
1789	91	92	87	88
1790	91	92	88	89
1791	91	92	89	90
1792	91	92	90	93
1793	91	92	93	94
1794	91	92	94	95
1795	91	92	95	96
1796	91	92	96	101
1797	91	92	101	128
1798	91	92	128	130
1799	91	92	130	137
1800	91	92	137	141
1801	92	93	8	32
1802	92	93	32	34
1803	92	93	34	43
1804	92	93	43	44
1805	92	93	44	49
1806	92	93	49	71
1807	92	93	71	83
1808	92	93	83	85
1809	92	93	85	89
1810	92	93	89	90
1811	92	93	90	91
1812	92	93	91	94
1813	92	93	94	95
1814	92	93	95	96
1815	92	93	96	97
1816	92	93	97	109
1817	92	93	109	125
1818	92	93	125	131
1819	92	93	131	138
1820	92	93	138	143
1821	93	94	1	29
1822	93	94	29	38
1823	93	94	38	41
1824	93	94	41	47
1825	93	94	47	48
1826	93	94	48	51
1827	93	94	51	80
1828	93	94	80	83
1829	93	94	83	87
1830	93	94	87	90
1831	93	94	90	91
1832	93	94	91	92
1833	93	94	92	95
1834	93	94	95	96
1835	93	94	96	99
1836	93	94	99	118
1837	93	94	118	125
1838	93	94	125	135
1839	93	94	135	137
1840	93	94	137	143
1841	94	95	1	29
1842	94	95	29	35
1843	94	95	35	40
1844	94	95	40	46
1845	94	95	46	48
1846	94	95	48	49
1847	94	95	49	79
1848	94	95	79	85
1849	94	95	85	89
1850	94	95	89	90
1851	94	95	90	91
1852	94	95	91	92
1853	94	95	92	93
1854	94	95	93	96
1855	94	95	96	99
1856	94	95	99	120
1857	94	95	120	128
1858	94	95	128	134
1859	94	95	134	141
1860	94	95	141	143
1861	95	96	13	25
1862	95	96	25	32
1863	95	96	32	40
1864	95	96	40	45
1865	95	96	45	47
1866	95	96	47	50
1867	95	96	50	75
1868	95	96	75	82
1869	95	96	82	86
1870	95	96	86	88
1871	95	96	88	92
1872	95	96	92	93
1873	95	96	93	94
1874	95	96	94	97
1875	95	96	97	107
1876	95	96	107	126
1877	95	96	126	130
1878	95	96	130	134
1879	95	96	134	138
1880	95	96	138	143
1881	97	98	4	8
1882	97	98	8	15
1883	97	98	15	23
1884	97	98	23	48
1885	97	98	48	51
1886	97	98	51	55
1887	97	98	55	58
1888	97	98	58	64
1889	97	98	64	71
1890	97	98	71	73
1891	97	98	73	88
1892	97	98	88	100
1893	97	98	100	101
1894	97	98	101	102
1895	97	98	102	103
1896	97	98	103	106
1897	97	98	106	112
1898	97	98	112	113
1899	97	98	113	123
1900	97	98	123	144
1901	98	99	4	11
1902	98	99	11	15
1903	98	99	15	24
1904	98	99	24	46
1905	98	99	46	51
1906	98	99	51	58
1907	98	99	58	60
1908	98	99	60	64
1909	98	99	64	75
1910	98	99	75	95
1911	98	99	95	100
1912	98	99	100	101
1913	98	99	101	102
1914	98	99	102	103
1915	98	99	103	104
1916	98	99	104	105
1917	98	99	105	109
1918	98	99	109	114
1919	98	99	114	119
1920	98	99	119	137
1921	99	100	3	11
1922	99	100	11	19
1923	99	100	19	26
1924	99	100	26	45
1925	99	100	45	51
1926	99	100	51	56
1927	99	100	56	64
1928	99	100	64	69
1929	99	100	69	81
1930	99	100	81	94
1931	99	100	94	97
1932	99	100	97	101
1933	99	100	101	102
1934	99	100	102	103
1935	99	100	103	104
1936	99	100	104	107
1937	99	100	107	110
1938	99	100	110	114
1939	99	100	114	120
1940	99	100	120	144
1941	100	101	3	12
1942	100	101	12	18
1943	100	101	18	41
1944	100	101	41	45
1945	100	101	45	53
1946	100	101	53	61
1947	100	101	61	66
1948	100	101	66	75
1949	100	101	75	96
1950	100	101	96	98
1951	100	101	98	99
1952	100	101	99	102
1953	100	101	102	103
1954	100	101	103	104
1955	100	101	104	105
1956	100	101	105	106
1957	100	101	106	110
1958	100	101	110	115
1959	100	101	115	121
1960	100	101	121	143
1961	101	102	1	15
1962	101	102	15	18
1963	101	102	18	48
1964	101	102	48	52
1965	101	102	52	58
1966	101	102	58	64
1967	101	102	64	65
1968	101	102	65	83
1969	101	102	83	96
1970	101	102	96	97
1971	101	102	97	99
1972	101	102	99	100
1973	101	102	100	103
1974	101	102	103	104
1975	101	102	104	105
1976	101	102	105	106
1977	101	102	106	110
1978	101	102	110	115
1979	101	102	115	118
1980	101	102	118	139
1981	102	103	3	15
1982	102	103	15	26
1983	102	103	26	48
1984	102	103	48	55
1985	102	103	55	56
1986	102	103	56	65
1987	102	103	65	72
1988	102	103	72	82
1989	102	103	82	95
1990	102	103	95	97
1991	102	103	97	100
1992	102	103	100	101
1993	102	103	101	104
1994	102	103	104	105
1995	102	103	105	106
1996	102	103	106	107
1997	102	103	107	110
1998	102	103	110	111
1999	102	103	111	117
2000	102	103	117	142
2001	103	104	1	16
2002	103	104	16	25
2003	103	104	25	47
2004	103	104	47	53
2005	103	104	53	58
2006	103	104	58	66
2007	103	104	66	71
2008	103	104	71	87
2009	103	104	87	95
2010	103	104	95	97
2011	103	104	97	101
2012	103	104	101	102
2013	103	104	102	105
2014	103	104	105	106
2015	103	104	106	107
2016	103	104	107	108
2017	103	104	108	111
2018	103	104	111	115
2019	103	104	115	122
2020	103	104	122	144
2021	104	105	1	17
2022	104	105	17	22
2023	104	105	22	48
2024	104	105	48	53
2025	104	105	53	60
2026	104	105	60	64
2027	104	105	64	67
2028	104	105	67	93
2029	104	105	93	95
2030	104	105	95	99
2031	104	105	99	102
2032	104	105	102	103
2033	104	105	103	106
2034	104	105	106	107
2035	104	105	107	108
2036	104	105	108	109
2037	104	105	109	110
2038	104	105	110	112
2039	104	105	112	120
2040	104	105	120	142
2041	105	106	6	13
2042	105	106	13	26
2043	105	106	26	48
2044	105	106	48	49
2045	105	106	49	59
2046	105	106	59	66
2047	105	106	66	70
2048	105	106	70	94
2049	105	106	94	97
2050	105	106	97	102
2051	105	106	102	103
2052	105	106	103	104
2053	105	106	104	107
2054	105	106	107	108
2055	105	106	108	109
2056	105	106	109	110
2057	105	106	110	111
2058	105	106	111	113
2059	105	106	113	121
2060	105	106	121	144
2061	106	107	3	14
2062	106	107	14	29
2063	106	107	29	47
2064	106	107	47	55
2065	106	107	55	58
2066	106	107	58	63
2067	106	107	63	70
2068	106	107	70	90
2069	106	107	90	101
2070	106	107	101	103
2071	106	107	103	104
2072	106	107	104	105
2073	106	107	105	108
2074	106	107	108	109
2075	106	107	109	110
2076	106	107	110	111
2077	106	107	111	112
2078	106	107	112	117
2079	106	107	117	118
2080	106	107	118	144
2081	107	108	5	16
2082	107	108	16	21
2083	107	108	21	38
2084	107	108	38	54
2085	107	108	54	60
2086	107	108	60	67
2087	107	108	67	74
2088	107	108	74	96
2089	107	108	96	102
2090	107	108	102	103
2091	107	108	103	104
2092	107	108	104	105
2093	107	108	105	106
2094	107	108	106	109
2095	107	108	109	110
2096	107	108	110	111
2097	107	108	111	112
2098	107	108	112	115
2099	107	108	115	120
2100	107	108	120	142
2101	108	109	1	18
2102	108	109	18	31
2103	108	109	31	48
2104	108	109	48	55
2105	108	109	55	60
2106	108	109	60	69
2107	108	109	69	75
2108	108	109	75	88
2109	108	109	88	98
2110	108	109	98	104
2111	108	109	104	105
2112	108	109	105	106
2113	108	109	106	107
2114	108	109	107	110
2115	108	109	110	111
2116	108	109	111	112
2117	108	109	112	113
2118	108	109	113	116
2119	108	109	116	124
2120	108	109	124	138
2121	109	110	4	17
2122	109	110	17	29
2123	109	110	29	48
2124	109	110	48	52
2125	109	110	52	60
2126	109	110	60	70
2127	109	110	70	79
2128	109	110	79	91
2129	109	110	91	99
2130	109	110	99	105
2131	109	110	105	106
2132	109	110	106	107
2133	109	110	107	108
2134	109	110	108	111
2135	109	110	111	112
2136	109	110	112	113
2137	109	110	113	114
2138	109	110	114	117
2139	109	110	117	125
2140	109	110	125	144
2141	110	111	2	19
2142	110	111	19	34
2143	110	111	34	48
2144	110	111	48	52
2145	110	111	52	64
2146	110	111	64	69
2147	110	111	69	74
2148	110	111	74	96
2149	110	111	96	101
2150	110	111	101	105
2151	110	111	105	107
2152	110	111	107	108
2153	110	111	108	109
2154	110	111	109	112
2155	110	111	112	113
2156	110	111	113	114
2157	110	111	114	115
2158	110	111	115	117
2159	110	111	117	125
2160	110	111	125	143
2161	111	112	9	21
2162	111	112	21	26
2163	111	112	26	47
2164	111	112	47	61
2165	111	112	61	63
2166	111	112	63	72
2167	111	112	72	78
2168	111	112	78	90
2169	111	112	90	102
2170	111	112	102	106
2171	111	112	106	108
2172	111	112	108	109
2173	111	112	109	110
2174	111	112	110	113
2175	111	112	113	114
2176	111	112	114	115
2177	111	112	115	116
2178	111	112	116	117
2179	111	112	117	122
2180	111	112	122	144
2181	112	113	11	18
2182	112	113	18	30
2183	112	113	30	46
2184	112	113	46	49
2185	112	113	49	65
2186	112	113	65	73
2187	112	113	73	79
2188	112	113	79	94
2189	112	113	94	99
2190	112	113	99	107
2191	112	113	107	109
2192	112	113	109	110
2193	112	113	110	111
2194	112	113	111	114
2195	112	113	114	115
2196	112	113	115	116
2197	112	113	116	117
2198	112	113	117	119
2199	112	113	119	126
2200	112	113	126	137
2201	113	114	8	20
2202	113	114	20	40
2203	113	114	40	43
2204	113	114	43	55
2205	113	114	55	64
2206	113	114	64	70
2207	113	114	70	76
2208	113	114	76	91
2209	113	114	91	105
2210	113	114	105	108
2211	113	114	108	110
2212	113	114	110	111
2213	113	114	111	112
2214	113	114	112	115
2215	113	114	115	116
2216	113	114	116	117
2217	113	114	117	118
2218	113	114	118	119
2219	113	114	119	123
2220	113	114	123	143
2221	114	115	2	20
2222	114	115	20	43
2223	114	115	43	48
2224	114	115	48	52
2225	114	115	52	69
2226	114	115	69	75
2227	114	115	75	79
2228	114	115	79	92
2229	114	115	92	99
2230	114	115	99	108
2231	114	115	108	111
2232	114	115	111	112
2233	114	115	112	113
2234	114	115	113	116
2235	114	115	116	117
2236	114	115	117	118
2237	114	115	118	119
2238	114	115	119	120
2239	114	115	120	128
2240	114	115	128	144
2241	115	116	3	26
2242	115	116	26	48
2243	115	116	48	52
2244	115	116	52	60
2245	115	116	60	69
2246	115	116	69	71
2247	115	116	71	84
2248	115	116	84	96
2249	115	116	96	98
2250	115	116	98	109
2251	115	116	109	112
2252	115	116	112	113
2253	115	116	113	114
2254	115	116	114	117
2255	115	116	117	118
2256	115	116	118	119
2257	115	116	119	120
2258	115	116	120	123
2259	115	116	123	128
2260	115	116	128	144
2261	116	117	13	23
2262	116	117	23	44
2263	116	117	44	50
2264	116	117	50	64
2265	116	117	64	67
2266	116	117	67	75
2267	116	117	75	86
2268	116	117	86	92
2269	116	117	92	107
2270	116	117	107	110
2271	116	117	110	113
2272	116	117	113	114
2273	116	117	114	115
2274	116	117	115	118
2275	116	117	118	119
2276	116	117	119	120
2277	116	117	120	121
2278	116	117	121	122
2279	116	117	122	125
2280	116	117	125	141
2281	117	118	3	28
2282	117	118	28	48
2283	117	118	48	52
2284	117	118	52	62
2285	117	118	62	69
2286	117	118	69	77
2287	117	118	77	87
2288	117	118	87	96
2289	117	118	96	98
2290	117	118	98	113
2291	117	118	113	114
2292	117	118	114	115
2293	117	118	115	116
2294	117	118	116	119
2295	117	118	119	120
2296	117	118	120	121
2297	117	118	121	122
2298	117	118	122	123
2299	117	118	123	130
2300	117	118	130	144
2301	118	119	2	30
2302	118	119	30	47
2303	118	119	47	59
2304	118	119	59	68
2305	118	119	68	71
2306	118	119	71	79
2307	118	119	79	86
2308	118	119	86	96
2309	118	119	96	97
2310	118	119	97	113
2311	118	119	113	115
2312	118	119	115	116
2313	118	119	116	117
2314	118	119	117	120
2315	118	119	120	121
2316	118	119	121	122
2317	118	119	122	123
2318	118	119	123	124
2319	118	119	124	131
2320	118	119	131	144
2321	119	120	4	27
2322	119	120	27	48
2323	119	120	48	50
2324	119	120	50	69
2325	119	120	69	74
2326	119	120	74	80
2327	119	120	80	89
2328	119	120	89	96
2329	119	120	96	100
2330	119	120	100	114
2331	119	120	114	116
2332	119	120	116	117
2333	119	120	117	118
2334	119	120	118	121
2335	119	120	121	122
2336	119	120	122	123
2337	119	120	123	124
2338	119	120	124	126
2339	119	120	126	131
2340	119	120	131	140
2341	120	121	1	31
2342	120	121	31	47
2343	120	121	47	50
2344	120	121	50	69
2345	120	121	69	74
2346	120	121	74	80
2347	120	121	80	84
2348	120	121	84	94
2349	120	121	94	97
2350	120	121	97	114
2351	120	121	114	117
2352	120	121	117	118
2353	120	121	118	119
2354	120	121	119	122
2355	120	121	122	123
2356	120	121	123	124
2357	120	121	124	125
2358	120	121	125	126
2359	120	121	126	128
2360	120	121	128	139
2361	121	122	1	33
2362	121	122	33	45
2363	121	122	45	54
2364	121	122	54	70
2365	121	122	70	72
2366	121	122	72	82
2367	121	122	82	87
2368	121	122	87	95
2369	121	122	95	98
2370	121	122	98	116
2371	121	122	116	118
2372	121	122	118	119
2373	121	122	119	120
2374	121	122	120	123
2375	121	122	123	124
2376	121	122	124	125
2377	121	122	125	126
2378	121	122	126	127
2379	121	122	127	132
2380	121	122	132	144
2381	122	123	1	27
2382	122	123	27	48
2383	122	123	48	51
2384	122	123	51	68
2385	122	123	68	77
2386	122	123	77	79
2387	122	123	79	90
2388	122	123	90	94
2389	122	123	94	102
2390	122	123	102	115
2391	122	123	115	119
2392	122	123	119	120
2393	122	123	120	121
2394	122	123	121	124
2395	122	123	124	125
2396	122	123	125	126
2397	122	123	126	127
2398	122	123	127	129
2399	122	123	129	134
2400	122	123	134	142
2401	123	124	1	28
2402	123	124	28	42
2403	123	124	42	53
2404	123	124	53	69
2405	123	124	69	74
2406	123	124	74	79
2407	123	124	79	85
2408	123	124	85	93
2409	123	124	93	105
2410	123	124	105	117
2411	123	124	117	120
2412	123	124	120	121
2413	123	124	121	122
2414	123	124	122	125
2415	123	124	125	126
2416	123	124	126	127
2417	123	124	127	128
2418	123	124	128	129
2419	123	124	129	134
2420	123	124	134	143
2421	124	125	1	33
2422	124	125	33	46
2423	124	125	46	54
2424	124	125	54	72
2425	124	125	72	74
2426	124	125	74	80
2427	124	125	80	87
2428	124	125	87	95
2429	124	125	95	97
2430	124	125	97	116
2431	124	125	116	121
2432	124	125	121	122
2433	124	125	122	123
2434	124	125	123	126
2435	124	125	126	127
2436	124	125	127	128
2437	124	125	128	129
2438	124	125	129	130
2439	124	125	130	133
2440	124	125	133	142
2441	125	126	1	32
2442	125	126	32	40
2443	125	126	40	53
2444	125	126	53	70
2445	125	126	70	75
2446	125	126	75	84
2447	125	126	84	85
2448	125	126	85	94
2449	125	126	94	100
2450	125	126	100	120
2451	125	126	120	122
2452	125	126	122	123
2453	125	126	123	124
2454	125	126	124	127
2455	125	126	127	128
2456	125	126	128	129
2457	125	126	129	130
2458	125	126	130	131
2459	125	126	131	132
2460	125	126	132	142
2461	126	127	4	26
2462	126	127	26	45
2463	126	127	45	52
2464	126	127	52	69
2465	126	127	69	75
2466	126	127	75	83
2467	126	127	83	89
2468	126	127	89	96
2469	126	127	96	97
2470	126	127	97	119
2471	126	127	119	122
2472	126	127	122	123
2473	126	127	123	124
2474	126	127	124	125
2475	126	127	125	128
2476	126	127	128	129
2477	126	127	129	130
2478	126	127	130	131
2479	126	127	131	136
2480	126	127	136	143
2481	127	128	1	29
2482	127	128	29	46
2483	127	128	46	48
2484	127	128	48	50
2485	127	128	50	77
2486	127	128	77	82
2487	127	128	82	89
2488	127	128	89	95
2489	127	128	95	97
2490	127	128	97	120
2491	127	128	120	123
2492	127	128	123	124
2493	127	128	124	125
2494	127	128	125	126
2495	127	128	126	129
2496	127	128	129	130
2497	127	128	130	131
2498	127	128	131	132
2499	127	128	132	134
2500	127	128	134	143
2501	128	129	2	35
2502	128	129	35	43
2503	128	129	43	48
2504	128	129	48	49
2505	128	129	49	77
2506	128	129	77	83
2507	128	129	83	91
2508	128	129	91	96
2509	128	129	96	100
2510	128	129	100	120
2511	128	129	120	124
2512	128	129	124	125
2513	128	129	125	126
2514	128	129	126	127
2515	128	129	127	130
2516	128	129	130	131
2517	128	129	131	132
2518	128	129	132	133
2519	128	129	133	136
2520	128	129	136	138
2521	129	130	1	30
2522	129	130	30	36
2523	129	130	36	47
2524	129	130	47	51
2525	129	130	51	75
2526	129	130	75	85
2527	129	130	85	87
2528	129	130	87	92
2529	129	130	92	98
2530	129	130	98	118
2531	129	130	118	124
2532	129	130	124	126
2533	129	130	126	127
2534	129	130	127	128
2535	129	130	128	131
2536	129	130	131	132
2537	129	130	132	133
2538	129	130	133	134
2539	129	130	134	136
2540	129	130	136	144
2541	130	131	4	27
2542	130	131	27	44
2543	130	131	44	47
2544	130	131	47	52
2545	130	131	52	80
2546	130	131	80	84
2547	130	131	84	86
2548	130	131	86	92
2549	130	131	92	104
2550	130	131	104	121
2551	130	131	121	125
2552	130	131	125	127
2553	130	131	127	128
2554	130	131	128	129
2555	130	131	129	132
2556	130	131	132	133
2557	130	131	133	134
2558	130	131	134	135
2559	130	131	135	137
2560	130	131	137	142
2561	131	132	1	27
2562	131	132	27	36
2563	131	132	36	48
2564	131	132	48	50
2565	131	132	50	76
2566	131	132	76	81
2567	131	132	81	88
2568	131	132	88	95
2569	131	132	95	98
2570	131	132	98	122
2571	131	132	122	125
2572	131	132	125	128
2573	131	132	128	129
2574	131	132	129	130
2575	131	132	130	133
2576	131	132	133	134
2577	131	132	134	135
2578	131	132	135	136
2579	131	132	136	137
2580	131	132	137	144
2581	132	133	1	28
2582	132	133	28	38
2583	132	133	38	48
2584	132	133	48	49
2585	132	133	49	76
2586	132	133	76	81
2587	132	133	81	88
2588	132	133	88	95
2589	132	133	95	110
2590	132	133	110	123
2591	132	133	123	125
2592	132	133	125	129
2593	132	133	129	130
2594	132	133	130	131
2595	132	133	131	134
2596	132	133	134	135
2597	132	133	135	136
2598	132	133	136	137
2599	132	133	137	138
2600	132	133	138	141
2601	133	134	2	33
2602	133	134	33	38
2603	133	134	38	48
2604	133	134	48	54
2605	133	134	54	77
2606	133	134	77	84
2607	133	134	84	89
2608	133	134	89	95
2609	133	134	95	98
2610	133	134	98	120
2611	133	134	120	126
2612	133	134	126	130
2613	133	134	130	131
2614	133	134	131	132
2615	133	134	132	135
2616	133	134	135	136
2617	133	134	136	137
2618	133	134	137	138
2619	133	134	138	139
2620	133	134	139	140
2621	134	135	1	34
2622	134	135	34	43
2623	134	135	43	46
2624	134	135	46	59
2625	134	135	59	78
2626	134	135	78	83
2627	134	135	83	89
2628	134	135	89	96
2629	134	135	96	98
2630	134	135	98	121
2631	134	135	121	129
2632	134	135	129	131
2633	134	135	131	132
2634	134	135	132	133
2635	134	135	133	136
2636	134	135	136	137
2637	134	135	137	138
2638	134	135	138	139
2639	134	135	139	140
2640	134	135	140	143
2641	135	136	3	36
2642	135	136	36	37
2643	135	136	37	48
2644	135	136	48	49
2645	135	136	49	75
2646	135	136	75	83
2647	135	136	83	89
2648	135	136	89	94
2649	135	136	94	103
2650	135	136	103	119
2651	135	136	119	128
2652	135	136	128	131
2653	135	136	131	132
2654	135	136	132	133
2655	135	136	133	134
2656	135	136	134	137
2657	135	136	137	138
2658	135	136	138	139
2659	135	136	139	140
2660	135	136	140	142
2661	136	137	1	27
2662	136	137	27	39
2663	136	137	39	46
2664	136	137	46	52
2665	136	137	52	81
2666	136	137	81	84
2667	136	137	84	87
2668	136	137	87	93
2669	136	137	93	98
2670	136	137	98	118
2671	136	137	118	128
2672	136	137	128	131
2673	136	137	131	133
2674	136	137	133	134
2675	136	137	134	135
2676	136	137	135	138
2677	136	137	138	139
2678	136	137	139	140
2679	136	137	140	141
2680	136	137	141	142
2681	137	138	1	31
2682	137	138	31	39
2683	137	138	39	48
2684	137	138	48	50
2685	137	138	50	80
2686	137	138	80	82
2687	137	138	82	90
2688	137	138	90	95
2689	137	138	95	97
2690	137	138	97	120
2691	137	138	120	127
2692	137	138	127	132
2693	137	138	132	134
2694	137	138	134	135
2695	137	138	135	136
2696	137	138	136	139
2697	137	138	139	140
2698	137	138	140	141
2699	137	138	141	142
2700	137	138	142	143
2701	138	139	6	36
2702	138	139	36	42
2703	138	139	42	44
2704	138	139	44	49
2705	138	139	49	79
2706	138	139	79	83
2707	138	139	83	91
2708	138	139	91	95
2709	138	139	95	97
2710	138	139	97	121
2711	138	139	121	130
2712	138	139	130	133
2713	138	139	133	135
2714	138	139	135	136
2715	138	139	136	137
2716	138	139	137	140
2717	138	139	140	141
2718	138	139	141	142
2719	138	139	142	143
2720	138	139	143	144
2721	139	140	1	34
2722	139	140	34	43
2723	139	140	43	47
2724	139	140	47	52
2725	139	140	52	75
2726	139	140	75	82
2727	139	140	82	90
2728	139	140	90	95
2729	139	140	95	96
2730	139	140	96	99
2731	139	140	99	129
2732	139	140	129	132
2733	139	140	132	135
2734	139	140	135	136
2735	139	140	136	137
2736	139	140	137	138
2737	139	140	138	141
2738	139	140	141	142
2739	139	140	142	143
2740	139	140	143	144
2741	140	141	1	35
2742	140	141	35	36
2743	140	141	36	44
2744	140	141	44	55
2745	140	141	55	78
2746	140	141	78	81
2747	140	141	81	87
2748	140	141	87	93
2749	140	141	93	94
2750	140	141	94	101
2751	140	141	101	121
2752	140	141	121	131
2753	140	141	131	134
2754	140	141	134	136
2755	140	141	136	137
2756	140	141	137	138
2757	140	141	138	139
2758	140	141	139	142
2759	140	141	142	143
2760	140	141	143	144
2761	141	142	8	28
2762	141	142	28	38
2763	141	142	38	42
2764	141	142	42	48
2765	141	142	48	54
2766	141	142	54	79
2767	141	142	79	84
2768	141	142	84	89
2769	141	142	89	94
2770	141	142	94	96
2771	141	142	96	106
2772	141	142	106	127
2773	141	142	127	132
2774	141	142	132	135
2775	141	142	135	137
2776	141	142	137	138
2777	141	142	138	139
2778	141	142	139	140
2779	141	142	140	143
2780	141	142	143	144
2781	142	143	2	32
2782	142	143	32	36
2783	142	143	36	43
2784	142	143	43	47
2785	142	143	47	49
2786	142	143	49	80
2787	142	143	80	85
2788	142	143	85	86
2789	142	143	86	92
2790	142	143	92	94
2791	142	143	94	101
2792	142	143	101	119
2793	142	143	119	128
2794	142	143	128	131
2795	142	143	131	135
2796	142	143	135	138
2797	142	143	138	139
2798	142	143	139	140
2799	142	143	140	141
2800	142	143	141	144
2801	143	144	3	32
2802	143	144	32	35
2803	143	144	35	40
2804	143	144	40	46
2805	143	144	46	52
2806	143	144	52	73
2807	143	144	73	80
2808	143	144	80	87
2809	143	144	87	90
2810	143	144	90	95
2811	143	144	95	96
2812	143	144	96	114
2813	143	144	114	126
2814	143	144	126	131
2815	143	144	131	134
2816	143	144	134	137
2817	143	144	137	139
2818	143	144	139	140
2819	143	144	140	141
2820	143	144	141	142
2821	1	4	2	3
2822	1	4	3	5
2823	1	4	5	6
2824	1	4	6	7
2825	1	4	7	11
2826	1	4	11	13
2827	1	4	13	20
2828	1	4	20	24
2829	1	4	24	30
2830	1	4	30	48
2831	1	4	48	56
2832	1	4	56	61
2833	1	4	61	66
2834	1	4	66	73
2835	1	4	73	74
2836	1	4	74	94
2837	1	4	94	99
2838	1	4	99	108
2839	1	4	108	120
2840	1	4	120	143
2841	2	5	1	3
2842	2	5	3	4
2843	2	5	4	6
2844	2	5	6	7
2845	2	5	7	8
2846	2	5	8	10
2847	2	5	10	16
2848	2	5	16	18
2849	2	5	18	26
2850	2	5	26	42
2851	2	5	42	50
2852	2	5	50	59
2853	2	5	59	62
2854	2	5	62	66
2855	2	5	66	79
2856	2	5	79	93
2857	2	5	93	101
2858	2	5	101	110
2859	2	5	110	117
2860	2	5	117	144
2861	3	6	1	2
2862	3	6	2	4
2863	3	6	4	5
2864	3	6	5	7
2865	3	6	7	8
2866	3	6	8	9
2867	3	6	9	12
2868	3	6	12	15
2869	3	6	15	25
2870	3	6	25	37
2871	3	6	37	46
2872	3	6	46	54
2873	3	6	54	58
2874	3	6	58	64
2875	3	6	64	72
2876	3	6	72	96
2877	3	6	96	100
2878	3	6	100	110
2879	3	6	110	114
2880	3	6	114	138
2881	4	7	1	2
2882	4	7	2	3
2883	4	7	3	5
2884	4	7	5	6
2885	4	7	6	8
2886	4	7	8	9
2887	4	7	9	10
2888	4	7	10	14
2889	4	7	14	17
2890	4	7	17	26
2891	4	7	26	47
2892	4	7	47	53
2893	4	7	53	58
2894	4	7	58	62
2895	4	7	62	73
2896	4	7	73	86
2897	4	7	86	92
2898	4	7	92	108
2899	4	7	108	113
2900	4	7	113	144
2901	5	8	1	3
2902	5	8	3	4
2903	5	8	4	6
2904	5	8	6	7
2905	5	8	7	9
2906	5	8	9	10
2907	5	8	10	11
2908	5	8	11	15
2909	5	8	15	20
2910	5	8	20	22
2911	5	8	22	45
2912	5	8	45	54
2913	5	8	54	57
2914	5	8	57	64
2915	5	8	64	69
2916	5	8	69	84
2917	5	8	84	92
2918	5	8	92	109
2919	5	8	109	114
2920	5	8	114	137
2921	6	9	2	4
2922	6	9	4	5
2923	6	9	5	7
2924	6	9	7	8
2925	6	9	8	10
2926	6	9	10	11
2927	6	9	11	12
2928	6	9	12	14
2929	6	9	14	20
2930	6	9	20	29
2931	6	9	29	46
2932	6	9	46	52
2933	6	9	52	57
2934	6	9	57	62
2935	6	9	62	68
2936	6	9	68	85
2937	6	9	85	93
2938	6	9	93	98
2939	6	9	98	111
2940	6	9	111	142
2941	7	10	1	5
2942	7	10	5	6
2943	7	10	6	8
2944	7	10	8	9
2945	7	10	9	11
2946	7	10	11	12
2947	7	10	12	13
2948	7	10	13	14
2949	7	10	14	17
2950	7	10	17	27
2951	7	10	27	43
2952	7	10	43	50
2953	7	10	50	58
2954	7	10	58	65
2955	7	10	65	71
2956	7	10	71	73
2957	7	10	73	92
2958	7	10	92	99
2959	7	10	99	116
2960	7	10	116	143
2961	8	11	2	6
2962	8	11	6	7
2963	8	11	7	9
2964	8	11	9	10
2965	8	11	10	12
2966	8	11	12	13
2967	8	11	13	14
2968	8	11	14	15
2969	8	11	15	18
2970	8	11	18	23
2971	8	11	23	45
2972	8	11	45	48
2973	8	11	48	51
2974	8	11	51	60
2975	8	11	60	69
2976	8	11	69	73
2977	8	11	73	92
2978	8	11	92	99
2979	8	11	99	114
2980	8	11	114	142
2981	9	12	2	7
2982	9	12	7	8
2983	9	12	8	10
2984	9	12	10	11
2985	9	12	11	13
2986	9	12	13	14
2987	9	12	14	15
2988	9	12	15	16
2989	9	12	16	17
2990	9	12	17	28
2991	9	12	28	43
2992	9	12	43	48
2993	9	12	48	49
2994	9	12	49	65
2995	9	12	65	70
2996	9	12	70	78
2997	9	12	78	95
2998	9	12	95	97
2999	9	12	97	111
3000	9	12	111	144
3001	10	13	2	7
3002	10	13	7	8
3003	10	13	8	9
3004	10	13	9	11
3005	10	13	11	12
3006	10	13	12	14
3007	10	13	14	15
3008	10	13	15	16
3009	10	13	16	19
3010	10	13	19	26
3011	10	13	26	39
3012	10	13	39	47
3013	10	13	47	52
3014	10	13	52	63
3015	10	13	63	68
3016	10	13	68	82
3017	10	13	82	84
3018	10	13	84	98
3019	10	13	98	119
3020	10	13	119	139
3021	11	14	5	7
3022	11	14	7	9
3023	11	14	9	10
3024	11	14	10	12
3025	11	14	12	13
3026	11	14	13	15
3027	11	14	15	16
3028	11	14	16	17
3029	11	14	17	20
3030	11	14	20	22
3031	11	14	22	34
3032	11	14	34	43
3033	11	14	43	59
3034	11	14	59	64
3035	11	14	64	71
3036	11	14	71	82
3037	11	14	82	87
3038	11	14	87	102
3039	11	14	102	115
3040	11	14	115	143
3041	12	15	2	9
3042	12	15	9	10
3043	12	15	10	11
3044	12	15	11	13
3045	12	15	13	14
3046	12	15	14	16
3047	12	15	16	17
3048	12	15	17	18
3049	12	15	18	21
3050	12	15	21	27
3051	12	15	27	36
3052	12	15	36	46
3053	12	15	46	53
3054	12	15	53	65
3055	12	15	65	69
3056	12	15	69	79
3057	12	15	79	92
3058	12	15	92	100
3059	12	15	100	115
3060	12	15	115	144
3061	13	16	1	9
3062	13	16	9	11
3063	13	16	11	12
3064	13	16	12	14
3065	13	16	14	15
3066	13	16	15	17
3067	13	16	17	18
3068	13	16	18	19
3069	13	16	19	22
3070	13	16	22	24
3071	13	16	24	37
3072	13	16	37	44
3073	13	16	44	50
3074	13	16	50	62
3075	13	16	62	69
3076	13	16	69	79
3077	13	16	79	95
3078	13	16	95	103
3079	13	16	103	116
3080	13	16	116	144
3081	14	17	2	8
3082	14	17	8	12
3083	14	17	12	13
3084	14	17	13	15
3085	14	17	15	16
3086	14	17	16	18
3087	14	17	18	19
3088	14	17	19	20
3089	14	17	20	22
3090	14	17	22	26
3091	14	17	26	35
3092	14	17	35	45
3093	14	17	45	57
3094	14	17	57	65
3095	14	17	65	71
3096	14	17	71	75
3097	14	17	75	91
3098	14	17	91	98
3099	14	17	98	112
3100	14	17	112	144
3101	15	18	6	11
3102	15	18	11	13
3103	15	18	13	14
3104	15	18	14	16
3105	15	18	16	17
3106	15	18	17	19
3107	15	18	19	20
3108	15	18	20	21
3109	15	18	21	23
3110	15	18	23	27
3111	15	18	27	38
3112	15	18	38	43
3113	15	18	43	58
3114	15	18	58	64
3115	15	18	64	70
3116	15	18	70	79
3117	15	18	79	96
3118	15	18	96	108
3119	15	18	108	121
3120	15	18	121	138
3121	16	19	6	10
3122	16	19	10	14
3123	16	19	14	15
3124	16	19	15	17
3125	16	19	17	18
3126	16	19	18	20
3127	16	19	20	21
3128	16	19	21	22
3129	16	19	22	23
3130	16	19	23	27
3131	16	19	27	35
3132	16	19	35	47
3133	16	19	47	49
3134	16	19	49	64
3135	16	19	64	68
3136	16	19	68	80
3137	16	19	80	93
3138	16	19	93	102
3139	16	19	102	112
3140	16	19	112	135
3141	17	20	3	12
3142	17	20	12	15
3143	17	20	15	16
3144	17	20	16	18
3145	17	20	18	19
3146	17	20	19	21
3147	17	20	21	22
3148	17	20	22	23
3149	17	20	23	24
3150	17	20	24	29
3151	17	20	29	30
3152	17	20	30	48
3153	17	20	48	55
3154	17	20	55	62
3155	17	20	62	71
3156	17	20	71	76
3157	17	20	76	95
3158	17	20	95	100
3159	17	20	100	119
3160	17	20	119	144
3161	18	21	1	10
3162	18	21	10	15
3163	18	21	15	16
3164	18	21	16	17
3165	18	21	17	19
3166	18	21	19	20
3167	18	21	20	22
3168	18	21	22	23
3169	18	21	23	24
3170	18	21	24	29
3171	18	21	29	38
3172	18	21	38	48
3173	18	21	48	51
3174	18	21	51	66
3175	18	21	66	73
3176	18	21	73	76
3177	18	21	76	96
3178	18	21	96	105
3179	18	21	105	116
3180	18	21	116	141
3181	19	22	5	13
3182	19	22	13	16
3183	19	22	16	17
3184	19	22	17	18
3185	19	22	18	20
3186	19	22	20	21
3187	19	22	21	23
3188	19	22	23	24
3189	19	22	24	25
3190	19	22	25	30
3191	19	22	30	34
3192	19	22	34	46
3193	19	22	46	56
3194	19	22	56	68
3195	19	22	68	71
3196	19	22	71	78
3197	19	22	78	96
3198	19	22	96	98
3199	19	22	98	113
3200	19	22	113	142
3201	20	23	4	15
3202	20	23	15	17
3203	20	23	17	18
3204	20	23	18	19
3205	20	23	19	21
3206	20	23	21	22
3207	20	23	22	24
3208	20	23	24	25
3209	20	23	25	26
3210	20	23	26	27
3211	20	23	27	37
3212	20	23	37	45
3213	20	23	45	63
3214	20	23	63	67
3215	20	23	67	72
3216	20	23	72	75
3217	20	23	75	85
3218	20	23	85	95
3219	20	23	95	101
3220	20	23	101	143
3221	21	24	3	14
3222	21	24	14	17
3223	21	24	17	19
3224	21	24	19	20
3225	21	24	20	22
3226	21	24	22	23
3227	21	24	23	25
3228	21	24	25	26
3229	21	24	26	27
3230	21	24	27	30
3231	21	24	30	32
3232	21	24	32	48
3233	21	24	48	50
3234	21	24	50	64
3235	21	24	64	71
3236	21	24	71	79
3237	21	24	79	90
3238	21	24	90	96
3239	21	24	96	97
3240	21	24	97	140
3241	22	25	12	13
3242	22	25	13	18
3243	22	25	18	20
3244	22	25	20	21
3245	22	25	21	23
3246	22	25	23	24
3247	22	25	24	26
3248	22	25	26	27
3249	22	25	27	28
3250	22	25	28	30
3251	22	25	30	36
3252	22	25	36	47
3253	22	25	47	53
3254	22	25	53	65
3255	22	25	65	73
3256	22	25	73	76
3257	22	25	76	88
3258	22	25	88	95
3259	22	25	95	103
3260	22	25	103	142
3261	23	26	1	15
3262	23	26	15	20
3263	23	26	20	21
3264	23	26	21	22
3265	23	26	22	24
3266	23	26	24	25
3267	23	26	25	27
3268	23	26	27	28
3269	23	26	28	29
3270	23	26	29	30
3271	23	26	30	37
3272	23	26	37	47
3273	23	26	47	51
3274	23	26	51	66
3275	23	26	66	74
3276	23	26	74	80
3277	23	26	80	84
3278	23	26	84	95
3279	23	26	95	101
3280	23	26	101	143
3281	24	27	2	18
3282	24	27	18	21
3283	24	27	21	22
3284	24	27	22	23
3285	24	27	23	25
3286	24	27	25	26
3287	24	27	26	28
3288	24	27	28	29
3289	24	27	29	30
3290	24	27	30	31
3291	24	27	31	37
3292	24	27	37	47
3293	24	27	47	50
3294	24	27	50	71
3295	24	27	71	73
3296	24	27	73	79
3297	24	27	79	90
3298	24	27	90	93
3299	24	27	93	97
3300	24	27	97	144
3301	25	28	1	18
3302	25	28	18	21
3303	25	28	21	23
3304	25	28	23	24
3305	25	28	24	26
3306	25	28	26	27
3307	25	28	27	29
3308	25	28	29	30
3309	25	28	30	31
3310	25	28	31	32
3311	25	28	32	35
3312	25	28	35	47
3313	25	28	47	50
3314	25	28	50	71
3315	25	28	71	74
3316	25	28	74	83
3317	25	28	83	91
3318	25	28	91	95
3319	25	28	95	98
3320	25	28	98	141
3321	26	29	9	20
3322	26	29	20	22
3323	26	29	22	24
3324	26	29	24	25
3325	26	29	25	27
3326	26	29	27	28
3327	26	29	28	30
3328	26	29	30	31
3329	26	29	31	32
3330	26	29	32	35
3331	26	29	35	38
3332	26	29	38	47
3333	26	29	47	51
3334	26	29	51	70
3335	26	29	70	74
3336	26	29	74	83
3337	26	29	83	95
3338	26	29	95	96
3339	26	29	96	97
3340	26	29	97	141
3341	27	30	1	22
3342	27	30	22	23
3343	27	30	23	25
3344	27	30	25	26
3345	27	30	26	28
3346	27	30	28	29
3347	27	30	29	31
3348	27	30	31	32
3349	27	30	32	33
3350	27	30	33	36
3351	27	30	36	40
3352	27	30	40	47
3353	27	30	47	56
3354	27	30	56	70
3355	27	30	70	77
3356	27	30	77	81
3357	27	30	81	93
3358	27	30	93	101
3359	27	30	101	122
3360	27	30	122	134
3361	28	31	1	20
3362	28	31	20	23
3363	28	31	23	26
3364	28	31	26	27
3365	28	31	27	29
3366	28	31	29	30
3367	28	31	30	32
3368	28	31	32	33
3369	28	31	33	34
3370	28	31	34	35
3371	28	31	35	38
3372	28	31	38	48
3373	28	31	48	60
3374	28	31	60	71
3375	28	31	71	81
3376	28	31	81	84
3377	28	31	84	93
3378	28	31	93	97
3379	28	31	97	122
3380	28	31	122	144
3381	29	32	1	20
3382	29	32	20	24
3383	29	32	24	27
3384	29	32	27	28
3385	29	32	28	30
3386	29	32	30	31
3387	29	32	31	33
3388	29	32	33	34
3389	29	32	34	35
3390	29	32	35	36
3391	29	32	36	40
3392	29	32	40	47
3393	29	32	47	49
3394	29	32	49	75
3395	29	32	75	82
3396	29	32	82	84
3397	29	32	84	95
3398	29	32	95	111
3399	29	32	111	126
3400	29	32	126	133
3401	30	33	2	21
3402	30	33	21	26
3403	30	33	26	28
3404	30	33	28	29
3405	30	33	29	31
3406	30	33	31	32
3407	30	33	32	34
3408	30	33	34	35
3409	30	33	35	36
3410	30	33	36	39
3411	30	33	39	44
3412	30	33	44	46
3413	30	33	46	55
3414	30	33	55	72
3415	30	33	72	80
3416	30	33	80	88
3417	30	33	88	92
3418	30	33	92	97
3419	30	33	97	130
3420	30	33	130	137
3421	31	34	3	25
3422	31	34	25	26
3423	31	34	26	29
3424	31	34	29	30
3425	31	34	30	32
3426	31	34	32	33
3427	31	34	33	35
3428	31	34	35	36
3429	31	34	36	37
3430	31	34	37	38
3431	31	34	38	41
3432	31	34	41	48
3433	31	34	48	52
3434	31	34	52	76
3435	31	34	76	81
3436	31	34	81	89
3437	31	34	89	94
3438	31	34	94	98
3439	31	34	98	130
3440	31	34	130	142
3441	32	35	17	25
3442	32	35	25	27
3443	32	35	27	30
3444	32	35	30	31
3445	32	35	31	33
3446	32	35	33	34
3447	32	35	34	36
3448	32	35	36	37
3449	32	35	37	38
3450	32	35	38	39
3451	32	35	39	41
3452	32	35	41	48
3453	32	35	48	49
3454	32	35	49	74
3455	32	35	74	84
3456	32	35	84	89
3457	32	35	89	93
3458	32	35	93	97
3459	32	35	97	131
3460	32	35	131	139
3461	33	36	2	21
3462	33	36	21	27
3463	33	36	27	31
3464	33	36	31	32
3465	33	36	32	34
3466	33	36	34	35
3467	33	36	35	37
3468	33	36	37	38
3469	33	36	38	39
3470	33	36	39	41
3471	33	36	41	43
3472	33	36	43	48
3473	33	36	48	50
3474	33	36	50	75
3475	33	36	75	82
3476	33	36	82	92
3477	33	36	92	96
3478	33	36	96	97
3479	33	36	97	130
3480	33	36	130	143
3481	34	37	5	24
3482	34	37	24	29
3483	34	37	29	32
3484	34	37	32	33
3485	34	37	33	35
3486	34	37	35	36
3487	34	37	36	38
3488	34	37	38	39
3489	34	37	39	40
3490	34	37	40	41
3491	34	37	41	43
3492	34	37	43	48
3493	34	37	48	50
3494	34	37	50	76
3495	34	37	76	83
3496	34	37	83	91
3497	34	37	91	94
3498	34	37	94	105
3499	34	37	105	134
3500	34	37	134	136
3501	35	38	1	22
3502	35	38	22	28
3503	35	38	28	33
3504	35	38	33	34
3505	35	38	34	36
3506	35	38	36	37
3507	35	38	37	39
3508	35	38	39	40
3509	35	38	40	41
3510	35	38	41	42
3511	35	38	42	47
3512	35	38	47	48
3513	35	38	48	50
3514	35	38	50	78
3515	35	38	78	87
3516	35	38	87	88
3517	35	38	88	94
3518	35	38	94	98
3519	35	38	98	127
3520	35	38	127	144
3521	36	39	14	22
3522	36	39	22	29
3523	36	39	29	34
3524	36	39	34	35
3525	36	39	35	37
3526	36	39	37	38
3527	36	39	38	40
3528	36	39	40	41
3529	36	39	41	42
3530	36	39	42	43
3531	36	39	43	48
3532	36	39	48	50
3533	36	39	50	69
3534	36	39	69	78
3535	36	39	78	85
3536	36	39	85	90
3537	36	39	90	96
3538	36	39	96	97
3539	36	39	97	134
3540	36	39	134	139
3541	37	40	3	21
3542	37	40	21	30
3543	37	40	30	34
3544	37	40	34	35
3545	37	40	35	36
3546	37	40	36	38
3547	37	40	38	39
3548	37	40	39	41
3549	37	40	41	42
3550	37	40	42	43
3551	37	40	43	48
3552	37	40	48	49
3553	37	40	49	75
3554	37	40	75	78
3555	37	40	78	88
3556	37	40	88	90
3557	37	40	90	96
3558	37	40	96	100
3559	37	40	100	134
3560	37	40	134	142
3561	38	41	3	22
3562	38	41	22	34
3563	38	41	34	35
3564	38	41	35	36
3565	38	41	36	37
3566	38	41	37	39
3567	38	41	39	40
3568	38	41	40	42
3569	38	41	42	43
3570	38	41	43	44
3571	38	41	44	47
3572	38	41	47	51
3573	38	41	51	71
3574	38	41	71	79
3575	38	41	79	86
3576	38	41	86	90
3577	38	41	90	96
3578	38	41	96	111
3579	38	41	111	136
3580	38	41	136	143
3581	39	42	4	22
3582	39	42	22	34
3583	39	42	34	35
3584	39	42	35	37
3585	39	42	37	38
3586	39	42	38	40
3587	39	42	40	41
3588	39	42	41	43
3589	39	42	43	44
3590	39	42	44	45
3591	39	42	45	46
3592	39	42	46	49
3593	39	42	49	72
3594	39	42	72	79
3595	39	42	79	89
3596	39	42	89	94
3597	39	42	94	96
3598	39	42	96	98
3599	39	42	98	134
3600	39	42	134	144
3601	40	43	4	27
3602	40	43	27	30
3603	40	43	30	36
3604	40	43	36	38
3605	40	43	38	39
3606	40	43	39	41
3607	40	43	41	42
3608	40	43	42	44
3609	40	43	44	45
3610	40	43	45	46
3611	40	43	46	48
3612	40	43	48	52
3613	40	43	52	73
3614	40	43	73	82
3615	40	43	82	89
3616	40	43	89	92
3617	40	43	92	96
3618	40	43	96	97
3619	40	43	97	132
3620	40	43	132	144
3621	41	44	13	26
3622	41	44	26	35
3623	41	44	35	37
3624	41	44	37	39
3625	41	44	39	40
3626	41	44	40	42
3627	41	44	42	43
3628	41	44	43	45
3629	41	44	45	46
3630	41	44	46	47
3631	41	44	47	48
3632	41	44	48	49
3633	41	44	49	80
3634	41	44	80	81
3635	41	44	81	89
3636	41	44	89	92
3637	41	44	92	96
3638	41	44	96	99
3639	41	44	99	130
3640	41	44	130	138
3641	42	45	1	24
3642	42	45	24	31
3643	42	45	31	36
3644	42	45	36	40
3645	42	45	40	41
3646	42	45	41	43
3647	42	45	43	44
3648	42	45	44	46
3649	42	45	46	47
3650	42	45	47	48
3651	42	45	48	53
3652	42	45	53	70
3653	42	45	70	76
3654	42	45	76	86
3655	42	45	86	90
3656	42	45	90	95
3657	42	45	95	116
3658	42	45	116	125
3659	42	45	125	136
3660	42	45	136	139
3661	43	46	6	29
3662	43	46	29	30
3663	43	46	30	35
3664	43	46	35	40
3665	43	46	40	41
3666	43	46	41	42
3667	43	46	42	44
3668	43	46	44	45
3669	43	46	45	47
3670	43	46	47	48
3671	43	46	48	52
3672	43	46	52	73
3673	43	46	73	79
3674	43	46	79	84
3675	43	46	84	89
3676	43	46	89	96
3677	43	46	96	97
3678	43	46	97	129
3679	43	46	129	135
3680	43	46	135	143
3681	44	47	6	26
3682	44	47	26	33
3683	44	47	33	37
3684	44	47	37	40
3685	44	47	40	42
3686	44	47	42	43
3687	44	47	43	45
3688	44	47	45	46
3689	44	47	46	48
3690	44	47	48	60
3691	44	47	60	65
3692	44	47	65	76
3693	44	47	76	81
3694	44	47	81	87
3695	44	47	87	94
3696	44	47	94	96
3697	44	47	96	97
3698	44	47	97	129
3699	44	47	129	135
3700	44	47	135	144
3701	45	48	2	21
3702	45	48	21	31
3703	45	48	31	35
3704	45	48	35	40
3705	45	48	40	42
3706	45	48	42	43
3707	45	48	43	44
3708	45	48	44	46
3709	45	48	46	47
3710	45	48	47	49
3711	45	48	49	74
3712	45	48	74	78
3713	45	48	78	85
3714	45	48	85	89
3715	45	48	89	92
3716	45	48	92	96
3717	45	48	96	97
3718	45	48	97	127
3719	45	48	127	139
3720	45	48	139	144
3721	49	52	4	9
3722	49	52	9	14
3723	49	52	14	16
3724	49	52	16	25
3725	49	52	25	45
3726	49	52	45	50
3727	49	52	50	53
3728	49	52	53	54
3729	49	52	54	55
3730	49	52	55	56
3731	49	52	56	61
3732	49	52	61	62
3733	49	52	62	68
3734	49	52	68	85
3735	49	52	85	96
3736	49	52	96	104
3737	49	52	104	108
3738	49	52	108	109
3739	49	52	109	118
3740	49	52	118	142
3741	50	53	2	7
3742	50	53	7	12
3743	50	53	12	18
3744	50	53	18	32
3745	50	53	32	44
3746	50	53	44	49
3747	50	53	49	52
3748	50	53	52	54
3749	50	53	54	55
3750	50	53	55	56
3751	50	53	56	57
3752	50	53	57	62
3753	50	53	62	65
3754	50	53	65	74
3755	50	53	74	96
3756	50	53	96	102
3757	50	53	102	108
3758	50	53	108	110
3759	50	53	110	114
3760	50	53	114	144
3761	51	54	1	10
3762	51	54	10	13
3763	51	54	13	19
3764	51	54	19	31
3765	51	54	31	48
3766	51	54	48	50
3767	51	54	50	52
3768	51	54	52	53
3769	51	54	53	55
3770	51	54	55	56
3771	51	54	56	57
3772	51	54	57	61
3773	51	54	61	67
3774	51	54	67	68
3775	51	54	68	96
3776	51	54	96	99
3777	51	54	99	106
3778	51	54	106	113
3779	51	54	113	121
3780	51	54	121	141
3781	52	55	2	9
3782	52	55	9	16
3783	52	55	16	26
3784	52	55	26	48
3785	52	55	48	50
3786	52	55	50	51
3787	52	55	51	53
3788	52	55	53	54
3789	52	55	54	56
3790	52	55	56	57
3791	52	55	57	58
3792	52	55	58	59
3793	52	55	59	65
3794	52	55	65	71
3795	52	55	71	84
3796	52	55	84	92
3797	52	55	92	105
3798	52	55	105	111
3799	52	55	111	116
3800	52	55	116	138
3801	53	56	3	10
3802	53	56	10	14
3803	53	56	14	25
3804	53	56	25	46
3805	53	56	46	49
3806	53	56	49	51
3807	53	56	51	52
3808	53	56	52	54
3809	53	56	54	55
3810	53	56	55	57
3811	53	56	57	58
3812	53	56	58	59
3813	53	56	59	64
3814	53	56	64	68
3815	53	56	68	77
3816	53	56	77	91
3817	53	56	91	105
3818	53	56	105	112
3819	53	56	112	118
3820	53	56	118	131
3821	54	57	1	7
3822	54	57	7	14
3823	54	57	14	27
3824	54	57	27	47
3825	54	57	47	50
3826	54	57	50	52
3827	54	57	52	53
3828	54	57	53	55
3829	54	57	55	56
3830	54	57	56	58
3831	54	57	58	59
3832	54	57	59	60
3833	54	57	60	61
3834	54	57	61	69
3835	54	57	69	81
3836	54	57	81	93
3837	54	57	93	99
3838	54	57	99	113
3839	54	57	113	115
3840	54	57	115	142
3841	55	58	2	9
3842	55	58	9	17
3843	55	58	17	19
3844	55	58	19	47
3845	55	58	47	49
3846	55	58	49	53
3847	55	58	53	54
3848	55	58	54	56
3849	55	58	56	57
3850	55	58	57	59
3851	55	58	59	60
3852	55	58	60	61
3853	55	58	61	64
3854	55	58	64	66
3855	55	58	66	85
3856	55	58	85	95
3857	55	58	95	99
3858	55	58	99	113
3859	55	58	113	121
3860	55	58	121	137
3861	56	59	3	12
3862	56	59	12	14
3863	56	59	14	22
3864	56	59	22	48
3865	56	59	48	51
3866	56	59	51	54
3867	56	59	54	55
3868	56	59	55	57
3869	56	59	57	58
3870	56	59	58	60
3871	56	59	60	61
3872	56	59	61	62
3873	56	59	62	65
3874	56	59	65	68
3875	56	59	68	83
3876	56	59	83	96
3877	56	59	96	102
3878	56	59	102	111
3879	56	59	111	116
3880	56	59	116	144
3881	57	60	1	12
3882	57	60	12	17
3883	57	60	17	25
3884	57	60	25	46
3885	57	60	46	53
3886	57	60	53	55
3887	57	60	55	56
3888	57	60	56	58
3889	57	60	58	59
3890	57	60	59	61
3891	57	60	61	62
3892	57	60	62	63
3893	57	60	63	66
3894	57	60	66	68
3895	57	60	68	75
3896	57	60	75	95
3897	57	60	95	98
3898	57	60	98	108
3899	57	60	108	115
3900	57	60	115	144
3901	58	61	1	11
3902	58	61	11	16
3903	58	61	16	26
3904	58	61	26	48
3905	58	61	48	50
3906	58	61	50	56
3907	58	61	56	57
3908	58	61	57	59
3909	58	61	59	60
3910	58	61	60	62
3911	58	61	62	63
3912	58	61	63	64
3913	58	61	64	65
3914	58	61	65	67
3915	58	61	67	82
3916	58	61	82	95
3917	58	61	95	102
3918	58	61	102	110
3919	58	61	110	119
3920	58	61	119	144
3921	59	62	1	13
3922	59	62	13	15
3923	59	62	15	28
3924	59	62	28	42
3925	59	62	42	52
3926	59	62	52	57
3927	59	62	57	58
3928	59	62	58	60
3929	59	62	60	61
3930	59	62	61	63
3931	59	62	63	64
3932	59	62	64	65
3933	59	62	65	66
3934	59	62	66	67
3935	59	62	67	80
3936	59	62	80	94
3937	59	62	94	97
3938	59	62	97	113
3939	59	62	113	116
3940	59	62	116	144
3941	60	63	5	13
3942	60	63	13	15
3943	60	63	15	28
3944	60	63	28	40
3945	60	63	40	50
3946	60	63	50	58
3947	60	63	58	59
3948	60	63	59	61
3949	60	63	61	62
3950	60	63	62	64
3951	60	63	64	65
3952	60	63	65	66
3953	60	63	66	67
3954	60	63	67	70
3955	60	63	70	83
3956	60	63	83	95
3957	60	63	95	103
3958	60	63	103	114
3959	60	63	114	122
3960	60	63	122	143
3961	61	64	4	15
3962	61	64	15	21
3963	61	64	21	23
3964	61	64	23	48
3965	61	64	48	51
3966	61	64	51	58
3967	61	64	58	59
3968	61	64	59	60
3969	61	64	60	62
3970	61	64	62	63
3971	61	64	63	65
3972	61	64	65	66
3973	61	64	66	67
3974	61	64	67	72
3975	61	64	72	84
3976	61	64	84	96
3977	61	64	96	100
3978	61	64	100	114
3979	61	64	114	121
3980	61	64	121	143
3981	62	65	7	11
3982	62	65	11	21
3983	62	65	21	30
3984	62	65	30	47
3985	62	65	47	58
3986	62	65	58	59
3987	62	65	59	60
3988	62	65	60	61
3989	62	65	61	63
3990	62	65	63	64
3991	62	65	64	66
3992	62	65	66	67
3993	62	65	67	68
3994	62	65	68	69
3995	62	65	69	80
3996	62	65	80	94
3997	62	65	94	97
3998	62	65	97	112
3999	62	65	112	117
4000	62	65	117	144
4001	63	66	8	13
4002	63	66	13	21
4003	63	66	21	26
4004	63	66	26	46
4005	63	66	46	55
4006	63	66	55	60
4007	63	66	60	61
4008	63	66	61	62
4009	63	66	62	64
4010	63	66	64	65
4011	63	66	65	67
4012	63	66	67	68
4013	63	66	68	69
4014	63	66	69	73
4015	63	66	73	77
4016	63	66	77	95
4017	63	66	95	105
4018	63	66	105	116
4019	63	66	116	120
4020	63	66	120	143
4021	64	67	4	11
4022	64	67	11	22
4023	64	67	22	32
4024	64	67	32	46
4025	64	67	46	59
4026	64	67	59	60
4027	64	67	60	62
4028	64	67	62	63
4029	64	67	63	65
4030	64	67	65	66
4031	64	67	66	68
4032	64	67	68	69
4033	64	67	69	70
4034	64	67	70	73
4035	64	67	73	81
4036	64	67	81	94
4037	64	67	94	97
4038	64	67	97	112
4039	64	67	112	120
4040	64	67	120	144
4041	65	68	10	16
4042	65	68	16	21
4043	65	68	21	28
4044	65	68	28	47
4045	65	68	47	52
4046	65	68	52	61
4047	65	68	61	63
4048	65	68	63	64
4049	65	68	64	66
4050	65	68	66	67
4051	65	68	67	69
4052	65	68	69	70
4053	65	68	70	71
4054	65	68	71	75
4055	65	68	75	84
4056	65	68	84	94
4057	65	68	94	102
4058	65	68	102	117
4059	65	68	117	124
4060	65	68	124	143
4061	66	69	1	13
4062	66	69	13	19
4063	66	69	19	25
4064	66	69	25	48
4065	66	69	48	49
4066	66	69	49	62
4067	66	69	62	64
4068	66	69	64	65
4069	66	69	65	67
4070	66	69	67	68
4071	66	69	68	70
4072	66	69	70	71
4073	66	69	71	72
4074	66	69	72	74
4075	66	69	74	78
4076	66	69	78	92
4077	66	69	92	111
4078	66	69	111	113
4079	66	69	113	123
4080	66	69	123	143
4081	67	70	2	16
4082	67	70	16	23
4083	67	70	23	29
4084	67	70	29	37
4085	67	70	37	49
4086	67	70	49	64
4087	67	70	64	65
4088	67	70	65	66
4089	67	70	66	68
4090	67	70	68	69
4091	67	70	69	71
4092	67	70	71	72
4093	67	70	72	73
4094	67	70	73	75
4095	67	70	75	84
4096	67	70	84	92
4097	67	70	92	98
4098	67	70	98	114
4099	67	70	114	120
4100	67	70	120	144
4101	68	71	14	17
4102	68	71	17	22
4103	68	71	22	31
4104	68	71	31	48
4105	68	71	48	49
4106	68	71	49	63
4107	68	71	63	66
4108	68	71	66	67
4109	68	71	67	69
4110	68	71	69	70
4111	68	71	70	72
4112	68	71	72	73
4113	68	71	73	74
4114	68	71	74	77
4115	68	71	77	79
4116	68	71	79	95
4117	68	71	95	112
4118	68	71	112	119
4119	68	71	119	126
4120	68	71	126	142
4121	69	72	1	19
4122	69	72	19	23
4123	69	72	23	28
4124	69	72	28	48
4125	69	72	48	50
4126	69	72	50	65
4127	69	72	65	67
4128	69	72	67	68
4129	69	72	68	70
4130	69	72	70	71
4131	69	72	71	73
4132	69	72	73	74
4133	69	72	74	75
4134	69	72	75	78
4135	69	72	78	82
4136	69	72	82	96
4137	69	72	96	99
4138	69	72	99	116
4139	69	72	116	123
4140	69	72	123	142
4141	70	73	1	17
4142	70	73	17	25
4143	70	73	25	34
4144	70	73	34	46
4145	70	73	46	59
4146	70	73	59	66
4147	70	73	66	68
4148	70	73	68	69
4149	70	73	69	71
4150	70	73	71	72
4151	70	73	72	74
4152	70	73	74	75
4153	70	73	75	76
4154	70	73	76	79
4155	70	73	79	84
4156	70	73	84	96
4157	70	73	96	100
4158	70	73	100	116
4159	70	73	116	127
4160	70	73	127	144
4161	71	74	1	18
4162	71	74	18	28
4163	71	74	28	35
4164	71	74	35	48
4165	71	74	48	49
4166	71	74	49	67
4167	71	74	67	69
4168	71	74	69	70
4169	71	74	70	72
4170	71	74	72	73
4171	71	74	73	75
4172	71	74	75	76
4173	71	74	76	77
4174	71	74	77	79
4175	71	74	79	81
4176	71	74	81	96
4177	71	74	96	97
4178	71	74	97	118
4179	71	74	118	123
4180	71	74	123	144
4181	72	75	5	20
4182	72	75	20	25
4183	72	75	25	37
4184	72	75	37	48
4185	72	75	48	55
4186	72	75	55	68
4187	72	75	68	70
4188	72	75	70	71
4189	72	75	71	73
4190	72	75	73	74
4191	72	75	74	76
4192	72	75	76	77
4193	72	75	77	78
4194	72	75	78	79
4195	72	75	79	88
4196	72	75	88	95
4197	72	75	95	97
4198	72	75	97	120
4199	72	75	120	126
4200	72	75	126	137
4201	73	76	1	23
4202	73	76	23	30
4203	73	76	30	36
4204	73	76	36	45
4205	73	76	45	51
4206	73	76	51	68
4207	73	76	68	71
4208	73	76	71	72
4209	73	76	72	74
4210	73	76	74	75
4211	73	76	75	77
4212	73	76	77	78
4213	73	76	78	79
4214	73	76	79	82
4215	73	76	82	88
4216	73	76	88	95
4217	73	76	95	102
4218	73	76	102	121
4219	73	76	121	128
4220	73	76	128	140
4221	74	77	2	20
4222	74	77	20	31
4223	74	77	31	33
4224	74	77	33	48
4225	74	77	48	49
4226	74	77	49	69
4227	74	77	69	72
4228	74	77	72	73
4229	74	77	73	75
4230	74	77	75	76
4231	74	77	76	78
4232	74	77	78	79
4233	74	77	79	80
4234	74	77	80	81
4235	74	77	81	90
4236	74	77	90	91
4237	74	77	91	99
4238	74	77	99	123
4239	74	77	123	128
4240	74	77	128	140
4241	75	78	1	23
4242	75	78	23	28
4243	75	78	28	38
4244	75	78	38	46
4245	75	78	46	50
4246	75	78	50	70
4247	75	78	70	73
4248	75	78	73	74
4249	75	78	74	76
4250	75	78	76	77
4251	75	78	77	79
4252	75	78	79	80
4253	75	78	80	81
4254	75	78	81	83
4255	75	78	83	91
4256	75	78	91	92
4257	75	78	92	97
4258	75	78	97	123
4259	75	78	123	131
4260	75	78	131	137
4261	76	79	1	21
4262	76	79	21	31
4263	76	79	31	41
4264	76	79	41	43
4265	76	79	43	52
4266	76	79	52	72
4267	76	79	72	74
4268	76	79	74	75
4269	76	79	75	77
4270	76	79	77	78
4271	76	79	78	80
4272	76	79	80	81
4273	76	79	81	82
4274	76	79	82	84
4275	76	79	84	91
4276	76	79	91	95
4277	76	79	95	97
4278	76	79	97	126
4279	76	79	126	129
4280	76	79	129	143
4281	77	80	1	23
4282	77	80	23	34
4283	77	80	34	40
4284	77	80	40	48
4285	77	80	48	49
4286	77	80	49	73
4287	77	80	73	75
4288	77	80	75	76
4289	77	80	76	78
4290	77	80	78	79
4291	77	80	79	81
4292	77	80	81	82
4293	77	80	82	83
4294	77	80	83	85
4295	77	80	85	87
4296	77	80	87	94
4297	77	80	94	97
4298	77	80	97	123
4299	77	80	123	132
4300	77	80	132	142
4301	78	81	3	28
4302	78	81	28	29
4303	78	81	29	42
4304	78	81	42	48
4305	78	81	48	49
4306	78	81	49	71
4307	78	81	71	76
4308	78	81	76	77
4309	78	81	77	79
4310	78	81	79	80
4311	78	81	80	82
4312	78	81	82	83
4313	78	81	83	84
4314	78	81	84	86
4315	78	81	86	91
4316	78	81	91	93
4317	78	81	93	98
4318	78	81	98	123
4319	78	81	123	132
4320	78	81	132	144
4321	79	82	1	24
4322	79	82	24	30
4323	79	82	30	40
4324	79	82	40	47
4325	79	82	47	50
4326	79	82	50	73
4327	79	82	73	77
4328	79	82	77	78
4329	79	82	78	80
4330	79	82	80	81
4331	79	82	81	83
4332	79	82	83	84
4333	79	82	84	85
4334	79	82	85	86
4335	79	82	86	87
4336	79	82	87	96
4337	79	82	96	97
4338	79	82	97	127
4339	79	82	127	131
4340	79	82	131	144
4341	80	83	5	23
4342	80	83	23	31
4343	80	83	31	41
4344	80	83	41	46
4345	80	83	46	57
4346	80	83	57	72
4347	80	83	72	78
4348	80	83	78	79
4349	80	83	79	81
4350	80	83	81	82
4351	80	83	82	84
4352	80	83	84	85
4353	80	83	85	86
4354	80	83	86	87
4355	80	83	87	89
4356	80	83	89	94
4357	80	83	94	101
4358	80	83	101	124
4359	80	83	124	134
4360	80	83	134	138
4361	81	84	1	23
4362	81	84	23	36
4363	81	84	36	37
4364	81	84	37	47
4365	81	84	47	49
4366	81	84	49	76
4367	81	84	76	79
4368	81	84	79	80
4369	81	84	80	82
4370	81	84	82	83
4371	81	84	83	85
4372	81	84	85	86
4373	81	84	86	87
4374	81	84	87	88
4375	81	84	88	89
4376	81	84	89	95
4377	81	84	95	97
4378	81	84	97	125
4379	81	84	125	133
4380	81	84	133	141
4381	82	85	10	25
4382	82	85	25	33
4383	82	85	33	42
4384	82	85	42	47
4385	82	85	47	49
4386	82	85	49	74
4387	82	85	74	79
4388	82	85	79	80
4389	82	85	80	81
4390	82	85	81	83
4391	82	85	83	84
4392	82	85	84	86
4393	82	85	86	87
4394	82	85	87	88
4395	82	85	88	90
4396	82	85	90	95
4397	82	85	95	98
4398	82	85	98	127
4399	82	85	127	137
4400	82	85	137	143
4401	83	86	1	30
4402	83	86	30	33
4403	83	86	33	42
4404	83	86	42	47
4405	83	86	47	51
4406	83	86	51	75
4407	83	86	75	80
4408	83	86	80	81
4409	83	86	81	82
4410	83	86	82	84
4411	83	86	84	85
4412	83	86	85	87
4413	83	86	87	88
4414	83	86	88	89
4415	83	86	89	93
4416	83	86	93	96
4417	83	86	96	99
4418	83	86	99	127
4419	83	86	127	132
4420	83	86	132	143
4421	84	87	2	27
4422	84	87	27	36
4423	84	87	36	41
4424	84	87	41	48
4425	84	87	48	53
4426	84	87	53	78
4427	84	87	78	80
4428	84	87	80	82
4429	84	87	82	83
4430	84	87	83	85
4431	84	87	85	86
4432	84	87	86	88
4433	84	87	88	89
4434	84	87	89	90
4435	84	87	90	94
4436	84	87	94	95
4437	84	87	95	97
4438	84	87	97	129
4439	84	87	129	136
4440	84	87	136	141
4441	85	88	4	28
4442	85	88	28	35
4443	85	88	35	41
4444	85	88	41	48
4445	85	88	48	52
4446	85	88	52	74
4447	85	88	74	81
4448	85	88	81	83
4449	85	88	83	84
4450	85	88	84	86
4451	85	88	86	87
4452	85	88	87	89
4453	85	88	89	90
4454	85	88	90	91
4455	85	88	91	92
4456	85	88	92	96
4457	85	88	96	97
4458	85	88	97	131
4459	85	88	131	136
4460	85	88	136	143
4461	86	89	2	25
4462	86	89	25	37
4463	86	89	37	41
4464	86	89	41	45
4465	86	89	45	59
4466	86	89	59	79
4467	86	89	79	81
4468	86	89	81	84
4469	86	89	84	85
4470	86	89	85	87
4471	86	89	87	88
4472	86	89	88	90
4473	86	89	90	91
4474	86	89	91	92
4475	86	89	92	95
4476	86	89	95	96
4477	86	89	96	100
4478	86	89	100	129
4479	86	89	129	137
4480	86	89	137	142
4481	87	90	1	32
4482	87	90	32	34
4483	87	90	34	42
4484	87	90	42	47
4485	87	90	47	52
4486	87	90	52	74
4487	87	90	74	83
4488	87	90	83	85
4489	87	90	85	86
4490	87	90	86	88
4491	87	90	88	89
4492	87	90	89	91
4493	87	90	91	92
4494	87	90	92	93
4495	87	90	93	94
4496	87	90	94	96
4497	87	90	96	115
4498	87	90	115	130
4499	87	90	130	137
4500	87	90	137	141
4501	88	91	1	28
4502	88	91	28	36
4503	88	91	36	41
4504	88	91	41	47
4505	88	91	47	50
4506	88	91	50	76
4507	88	91	76	84
4508	88	91	84	86
4509	88	91	86	87
4510	88	91	87	89
4511	88	91	89	90
4512	88	91	90	92
4513	88	91	92	93
4514	88	91	93	94
4515	88	91	94	95
4516	88	91	95	96
4517	88	91	96	97
4518	88	91	97	131
4519	88	91	131	138
4520	88	91	138	143
4521	89	92	1	30
4522	89	92	30	36
4523	89	92	36	42
4524	89	92	42	46
4525	89	92	46	52
4526	89	92	52	75
4527	89	92	75	83
4528	89	92	83	87
4529	89	92	87	88
4530	89	92	88	90
4531	89	92	90	91
4532	89	92	91	93
4533	89	92	93	94
4534	89	92	94	95
4535	89	92	95	96
4536	89	92	96	98
4537	89	92	98	126
4538	89	92	126	128
4539	89	92	128	138
4540	89	92	138	141
4541	90	93	3	31
4542	90	93	31	39
4543	90	93	39	44
4544	90	93	44	47
4545	90	93	47	50
4546	90	93	50	74
4547	90	93	74	84
4548	90	93	84	87
4549	90	93	87	88
4550	90	93	88	89
4551	90	93	89	91
4552	90	93	91	92
4553	90	93	92	94
4554	90	93	94	95
4555	90	93	95	96
4556	90	93	96	99
4557	90	93	99	120
4558	90	93	120	129
4559	90	93	129	136
4560	90	93	136	142
4561	91	94	1	26
4562	91	94	26	37
4563	91	94	37	39
4564	91	94	39	47
4565	91	94	47	50
4566	91	94	50	72
4567	91	94	72	84
4568	91	94	84	87
4569	91	94	87	89
4570	91	94	89	90
4571	91	94	90	92
4572	91	94	92	93
4573	91	94	93	95
4574	91	94	95	96
4575	91	94	96	97
4576	91	94	97	107
4577	91	94	107	122
4578	91	94	122	133
4579	91	94	133	137
4580	91	94	137	143
4581	92	95	1	31
4582	92	95	31	35
4583	92	95	35	38
4584	92	95	38	43
4585	92	95	43	48
4586	92	95	48	51
4587	92	95	51	79
4588	92	95	79	83
4589	92	95	83	87
4590	92	95	87	90
4591	92	95	90	91
4592	92	95	91	93
4593	92	95	93	94
4594	92	95	94	96
4595	92	95	96	100
4596	92	95	100	113
4597	92	95	113	127
4598	92	95	127	132
4599	92	95	132	138
4600	92	95	138	143
4601	93	96	4	30
4602	93	96	30	32
4603	93	96	32	39
4604	93	96	39	45
4605	93	96	45	47
4606	93	96	47	49
4607	93	96	49	78
4608	93	96	78	83
4609	93	96	83	89
4610	93	96	89	90
4611	93	96	90	91
4612	93	96	91	92
4613	93	96	92	94
4614	93	96	94	95
4615	93	96	95	97
4616	93	96	97	123
4617	93	96	123	129
4618	93	96	129	133
4619	93	96	133	139
4620	93	96	139	142
4621	97	100	3	11
4622	97	100	11	16
4623	97	100	16	21
4624	97	100	21	47
4625	97	100	47	51
4626	97	100	51	55
4627	97	100	55	59
4628	97	100	59	68
4629	97	100	68	74
4630	97	100	74	87
4631	97	100	87	98
4632	97	100	98	101
4633	97	100	101	102
4634	97	100	102	103
4635	97	100	103	104
4636	97	100	104	107
4637	97	100	107	111
4638	97	100	111	114
4639	97	100	114	118
4640	97	100	118	143
4641	98	101	5	13
4642	98	101	13	18
4643	98	101	18	33
4644	98	101	33	41
4645	98	101	41	51
4646	98	101	51	56
4647	98	101	56	64
4648	98	101	64	68
4649	98	101	68	77
4650	98	101	77	95
4651	98	101	95	99
4652	98	101	99	100
4653	98	101	100	102
4654	98	101	102	103
4655	98	101	103	104
4656	98	101	104	105
4657	98	101	105	109
4658	98	101	109	116
4659	98	101	116	124
4660	98	101	124	141
4661	99	102	6	13
4662	99	102	13	16
4663	99	102	16	39
4664	99	102	39	43
4665	99	102	43	50
4666	99	102	50	59
4667	99	102	59	67
4668	99	102	67	77
4669	99	102	77	91
4670	99	102	91	98
4671	99	102	98	100
4672	99	102	100	101
4673	99	102	101	103
4674	99	102	103	104
4675	99	102	104	105
4676	99	102	105	106
4677	99	102	106	110
4678	99	102	110	116
4679	99	102	116	121
4680	99	102	121	140
4681	100	103	3	14
4682	100	103	14	19
4683	100	103	19	41
4684	100	103	41	53
4685	100	103	53	59
4686	100	103	59	62
4687	100	103	62	72
4688	100	103	72	81
4689	100	103	81	94
4690	100	103	94	98
4691	100	103	98	99
4692	100	103	99	101
4693	100	103	101	102
4694	100	103	102	104
4695	100	103	104	105
4696	100	103	105	106
4697	100	103	106	107
4698	100	103	107	112
4699	100	103	112	120
4700	100	103	120	142
4701	101	104	6	15
4702	101	104	15	17
4703	101	104	17	48
4704	101	104	48	52
4705	101	104	52	58
4706	101	104	58	63
4707	101	104	63	68
4708	101	104	68	88
4709	101	104	88	94
4710	101	104	94	97
4711	101	104	97	100
4712	101	104	100	102
4713	101	104	102	103
4714	101	104	103	105
4715	101	104	105	106
4716	101	104	106	107
4717	101	104	107	108
4718	101	104	108	116
4719	101	104	116	117
4720	101	104	117	142
4721	102	105	1	14
4722	102	105	14	23
4723	102	105	23	44
4724	102	105	44	52
4725	102	105	52	58
4726	102	105	58	64
4727	102	105	64	72
4728	102	105	72	83
4729	102	105	83	95
4730	102	105	95	97
4731	102	105	97	101
4732	102	105	101	103
4733	102	105	103	104
4734	102	105	104	106
4735	102	105	106	107
4736	102	105	107	108
4737	102	105	108	111
4738	102	105	111	115
4739	102	105	115	123
4740	102	105	123	136
4741	103	106	3	16
4742	103	106	16	21
4743	103	106	21	48
4744	103	106	48	53
4745	103	106	53	58
4746	103	106	58	64
4747	103	106	64	74
4748	103	106	74	93
4749	103	106	93	94
4750	103	106	94	97
4751	103	106	97	102
4752	103	106	102	104
4753	103	106	104	105
4754	103	106	105	107
4755	103	106	107	108
4756	103	106	108	109
4757	103	106	109	110
4758	103	106	110	115
4759	103	106	115	123
4760	103	106	123	141
4761	104	107	6	11
4762	104	107	11	18
4763	104	107	18	43
4764	104	107	43	54
4765	104	107	54	58
4766	104	107	58	64
4767	104	107	64	70
4768	104	107	70	96
4769	104	107	96	100
4770	104	107	100	102
4771	104	107	102	103
4772	104	107	103	105
4773	104	107	105	106
4774	104	107	106	108
4775	104	107	108	109
4776	104	107	109	110
4777	104	107	110	111
4778	104	107	111	116
4779	104	107	116	122
4780	104	107	122	144
4781	105	108	7	14
4782	105	108	14	19
4783	105	108	19	48
4784	105	108	48	56
4785	105	108	56	61
4786	105	108	61	68
4787	105	108	68	69
4788	105	108	69	95
4789	105	108	95	101
4790	105	108	101	103
4791	105	108	103	104
4792	105	108	104	106
4793	105	108	106	107
4794	105	108	107	109
4795	105	108	109	110
4796	105	108	110	111
4797	105	108	111	112
4798	105	108	112	113
4799	105	108	113	121
4800	105	108	121	144
4801	106	109	7	11
4802	106	109	11	20
4803	106	109	20	47
4804	106	109	47	52
4805	106	109	52	59
4806	106	109	59	68
4807	106	109	68	75
4808	106	109	75	93
4809	106	109	93	98
4810	106	109	98	103
4811	106	109	103	104
4812	106	109	104	105
4813	106	109	105	107
4814	106	109	107	108
4815	106	109	108	110
4816	106	109	110	111
4817	106	109	111	112
4818	106	109	112	113
4819	106	109	113	123
4820	106	109	123	140
4821	107	110	4	16
4822	107	110	16	25
4823	107	110	25	41
4824	107	110	41	57
4825	107	110	57	61
4826	107	110	61	66
4827	107	110	66	78
4828	107	110	78	95
4829	107	110	95	102
4830	107	110	102	104
4831	107	110	104	105
4832	107	110	105	106
4833	107	110	106	108
4834	107	110	108	109
4835	107	110	109	111
4836	107	110	111	112
4837	107	110	112	113
4838	107	110	113	115
4839	107	110	115	125
4840	107	110	125	139
4841	108	111	6	15
4842	108	111	15	26
4843	108	111	26	47
4844	108	111	47	55
4845	108	111	55	63
4846	108	111	63	70
4847	108	111	70	76
4848	108	111	76	96
4849	108	111	96	102
4850	108	111	102	105
4851	108	111	105	106
4852	108	111	106	107
4853	108	111	107	109
4854	108	111	109	110
4855	108	111	110	112
4856	108	111	112	113
4857	108	111	113	114
4858	108	111	114	115
4859	108	111	115	126
4860	108	111	126	144
4861	109	112	2	18
4862	109	112	18	23
4863	109	112	23	47
4864	109	112	47	55
4865	109	112	55	64
4866	109	112	64	68
4867	109	112	68	76
4868	109	112	76	93
4869	109	112	93	99
4870	109	112	99	105
4871	109	112	105	107
4872	109	112	107	108
4873	109	112	108	110
4874	109	112	110	111
4875	109	112	111	113
4876	109	112	113	114
4877	109	112	114	115
4878	109	112	115	119
4879	109	112	119	122
4880	109	112	122	144
4881	110	113	2	16
4882	110	113	16	29
4883	110	113	29	47
4884	110	113	47	55
4885	110	113	55	66
4886	110	113	66	71
4887	110	113	71	77
4888	110	113	77	96
4889	110	113	96	97
4890	110	113	97	106
4891	110	113	106	108
4892	110	113	108	109
4893	110	113	109	111
4894	110	113	111	112
4895	110	113	112	114
4896	110	113	114	115
4897	110	113	115	116
4898	110	113	116	118
4899	110	113	118	123
4900	110	113	123	142
4901	111	114	2	17
4902	111	114	17	36
4903	111	114	36	48
4904	111	114	48	59
4905	111	114	59	63
4906	111	114	63	71
4907	111	114	71	81
4908	111	114	81	84
4909	111	114	84	97
4910	111	114	97	107
4911	111	114	107	109
4912	111	114	109	110
4913	111	114	110	112
4914	111	114	112	113
4915	111	114	113	115
4916	111	114	115	116
4917	111	114	116	117
4918	111	114	117	120
4919	111	114	120	123
4920	111	114	123	141
4921	112	115	5	16
4922	112	115	16	31
4923	112	115	31	45
4924	112	115	45	52
4925	112	115	52	68
4926	112	115	68	72
4927	112	115	72	78
4928	112	115	78	92
4929	112	115	92	106
4930	112	115	106	108
4931	112	115	108	110
4932	112	115	110	111
4933	112	115	111	113
4934	112	115	113	114
4935	112	115	114	116
4936	112	115	116	117
4937	112	115	117	118
4938	112	115	118	119
4939	112	115	119	126
4940	112	115	126	144
4941	113	116	4	20
4942	113	116	20	32
4943	113	116	32	47
4944	113	116	47	51
4945	113	116	51	68
4946	113	116	68	73
4947	113	116	73	83
4948	113	116	83	96
4949	113	116	96	107
4950	113	116	107	108
4951	113	116	108	111
4952	113	116	111	112
4953	113	116	112	114
4954	113	116	114	115
4955	113	116	115	117
4956	113	116	117	118
4957	113	116	118	119
4958	113	116	119	122
4959	113	116	122	124
4960	113	116	124	144
4961	114	117	2	24
4962	114	117	24	42
4963	114	117	42	46
4964	114	117	46	49
4965	114	117	49	70
4966	114	117	70	73
4967	114	117	73	83
4968	114	117	83	95
4969	114	117	95	98
4970	114	117	98	110
4971	114	117	110	112
4972	114	117	112	113
4973	114	117	113	115
4974	114	117	115	116
4975	114	117	116	118
4976	114	117	118	119
4977	114	117	119	120
4978	114	117	120	122
4979	114	117	122	127
4980	114	117	127	137
4981	115	118	9	22
4982	115	118	22	30
4983	115	118	30	52
4984	115	118	52	62
4985	115	118	62	69
4986	115	118	69	72
4987	115	118	72	85
4988	115	118	85	94
4989	115	118	94	108
4990	115	118	108	110
4991	115	118	110	113
4992	115	118	113	114
4993	115	118	114	116
4994	115	118	116	117
4995	115	118	117	119
4996	115	118	119	120
4997	115	118	120	121
4998	115	118	121	122
4999	115	118	122	129
5000	115	118	129	132
5001	116	119	1	23
5002	116	119	23	48
5003	116	119	48	52
5004	116	119	52	65
5005	116	119	65	71
5006	116	119	71	77
5007	116	119	77	83
5008	116	119	83	95
5009	116	119	95	104
5010	116	119	104	111
5011	116	119	111	114
5012	116	119	114	115
5013	116	119	115	117
5014	116	119	117	118
5015	116	119	118	120
5016	116	119	120	121
5017	116	119	121	122
5018	116	119	122	124
5019	116	119	124	126
5020	116	119	126	143
5021	117	120	9	24
5022	117	120	24	41
5023	117	120	41	52
5024	117	120	52	64
5025	117	120	64	72
5026	117	120	72	74
5027	117	120	74	85
5028	117	120	85	95
5029	117	120	95	97
5030	117	120	97	113
5031	117	120	113	115
5032	117	120	115	116
5033	117	120	116	118
5034	117	120	118	119
5035	117	120	119	121
5036	117	120	121	122
5037	117	120	122	123
5038	117	120	123	124
5039	117	120	124	131
5040	117	120	131	142
5041	118	121	3	29
5042	118	121	29	48
5043	118	121	48	49
5044	118	121	49	68
5045	118	121	68	70
5046	118	121	70	79
5047	118	121	79	88
5048	118	121	88	91
5049	118	121	91	103
5050	118	121	103	113
5051	118	121	113	116
5052	118	121	116	117
5053	118	121	117	119
5054	118	121	119	120
5055	118	121	120	122
5056	118	121	122	123
5057	118	121	123	124
5058	118	121	124	125
5059	118	121	125	129
5060	118	121	129	139
5061	119	122	3	30
5062	119	122	30	48
5063	119	122	48	49
5064	119	122	49	66
5065	119	122	66	74
5066	119	122	74	81
5067	119	122	81	84
5068	119	122	84	96
5069	119	122	96	97
5070	119	122	97	114
5071	119	122	114	117
5072	119	122	117	118
5073	119	122	118	120
5074	119	122	120	121
5075	119	122	121	123
5076	119	122	123	124
5077	119	122	124	125
5078	119	122	125	127
5079	119	122	127	132
5080	119	122	132	136
5081	120	123	1	26
5082	120	123	26	39
5083	120	123	39	51
5084	120	123	51	69
5085	120	123	69	72
5086	120	123	72	79
5087	120	123	79	89
5088	120	123	89	96
5089	120	123	96	100
5090	120	123	100	114
5091	120	123	114	118
5092	120	123	118	119
5093	120	123	119	121
5094	120	123	121	122
5095	120	123	122	124
5096	120	123	124	125
5097	120	123	125	126
5098	120	123	126	128
5099	120	123	128	132
5100	120	123	132	144
5101	121	124	2	26
5102	121	124	26	48
5103	121	124	48	52
5104	121	124	52	67
5105	121	124	67	75
5106	121	124	75	78
5107	121	124	78	84
5108	121	124	84	92
5109	121	124	92	99
5110	121	124	99	115
5111	121	124	115	119
5112	121	124	119	120
5113	121	124	120	122
5114	121	124	122	123
5115	121	124	123	125
5116	121	124	125	126
5117	121	124	126	127
5118	121	124	127	129
5119	121	124	129	134
5120	121	124	134	143
5121	122	125	1	28
5122	122	125	28	44
5123	122	125	44	50
5124	122	125	50	66
5125	122	125	66	74
5126	122	125	74	78
5127	122	125	78	88
5128	122	125	88	95
5129	122	125	95	99
5130	122	125	99	116
5131	122	125	116	120
5132	122	125	120	121
5133	122	125	121	123
5134	122	125	123	124
5135	122	125	124	126
5136	122	125	126	127
5137	122	125	127	128
5138	122	125	128	129
5139	122	125	129	133
5140	122	125	133	141
5141	123	126	1	29
5142	123	126	29	47
5143	123	126	47	50
5144	123	126	50	67
5145	123	126	67	74
5146	123	126	74	82
5147	123	126	82	90
5148	123	126	90	94
5149	123	126	94	97
5150	123	126	97	119
5151	123	126	119	121
5152	123	126	121	122
5153	123	126	122	124
5154	123	126	124	125
5155	123	126	125	127
5156	123	126	127	128
5157	123	126	128	129
5158	123	126	129	130
5159	123	126	130	133
5160	123	126	133	138
5161	124	127	2	28
5162	124	127	28	43
5163	124	127	43	48
5164	124	127	48	49
5165	124	127	49	74
5166	124	127	74	81
5167	124	127	81	90
5168	124	127	90	93
5169	124	127	93	100
5170	124	127	100	119
5171	124	127	119	122
5172	124	127	122	123
5173	124	127	123	125
5174	124	127	125	126
5175	124	127	126	128
5176	124	127	128	129
5177	124	127	129	130
5178	124	127	130	131
5179	124	127	131	135
5180	124	127	135	144
5181	125	128	1	27
5182	125	128	27	38
5183	125	128	38	48
5184	125	128	48	53
5185	125	128	53	73
5186	125	128	73	83
5187	125	128	83	88
5188	125	128	88	93
5189	125	128	93	97
5190	125	128	97	119
5191	125	128	119	122
5192	125	128	122	123
5193	125	128	123	124
5194	125	128	124	126
5195	125	128	126	127
5196	125	128	127	129
5197	125	128	129	130
5198	125	128	130	131
5199	125	128	131	132
5200	125	128	132	144
5201	126	129	1	31
5202	126	129	31	36
5203	126	129	36	48
5204	126	129	48	50
5205	126	129	50	77
5206	126	129	77	79
5207	126	129	79	89
5208	126	129	89	95
5209	126	129	95	97
5210	126	129	97	117
5211	126	129	117	123
5212	126	129	123	124
5213	126	129	124	125
5214	126	129	125	127
5215	126	129	127	128
5216	126	129	128	130
5217	126	129	130	131
5218	126	129	131	132
5219	126	129	132	135
5220	126	129	135	142
5221	127	130	1	28
5222	127	130	28	40
5223	127	130	40	47
5224	127	130	47	53
5225	127	130	53	77
5226	127	130	77	82
5227	127	130	82	85
5228	127	130	85	92
5229	127	130	92	98
5230	127	130	98	120
5231	127	130	120	123
5232	127	130	123	125
5233	127	130	125	126
5234	127	130	126	128
5235	127	130	128	129
5236	127	130	129	131
5237	127	130	131	132
5238	127	130	132	133
5239	127	130	133	134
5240	127	130	134	144
5241	128	131	4	30
5242	128	131	30	42
5243	128	131	42	47
5244	128	131	47	52
5245	128	131	52	75
5246	128	131	75	82
5247	128	131	82	91
5248	128	131	91	92
5249	128	131	92	102
5250	128	131	102	122
5251	128	131	122	124
5252	128	131	124	126
5253	128	131	126	127
5254	128	131	127	129
5255	128	131	129	130
5256	128	131	130	132
5257	128	131	132	133
5258	128	131	133	134
5259	128	131	134	138
5260	128	131	138	143
5261	129	132	7	33
5262	129	132	33	40
5263	129	132	40	46
5264	129	132	46	50
5265	129	132	50	76
5266	129	132	76	83
5267	129	132	83	88
5268	129	132	88	96
5269	129	132	96	100
5270	129	132	100	120
5271	129	132	120	124
5272	129	132	124	127
5273	129	132	127	128
5274	129	132	128	130
5275	129	132	130	131
5276	129	132	131	133
5277	129	132	133	134
5278	129	132	134	135
5279	129	132	135	138
5280	129	132	138	140
5281	130	133	2	34
5282	130	133	34	37
5283	130	133	37	45
5284	130	133	45	49
5285	130	133	49	78
5286	130	133	78	83
5287	130	133	83	89
5288	130	133	89	93
5289	130	133	93	97
5290	130	133	97	124
5291	130	133	124	125
5292	130	133	125	128
5293	130	133	128	129
5294	130	133	129	131
5295	130	133	131	132
5296	130	133	132	134
5297	130	133	134	135
5298	130	133	135	136
5299	130	133	136	138
5300	130	133	138	143
5301	131	134	14	29
5302	131	134	29	39
5303	131	134	39	48
5304	131	134	48	53
5305	131	134	53	78
5306	131	134	78	81
5307	131	134	81	91
5308	131	134	91	96
5309	131	134	96	97
5310	131	134	97	118
5311	131	134	118	125
5312	131	134	125	129
5313	131	134	129	130
5314	131	134	130	132
5315	131	134	132	133
5316	131	134	133	135
5317	131	134	135	136
5318	131	134	136	137
5319	131	134	137	138
5320	131	134	138	140
5321	132	135	5	32
5322	132	135	32	42
5323	132	135	42	45
5324	132	135	45	50
5325	132	135	50	76
5326	132	135	76	82
5327	132	135	82	87
5328	132	135	87	95
5329	132	135	95	97
5330	132	135	97	124
5331	132	135	124	126
5332	132	135	126	130
5333	132	135	130	131
5334	132	135	131	133
5335	132	135	133	134
5336	132	135	134	136
5337	132	135	136	137
5338	132	135	137	138
5339	132	135	138	139
5340	132	135	139	143
5341	133	136	3	28
5342	133	136	28	43
5343	133	136	43	45
5344	133	136	45	49
5345	133	136	49	76
5346	133	136	76	82
5347	133	136	82	87
5348	133	136	87	96
5349	133	136	96	97
5350	133	136	97	118
5351	133	136	118	128
5352	133	136	128	130
5353	133	136	130	131
5354	133	136	131	132
5355	133	136	132	134
5356	133	136	134	135
5357	133	136	135	137
5358	133	136	137	138
5359	133	136	138	139
5360	133	136	139	142
5361	134	137	2	32
5362	134	137	32	40
5363	134	137	40	45
5364	134	137	45	50
5365	134	137	50	75
5366	134	137	75	84
5367	134	137	84	90
5368	134	137	90	96
5369	134	137	96	97
5370	134	137	97	123
5371	134	137	123	126
5372	134	137	126	131
5373	134	137	131	132
5374	134	137	132	133
5375	134	137	133	135
5376	134	137	135	136
5377	134	137	136	138
5378	134	137	138	139
5379	134	137	139	140
5380	134	137	140	141
5381	135	138	1	27
5382	135	138	27	42
5383	135	138	42	46
5384	135	138	46	57
5385	135	138	57	80
5386	135	138	80	85
5387	135	138	85	89
5388	135	138	89	96
5389	135	138	96	98
5390	135	138	98	122
5391	135	138	122	129
5392	135	138	129	131
5393	135	138	131	133
5394	135	138	133	134
5395	135	138	134	136
5396	135	138	136	137
5397	135	138	137	139
5398	135	138	139	140
5399	135	138	140	141
5400	135	138	141	143
5401	136	139	5	27
5402	136	139	27	37
5403	136	139	37	45
5404	136	139	45	50
5405	136	139	50	75
5406	136	139	75	84
5407	136	139	84	88
5408	136	139	88	95
5409	136	139	95	104
5410	136	139	104	121
5411	136	139	121	125
5412	136	139	125	131
5413	136	139	131	134
5414	136	139	134	135
5415	136	139	135	137
5416	136	139	137	138
5417	136	139	138	140
5418	136	139	140	141
5419	136	139	141	142
5420	136	139	142	143
5421	137	140	21	35
5422	137	140	35	40
5423	137	140	40	45
5424	137	140	45	49
5425	137	140	49	79
5426	137	140	79	81
5427	137	140	81	89
5428	137	140	89	92
5429	137	140	92	101
5430	137	140	101	122
5431	137	140	122	129
5432	137	140	129	133
5433	137	140	133	135
5434	137	140	135	136
5435	137	140	136	138
5436	137	140	138	139
5437	137	140	139	141
5438	137	140	141	142
5439	137	140	142	143
5440	137	140	143	144
5441	138	141	1	32
5442	138	141	32	38
5443	138	141	38	43
5444	138	141	43	50
5445	138	141	50	74
5446	138	141	74	85
5447	138	141	85	89
5448	138	141	89	91
5449	138	141	91	96
5450	138	141	96	97
5451	138	141	97	128
5452	138	141	128	131
5453	138	141	131	135
5454	138	141	135	136
5455	138	141	136	137
5456	138	141	137	139
5457	138	141	139	140
5458	138	141	140	142
5459	138	141	142	143
5460	138	141	143	144
5461	139	142	15	27
5462	139	142	27	38
5463	139	142	38	45
5464	139	142	45	53
5465	139	142	53	76
5466	139	142	76	78
5467	139	142	78	84
5468	139	142	84	90
5469	139	142	90	95
5470	139	142	95	113
5471	139	142	113	120
5472	139	142	120	127
5473	139	142	127	132
5474	139	142	132	136
5475	139	142	136	137
5476	139	142	137	138
5477	139	142	138	140
5478	139	142	140	141
5479	139	142	141	143
5480	139	142	143	144
5481	140	143	4	31
5482	140	143	31	37
5483	140	143	37	43
5484	140	143	43	47
5485	140	143	47	50
5486	140	143	50	81
5487	140	143	81	84
5488	140	143	84	90
5489	140	143	90	94
5490	140	143	94	96
5491	140	143	96	100
5492	140	143	100	123
5493	140	143	123	133
5494	140	143	133	136
5495	140	143	136	137
5496	140	143	137	138
5497	140	143	138	139
5498	140	143	139	141
5499	140	143	141	142
5500	140	143	142	144
5501	141	144	1	25
5502	141	144	25	36
5503	141	144	36	43
5504	141	144	43	47
5505	141	144	47	54
5506	141	144	54	74
5507	141	144	74	81
5508	141	144	81	87
5509	141	144	87	93
5510	141	144	93	96
5511	141	144	96	99
5512	141	144	99	119
5513	141	144	119	128
5514	141	144	128	133
5515	141	144	133	136
5516	141	144	136	138
5517	141	144	138	139
5518	141	144	139	140
5519	141	144	140	142
5520	141	144	142	143
5521	1	46	7	16
5522	1	46	16	21
5523	1	46	21	22
5524	1	46	22	24
5525	1	46	24	28
5526	1	46	28	32
5527	1	46	32	38
5528	1	46	38	43
5529	1	46	43	59
5530	1	46	59	60
5531	1	46	60	68
5532	1	46	68	78
5533	1	46	78	79
5534	1	46	79	93
5535	1	46	93	96
5536	1	46	96	99
5537	1	46	99	119
5538	1	46	119	120
5539	1	46	120	130
5540	1	46	130	144
5541	2	47	1	11
5542	2	47	11	17
5543	2	47	17	23
5544	2	47	23	25
5545	2	47	25	26
5546	2	47	26	33
5547	2	47	33	38
5548	2	47	38	44
5549	2	47	44	52
5550	2	47	52	66
5551	2	47	66	67
5552	2	47	67	73
5553	2	47	73	84
5554	2	47	84	90
5555	2	47	90	95
5556	2	47	95	103
5557	2	47	103	116
5558	2	47	116	121
5559	2	47	121	132
5560	2	47	132	141
5561	3	48	10	13
5562	3	48	13	17
5563	3	48	17	24
5564	3	48	24	26
5565	3	48	26	29
5566	3	48	29	31
5567	3	48	31	42
5568	3	48	42	43
5569	3	48	43	53
5570	3	48	53	64
5571	3	48	64	72
5572	3	48	72	79
5573	3	48	79	83
5574	3	48	83	88
5575	3	48	88	94
5576	3	48	94	103
5577	3	48	103	114
5578	3	48	114	124
5579	3	48	124	133
5580	3	48	133	139
5581	49	94	2	12
5582	49	94	12	23
5583	49	94	23	25
5584	49	94	25	32
5585	49	94	32	41
5586	49	94	41	46
5587	49	94	46	58
5588	49	94	58	64
5589	49	94	64	70
5590	49	94	70	72
5591	49	94	72	74
5592	49	94	74	77
5593	49	94	77	87
5594	49	94	87	90
5595	49	94	90	101
5596	49	94	101	109
5597	49	94	109	120
5598	49	94	120	127
5599	49	94	127	128
5600	49	94	128	143
5601	50	95	7	12
5602	50	95	12	21
5603	50	95	21	29
5604	50	95	29	35
5605	50	95	35	38
5606	50	95	38	48
5607	50	95	48	56
5608	50	95	56	67
5609	50	95	67	71
5610	50	95	71	73
5611	50	95	73	74
5612	50	95	74	80
5613	50	95	80	89
5614	50	95	89	94
5615	50	95	94	100
5616	50	95	100	111
5617	50	95	111	119
5618	50	95	119	128
5619	50	95	128	131
5620	50	95	131	141
5621	51	96	1	12
5622	51	96	12	22
5623	51	96	22	25
5624	51	96	25	35
5625	51	96	35	40
5626	51	96	40	47
5627	51	96	47	52
5628	51	96	52	64
5629	51	96	64	70
5630	51	96	70	74
5631	51	96	74	76
5632	51	96	76	81
5633	51	96	81	86
5634	51	96	86	94
5635	51	96	94	102
5636	51	96	102	112
5637	51	96	112	121
5638	51	96	121	123
5639	51	96	123	134
5640	51	96	134	141
5641	97	142	7	15
5642	97	142	15	20
5643	97	142	20	27
5644	97	142	27	38
5645	97	142	38	47
5646	97	142	47	54
5647	97	142	54	65
5648	97	142	65	68
5649	97	142	68	75
5650	97	142	75	83
5651	97	142	83	92
5652	97	142	92	94
5653	97	142	94	106
5654	97	142	106	113
5655	97	142	113	117
5656	97	142	117	120
5657	97	142	120	122
5658	97	142	122	127
5659	97	142	127	130
5660	97	142	130	144
5661	98	143	5	13
5662	98	143	13	21
5663	98	143	21	33
5664	98	143	33	36
5665	98	143	36	45
5666	98	143	45	50
5667	98	143	50	63
5668	98	143	63	69
5669	98	143	69	79
5670	98	143	79	84
5671	98	143	84	92
5672	98	143	92	96
5673	98	143	96	103
5674	98	143	103	116
5675	98	143	116	117
5676	98	143	117	121
5677	98	143	121	123
5678	98	143	123	124
5679	98	143	124	131
5680	98	143	131	144
5681	99	144	10	12
5682	99	144	12	24
5683	99	144	24	34
5684	99	144	34	36
5685	99	144	36	43
5686	99	144	43	49
5687	99	144	49	63
5688	99	144	63	70
5689	99	144	70	74
5690	99	144	74	84
5691	99	144	84	94
5692	99	144	94	95
5693	99	144	95	107
5694	99	144	107	115
5695	99	144	115	117
5696	99	144	117	122
5697	99	144	122	123
5698	99	144	123	126
5699	99	144	126	136
5700	99	144	136	139
5701	1	47	6	15
5702	1	47	15	21
5703	1	47	21	23
5704	1	47	23	24
5705	1	47	24	25
5706	1	47	25	31
5707	1	47	31	36
5708	1	47	36	43
5709	1	47	43	46
5710	1	47	46	52
5711	1	47	52	64
5712	1	47	64	71
5713	1	47	71	83
5714	1	47	83	87
5715	1	47	87	95
5716	1	47	95	98
5717	1	47	98	118
5718	1	47	118	122
5719	1	47	122	127
5720	1	47	127	144
5721	2	48	10	17
5722	2	48	17	19
5723	2	48	19	24
5724	2	48	24	25
5725	2	48	25	26
5726	2	48	26	30
5727	2	48	30	38
5728	2	48	38	40
5729	2	48	40	51
5730	2	48	51	59
5731	2	48	59	67
5732	2	48	67	76
5733	2	48	76	79
5734	2	48	79	89
5735	2	48	89	95
5736	2	48	95	101
5737	2	48	101	117
5738	2	48	117	122
5739	2	48	122	130
5740	2	48	130	143
5741	49	95	10	11
5742	49	95	11	19
5743	49	95	19	30
5744	49	95	30	35
5745	49	95	35	44
5746	49	95	44	52
5747	49	95	52	65
5748	49	95	65	69
5749	49	95	69	72
5750	49	95	72	73
5751	49	95	73	74
5752	49	95	74	78
5753	49	95	78	82
5754	49	95	82	91
5755	49	95	91	98
5756	49	95	98	110
5757	49	95	110	116
5758	49	95	116	124
5759	49	95	124	128
5760	49	95	128	143
5761	50	96	10	12
5762	50	96	12	22
5763	50	96	22	29
5764	50	96	29	38
5765	50	96	38	47
5766	50	96	47	55
5767	50	96	55	64
5768	50	96	64	67
5769	50	96	67	72
5770	50	96	72	73
5771	50	96	73	74
5772	50	96	74	78
5773	50	96	78	84
5774	50	96	84	94
5775	50	96	94	99
5776	50	96	99	113
5777	50	96	113	115
5778	50	96	115	127
5779	50	96	127	129
5780	50	96	129	142
5781	97	143	9	17
5782	97	143	17	25
5783	97	143	25	30
5784	97	143	30	43
5785	97	143	43	45
5786	97	143	45	60
5787	97	143	60	68
5788	97	143	68	70
5789	97	143	70	79
5790	97	143	79	85
5791	97	143	85	93
5792	97	143	93	104
5793	97	143	104	113
5794	97	143	113	119
5795	97	143	119	120
5796	97	143	120	121
5797	97	143	121	122
5798	97	143	122	124
5799	97	143	124	129
5800	97	143	129	141
5801	98	144	2	16
5802	98	144	16	21
5803	98	144	21	32
5804	98	144	32	39
5805	98	144	39	47
5806	98	144	47	57
5807	98	144	57	68
5808	98	144	68	75
5809	98	144	75	80
5810	98	144	80	83
5811	98	144	83	92
5812	98	144	92	103
5813	98	144	103	113
5814	98	144	113	118
5815	98	144	118	121
5816	98	144	121	122
5817	98	144	122	123
5818	98	144	123	128
5819	98	144	128	130
5820	98	144	130	142
5821	1	48	2	11
5822	1	48	11	19
5823	1	48	19	23
5824	1	48	23	25
5825	1	48	25	27
5826	1	48	27	33
5827	1	48	33	40
5828	1	48	40	49
5829	1	48	49	59
5830	1	48	59	61
5831	1	48	61	71
5832	1	48	71	77
5833	1	48	77	85
5834	1	48	85	90
5835	1	48	90	95
5836	1	48	95	105
5837	1	48	105	113
5838	1	48	113	127
5839	1	48	127	130
5840	1	48	130	143
5841	49	96	3	14
5842	49	96	14	18
5843	49	96	18	25
5844	49	96	25	35
5845	49	96	35	38
5846	49	96	38	46
5847	49	96	46	62
5848	49	96	62	69
5849	49	96	69	71
5850	49	96	71	73
5851	49	96	73	76
5852	49	96	76	79
5853	49	96	79	87
5854	49	96	87	98
5855	49	96	98	104
5856	49	96	104	110
5857	49	96	110	116
5858	49	96	116	126
5859	49	96	126	133
5860	49	96	133	142
5861	97	144	5	18
5862	97	144	18	25
5863	97	144	25	27
5864	97	144	27	39
5865	97	144	39	43
5866	97	144	43	51
5867	97	144	51	67
5868	97	144	67	72
5869	97	144	72	79
5870	97	144	79	80
5871	97	144	80	91
5872	97	144	91	95
5873	97	144	95	98
5874	97	144	98	112
5875	97	144	112	118
5876	97	144	118	121
5877	97	144	121	123
5878	97	144	123	127
5879	97	144	127	134
5880	97	144	134	139
5881	1	49	2	4
5882	1	49	4	9
5883	1	49	9	12
5884	1	49	12	17
5885	1	49	17	26
5886	1	49	26	30
5887	1	49	30	48
5888	1	49	48	51
5889	1	49	51	56
5890	1	49	56	60
5891	1	49	60	63
5892	1	49	63	67
5893	1	49	67	72
5894	1	49	72	92
5895	1	49	92	96
5896	1	49	96	97
5897	1	49	97	106
5898	1	49	106	114
5899	1	49	114	118
5900	1	49	118	144
5901	2	50	1	3
5902	2	50	3	6
5903	2	50	6	8
5904	2	50	8	13
5905	2	50	13	20
5906	2	50	20	25
5907	2	50	25	34
5908	2	50	34	49
5909	2	50	49	52
5910	2	50	52	54
5911	2	50	54	59
5912	2	50	59	63
5913	2	50	63	72
5914	2	50	72	81
5915	2	50	81	94
5916	2	50	94	103
5917	2	50	103	109
5918	2	50	109	115
5919	2	50	115	123
5920	2	50	123	134
5921	3	51	1	4
5922	3	51	4	7
5923	3	51	7	11
5924	3	51	11	13
5925	3	51	13	19
5926	3	51	19	31
5927	3	51	31	34
5928	3	51	34	49
5929	3	51	49	52
5930	3	51	52	53
5931	3	51	53	59
5932	3	51	59	63
5933	3	51	63	68
5934	3	51	68	76
5935	3	51	76	85
5936	3	51	85	101
5937	3	51	101	108
5938	3	51	108	110
5939	3	51	110	117
5940	3	51	117	137
5941	4	52	1	5
5942	4	52	5	6
5943	4	52	6	8
5944	4	52	8	16
5945	4	52	16	20
5946	4	52	20	27
5947	4	52	27	43
5948	4	52	43	49
5949	4	52	49	53
5950	4	52	53	54
5951	4	52	54	59
5952	4	52	59	61
5953	4	52	61	67
5954	4	52	67	81
5955	4	52	81	96
5956	4	52	96	101
5957	4	52	101	108
5958	4	52	108	114
5959	4	52	114	124
5960	4	52	124	125
5961	5	53	3	6
5962	5	53	6	7
5963	5	53	7	8
5964	5	53	8	14
5965	5	53	14	20
5966	5	53	20	27
5967	5	53	27	41
5968	5	53	41	50
5969	5	53	50	54
5970	5	53	54	55
5971	5	53	55	58
5972	5	53	58	65
5973	5	53	65	68
5974	5	53	68	72
5975	5	53	72	89
5976	5	53	89	102
5977	5	53	102	109
5978	5	53	109	113
5979	5	53	113	116
5980	5	53	116	128
5981	6	54	1	7
5982	6	54	7	8
5983	6	54	8	12
5984	6	54	12	15
5985	6	54	15	21
5986	6	54	21	25
5987	6	54	25	34
5988	6	54	34	52
5989	6	54	52	55
5990	6	54	55	56
5991	6	54	56	60
5992	6	54	60	64
5993	6	54	64	70
5994	6	54	70	72
5995	6	54	72	94
5996	6	54	94	101
5997	6	54	101	109
5998	6	54	109	111
5999	6	54	111	123
6000	6	54	123	143
6001	7	55	5	6
6002	7	55	6	8
6003	7	55	8	12
6004	7	55	12	15
6005	7	55	15	23
6006	7	55	23	29
6007	7	55	29	47
6008	7	55	47	50
6009	7	55	50	54
6010	7	55	54	56
6011	7	55	56	58
6012	7	55	58	65
6013	7	55	65	71
6014	7	55	71	77
6015	7	55	77	94
6016	7	55	94	98
6017	7	55	98	105
6018	7	55	105	115
6019	7	55	115	124
6020	7	55	124	144
6021	8	56	2	6
6022	8	56	6	9
6023	8	56	9	10
6024	8	56	10	17
6025	8	56	17	22
6026	8	56	22	30
6027	8	56	30	48
6028	8	56	48	50
6029	8	56	50	54
6030	8	56	54	57
6031	8	56	57	58
6032	8	56	58	62
6033	8	56	62	71
6034	8	56	71	73
6035	8	56	73	90
6036	8	56	90	98
6037	8	56	98	106
6038	8	56	106	115
6039	8	56	115	117
6040	8	56	117	144
6041	9	57	1	6
6042	9	57	6	10
6043	9	57	10	11
6044	9	57	11	16
6045	9	57	16	19
6046	9	57	19	29
6047	9	57	29	48
6048	9	57	48	52
6049	9	57	52	54
6050	9	57	54	58
6051	9	57	58	59
6052	9	57	59	63
6053	9	57	63	69
6054	9	57	69	77
6055	9	57	77	92
6056	9	57	92	103
6057	9	57	103	104
6058	9	57	104	113
6059	9	57	113	119
6060	9	57	119	132
6061	10	58	2	7
6062	10	58	7	11
6063	10	58	11	12
6064	10	58	12	17
6065	10	58	17	23
6066	10	58	23	31
6067	10	58	31	43
6068	10	58	43	53
6069	10	58	53	55
6070	10	58	55	59
6071	10	58	59	61
6072	10	58	61	63
6073	10	58	63	71
6074	10	58	71	76
6075	10	58	76	89
6076	10	58	89	102
6077	10	58	102	109
6078	10	58	109	113
6079	10	58	113	121
6080	10	58	121	144
6081	11	59	4	9
6082	11	59	9	12
6083	11	59	12	13
6084	11	59	13	16
6085	11	59	16	22
6086	11	59	22	25
6087	11	59	25	47
6088	11	59	47	52
6089	11	59	52	55
6090	11	59	55	60
6091	11	59	60	61
6092	11	59	61	66
6093	11	59	66	69
6094	11	59	69	77
6095	11	59	77	86
6096	11	59	86	98
6097	11	59	98	107
6098	11	59	107	113
6099	11	59	113	121
6100	11	59	121	141
6101	12	60	2	8
6102	12	60	8	11
6103	12	60	11	13
6104	12	60	13	17
6105	12	60	17	20
6106	12	60	20	26
6107	12	60	26	48
6108	12	60	48	49
6109	12	60	49	57
6110	12	60	57	59
6111	12	60	59	61
6112	12	60	61	66
6113	12	60	66	67
6114	12	60	67	76
6115	12	60	76	96
6116	12	60	96	102
6117	12	60	102	105
6118	12	60	105	111
6119	12	60	111	120
6120	12	60	120	138
6121	13	61	3	9
6122	13	61	9	12
6123	13	61	12	14
6124	13	61	14	17
6125	13	61	17	21
6126	13	61	21	27
6127	13	61	27	45
6128	13	61	45	48
6129	13	61	48	55
6130	13	61	55	60
6131	13	61	60	62
6132	13	61	62	64
6133	13	61	64	70
6134	13	61	70	78
6135	13	61	78	92
6136	13	61	92	96
6137	13	61	96	100
6138	13	61	100	112
6139	13	61	112	122
6140	13	61	122	142
6141	14	62	4	11
6142	14	62	11	12
6143	14	62	12	15
6144	14	62	15	16
6145	14	62	16	21
6146	14	62	21	25
6147	14	62	25	41
6148	14	62	41	48
6149	14	62	48	49
6150	14	62	49	60
6151	14	62	60	63
6152	14	62	63	66
6153	14	62	66	68
6154	14	62	68	75
6155	14	62	75	92
6156	14	62	92	95
6157	14	62	95	97
6158	14	62	97	115
6159	14	62	115	121
6160	14	62	121	136
6161	15	63	5	9
6162	15	63	9	13
6163	15	63	13	16
6164	15	63	16	17
6165	15	63	17	24
6166	15	63	24	28
6167	15	63	28	36
6168	15	63	36	47
6169	15	63	47	51
6170	15	63	51	61
6171	15	63	61	64
6172	15	63	64	65
6173	15	63	65	70
6174	15	63	70	78
6175	15	63	78	89
6176	15	63	89	95
6177	15	63	95	110
6178	15	63	110	112
6179	15	63	112	121
6180	15	63	121	144
6181	16	64	1	10
6182	16	64	10	13
6183	16	64	13	17
6184	16	64	17	18
6185	16	64	18	24
6186	16	64	24	27
6187	16	64	27	45
6188	16	64	45	48
6189	16	64	48	50
6190	16	64	50	61
6191	16	64	61	65
6192	16	64	65	67
6193	16	64	67	70
6194	16	64	70	76
6195	16	64	76	83
6196	16	64	83	94
6197	16	64	94	99
6198	16	64	99	117
6199	16	64	117	123
6200	16	64	123	142
6201	17	65	5	13
6202	17	65	13	16
6203	17	65	16	18
6204	17	65	18	20
6205	17	65	20	24
6206	17	65	24	29
6207	17	65	29	33
6208	17	65	33	48
6209	17	65	48	60
6210	17	65	60	61
6211	17	65	61	66
6212	17	65	66	67
6213	17	65	67	70
6214	17	65	70	79
6215	17	65	79	89
6216	17	65	89	92
6217	17	65	92	102
6218	17	65	102	113
6219	17	65	113	121
6220	17	65	121	133
6221	18	66	5	12
6222	18	66	12	14
6223	18	66	14	19
6224	18	66	19	20
6225	18	66	20	25
6226	18	66	25	29
6227	18	66	29	39
6228	18	66	39	46
6229	18	66	46	54
6230	18	66	54	62
6231	18	66	62	67
6232	18	66	67	68
6233	18	66	68	71
6234	18	66	71	74
6235	18	66	74	86
6236	18	66	86	93
6237	18	66	93	97
6238	18	66	97	114
6239	18	66	114	123
6240	18	66	123	143
6241	19	67	3	11
6242	19	67	11	15
6243	19	67	15	20
6244	19	67	20	21
6245	19	67	21	24
6246	19	67	24	30
6247	19	67	30	39
6248	19	67	39	47
6249	19	67	47	51
6250	19	67	51	64
6251	19	67	64	68
6252	19	67	68	69
6253	19	67	69	73
6254	19	67	73	74
6255	19	67	74	88
6256	19	67	88	94
6257	19	67	94	101
6258	19	67	101	113
6259	19	67	113	125
6260	19	67	125	142
6261	20	68	3	10
6262	20	68	10	16
6263	20	68	16	21
6264	20	68	21	22
6265	20	68	22	24
6266	20	68	24	31
6267	20	68	31	41
6268	20	68	41	48
6269	20	68	48	49
6270	20	68	49	65
6271	20	68	65	67
6272	20	68	67	69
6273	20	68	69	70
6274	20	68	70	76
6275	20	68	76	80
6276	20	68	80	94
6277	20	68	94	99
6278	20	68	99	119
6279	20	68	119	124
6280	20	68	124	142
6281	21	69	1	11
6282	21	69	11	16
6283	21	69	16	22
6284	21	69	22	23
6285	21	69	23	27
6286	21	69	27	31
6287	21	69	31	35
6288	21	69	35	48
6289	21	69	48	50
6290	21	69	50	65
6291	21	69	65	68
6292	21	69	68	70
6293	21	69	70	73
6294	21	69	73	76
6295	21	69	76	88
6296	21	69	88	94
6297	21	69	94	105
6298	21	69	105	114
6299	21	69	114	123
6300	21	69	123	144
6301	22	70	2	12
6302	22	70	12	18
6303	22	70	18	21
6304	22	70	21	23
6305	22	70	23	28
6306	22	70	28	30
6307	22	70	30	40
6308	22	70	40	48
6309	22	70	48	51
6310	22	70	51	64
6311	22	70	64	68
6312	22	70	68	71
6313	22	70	71	72
6314	22	70	72	78
6315	22	70	78	84
6316	22	70	84	96
6317	22	70	96	97
6318	22	70	97	116
6319	22	70	116	125
6320	22	70	125	144
6321	23	71	10	14
6322	23	71	14	18
6323	23	71	18	22
6324	23	71	22	24
6325	23	71	24	28
6326	23	71	28	29
6327	23	71	29	38
6328	23	71	38	47
6329	23	71	47	56
6330	23	71	56	67
6331	23	71	67	69
6332	23	71	69	72
6333	23	71	72	74
6334	23	71	74	80
6335	23	71	80	84
6336	23	71	84	96
6337	23	71	96	97
6338	23	71	97	117
6339	23	71	117	128
6340	23	71	128	143
6341	24	72	1	14
6342	24	72	14	20
6343	24	72	20	23
6344	24	72	23	25
6345	24	72	25	29
6346	24	72	29	30
6347	24	72	30	38
6348	24	72	38	48
6349	24	72	48	52
6350	24	72	52	65
6351	24	72	65	70
6352	24	72	70	73
6353	24	72	73	74
6354	24	72	74	80
6355	24	72	80	82
6356	24	72	82	94
6357	24	72	94	99
6358	24	72	99	116
6359	24	72	116	125
6360	24	72	125	137
6361	25	73	6	15
6362	25	73	15	21
6363	25	73	21	24
6364	25	73	24	26
6365	25	73	26	27
6366	25	73	27	31
6367	25	73	31	43
6368	25	73	43	47
6369	25	73	47	49
6370	25	73	49	70
6371	25	73	70	71
6372	25	73	71	74
6373	25	73	74	76
6374	25	73	76	77
6375	25	73	77	85
6376	25	73	85	95
6377	25	73	95	101
6378	25	73	101	116
6379	25	73	116	123
6380	25	73	123	144
6381	26	74	1	18
6382	26	74	18	20
6383	26	74	20	25
6384	26	74	25	27
6385	26	74	27	29
6386	26	74	29	36
6387	26	74	36	44
6388	26	74	44	47
6389	26	74	47	53
6390	26	74	53	71
6391	26	74	71	72
6392	26	74	72	75
6393	26	74	75	77
6394	26	74	77	79
6395	26	74	79	87
6396	26	74	87	92
6397	26	74	92	98
6398	26	74	98	121
6399	26	74	121	126
6400	26	74	126	143
6401	27	75	1	16
6402	27	75	16	21
6403	27	75	21	26
6404	27	75	26	28
6405	27	75	28	30
6406	27	75	30	34
6407	27	75	34	43
6408	27	75	43	46
6409	27	75	46	53
6410	27	75	53	70
6411	27	75	70	73
6412	27	75	73	76
6413	27	75	76	79
6414	27	75	79	82
6415	27	75	82	89
6416	27	75	89	96
6417	27	75	96	102
6418	27	75	102	122
6419	27	75	122	131
6420	27	75	131	143
6421	28	76	3	19
6422	28	76	19	24
6423	28	76	24	26
6424	28	76	26	29
6425	28	76	29	33
6426	28	76	33	35
6427	28	76	35	44
6428	28	76	44	47
6429	28	76	47	50
6430	28	76	50	71
6431	28	76	71	74
6432	28	76	74	77
6433	28	76	77	79
6434	28	76	79	82
6435	28	76	82	88
6436	28	76	88	96
6437	28	76	96	99
6438	28	76	99	123
6439	28	76	123	132
6440	28	76	132	136
6441	29	77	5	17
6442	29	77	17	23
6443	29	77	23	27
6444	29	77	27	30
6445	29	77	30	33
6446	29	77	33	37
6447	29	77	37	44
6448	29	77	44	47
6449	29	77	47	49
6450	29	77	49	71
6451	29	77	71	74
6452	29	77	74	78
6453	29	77	78	81
6454	29	77	81	85
6455	29	77	85	92
6456	29	77	92	94
6457	29	77	94	97
6458	29	77	97	123
6459	29	77	123	128
6460	29	77	128	140
6461	30	78	12	19
6462	30	78	19	24
6463	30	78	24	28
6464	30	78	28	31
6465	30	78	31	33
6466	30	78	33	38
6467	30	78	38	42
6468	30	78	42	48
6469	30	78	48	64
6470	30	78	64	72
6471	30	78	72	75
6472	30	78	75	79
6473	30	78	79	80
6474	30	78	80	84
6475	30	78	84	93
6476	30	78	93	94
6477	30	78	94	102
6478	30	78	102	121
6479	30	78	121	128
6480	30	78	128	137
6481	31	79	1	17
6482	31	79	17	26
6483	31	79	26	29
6484	31	79	29	32
6485	31	79	32	34
6486	31	79	34	38
6487	31	79	38	45
6488	31	79	45	48
6489	31	79	48	53
6490	31	79	53	71
6491	31	79	71	77
6492	31	79	77	80
6493	31	79	80	82
6494	31	79	82	86
6495	31	79	86	89
6496	31	79	89	96
6497	31	79	96	97
6498	31	79	97	122
6499	31	79	122	130
6500	31	79	130	138
6501	32	80	12	18
6502	32	80	18	26
6503	32	80	26	29
6504	32	80	29	33
6505	32	80	33	36
6506	32	80	36	40
6507	32	80	40	48
6508	32	80	48	52
6509	32	80	52	70
6510	32	80	70	75
6511	32	80	75	77
6512	32	80	77	81
6513	32	80	81	82
6514	32	80	82	85
6515	32	80	85	94
6516	32	80	94	96
6517	32	80	96	102
6518	32	80	102	127
6519	32	80	127	134
6520	32	80	134	139
6521	33	81	2	22
6522	33	81	22	25
6523	33	81	25	30
6524	33	81	30	34
6525	33	81	34	36
6526	33	81	36	41
6527	33	81	41	47
6528	33	81	47	52
6529	33	81	52	66
6530	33	81	66	72
6531	33	81	72	78
6532	33	81	78	82
6533	33	81	82	83
6534	33	81	83	85
6535	33	81	85	92
6536	33	81	92	96
6537	33	81	96	98
6538	33	81	98	127
6539	33	81	127	130
6540	33	81	130	143
6541	34	82	3	23
6542	34	82	23	25
6543	34	82	25	32
6544	34	82	32	35
6545	34	82	35	37
6546	34	82	37	39
6547	34	82	39	46
6548	34	82	46	49
6549	34	82	49	67
6550	34	82	67	73
6551	34	82	73	79
6552	34	82	79	83
6553	34	82	83	84
6554	34	82	84	87
6555	34	82	87	92
6556	34	82	92	99
6557	34	82	99	122
6558	34	82	122	127
6559	34	82	127	135
6560	34	82	135	144
6561	35	83	13	23
6562	35	83	23	28
6563	35	83	28	31
6564	35	83	31	36
6565	35	83	36	38
6566	35	83	38	40
6567	35	83	40	47
6568	35	83	47	49
6569	35	83	49	71
6570	35	83	71	78
6571	35	83	78	80
6572	35	83	80	84
6573	35	83	84	85
6574	35	83	85	89
6575	35	83	89	96
6576	35	83	96	105
6577	35	83	105	123
6578	35	83	123	129
6579	35	83	129	137
6580	35	83	137	143
6581	36	84	1	23
6582	36	84	23	28
6583	36	84	28	32
6584	36	84	32	37
6585	36	84	37	38
6586	36	84	38	39
6587	36	84	39	45
6588	36	84	45	51
6589	36	84	51	67
6590	36	84	67	77
6591	36	84	77	82
6592	36	84	82	85
6593	36	84	85	86
6594	36	84	86	89
6595	36	84	89	93
6596	36	84	93	97
6597	36	84	97	118
6598	36	84	118	129
6599	36	84	129	134
6600	36	84	134	141
6601	37	85	13	21
6602	37	85	21	30
6603	37	85	30	35
6604	37	85	35	38
6605	37	85	38	39
6606	37	85	39	41
6607	37	85	41	44
6608	37	85	44	61
6609	37	85	61	71
6610	37	85	71	77
6611	37	85	77	81
6612	37	85	81	86
6613	37	85	86	87
6614	37	85	87	91
6615	37	85	91	93
6616	37	85	93	101
6617	37	85	101	124
6618	37	85	124	126
6619	37	85	126	133
6620	37	85	133	141
6621	38	86	5	21
6622	38	86	21	28
6623	38	86	28	34
6624	38	86	34	37
6625	38	86	37	39
6626	38	86	39	41
6627	38	86	41	48
6628	38	86	48	50
6629	38	86	50	73
6630	38	86	73	77
6631	38	86	77	82
6632	38	86	82	85
6633	38	86	85	87
6634	38	86	87	92
6635	38	86	92	95
6636	38	86	95	98
6637	38	86	98	121
6638	38	86	121	129
6639	38	86	129	134
6640	38	86	134	144
6641	39	87	7	20
6642	39	87	20	28
6643	39	87	28	35
6644	39	87	35	37
6645	39	87	37	40
6646	39	87	40	42
6647	39	87	42	48
6648	39	87	48	50
6649	39	87	50	68
6650	39	87	68	79
6651	39	87	79	85
6652	39	87	85	86
6653	39	87	86	88
6654	39	87	88	91
6655	39	87	91	93
6656	39	87	93	117
6657	39	87	117	124
6658	39	87	124	131
6659	39	87	131	137
6660	39	87	137	142
6661	40	88	3	21
6662	40	88	21	28
6663	40	88	28	35
6664	40	88	35	38
6665	40	88	38	41
6666	40	88	41	42
6667	40	88	42	45
6668	40	88	45	54
6669	40	88	54	71
6670	40	88	71	79
6671	40	88	79	84
6672	40	88	84	86
6673	40	88	86	89
6674	40	88	89	91
6675	40	88	91	94
6676	40	88	94	98
6677	40	88	98	119
6678	40	88	119	127
6679	40	88	127	135
6680	40	88	135	141
6681	41	89	5	27
6682	41	89	27	29
6683	41	89	29	36
6684	41	89	36	39
6685	41	89	39	42
6686	41	89	42	44
6687	41	89	44	45
6688	41	89	45	59
6689	41	89	59	73
6690	41	89	73	76
6691	41	89	76	82
6692	41	89	82	87
6693	41	89	87	90
6694	41	89	90	91
6695	41	89	91	94
6696	41	89	94	98
6697	41	89	98	121
6698	41	89	121	130
6699	41	89	130	135
6700	41	89	135	142
6701	42	90	7	26
6702	42	90	26	33
6703	42	90	33	36
6704	42	90	36	38
6705	42	90	38	43
6706	42	90	43	45
6707	42	90	45	46
6708	42	90	46	49
6709	42	90	49	73
6710	42	90	73	78
6711	42	90	78	83
6712	42	90	83	87
6713	42	90	87	91
6714	42	90	91	93
6715	42	90	93	95
6716	42	90	95	97
6717	42	90	97	120
6718	42	90	120	128
6719	42	90	128	138
6720	42	90	138	143
6721	43	91	6	22
6722	43	91	22	33
6723	43	91	33	38
6724	43	91	38	40
6725	43	91	40	44
6726	43	91	44	45
6727	43	91	45	47
6728	43	91	47	59
6729	43	91	59	73
6730	43	91	73	80
6731	43	91	80	85
6732	43	91	85	87
6733	43	91	87	92
6734	43	91	92	93
6735	43	91	93	96
6736	43	91	96	109
6737	43	91	109	122
6738	43	91	122	129
6739	43	91	129	134
6740	43	91	134	142
6741	44	92	4	23
6742	44	92	23	29
6743	44	92	29	38
6744	44	92	38	39
6745	44	92	39	43
6746	44	92	43	45
6747	44	92	45	47
6748	44	92	47	54
6749	44	92	54	74
6750	44	92	74	80
6751	44	92	80	87
6752	44	92	87	89
6753	44	92	89	93
6754	44	92	93	94
6755	44	92	94	96
6756	44	92	96	102
6757	44	92	102	125
6758	44	92	125	132
6759	44	92	132	137
6760	44	92	137	143
6761	45	93	4	21
6762	45	93	21	31
6763	45	93	31	36
6764	45	93	36	42
6765	45	93	42	43
6766	45	93	43	46
6767	45	93	46	47
6768	45	93	47	49
6769	45	93	49	72
6770	45	93	72	79
6771	45	93	79	87
6772	45	93	87	91
6773	45	93	91	92
6774	45	93	92	94
6775	45	93	94	95
6776	45	93	95	97
6777	45	93	97	122
6778	45	93	122	130
6779	45	93	130	137
6780	45	93	137	144
6781	46	94	16	21
6782	46	94	21	31
6783	46	94	31	35
6784	46	94	35	41
6785	46	94	41	44
6786	46	94	44	47
6787	46	94	47	48
6788	46	94	48	52
6789	46	94	52	72
6790	46	94	72	82
6791	46	94	82	86
6792	46	94	86	90
6793	46	94	90	92
6794	46	94	92	95
6795	46	94	95	96
6796	46	94	96	102
6797	46	94	102	126
6798	46	94	126	129
6799	46	94	129	136
6800	46	94	136	143
6801	47	95	14	28
6802	47	95	28	32
6803	47	95	32	36
6804	47	95	36	42
6805	47	95	42	44
6806	47	95	44	48
6807	47	95	48	49
6808	47	95	49	58
6809	47	95	58	72
6810	47	95	72	78
6811	47	95	78	87
6812	47	95	87	91
6813	47	95	91	92
6814	47	95	92	96
6815	47	95	96	100
6816	47	95	100	110
6817	47	95	110	122
6818	47	95	122	131
6819	47	95	131	139
6820	47	95	139	141
6821	48	96	1	26
6822	48	96	26	28
6823	48	96	28	36
6824	48	96	36	38
6825	48	96	38	42
6826	48	96	42	46
6827	48	96	46	51
6828	48	96	51	63
6829	48	96	63	77
6830	48	96	77	83
6831	48	96	83	87
6832	48	96	87	90
6833	48	96	90	92
6834	48	96	92	95
6835	48	96	95	105
6836	48	96	105	121
6837	48	96	121	125
6838	48	96	125	131
6839	48	96	131	138
6840	48	96	138	141
6841	49	97	5	7
6842	49	97	7	13
6843	49	97	13	16
6844	49	97	16	30
6845	49	97	30	47
6846	49	97	47	51
6847	49	97	51	54
6848	49	97	54	55
6849	49	97	55	60
6850	49	97	60	63
6851	49	97	63	71
6852	49	97	71	79
6853	49	97	79	91
6854	49	97	91	100
6855	49	97	100	104
6856	49	97	104	108
6857	49	97	108	111
6858	49	97	111	114
6859	49	97	114	119
6860	49	97	119	136
6861	50	98	5	8
6862	50	98	8	16
6863	50	98	16	21
6864	50	98	21	28
6865	50	98	28	37
6866	50	98	37	51
6867	50	98	51	54
6868	50	98	54	57
6869	50	98	57	61
6870	50	98	61	66
6871	50	98	66	75
6872	50	98	75	83
6873	50	98	83	92
6874	50	98	92	99
6875	50	98	99	101
6876	50	98	101	103
6877	50	98	103	108
6878	50	98	108	117
6879	50	98	117	123
6880	50	98	123	139
6881	51	99	3	11
6882	51	99	11	13
6883	51	99	13	23
6884	51	99	23	36
6885	51	99	36	42
6886	51	99	42	49
6887	51	99	49	54
6888	51	99	54	57
6889	51	99	57	59
6890	51	99	59	64
6891	51	99	64	76
6892	51	99	76	89
6893	51	99	89	92
6894	51	99	92	97
6895	51	99	97	101
6896	51	99	101	107
6897	51	99	107	109
6898	51	99	109	116
6899	51	99	116	123
6900	51	99	123	142
6901	52	100	6	10
6902	52	100	10	17
6903	52	100	17	18
6904	52	100	18	33
6905	52	100	33	41
6906	52	100	41	50
6907	52	100	50	54
6908	52	100	54	57
6909	52	100	57	62
6910	52	100	62	65
6911	52	100	65	74
6912	52	100	74	79
6913	52	100	79	95
6914	52	100	95	98
6915	52	100	98	103
6916	52	100	103	104
6917	52	100	104	111
6918	52	100	111	115
6919	52	100	115	122
6920	52	100	122	140
6921	53	101	2	8
6922	53	101	8	15
6923	53	101	15	18
6924	53	101	18	37
6925	53	101	37	48
6926	53	101	48	51
6927	53	101	51	54
6928	53	101	54	57
6929	53	101	57	59
6930	53	101	59	65
6931	53	101	65	75
6932	53	101	75	90
6933	53	101	90	96
6934	53	101	96	102
6935	53	101	102	103
6936	53	101	103	107
6937	53	101	107	112
6938	53	101	112	117
6939	53	101	117	123
6940	53	101	123	144
6941	54	102	3	11
6942	54	102	11	14
6943	54	102	14	25
6944	54	102	25	38
6945	54	102	38	47
6946	54	102	47	50
6947	54	102	50	55
6948	54	102	55	58
6949	54	102	58	61
6950	54	102	61	68
6951	54	102	68	75
6952	54	102	75	89
6953	54	102	89	94
6954	54	102	94	97
6955	54	102	97	103
6956	54	102	103	104
6957	54	102	104	112
6958	54	102	112	117
6959	54	102	117	126
6960	54	102	126	139
6961	55	103	6	12
6962	55	103	12	17
6963	55	103	17	26
6964	55	103	26	29
6965	55	103	29	48
6966	55	103	48	52
6967	55	103	52	56
6968	55	103	56	58
6969	55	103	58	62
6970	55	103	62	68
6971	55	103	68	77
6972	55	103	77	92
6973	55	103	92	94
6974	55	103	94	101
6975	55	103	101	104
6976	55	103	104	108
6977	55	103	108	112
6978	55	103	112	114
6979	55	103	114	125
6980	55	103	125	140
6981	56	104	4	8
6982	56	104	8	17
6983	56	104	17	24
6984	56	104	24	40
6985	56	104	40	47
6986	56	104	47	50
6987	56	104	50	57
6988	56	104	57	58
6989	56	104	58	61
6990	56	104	61	70
6991	56	104	70	77
6992	56	104	77	91
6993	56	104	91	95
6994	56	104	95	99
6995	56	104	99	105
6996	56	104	105	107
6997	56	104	107	111
6998	56	104	111	113
6999	56	104	113	126
7000	56	104	126	143
7001	57	105	4	11
7002	57	105	11	18
7003	57	105	18	25
7004	57	105	25	37
7005	57	105	37	48
7006	57	105	48	49
7007	57	105	49	58
7008	57	105	58	59
7009	57	105	59	64
7010	57	105	64	66
7011	57	105	66	74
7012	57	105	74	93
7013	57	105	93	95
7014	57	105	95	101
7015	57	105	101	106
7016	57	105	106	107
7017	57	105	107	112
7018	57	105	112	115
7019	57	105	115	120
7020	57	105	120	130
7021	58	106	5	10
7022	58	106	10	15
7023	58	106	15	27
7024	58	106	27	43
7025	58	106	43	46
7026	58	106	46	52
7027	58	106	52	59
7028	58	106	59	60
7029	58	106	60	65
7030	58	106	65	67
7031	58	106	67	78
7032	58	106	78	83
7033	58	106	83	95
7034	58	106	95	102
7035	58	106	102	107
7036	58	106	107	108
7037	58	106	108	113
7038	58	106	113	117
7039	58	106	117	125
7040	58	106	125	136
7041	59	107	2	9
7042	59	107	9	14
7043	59	107	14	21
7044	59	107	21	46
7045	59	107	46	47
7046	59	107	47	49
7047	59	107	49	60
7048	59	107	60	61
7049	59	107	61	62
7050	59	107	62	66
7051	59	107	66	77
7052	59	107	77	93
7053	59	107	93	96
7054	59	107	96	98
7055	59	107	98	108
7056	59	107	108	109
7057	59	107	109	110
7058	59	107	110	119
7059	59	107	119	121
7060	59	107	121	141
7061	60	108	6	12
7062	60	108	12	17
7063	60	108	17	27
7064	60	108	27	37
7065	60	108	37	52
7066	60	108	52	56
7067	60	108	56	59
7068	60	108	59	61
7069	60	108	61	66
7070	60	108	66	71
7071	60	108	71	74
7072	60	108	74	93
7073	60	108	93	100
7074	60	108	100	103
7075	60	108	103	107
7076	60	108	107	109
7077	60	108	109	110
7078	60	108	110	118
7079	60	108	118	120
7080	60	108	120	144
7081	61	109	7	9
7082	61	109	9	17
7083	61	109	17	27
7084	61	109	27	39
7085	61	109	39	51
7086	61	109	51	56
7087	61	109	56	60
7088	61	109	60	62
7089	61	109	62	63
7090	61	109	63	72
7091	61	109	72	79
7092	61	109	79	88
7093	61	109	88	100
7094	61	109	100	106
7095	61	109	106	108
7096	61	109	108	110
7097	61	109	110	114
7098	61	109	114	120
7099	61	109	120	125
7100	61	109	125	140
7101	62	110	6	10
7102	62	110	10	21
7103	62	110	21	23
7104	62	110	23	44
7105	62	110	44	49
7106	62	110	49	59
7107	62	110	59	61
7108	62	110	61	63
7109	62	110	63	65
7110	62	110	65	72
7111	62	110	72	80
7112	62	110	80	92
7113	62	110	92	97
7114	62	110	97	105
7115	62	110	105	108
7116	62	110	108	111
7117	62	110	111	115
7118	62	110	115	117
7119	62	110	117	127
7120	62	110	127	142
7121	63	111	3	12
7122	63	111	12	18
7123	63	111	18	29
7124	63	111	29	48
7125	63	111	48	49
7126	63	111	49	57
7127	63	111	57	61
7128	63	111	61	64
7129	63	111	64	67
7130	63	111	67	69
7131	63	111	69	80
7132	63	111	80	95
7133	63	111	95	100
7134	63	111	100	107
7135	63	111	107	109
7136	63	111	109	112
7137	63	111	112	114
7138	63	111	114	120
7139	63	111	120	127
7140	63	111	127	140
7141	64	112	9	13
7142	64	112	13	20
7143	64	112	20	26
7144	64	112	26	48
7145	64	112	48	54
7146	64	112	54	58
7147	64	112	58	62
7148	64	112	62	65
7149	64	112	65	68
7150	64	112	68	72
7151	64	112	72	79
7152	64	112	79	94
7153	64	112	94	97
7154	64	112	97	108
7155	64	112	108	110
7156	64	112	110	113
7157	64	112	113	115
7158	64	112	115	119
7159	64	112	119	124
7160	64	112	124	144
7161	65	113	6	11
7162	65	113	11	18
7163	65	113	18	28
7164	65	113	28	45
7165	65	113	45	50
7166	65	113	50	61
7167	65	113	61	63
7168	65	113	63	66
7169	65	113	66	67
7170	65	113	67	71
7171	65	113	71	79
7172	65	113	79	89
7173	65	113	89	102
7174	65	113	102	109
7175	65	113	109	110
7176	65	113	110	114
7177	65	113	114	115
7178	65	113	115	122
7179	65	113	122	125
7180	65	113	125	140
7181	66	114	8	13
7182	66	114	13	24
7183	66	114	24	29
7184	66	114	29	47
7185	66	114	47	49
7186	66	114	49	63
7187	66	114	63	64
7188	66	114	64	67
7189	66	114	67	69
7190	66	114	69	71
7191	66	114	71	81
7192	66	114	81	92
7193	66	114	92	102
7194	66	114	102	107
7195	66	114	107	111
7196	66	114	111	115
7197	66	114	115	117
7198	66	114	117	120
7199	66	114	120	129
7200	66	114	129	142
7201	67	115	9	14
7202	67	115	14	19
7203	67	115	19	34
7204	67	115	34	43
7205	67	115	43	52
7206	67	115	52	60
7207	67	115	60	64
7208	67	115	64	68
7209	67	115	68	70
7210	67	115	70	76
7211	67	115	76	78
7212	67	115	78	96
7213	67	115	96	102
7214	67	115	102	111
7215	67	115	111	112
7216	67	115	112	116
7217	67	115	116	117
7218	67	115	117	122
7219	67	115	122	128
7220	67	115	128	140
7221	68	116	4	16
7222	68	116	16	25
7223	68	116	25	34
7224	68	116	34	47
7225	68	116	47	51
7226	68	116	51	61
7227	68	116	61	65
7228	68	116	65	69
7229	68	116	69	71
7230	68	116	71	76
7231	68	116	76	83
7232	68	116	83	94
7233	68	116	94	102
7234	68	116	102	107
7235	68	116	107	113
7236	68	116	113	117
7237	68	116	117	118
7238	68	116	118	121
7239	68	116	121	125
7240	68	116	125	143
7241	69	117	4	15
7242	69	117	15	26
7243	69	117	26	34
7244	69	117	34	48
7245	69	117	48	54
7246	69	117	54	62
7247	69	117	62	67
7248	69	117	67	70
7249	69	117	70	71
7250	69	117	71	73
7251	69	117	73	84
7252	69	117	84	96
7253	69	117	96	99
7254	69	117	99	108
7255	69	117	108	114
7256	69	117	114	118
7257	69	117	118	119
7258	69	117	119	122
7259	69	117	122	130
7260	69	117	130	144
7261	70	118	4	19
7262	70	118	19	27
7263	70	118	27	36
7264	70	118	36	47
7265	70	118	47	59
7266	70	118	59	63
7267	70	118	63	67
7268	70	118	67	71
7269	70	118	71	73
7270	70	118	73	78
7271	70	118	78	84
7272	70	118	84	96
7273	70	118	96	98
7274	70	118	98	112
7275	70	118	112	114
7276	70	118	114	119
7277	70	118	119	120
7278	70	118	120	123
7279	70	118	123	129
7280	70	118	129	142
7281	71	119	1	16
7282	71	119	16	28
7283	71	119	28	34
7284	71	119	34	48
7285	71	119	48	56
7286	71	119	56	67
7287	71	119	67	69
7288	71	119	69	72
7289	71	119	72	73
7290	71	119	73	79
7291	71	119	79	84
7292	71	119	84	94
7293	71	119	94	100
7294	71	119	100	113
7295	71	119	113	115
7296	71	119	115	120
7297	71	119	120	121
7298	71	119	121	125
7299	71	119	125	130
7300	71	119	130	144
7301	72	120	2	19
7302	72	120	19	28
7303	72	120	28	35
7304	72	120	35	48
7305	72	120	48	55
7306	72	120	55	65
7307	72	120	65	70
7308	72	120	70	73
7309	72	120	73	75
7310	72	120	75	76
7311	72	120	76	82
7312	72	120	82	95
7313	72	120	95	97
7314	72	120	97	112
7315	72	120	112	119
7316	72	120	119	121
7317	72	120	121	122
7318	72	120	122	123
7319	72	120	123	127
7320	72	120	127	140
7321	73	121	1	22
7322	73	121	22	25
7323	73	121	25	32
7324	73	121	32	48
7325	73	121	48	53
7326	73	121	53	67
7327	73	121	67	71
7328	73	121	71	74
7329	73	121	74	75
7330	73	121	75	78
7331	73	121	78	85
7332	73	121	85	91
7333	73	121	91	97
7334	73	121	97	114
7335	73	121	114	119
7336	73	121	119	122
7337	73	121	122	123
7338	73	121	123	125
7339	73	121	125	133
7340	73	121	133	144
7341	74	122	1	19
7342	74	122	19	27
7343	74	122	27	34
7344	74	122	34	48
7345	74	122	48	52
7346	74	122	52	68
7347	74	122	68	71
7348	74	122	71	75
7349	74	122	75	77
7350	74	122	77	81
7351	74	122	81	84
7352	74	122	84	93
7353	74	122	93	101
7354	74	122	101	116
7355	74	122	116	119
7356	74	122	119	123
7357	74	122	123	124
7358	74	122	124	125
7359	74	122	125	134
7360	74	122	134	139
7361	75	123	2	19
7362	75	123	19	31
7363	75	123	31	37
7364	75	123	37	46
7365	75	123	46	53
7366	75	123	53	67
7367	75	123	67	73
7368	75	123	73	76
7369	75	123	76	77
7370	75	123	77	80
7371	75	123	80	88
7372	75	123	88	96
7373	75	123	96	100
7374	75	123	100	113
7375	75	123	113	118
7376	75	123	118	124
7377	75	123	124	125
7378	75	123	125	128
7379	75	123	128	133
7380	75	123	133	142
7381	76	124	4	20
7382	76	124	20	30
7383	76	124	30	34
7384	76	124	34	48
7385	76	124	48	52
7386	76	124	52	69
7387	76	124	69	74
7388	76	124	74	77
7389	76	124	77	78
7390	76	124	78	80
7391	76	124	80	85
7392	76	124	85	94
7393	76	124	94	98
7394	76	124	98	113
7395	76	124	113	120
7396	76	124	120	123
7397	76	124	123	125
7398	76	124	125	129
7399	76	124	129	132
7400	76	124	132	143
7401	77	125	5	22
7402	77	125	22	31
7403	77	125	31	35
7404	77	125	35	45
7405	77	125	45	53
7406	77	125	53	71
7407	77	125	71	73
7408	77	125	73	78
7409	77	125	78	79
7410	77	125	79	82
7411	77	125	82	85
7412	77	125	85	93
7413	77	125	93	98
7414	77	125	98	118
7415	77	125	118	120
7416	77	125	120	124
7417	77	125	124	126
7418	77	125	126	129
7419	77	125	129	133
7420	77	125	133	138
7421	78	126	2	22
7422	78	126	22	31
7423	78	126	31	40
7424	78	126	40	45
7425	78	126	45	49
7426	78	126	49	68
7427	78	126	68	74
7428	78	126	74	77
7429	78	126	77	79
7430	78	126	79	82
7431	78	126	82	86
7432	78	126	86	93
7433	78	126	93	100
7434	78	126	100	114
7435	78	126	114	120
7436	78	126	120	125
7437	78	126	125	127
7438	78	126	127	129
7439	78	126	129	132
7440	78	126	132	142
7441	79	127	3	20
7442	79	127	20	30
7443	79	127	30	34
7444	79	127	34	44
7445	79	127	44	51
7446	79	127	51	70
7447	79	127	70	75
7448	79	127	75	78
7449	79	127	78	80
7450	79	127	80	83
7451	79	127	83	85
7452	79	127	85	94
7453	79	127	94	99
7454	79	127	99	116
7455	79	127	116	123
7456	79	127	123	125
7457	79	127	125	128
7458	79	127	128	129
7459	79	127	129	134
7460	79	127	134	144
7461	80	128	6	26
7462	80	128	26	28
7463	80	128	28	36
7464	80	128	36	44
7465	80	128	44	50
7466	80	128	50	67
7467	80	128	67	76
7468	80	128	76	78
7469	80	128	78	81
7470	80	128	81	83
7471	80	128	83	86
7472	80	128	86	96
7473	80	128	96	105
7474	80	128	105	116
7475	80	128	116	121
7476	80	128	121	126
7477	80	128	126	129
7478	80	128	129	130
7479	80	128	130	137
7480	80	128	137	142
7481	81	129	1	25
7482	81	129	25	33
7483	81	129	33	41
7484	81	129	41	43
7485	81	129	43	50
7486	81	129	50	67
7487	81	129	67	74
7488	81	129	74	79
7489	81	129	79	82
7490	81	129	82	84
7491	81	129	84	89
7492	81	129	89	95
7493	81	129	95	97
7494	81	129	97	119
7495	81	129	119	121
7496	81	129	121	127
7497	81	129	127	130
7498	81	129	130	133
7499	81	129	133	137
7500	81	129	137	140
7501	82	130	4	26
7502	82	130	26	30
7503	82	130	30	41
7504	82	130	41	46
7505	82	130	46	60
7506	82	130	60	68
7507	82	130	68	76
7508	82	130	76	79
7509	82	130	79	83
7510	82	130	83	84
7511	82	130	84	88
7512	82	130	88	93
7513	82	130	93	105
7514	82	130	105	120
7515	82	130	120	126
7516	82	130	126	127
7517	82	130	127	131
7518	82	130	131	132
7519	82	130	132	136
7520	82	130	136	139
7521	83	131	6	24
7522	83	131	24	33
7523	83	131	33	37
7524	83	131	37	47
7525	83	131	47	49
7526	83	131	49	70
7527	83	131	70	75
7528	83	131	75	81
7529	83	131	81	84
7530	83	131	84	86
7531	83	131	86	87
7532	83	131	87	92
7533	83	131	92	105
7534	83	131	105	121
7535	83	131	121	123
7536	83	131	123	128
7537	83	131	128	132
7538	83	131	132	133
7539	83	131	133	138
7540	83	131	138	143
7541	84	132	4	25
7542	84	132	25	32
7543	84	132	32	39
7544	84	132	39	43
7545	84	132	43	51
7546	84	132	51	67
7547	84	132	67	78
7548	84	132	78	82
7549	84	132	82	85
7550	84	132	85	86
7551	84	132	86	90
7552	84	132	90	92
7553	84	132	92	97
7554	84	132	97	115
7555	84	132	115	122
7556	84	132	122	130
7557	84	132	130	133
7558	84	132	133	134
7559	84	132	134	136
7560	84	132	136	141
7561	85	133	2	27
7562	85	133	27	33
7563	85	133	33	38
7564	85	133	38	43
7565	85	133	43	51
7566	85	133	51	67
7567	85	133	67	78
7568	85	133	78	80
7569	85	133	80	86
7570	85	133	86	87
7571	85	133	87	91
7572	85	133	91	93
7573	85	133	93	97
7574	85	133	97	116
7575	85	133	116	124
7576	85	133	124	128
7577	85	133	128	134
7578	85	133	134	135
7579	85	133	135	138
7580	85	133	138	144
7581	86	134	7	25
7582	86	134	25	35
7583	86	134	35	41
7584	86	134	41	46
7585	86	134	46	49
7586	86	134	49	72
7587	86	134	72	78
7588	86	134	78	81
7589	86	134	81	85
7590	86	134	85	87
7591	86	134	87	90
7592	86	134	90	95
7593	86	134	95	98
7594	86	134	98	119
7595	86	134	119	125
7596	86	134	125	128
7597	86	134	128	133
7598	86	134	133	135
7599	86	134	135	139
7600	86	134	139	142
7601	87	135	1	22
7602	87	135	22	30
7603	87	135	30	40
7604	87	135	40	46
7605	87	135	46	51
7606	87	135	51	67
7607	87	135	67	75
7608	87	135	75	81
7609	87	135	81	85
7610	87	135	85	88
7611	87	135	88	91
7612	87	135	91	96
7613	87	135	96	99
7614	87	135	99	116
7615	87	135	116	127
7616	87	135	127	130
7617	87	135	130	133
7618	87	135	133	136
7619	87	135	136	139
7620	87	135	139	143
7621	88	136	4	22
7622	88	136	22	34
7623	88	136	34	37
7624	88	136	37	48
7625	88	136	48	52
7626	88	136	52	74
7627	88	136	74	75
7628	88	136	75	83
7629	88	136	83	85
7630	88	136	85	89
7631	88	136	89	91
7632	88	136	91	95
7633	88	136	95	113
7634	88	136	113	116
7635	88	136	116	123
7636	88	136	123	129
7637	88	136	129	134
7638	88	136	134	137
7639	88	136	137	140
7640	88	136	140	143
7641	89	137	2	23
7642	89	137	23	36
7643	89	137	36	41
7644	89	137	41	45
7645	89	137	45	55
7646	89	137	55	74
7647	89	137	74	79
7648	89	137	79	83
7649	89	137	83	87
7650	89	137	87	90
7651	89	137	90	92
7652	89	137	92	93
7653	89	137	93	101
7654	89	137	101	117
7655	89	137	117	125
7656	89	137	125	129
7657	89	137	129	135
7658	89	137	135	138
7659	89	137	138	140
7660	89	137	140	144
7661	90	138	3	29
7662	90	138	29	31
7663	90	138	31	37
7664	90	138	37	44
7665	90	138	44	48
7666	90	138	48	52
7667	90	138	52	77
7668	90	138	77	81
7669	90	138	81	87
7670	90	138	87	91
7671	90	138	91	92
7672	90	138	92	93
7673	90	138	93	99
7674	90	138	99	118
7675	90	138	118	123
7676	90	138	123	133
7677	90	138	133	134
7678	90	138	134	139
7679	90	138	139	140
7680	90	138	140	141
7681	91	139	1	25
7682	91	139	25	32
7683	91	139	32	41
7684	91	139	41	43
7685	91	139	43	48
7686	91	139	48	61
7687	91	139	61	77
7688	91	139	77	82
7689	91	139	82	86
7690	91	139	86	90
7691	91	139	90	92
7692	91	139	92	96
7693	91	139	96	100
7694	91	139	100	121
7695	91	139	121	128
7696	91	139	128	132
7697	91	139	132	135
7698	91	139	135	138
7699	91	139	138	140
7700	91	139	140	144
7701	92	140	7	22
7702	92	140	22	35
7703	92	140	35	40
7704	92	140	40	46
7705	92	140	46	48
7706	92	140	48	54
7707	92	140	54	77
7708	92	140	77	83
7709	92	140	83	88
7710	92	140	88	90
7711	92	140	90	93
7712	92	140	93	96
7713	92	140	96	97
7714	92	140	97	115
7715	92	140	115	124
7716	92	140	124	133
7717	92	140	133	134
7718	92	140	134	139
7719	92	140	139	141
7720	92	140	141	143
7721	93	141	6	26
7722	93	141	26	34
7723	93	141	34	42
7724	93	141	42	43
7725	93	141	43	48
7726	93	141	48	49
7727	93	141	49	79
7728	93	141	79	83
7729	93	141	83	89
7730	93	141	89	91
7731	93	141	91	94
7732	93	141	94	95
7733	93	141	95	113
7734	93	141	113	119
7735	93	141	119	127
7736	93	141	127	133
7737	93	141	133	135
7738	93	141	135	139
7739	93	141	139	142
7740	93	141	142	143
7741	94	142	4	22
7742	94	142	22	34
7743	94	142	34	39
7744	94	142	39	47
7745	94	142	47	48
7746	94	142	48	60
7747	94	142	60	77
7748	94	142	77	84
7749	94	142	84	86
7750	94	142	86	90
7751	94	142	90	95
7752	94	142	95	96
7753	94	142	96	97
7754	94	142	97	120
7755	94	142	120	129
7756	94	142	129	131
7757	94	142	131	138
7758	94	142	138	139
7759	94	142	139	143
7760	94	142	143	144
7761	95	143	10	23
7762	95	143	23	35
7763	95	143	35	38
7764	95	143	38	43
7765	95	143	43	47
7766	95	143	47	50
7767	95	143	50	74
7768	95	143	74	81
7769	95	143	81	88
7770	95	143	88	92
7771	95	143	92	94
7772	95	143	94	96
7773	95	143	96	97
7774	95	143	97	121
7775	95	143	121	126
7776	95	143	126	132
7777	95	143	132	136
7778	95	143	136	139
7779	95	143	139	142
7780	95	143	142	144
7781	96	144	2	27
7782	96	144	27	34
7783	96	144	34	39
7784	96	144	39	44
7785	96	144	44	46
7786	96	144	46	58
7787	96	144	58	69
7788	96	144	69	76
7789	96	144	76	83
7790	96	144	83	86
7791	96	144	86	91
7792	96	144	91	94
7793	96	144	94	97
7794	96	144	97	118
7795	96	144	118	123
7796	96	144	123	128
7797	96	144	128	133
7798	96	144	133	139
7799	96	144	139	141
7800	96	144	141	143
7801	49	9	2	5
7802	49	9	5	6
7803	49	9	6	11
7804	49	9	11	16
7805	49	9	16	23
7806	49	9	23	27
7807	49	9	27	48
7808	49	9	48	50
7809	49	9	50	55
7810	49	9	55	60
7811	49	9	60	63
7812	49	9	63	69
7813	49	9	69	74
7814	49	9	74	88
7815	49	9	88	92
7816	49	9	92	99
7817	49	9	99	111
7818	49	9	111	114
7819	49	9	114	126
7820	49	9	126	144
7821	50	10	3	6
7822	50	10	6	8
7823	50	10	8	11
7824	50	10	11	16
7825	50	10	16	25
7826	50	10	25	35
7827	50	10	35	46
7828	50	10	46	49
7829	50	10	49	55
7830	50	10	55	57
7831	50	10	57	65
7832	50	10	65	66
7833	50	10	66	77
7834	50	10	77	89
7835	50	10	89	94
7836	50	10	94	102
7837	50	10	102	107
7838	50	10	107	116
7839	50	10	116	124
7840	50	10	124	143
7841	51	11	4	6
7842	51	11	6	9
7843	51	11	9	12
7844	51	11	12	20
7845	51	11	20	23
7846	51	11	23	35
7847	51	11	35	44
7848	51	11	44	49
7849	51	11	49	56
7850	51	11	56	58
7851	51	11	58	65
7852	51	11	65	67
7853	51	11	67	75
7854	51	11	75	86
7855	51	11	86	96
7856	51	11	96	102
7857	51	11	102	111
7858	51	11	111	112
7859	51	11	112	125
7860	51	11	125	136
7861	52	12	4	6
7862	52	12	6	10
7863	52	12	10	15
7864	52	12	15	19
7865	52	12	19	23
7866	52	12	23	33
7867	52	12	33	37
7868	52	12	37	53
7869	52	12	53	56
7870	52	12	56	58
7871	52	12	58	64
7872	52	12	64	70
7873	52	12	70	72
7874	52	12	72	86
7875	52	12	86	94
7876	52	12	94	97
7877	52	12	97	107
7878	52	12	107	115
7879	52	12	115	119
7880	52	12	119	137
7881	53	13	2	7
7882	53	13	7	10
7883	53	13	10	12
7884	53	13	12	16
7885	53	13	16	21
7886	53	13	21	27
7887	53	13	27	46
7888	53	13	46	51
7889	53	13	51	56
7890	53	13	56	58
7891	53	13	58	62
7892	53	13	62	70
7893	53	13	70	75
7894	53	13	75	87
7895	53	13	87	95
7896	53	13	95	101
7897	53	13	101	108
7898	53	13	108	116
7899	53	13	116	122
7900	53	13	122	143
7901	54	14	2	6
7902	54	14	6	10
7903	54	14	10	12
7904	54	14	12	19
7905	54	14	19	24
7906	54	14	24	29
7907	54	14	29	39
7908	54	14	39	49
7909	54	14	49	58
7910	54	14	58	61
7911	54	14	61	63
7912	54	14	63	69
7913	54	14	69	76
7914	54	14	76	83
7915	54	14	83	96
7916	54	14	96	100
7917	54	14	100	109
7918	54	14	109	118
7919	54	14	118	124
7920	54	14	124	144
7921	55	15	4	9
7922	55	15	9	11
7923	55	15	11	13
7924	55	15	13	20
7925	55	15	20	27
7926	55	15	27	34
7927	55	15	34	39
7928	55	15	39	52
7929	55	15	52	57
7930	55	15	57	61
7931	55	15	61	62
7932	55	15	62	69
7933	55	15	69	71
7934	55	15	71	85
7935	55	15	85	96
7936	55	15	96	99
7937	55	15	99	112
7938	55	15	112	114
7939	55	15	114	123
7940	55	15	123	139
7941	56	16	6	8
7942	56	16	8	11
7943	56	16	11	15
7944	56	16	15	18
7945	56	16	18	23
7946	56	16	23	35
7947	56	16	35	48
7948	56	16	48	54
7949	56	16	54	58
7950	56	16	58	61
7951	56	16	61	63
7952	56	16	63	70
7953	56	16	70	77
7954	56	16	77	85
7955	56	16	85	93
7956	56	16	93	104
7957	56	16	104	108
7958	56	16	108	118
7959	56	16	118	124
7960	56	16	124	143
7961	57	17	5	8
7962	57	17	8	11
7963	57	17	11	14
7964	57	17	14	20
7965	57	17	20	24
7966	57	17	24	28
7967	57	17	28	46
7968	57	17	46	52
7969	57	17	52	60
7970	57	17	60	61
7971	57	17	61	63
7972	57	17	63	68
7973	57	17	68	75
7974	57	17	75	84
7975	57	17	84	95
7976	57	17	95	101
7977	57	17	101	108
7978	57	17	108	118
7979	57	17	118	124
7980	57	17	124	139
7981	58	18	2	11
7982	58	18	11	13
7983	58	18	13	16
7984	58	18	16	19
7985	58	18	19	27
7986	58	18	27	31
7987	58	18	31	45
7988	58	18	45	55
7989	58	18	55	60
7990	58	18	60	62
7991	58	18	62	65
7992	58	18	65	67
7993	58	18	67	72
7994	58	18	72	86
7995	58	18	86	92
7996	58	18	92	107
7997	58	18	107	108
7998	58	18	108	115
7999	58	18	115	126
8000	58	18	126	141
8001	59	19	1	10
8002	59	19	10	13
8003	59	19	13	16
8004	59	19	16	17
8005	59	19	17	23
8006	59	19	23	34
8007	59	19	34	46
8008	59	19	46	54
8009	59	19	54	60
8010	59	19	60	62
8011	59	19	62	64
8012	59	19	64	70
8013	59	19	70	72
8014	59	19	72	84
8015	59	19	84	93
8016	59	19	93	105
8017	59	19	105	108
8018	59	19	108	119
8019	59	19	119	122
8020	59	19	122	131
8021	60	20	1	12
8022	60	20	12	14
8023	60	20	14	17
8024	60	20	17	19
8025	60	20	19	28
8026	60	20	28	31
8027	60	20	31	47
8028	60	20	47	49
8029	60	20	49	58
8030	60	20	58	62
8031	60	20	62	66
8032	60	20	66	71
8033	60	20	71	75
8034	60	20	75	85
8035	60	20	85	91
8036	60	20	91	101
8037	60	20	101	112
8038	60	20	112	118
8039	60	20	118	125
8040	60	20	125	141
8041	61	21	1	8
8042	61	21	8	13
8043	61	21	13	17
8044	61	21	17	20
8045	61	21	20	25
8046	61	21	25	32
8047	61	21	32	45
8048	61	21	45	50
8049	61	21	50	58
8050	61	21	58	64
8051	61	21	64	66
8052	61	21	66	68
8053	61	21	68	72
8054	61	21	72	85
8055	61	21	85	95
8056	61	21	95	107
8057	61	21	107	109
8058	61	21	109	120
8059	61	21	120	123
8060	61	21	123	137
8061	62	22	8	13
8062	62	22	13	15
8063	62	22	15	18
8064	62	22	18	19
8065	62	22	19	28
8066	62	22	28	35
8067	62	22	35	48
8068	62	22	48	49
8069	62	22	49	59
8070	62	22	59	63
8071	62	22	63	67
8072	62	22	67	71
8073	62	22	71	76
8074	62	22	76	79
8075	62	22	79	96
8076	62	22	96	98
8077	62	22	98	111
8078	62	22	111	117
8079	62	22	117	127
8080	62	22	127	144
8081	63	23	4	12
8082	63	23	12	17
8083	63	23	17	19
8084	63	23	19	22
8085	63	23	22	29
8086	63	23	29	35
8087	63	23	35	37
8088	63	23	37	49
8089	63	23	49	59
8090	63	23	59	66
8091	63	23	66	68
8092	63	23	68	70
8093	63	23	70	75
8094	63	23	75	78
8095	63	23	78	94
8096	63	23	94	103
8097	63	23	103	111
8098	63	23	111	117
8099	63	23	117	124
8100	63	23	124	144
8101	64	24	4	10
8102	64	24	10	18
8103	64	24	18	19
8104	64	24	19	23
8105	64	24	23	29
8106	64	24	29	30
8107	64	24	30	47
8108	64	24	47	56
8109	64	24	56	58
8110	64	24	58	66
8111	64	24	66	68
8112	64	24	68	72
8113	64	24	72	75
8114	64	24	75	83
8115	64	24	83	87
8116	64	24	87	107
8117	64	24	107	110
8118	64	24	110	118
8119	64	24	118	124
8120	64	24	124	144
8121	65	25	3	13
8122	65	25	13	17
8123	65	25	17	20
8124	65	25	20	24
8125	65	25	24	29
8126	65	25	29	36
8127	65	25	36	43
8128	65	25	43	54
8129	65	25	54	61
8130	65	25	61	66
8131	65	25	66	69
8132	65	25	69	70
8133	65	25	70	77
8134	65	25	77	83
8135	65	25	83	96
8136	65	25	96	102
8137	65	25	102	112
8138	65	25	112	120
8139	65	25	120	124
8140	65	25	124	144
8141	66	26	4	13
8142	66	26	13	17
8143	66	26	17	21
8144	66	26	21	23
8145	66	26	23	25
8146	66	26	25	34
8147	66	26	34	46
8148	66	26	46	50
8149	66	26	50	60
8150	66	26	60	65
8151	66	26	65	70
8152	66	26	70	72
8153	66	26	72	75
8154	66	26	75	84
8155	66	26	84	95
8156	66	26	95	108
8157	66	26	108	115
8158	66	26	115	116
8159	66	26	116	127
8160	66	26	127	144
8161	67	27	1	12
8162	67	27	12	19
8163	67	27	19	21
8164	67	27	21	25
8165	67	27	25	30
8166	67	27	30	34
8167	67	27	34	47
8168	67	27	47	54
8169	67	27	54	62
8170	67	27	62	68
8171	67	27	68	70
8172	67	27	70	73
8173	67	27	73	75
8174	67	27	75	80
8175	67	27	80	95
8176	67	27	95	96
8177	67	27	96	105
8178	67	27	105	119
8179	67	27	119	126
8180	67	27	126	142
8181	68	28	5	13
8182	68	28	13	19
8183	68	28	19	23
8184	68	28	23	25
8185	68	28	25	31
8186	68	28	31	34
8187	68	28	34	44
8188	68	28	44	48
8189	68	28	48	49
8190	68	28	49	70
8191	68	28	70	71
8192	68	28	71	74
8193	68	28	74	75
8194	68	28	75	82
8195	68	28	82	93
8196	68	28	93	95
8197	68	28	95	104
8198	68	28	104	121
8199	68	28	121	128
8200	68	28	128	143
8201	69	29	2	13
8202	69	29	13	19
8203	69	29	19	24
8204	69	29	24	27
8205	69	29	27	31
8206	69	29	31	34
8207	69	29	34	47
8208	69	29	47	48
8209	69	29	48	63
8210	69	29	63	67
8211	69	29	67	72
8212	69	29	72	74
8213	69	29	74	78
8214	69	29	78	82
8215	69	29	82	91
8216	69	29	91	96
8217	69	29	96	98
8218	69	29	98	120
8219	69	29	120	128
8220	69	29	128	144
8221	70	30	3	16
8222	70	30	16	20
8223	70	30	20	25
8224	70	30	25	27
8225	70	30	27	33
8226	70	30	33	38
8227	70	30	38	47
8228	70	30	47	50
8229	70	30	50	63
8230	70	30	63	71
8231	70	30	71	74
8232	70	30	74	76
8233	70	30	76	81
8234	70	30	81	86
8235	70	30	86	89
8236	70	30	89	97
8237	70	30	97	117
8238	70	30	117	123
8239	70	30	123	130
8240	70	30	130	144
8241	71	31	2	16
8242	71	31	16	24
8243	71	31	24	25
8244	71	31	25	29
8245	71	31	29	32
8246	71	31	32	36
8247	71	31	36	44
8248	71	31	44	51
8249	71	31	51	62
8250	71	31	62	68
8251	71	31	68	74
8252	71	31	74	76
8253	71	31	76	79
8254	71	31	79	86
8255	71	31	86	96
8256	71	31	96	99
8257	71	31	99	117
8258	71	31	117	121
8259	71	31	121	132
8260	71	31	132	141
8261	72	32	6	17
8262	72	32	17	21
8263	72	32	21	26
8264	72	32	26	29
8265	72	32	29	35
8266	72	32	35	36
8267	72	32	36	43
8268	72	32	43	52
8269	72	32	52	63
8270	72	32	63	74
8271	72	32	74	75
8272	72	32	75	78
8273	72	32	78	79
8274	72	32	79	86
8275	72	32	86	96
8276	72	32	96	109
8277	72	32	109	120
8278	72	32	120	121
8279	72	32	121	129
8280	72	32	129	143
8281	73	33	9	17
8282	73	33	17	25
8283	73	33	25	28
8284	73	33	28	30
8285	73	33	30	32
8286	73	33	32	39
8287	73	33	39	42
8288	73	33	42	50
8289	73	33	50	65
8290	73	33	65	72
8291	73	33	72	75
8292	73	33	75	79
8293	73	33	79	81
8294	73	33	81	86
8295	73	33	86	96
8296	73	33	96	99
8297	73	33	99	121
8298	73	33	121	123
8299	73	33	123	129
8300	73	33	129	135
8301	74	34	3	21
8302	74	34	21	24
8303	74	34	24	28
8304	74	34	28	31
8305	74	34	31	32
8306	74	34	32	41
8307	74	34	41	46
8308	74	34	46	49
8309	74	34	49	69
8310	74	34	69	72
8311	74	34	72	77
8312	74	34	77	80
8313	74	34	80	84
8314	74	34	84	88
8315	74	34	88	94
8316	74	34	94	99
8317	74	34	99	119
8318	74	34	119	124
8319	74	34	124	131
8320	74	34	131	137
8321	75	35	1	21
8322	75	35	21	23
8323	75	35	23	30
8324	75	35	30	32
8325	75	35	32	33
8326	75	35	33	38
8327	75	35	38	47
8328	75	35	47	50
8329	75	35	50	70
8330	75	35	70	74
8331	75	35	74	78
8332	75	35	78	81
8333	75	35	81	85
8334	75	35	85	91
8335	75	35	91	94
8336	75	35	94	102
8337	75	35	102	117
8338	75	35	117	125
8339	75	35	125	136
8340	75	35	136	143
8341	76	36	6	18
8342	76	36	18	24
8343	76	36	24	31
8344	76	36	31	32
8345	76	36	32	34
8346	76	36	34	43
8347	76	36	43	46
8348	76	36	46	53
8349	76	36	53	67
8350	76	36	67	77
8351	76	36	77	78
8352	76	36	78	81
8353	76	36	81	83
8354	76	36	83	87
8355	76	36	87	94
8356	76	36	94	105
8357	76	36	105	118
8358	76	36	118	126
8359	76	36	126	136
8360	76	36	136	141
8361	77	37	10	21
8362	77	37	21	23
8363	77	37	23	32
8364	77	37	32	33
8365	77	37	33	38
8366	77	37	38	41
8367	77	37	41	48
8368	77	37	48	50
8369	77	37	50	67
8370	77	37	67	73
8371	77	37	73	80
8372	77	37	80	83
8373	77	37	83	84
8374	77	37	84	88
8375	77	37	88	95
8376	77	37	95	98
8377	77	37	98	123
8378	77	37	123	128
8379	77	37	128	132
8380	77	37	132	141
8381	78	38	9	17
8382	78	38	17	27
8383	78	38	27	30
8384	78	38	30	33
8385	78	38	33	39
8386	78	38	39	40
8387	78	38	40	48
8388	78	38	48	49
8389	78	38	49	72
8390	78	38	72	73
8391	78	38	73	81
8392	78	38	81	83
8393	78	38	83	86
8394	78	38	86	91
8395	78	38	91	95
8396	78	38	95	106
8397	78	38	106	121
8398	78	38	121	131
8399	78	38	131	137
8400	78	38	137	139
8401	79	39	6	20
8402	79	39	20	26
8403	79	39	26	31
8404	79	39	31	34
8405	79	39	34	38
8406	79	39	38	42
8407	79	39	42	48
8408	79	39	48	52
8409	79	39	52	67
8410	79	39	67	75
8411	79	39	75	82
8412	79	39	82	84
8413	79	39	84	87
8414	79	39	87	93
8415	79	39	93	94
8416	79	39	94	107
8417	79	39	107	121
8418	79	39	121	131
8419	79	39	131	133
8420	79	39	133	143
8421	80	40	1	19
8422	80	40	19	29
8423	80	40	29	31
8424	80	40	31	35
8425	80	40	35	38
8426	80	40	38	43
8427	80	40	43	45
8428	80	40	45	55
8429	80	40	55	71
8430	80	40	71	75
8431	80	40	75	82
8432	80	40	82	85
8433	80	40	85	87
8434	80	40	87	93
8435	80	40	93	95
8436	80	40	95	99
8437	80	40	99	126
8438	80	40	126	132
8439	80	40	132	135
8440	80	40	135	144
8441	81	41	1	19
8442	81	41	19	27
8443	81	41	27	32
8444	81	41	32	35
8445	81	41	35	38
8446	81	41	38	42
8447	81	41	42	47
8448	81	41	47	51
8449	81	41	51	73
8450	81	41	73	75
8451	81	41	75	83
8452	81	41	83	85
8453	81	41	85	89
8454	81	41	89	94
8455	81	41	94	95
8456	81	41	95	101
8457	81	41	101	122
8458	81	41	122	128
8459	81	41	128	136
8460	81	41	136	142
8461	82	42	16	21
8462	82	42	21	28
8463	82	42	28	31
8464	82	42	31	36
8465	82	42	36	40
8466	82	42	40	44
8467	82	42	44	47
8468	82	42	47	66
8469	82	42	66	73
8470	82	42	73	75
8471	82	42	75	80
8472	82	42	80	86
8473	82	42	86	88
8474	82	42	88	91
8475	82	42	91	96
8476	82	42	96	97
8477	82	42	97	122
8478	82	42	122	133
8479	82	42	133	134
8480	82	42	134	139
8481	83	43	5	22
8482	83	43	22	26
8483	83	43	26	33
8484	83	43	33	36
8485	83	43	36	40
8486	83	43	40	45
8487	83	43	45	47
8488	83	43	47	50
8489	83	43	50	74
8490	83	43	74	79
8491	83	43	79	81
8492	83	43	81	86
8493	83	43	86	90
8494	83	43	90	94
8495	83	43	94	96
8496	83	43	96	104
8497	83	43	104	124
8498	83	43	124	131
8499	83	43	131	137
8500	83	43	137	141
8501	84	44	7	21
8502	84	44	21	26
8503	84	44	26	34
8504	84	44	34	36
8505	84	44	36	40
8506	84	44	40	41
8507	84	44	41	47
8508	84	44	47	49
8509	84	44	49	75
8510	84	44	75	79
8511	84	44	79	83
8512	84	44	83	87
8513	84	44	87	91
8514	84	44	91	93
8515	84	44	93	96
8516	84	44	96	113
8517	84	44	113	124
8518	84	44	124	132
8519	84	44	132	134
8520	84	44	134	140
8521	85	45	1	20
8522	85	45	20	31
8523	85	45	31	33
8524	85	45	33	37
8525	85	45	37	41
8526	85	45	41	42
8527	85	45	42	47
8528	85	45	47	49
8529	85	45	49	71
8530	85	45	71	78
8531	85	45	78	86
8532	85	45	86	87
8533	85	45	87	90
8534	85	45	90	93
8535	85	45	93	96
8536	85	45	96	105
8537	85	45	105	122
8538	85	45	122	130
8539	85	45	130	139
8540	85	45	139	142
8541	86	46	5	18
8542	86	46	18	29
8543	86	46	29	34
8544	86	46	34	40
8545	86	46	40	41
8546	86	46	41	45
8547	86	46	45	48
8548	86	46	48	54
8549	86	46	54	74
8550	86	46	74	80
8551	86	46	80	83
8552	86	46	83	88
8553	86	46	88	91
8554	86	46	91	93
8555	86	46	93	96
8556	86	46	96	100
8557	86	46	100	126
8558	86	46	126	133
8559	86	46	133	136
8560	86	46	136	142
8561	87	47	13	19
8562	87	47	19	26
8563	87	47	26	36
8564	87	47	36	38
8565	87	47	38	42
8566	87	47	42	45
8567	87	47	45	48
8568	87	47	48	49
8569	87	47	49	71
8570	87	47	71	78
8571	87	47	78	86
8572	87	47	86	89
8573	87	47	89	92
8574	87	47	92	94
8575	87	47	94	108
8576	87	47	108	120
8577	87	47	120	124
8578	87	47	124	129
8579	87	47	129	139
8580	87	47	139	141
8581	88	48	7	21
8582	88	48	21	31
8583	88	48	31	33
8584	88	48	33	39
8585	88	48	39	43
8586	88	48	43	45
8587	88	48	45	57
8588	88	48	57	61
8589	88	48	61	74
8590	88	48	74	80
8591	88	48	80	85
8592	88	48	85	90
8593	88	48	90	92
8594	88	48	92	95
8595	88	48	95	97
8596	88	48	97	115
8597	88	48	115	129
8598	88	48	129	133
8599	88	48	133	136
8600	88	48	136	142
8601	97	57	6	7
8602	97	57	7	12
8603	97	57	12	19
8604	97	57	19	24
8605	97	57	24	40
8606	97	57	40	50
8607	97	57	50	54
8608	97	57	54	55
8609	97	57	55	62
8610	97	57	62	67
8611	97	57	67	75
8612	97	57	75	83
8613	97	57	83	94
8614	97	57	94	98
8615	97	57	98	105
8616	97	57	105	109
8617	97	57	109	114
8618	97	57	114	119
8619	97	57	119	126
8620	97	57	126	142
8621	98	58	6	7
8622	98	58	7	12
8623	98	58	12	20
8624	98	58	20	27
8625	98	58	27	45
8626	98	58	45	50
8627	98	58	50	54
8628	98	58	54	55
8629	98	58	55	63
8630	98	58	63	66
8631	98	58	66	72
8632	98	58	72	82
8633	98	58	82	89
8634	98	58	89	97
8635	98	58	97	105
8636	98	58	105	106
8637	98	58	106	111
8638	98	58	111	116
8639	98	58	116	128
8640	98	58	128	143
8641	99	59	2	8
8642	99	59	8	12
8643	99	59	12	23
8644	99	59	23	32
8645	99	59	32	43
8646	99	59	43	52
8647	99	59	52	55
8648	99	59	55	58
8649	99	59	58	63
8650	99	59	63	68
8651	99	59	68	75
8652	99	59	75	79
8653	99	59	79	96
8654	99	59	96	97
8655	99	59	97	104
8656	99	59	104	108
8657	99	59	108	113
8658	99	59	113	117
8659	99	59	117	121
8660	99	59	121	144
8661	100	60	1	9
8662	100	60	9	13
8663	100	60	13	20
8664	100	60	20	31
8665	100	60	31	45
8666	100	60	45	50
8667	100	60	50	55
8668	100	60	55	59
8669	100	60	59	61
8670	100	60	61	69
8671	100	60	69	74
8672	100	60	74	85
8673	100	60	85	96
8674	100	60	96	97
8675	100	60	97	105
8676	100	60	105	107
8677	100	60	107	114
8678	100	60	114	117
8679	100	60	117	122
8680	100	60	122	144
8681	101	61	2	12
8682	101	61	12	16
8683	101	61	16	20
8684	101	61	20	26
8685	101	61	26	48
8686	101	61	48	51
8687	101	61	51	55
8688	101	61	55	58
8689	101	61	58	63
8690	101	61	63	66
8691	101	61	66	76
8692	101	61	76	86
8693	101	61	86	94
8694	101	61	94	103
8695	101	61	103	106
8696	101	61	106	108
8697	101	61	108	114
8698	101	61	114	117
8699	101	61	117	128
8700	101	61	128	141
8701	102	62	2	8
8702	102	62	8	15
8703	102	62	15	19
8704	102	62	19	26
8705	102	62	26	38
8706	102	62	38	52
8707	102	62	52	56
8708	102	62	56	60
8709	102	62	60	64
8710	102	62	64	69
8711	102	62	69	74
8712	102	62	74	89
8713	102	62	89	94
8714	102	62	94	100
8715	102	62	100	106
8716	102	62	106	110
8717	102	62	110	112
8718	102	62	112	118
8719	102	62	118	126
8720	102	62	126	143
8721	103	63	6	10
8722	103	63	10	18
8723	103	63	18	25
8724	103	63	25	31
8725	103	63	31	48
8726	103	63	48	52
8727	103	63	52	56
8728	103	63	56	60
8729	103	63	60	65
8730	103	63	65	70
8731	103	63	70	74
8732	103	63	74	89
8733	103	63	89	93
8734	103	63	93	102
8735	103	63	102	106
8736	103	63	106	111
8737	103	63	111	112
8738	103	63	112	116
8739	103	63	116	124
8740	103	63	124	141
8741	104	64	6	10
8742	104	64	10	16
8743	104	64	16	25
8744	104	64	25	33
8745	104	64	33	46
8746	104	64	46	49
8747	104	64	49	57
8748	104	64	57	61
8749	104	64	61	65
8750	104	64	65	68
8751	104	64	68	72
8752	104	64	72	88
8753	104	64	88	94
8754	104	64	94	98
8755	104	64	98	107
8756	104	64	107	109
8757	104	64	109	112
8758	104	64	112	120
8759	104	64	120	128
8760	104	64	128	134
8761	105	65	7	10
8762	105	65	10	19
8763	105	65	19	24
8764	105	65	24	32
8765	105	65	32	47
8766	105	65	47	52
8767	105	65	52	59
8768	105	65	59	61
8769	105	65	61	64
8770	105	65	64	72
8771	105	65	72	78
8772	105	65	78	86
8773	105	65	86	94
8774	105	65	94	101
8775	105	65	101	108
8776	105	65	108	111
8777	105	65	111	116
8778	105	65	116	120
8779	105	65	120	122
8780	105	65	122	143
8781	106	66	1	10
8782	106	66	10	19
8783	106	66	19	27
8784	106	66	27	37
8785	106	66	37	47
8786	106	66	47	55
8787	106	66	55	58
8788	106	66	58	62
8789	106	66	62	67
8790	106	66	67	72
8791	106	66	72	74
8792	106	66	74	91
8793	106	66	91	92
8794	106	66	92	103
8795	106	66	103	109
8796	106	66	109	111
8797	106	66	111	115
8798	106	66	115	118
8799	106	66	118	124
8800	106	66	124	140
8801	107	67	6	14
8802	107	67	14	20
8803	107	67	20	27
8804	107	67	27	33
8805	107	67	33	46
8806	107	67	46	54
8807	107	67	54	60
8808	107	67	60	63
8809	107	67	63	64
8810	107	67	64	72
8811	107	67	72	76
8812	107	67	76	89
8813	107	67	89	95
8814	107	67	95	103
8815	107	67	103	109
8816	107	67	109	112
8817	107	67	112	114
8818	107	67	114	118
8819	107	67	118	128
8820	107	67	128	144
8821	108	68	3	10
8822	108	68	10	19
8823	108	68	19	26
8824	108	68	26	37
8825	108	68	37	48
8826	108	68	48	51
8827	108	68	51	59
8828	108	68	59	63
8829	108	68	63	65
8830	108	68	65	72
8831	108	68	72	78
8832	108	68	78	92
8833	108	68	92	95
8834	108	68	95	97
8835	108	68	97	111
8836	108	68	111	113
8837	108	68	113	115
8838	108	68	115	119
8839	108	68	119	124
8840	108	68	124	142
8841	109	69	3	11
8842	109	69	11	16
8843	109	69	16	24
8844	109	69	24	30
8845	109	69	30	46
8846	109	69	46	53
8847	109	69	53	60
8848	109	69	60	64
8849	109	69	64	68
8850	109	69	68	71
8851	109	69	71	80
8852	109	69	80	83
8853	109	69	83	95
8854	109	69	95	99
8855	109	69	99	108
8856	109	69	108	114
8857	109	69	114	115
8858	109	69	115	122
8859	109	69	122	130
8860	109	69	130	140
8861	110	70	4	11
8862	110	70	11	21
8863	110	70	21	29
8864	110	70	29	41
8865	110	70	41	46
8866	110	70	46	56
8867	110	70	56	63
8868	110	70	63	66
8869	110	70	66	67
8870	110	70	67	75
8871	110	70	75	77
8872	110	70	77	89
8873	110	70	89	95
8874	110	70	95	98
8875	110	70	98	109
8876	110	70	109	114
8877	110	70	114	115
8878	110	70	115	121
8879	110	70	121	127
8880	110	70	127	141
8881	111	71	4	14
8882	111	71	14	22
8883	111	71	22	28
8884	111	71	28	37
8885	111	71	37	46
8886	111	71	46	59
8887	111	71	59	64
8888	111	71	64	66
8889	111	71	66	68
8890	111	71	68	75
8891	111	71	75	77
8892	111	71	77	93
8893	111	71	93	96
8894	111	71	96	103
8895	111	71	103	113
8896	111	71	113	115
8897	111	71	115	117
8898	111	71	117	121
8899	111	71	121	130
8900	111	71	130	144
8901	112	72	6	16
8902	112	72	16	21
8903	112	72	21	31
8904	112	72	31	33
8905	112	72	33	47
8906	112	72	47	55
8907	112	72	55	62
8908	112	72	62	67
8909	112	72	67	71
8910	112	72	71	74
8911	112	72	74	82
8912	112	72	82	91
8913	112	72	91	95
8914	112	72	95	99
8915	112	72	99	115
8916	112	72	115	116
8917	112	72	116	120
8918	112	72	120	123
8919	112	72	123	131
8920	112	72	131	142
8921	113	73	5	15
8922	113	73	15	25
8923	113	73	25	28
8924	113	73	28	45
8925	113	73	45	48
8926	113	73	48	62
8927	113	73	62	63
8928	113	73	63	68
8929	113	73	68	70
8930	113	73	70	77
8931	113	73	77	80
8932	113	73	80	88
8933	113	73	88	96
8934	113	73	96	101
8935	113	73	101	115
8936	113	73	115	117
8937	113	73	117	119
8938	113	73	119	122
8939	113	73	122	130
8940	113	73	130	144
8941	114	74	2	19
8942	114	74	19	20
8943	114	74	20	27
8944	114	74	27	44
8945	114	74	44	48
8946	114	74	48	54
8947	114	74	54	64
8948	114	74	64	69
8949	114	74	69	71
8950	114	74	71	76
8951	114	74	76	82
8952	114	74	82	96
8953	114	74	96	104
8954	114	74	104	108
8955	114	74	108	115
8956	114	74	115	117
8957	114	74	117	119
8958	114	74	119	122
8959	114	74	122	130
8960	114	74	130	143
8961	115	75	8	16
8962	115	75	16	21
8963	115	75	21	29
8964	115	75	29	45
8965	115	75	45	52
8966	115	75	52	61
8967	115	75	61	65
8968	115	75	65	70
8969	115	75	70	72
8970	115	75	72	76
8971	115	75	76	83
8972	115	75	83	95
8973	115	75	95	106
8974	115	75	106	108
8975	115	75	108	114
8976	115	75	114	118
8977	115	75	118	121
8978	115	75	121	124
8979	115	75	124	128
8980	115	75	128	135
8981	116	76	6	17
8982	116	76	17	27
8983	116	76	27	31
8984	116	76	31	47
8985	116	76	47	50
8986	116	76	50	64
8987	116	76	64	67
8988	116	76	67	71
8989	116	76	71	73
8990	116	76	73	80
8991	116	76	80	85
8992	116	76	85	93
8993	116	76	93	97
8994	116	76	97	113
8995	116	76	113	117
8996	116	76	117	119
8997	116	76	119	123
8998	116	76	123	125
8999	116	76	125	129
9000	116	76	129	134
9001	117	77	3	18
9002	117	77	18	25
9003	117	77	25	34
9004	117	77	34	48
9005	117	77	48	49
9006	117	77	49	63
9007	117	77	63	71
9008	117	77	71	72
9009	117	77	72	74
9010	117	77	74	79
9011	117	77	79	82
9012	117	77	82	96
9013	117	77	96	97
9014	117	77	97	113
9015	117	77	113	115
9016	117	77	115	120
9017	117	77	120	124
9018	117	77	124	126
9019	117	77	126	133
9020	117	77	133	144
9021	118	78	1	21
9022	118	78	21	25
9023	118	78	25	36
9024	118	78	36	48
9025	118	78	48	50
9026	118	78	50	65
9027	118	78	65	71
9028	118	78	71	72
9029	118	78	72	75
9030	118	78	75	81
9031	118	78	81	87
9032	118	78	87	94
9033	118	78	94	98
9034	118	78	98	114
9035	118	78	114	116
9036	118	78	116	121
9037	118	78	121	125
9038	118	78	125	128
9039	118	78	128	133
9040	118	78	133	137
9041	119	79	5	18
9042	119	79	18	24
9043	119	79	24	36
9044	119	79	36	40
9045	119	79	40	52
9046	119	79	52	65
9047	119	79	65	71
9048	119	79	71	73
9049	119	79	73	76
9050	119	79	76	81
9051	119	79	81	87
9052	119	79	87	92
9053	119	79	92	98
9054	119	79	98	110
9055	119	79	110	118
9056	119	79	118	122
9057	119	79	122	124
9058	119	79	124	128
9059	119	79	128	135
9060	119	79	135	139
9061	120	80	3	18
9062	120	80	18	30
9063	120	80	30	35
9064	120	80	35	47
9065	120	80	47	48
9066	120	80	48	67
9067	120	80	67	71
9068	120	80	71	75
9069	120	80	75	77
9070	120	80	77	79
9071	120	80	79	86
9072	120	80	86	94
9073	120	80	94	99
9074	120	80	99	113
9075	120	80	113	118
9076	120	80	118	123
9077	120	80	123	125
9078	120	80	125	127
9079	120	80	127	134
9080	120	80	134	139
9081	121	81	4	23
9082	121	81	23	26
9083	121	81	26	36
9084	121	81	36	45
9085	121	81	45	47
9086	121	81	47	50
9087	121	81	50	71
9088	121	81	71	76
9089	121	81	76	78
9090	121	81	78	82
9091	121	81	82	84
9092	121	81	84	95
9093	121	81	95	101
9094	121	81	101	115
9095	121	81	115	122
9096	121	81	122	123
9097	121	81	123	126
9098	121	81	126	131
9099	121	81	131	135
9100	121	81	135	143
9101	122	82	10	22
9102	122	82	22	30
9103	122	82	30	36
9104	122	82	36	43
9105	122	82	43	47
9106	122	82	47	52
9107	122	82	52	70
9108	122	82	70	75
9109	122	82	75	78
9110	122	82	78	83
9111	122	82	83	86
9112	122	82	86	92
9113	122	82	92	96
9114	122	82	96	102
9115	122	82	102	117
9116	122	82	117	123
9117	122	82	123	127
9118	122	82	127	129
9119	122	82	129	133
9120	122	82	133	143
9121	123	83	16	18
9122	123	83	18	30
9123	123	83	30	36
9124	123	83	36	41
9125	123	83	41	48
9126	123	83	48	49
9127	123	83	49	72
9128	123	83	72	74
9129	123	83	74	79
9130	123	83	79	81
9131	123	83	81	87
9132	123	83	87	94
9133	123	83	94	96
9134	123	83	96	97
9135	123	83	97	118
9136	123	83	118	126
9137	123	83	126	128
9138	123	83	128	130
9139	123	83	130	133
9140	123	83	133	139
9141	124	84	15	24
9142	124	84	24	27
9143	124	84	27	35
9144	124	84	35	42
9145	124	84	42	46
9146	124	84	46	61
9147	124	84	61	73
9148	124	84	73	76
9149	124	84	76	79
9150	124	84	79	81
9151	124	84	81	85
9152	124	84	85	93
9153	124	84	93	96
9154	124	84	96	111
9155	124	84	111	122
9156	124	84	122	123
9157	124	84	123	129
9158	124	84	129	132
9159	124	84	132	137
9160	124	84	137	142
9161	125	85	1	25
9162	125	85	25	32
9163	125	85	32	37
9164	125	85	37	39
9165	125	85	39	48
9166	125	85	48	49
9167	125	85	49	74
9168	125	85	74	78
9169	125	85	78	79
9170	125	85	79	83
9171	125	85	83	87
9172	125	85	87	94
9173	125	85	94	96
9174	125	85	96	97
9175	125	85	97	123
9176	125	85	123	127
9177	125	85	127	129
9178	125	85	129	132
9179	125	85	132	136
9180	125	85	136	144
9181	126	86	3	22
9182	126	86	22	32
9183	126	86	32	36
9184	126	86	36	43
9185	126	86	43	46
9186	126	86	46	54
9187	126	86	54	71
9188	126	86	71	78
9189	126	86	78	81
9190	126	86	81	84
9191	126	86	84	87
9192	126	86	87	91
9193	126	86	91	96
9194	126	86	96	102
9195	126	86	102	120
9196	126	86	120	125
9197	126	86	125	130
9198	126	86	130	134
9199	126	86	134	138
9200	126	86	138	142
9201	127	87	10	19
9202	127	87	19	32
9203	127	87	32	38
9204	127	87	38	45
9205	127	87	45	46
9206	127	87	46	57
9207	127	87	57	71
9208	127	87	71	79
9209	127	87	79	82
9210	127	87	82	84
9211	127	87	84	89
9212	127	87	89	95
9213	127	87	95	96
9214	127	87	96	100
9215	127	87	100	124
9216	127	87	124	126
9217	127	87	126	130
9218	127	87	130	134
9219	127	87	134	137
9220	127	87	137	140
9221	128	88	8	26
9222	128	88	26	30
9223	128	88	30	34
9224	128	88	34	45
9225	128	88	45	48
9226	128	88	48	49
9227	128	88	49	71
9228	128	88	71	76
9229	128	88	76	83
9230	128	88	83	85
9231	128	88	85	90
9232	128	88	90	93
9233	128	88	93	96
9234	128	88	96	111
9235	128	88	111	119
9236	128	88	119	129
9237	128	88	129	131
9238	128	88	131	133
9239	128	88	133	136
9240	128	88	136	144
9241	129	89	15	19
9242	129	89	19	28
9243	129	89	28	37
9244	129	89	37	45
9245	129	89	45	46
9246	129	89	46	51
9247	129	89	51	71
9248	129	89	71	79
9249	129	89	79	82
9250	129	89	82	85
9251	129	89	85	90
9252	129	89	90	91
9253	129	89	91	96
9254	129	89	96	98
9255	129	89	98	120
9256	129	89	120	130
9257	129	89	130	131
9258	129	89	131	134
9259	129	89	134	138
9260	129	89	138	144
9261	130	90	2	24
9262	130	90	24	32
9263	130	90	32	34
9264	130	90	34	45
9265	130	90	45	48
9266	130	90	48	49
9267	130	90	49	70
9268	130	90	70	76
9269	130	90	76	82
9270	130	90	82	85
9271	130	90	85	88
9272	130	90	88	92
9273	130	90	92	96
9274	130	90	96	97
9275	130	90	97	119
9276	130	90	119	126
9277	130	90	126	133
9278	130	90	133	135
9279	130	90	135	139
9280	130	90	139	141
9281	131	91	1	27
9282	131	91	27	33
9283	131	91	33	38
9284	131	91	38	42
9285	131	91	42	47
9286	131	91	47	49
9287	131	91	49	69
9288	131	91	69	78
9289	131	91	78	81
9290	131	91	81	85
9291	131	91	85	90
9292	131	91	90	92
9293	131	91	92	96
9294	131	91	96	118
9295	131	91	118	120
9296	131	91	120	129
9297	131	91	129	132
9298	131	91	132	136
9299	131	91	136	137
9300	131	91	137	144
9301	132	92	8	27
9302	132	92	27	28
9303	132	92	28	35
9304	132	92	35	40
9305	132	92	40	48
9306	132	92	48	49
9307	132	92	49	69
9308	132	92	69	76
9309	132	92	76	81
9310	132	92	81	86
9311	132	92	86	90
9312	132	92	90	94
9313	132	92	94	96
9314	132	92	96	100
9315	132	92	100	121
9316	132	92	121	126
9317	132	92	126	131
9318	132	92	131	136
9319	132	92	136	139
9320	132	92	139	141
9321	133	93	8	20
9322	133	93	20	30
9323	133	93	30	35
9324	133	93	35	43
9325	133	93	43	48
9326	133	93	48	52
9327	133	93	52	71
9328	133	93	71	78
9329	133	93	78	82
9330	133	93	82	88
9331	133	93	88	90
9332	133	93	90	91
9333	133	93	91	96
9334	133	93	96	99
9335	133	93	99	125
9336	133	93	125	130
9337	133	93	130	135
9338	133	93	135	136
9339	133	93	136	139
9340	133	93	139	142
9341	134	94	5	26
9342	134	94	26	28
9343	134	94	28	39
9344	134	94	39	43
9345	134	94	43	46
9346	134	94	46	52
9347	134	94	52	71
9348	134	94	71	80
9349	134	94	80	85
9350	134	94	85	89
9351	134	94	89	90
9352	134	94	90	92
9353	134	94	92	96
9354	134	94	96	97
9355	134	94	97	122
9356	134	94	122	127
9357	134	94	127	131
9358	134	94	131	137
9359	134	94	137	139
9360	134	94	139	141
9361	135	95	10	24
9362	135	95	24	32
9363	135	95	32	35
9364	135	95	35	44
9365	135	95	44	45
9366	135	95	45	49
9367	135	95	49	70
9368	135	95	70	78
9369	135	95	78	85
9370	135	95	85	89
9371	135	95	89	90
9372	135	95	90	94
9373	135	95	94	96
9374	135	95	96	118
9375	135	95	118	125
9376	135	95	125	126
9377	135	95	126	136
9378	135	95	136	139
9379	135	95	139	140
9380	135	95	140	142
9381	136	96	4	26
9382	136	96	26	29
9383	136	96	29	36
9384	136	96	36	44
9385	136	96	44	45
9386	136	96	45	50
9387	136	96	50	70
9388	136	96	70	80
9389	136	96	80	83
9390	136	96	83	88
9391	136	96	88	91
9392	136	96	91	94
9393	136	96	94	108
9394	136	96	108	115
9395	136	96	115	120
9396	136	96	120	129
9397	136	96	129	133
9398	136	96	133	138
9399	136	96	138	141
9400	136	96	141	142
9401	1	57	2	6
9402	1	57	6	8
9403	1	57	8	15
9404	1	57	15	20
9405	1	57	20	25
9406	1	57	25	29
9407	1	57	29	42
9408	1	57	42	50
9409	1	57	50	54
9410	1	57	54	58
9411	1	57	58	62
9412	1	57	62	70
9413	1	57	70	76
9414	1	57	76	87
9415	1	57	87	94
9416	1	57	94	102
9417	1	57	102	108
9418	1	57	108	116
9419	1	57	116	121
9420	1	57	121	140
9421	2	58	5	6
9422	2	58	6	10
9423	2	58	10	14
9424	2	58	14	20
9425	2	58	20	21
9426	2	58	21	36
9427	2	58	36	48
9428	2	58	48	52
9429	2	58	52	55
9430	2	58	55	57
9431	2	58	57	62
9432	2	58	62	68
9433	2	58	68	75
9434	2	58	75	82
9435	2	58	82	95
9436	2	58	95	105
9437	2	58	105	111
9438	2	58	111	115
9439	2	58	115	126
9440	2	58	126	141
9441	3	59	6	7
9442	3	59	7	10
9443	3	59	10	12
9444	3	59	12	16
9445	3	59	16	26
9446	3	59	26	30
9447	3	59	30	41
9448	3	59	41	54
9449	3	59	54	55
9450	3	59	55	60
9451	3	59	60	63
9452	3	59	63	70
9453	3	59	70	74
9454	3	59	74	81
9455	3	59	81	93
9456	3	59	93	98
9457	3	59	98	107
9458	3	59	107	112
9459	3	59	112	120
9460	3	59	120	129
9461	4	60	2	7
9462	4	60	7	9
9463	4	60	9	14
9464	4	60	14	18
9465	4	60	18	22
9466	4	60	22	35
9467	4	60	35	43
9468	4	60	43	50
9469	4	60	50	55
9470	4	60	55	57
9471	4	60	57	62
9472	4	60	62	68
9473	4	60	68	72
9474	4	60	72	81
9475	4	60	81	92
9476	4	60	92	102
9477	4	60	102	111
9478	4	60	111	117
9479	4	60	117	121
9480	4	60	121	139
9481	5	61	4	8
9482	5	61	8	11
9483	5	61	11	14
9484	5	61	14	16
9485	5	61	16	22
9486	5	61	22	35
9487	5	61	35	45
9488	5	61	45	50
9489	5	61	50	55
9490	5	61	55	58
9491	5	61	58	65
9492	5	61	65	70
9493	5	61	70	73
9494	5	61	73	87
9495	5	61	87	94
9496	5	61	94	103
9497	5	61	103	107
9498	5	61	107	113
9499	5	61	113	121
9500	5	61	121	142
9501	6	62	2	9
9502	6	62	9	11
9503	6	62	11	12
9504	6	62	12	20
9505	6	62	20	25
9506	6	62	25	30
9507	6	62	30	37
9508	6	62	37	51
9509	6	62	51	57
9510	6	62	57	59
9511	6	62	59	61
9512	6	62	61	66
9513	6	62	66	74
9514	6	62	74	85
9515	6	62	85	92
9516	6	62	92	97
9517	6	62	97	111
9518	6	62	111	113
9519	6	62	113	121
9520	6	62	121	142
9521	7	63	2	10
9522	7	63	10	12
9523	7	63	12	13
9524	7	63	13	21
9525	7	63	21	26
9526	7	63	26	29
9527	7	63	29	48
9528	7	63	48	50
9529	7	63	50	58
9530	7	63	58	60
9531	7	63	60	62
9532	7	63	62	70
9533	7	63	70	74
9534	7	63	74	80
9535	7	63	80	95
9536	7	63	95	105
9537	7	63	105	108
9538	7	63	108	114
9539	7	63	114	121
9540	7	63	121	140
9541	8	64	5	9
9542	8	64	9	12
9543	8	64	12	15
9544	8	64	15	17
9545	8	64	17	27
9546	8	64	27	30
9547	8	64	30	42
9548	8	64	42	51
9549	8	64	51	59
9550	8	64	59	60
9551	8	64	60	63
9552	8	64	63	66
9553	8	64	66	76
9554	8	64	76	85
9555	8	64	85	93
9556	8	64	93	104
9557	8	64	104	111
9558	8	64	111	114
9559	8	64	114	120
9560	8	64	120	141
9561	9	65	2	8
9562	9	65	8	12
9563	9	65	12	15
9564	9	65	15	19
9565	9	65	19	26
9566	9	65	26	33
9567	9	65	33	46
9568	9	65	46	55
9569	9	65	55	58
9570	9	65	58	60
9571	9	65	60	62
9572	9	65	62	70
9573	9	65	70	77
9574	9	65	77	84
9575	9	65	84	91
9576	9	65	91	99
9577	9	65	99	108
9578	9	65	108	118
9579	9	65	118	123
9580	9	65	123	142
9581	10	66	3	8
9582	10	66	8	13
9583	10	66	13	16
9584	10	66	16	20
9585	10	66	20	26
9586	10	66	26	35
9587	10	66	35	43
9588	10	66	43	52
9589	10	66	52	59
9590	10	66	59	61
9591	10	66	61	65
9592	10	66	65	67
9593	10	66	67	74
9594	10	66	74	81
9595	10	66	81	92
9596	10	66	92	97
9597	10	66	97	109
9598	10	66	109	118
9599	10	66	118	124
9600	10	66	124	140
9601	11	67	5	12
9602	11	67	12	14
9603	11	67	14	16
9604	11	67	16	18
9605	11	67	18	27
9606	11	67	27	30
9607	11	67	30	47
9608	11	67	47	54
9609	11	67	54	58
9610	11	67	58	62
9611	11	67	62	65
9612	11	67	65	71
9613	11	67	71	74
9614	11	67	74	83
9615	11	67	83	94
9616	11	67	94	98
9617	11	67	98	113
9618	11	67	113	119
9619	11	67	119	121
9620	11	67	121	139
9621	12	68	3	9
9622	12	68	9	14
9623	12	68	14	17
9624	12	68	17	22
9625	12	68	22	25
9626	12	68	25	30
9627	12	68	30	47
9628	12	68	47	49
9629	12	68	49	57
9630	12	68	57	62
9631	12	68	62	65
9632	12	68	65	70
9633	12	68	70	73
9634	12	68	73	83
9635	12	68	83	96
9636	12	68	96	100
9637	12	68	100	110
9638	12	68	110	117
9639	12	68	117	127
9640	12	68	127	134
9641	13	69	2	10
9642	13	69	10	14
9643	13	69	14	18
9644	13	69	18	21
9645	13	69	21	27
9646	13	69	27	35
9647	13	69	35	48
9648	13	69	48	52
9649	13	69	52	59
9650	13	69	59	62
9651	13	69	62	66
9652	13	69	66	67
9653	13	69	67	76
9654	13	69	76	84
9655	13	69	84	96
9656	13	69	96	104
9657	13	69	104	112
9658	13	69	112	120
9659	13	69	120	128
9660	13	69	128	141
9661	14	70	5	11
9662	14	70	11	17
9663	14	70	17	19
9664	14	70	19	20
9665	14	70	20	26
9666	14	70	26	35
9667	14	70	35	48
9668	14	70	48	50
9669	14	70	50	58
9670	14	70	58	65
9671	14	70	65	67
9672	14	70	67	68
9673	14	70	68	73
9674	14	70	73	84
9675	14	70	84	95
9676	14	70	95	99
9677	14	70	99	108
9678	14	70	108	115
9679	14	70	115	128
9680	14	70	128	144
9681	15	71	2	9
9682	15	71	9	18
9683	15	71	18	20
9684	15	71	20	22
9685	15	71	22	25
9686	15	71	25	31
9687	15	71	31	44
9688	15	71	44	54
9689	15	71	54	59
9690	15	71	59	64
9691	15	71	64	67
9692	15	71	67	72
9693	15	71	72	75
9694	15	71	75	82
9695	15	71	82	95
9696	15	71	95	99
9697	15	71	99	109
9698	15	71	109	119
9699	15	71	119	126
9700	15	71	126	129
9701	16	72	8	10
9702	16	72	10	17
9703	16	72	17	20
9704	16	72	20	23
9705	16	72	23	26
9706	16	72	26	35
9707	16	72	35	43
9708	16	72	43	53
9709	16	72	53	62
9710	16	72	62	65
9711	16	72	65	68
9712	16	72	68	70
9713	16	72	70	74
9714	16	72	74	84
9715	16	72	84	96
9716	16	72	96	98
9717	16	72	98	109
9718	16	72	109	119
9719	16	72	119	122
9720	16	72	122	144
9721	17	73	4	12
9722	17	73	12	19
9723	17	73	19	21
9724	17	73	21	23
9725	17	73	23	28
9726	17	73	28	35
9727	17	73	35	46
9728	17	73	46	50
9729	17	73	50	59
9730	17	73	59	65
9731	17	73	65	68
9732	17	73	68	70
9733	17	73	70	77
9734	17	73	77	82
9735	17	73	82	94
9736	17	73	94	103
9737	17	73	103	115
9738	17	73	115	119
9739	17	73	119	123
9740	17	73	123	140
9741	18	74	2	11
9742	18	74	11	17
9743	18	74	17	22
9744	18	74	22	23
9745	18	74	23	27
9746	18	74	27	36
9747	18	74	36	48
9748	18	74	48	58
9749	18	74	58	60
9750	18	74	60	64
9751	18	74	64	69
9752	18	74	69	71
9753	18	74	71	73
9754	18	74	73	81
9755	18	74	81	94
9756	18	74	94	98
9757	18	74	98	115
9758	18	74	115	119
9759	18	74	119	125
9760	18	74	125	144
9761	19	75	5	14
9762	19	75	14	17
9763	19	75	17	22
9764	19	75	22	24
9765	19	75	24	30
9766	19	75	30	33
9767	19	75	33	41
9768	19	75	41	58
9769	19	75	58	60
9770	19	75	60	68
9771	19	75	68	70
9772	19	75	70	73
9773	19	75	73	76
9774	19	75	76	81
9775	19	75	81	94
9776	19	75	94	96
9777	19	75	96	100
9778	19	75	100	122
9779	19	75	122	124
9780	19	75	124	138
9781	20	76	9	15
9782	20	76	15	19
9783	20	76	19	23
9784	20	76	23	26
9785	20	76	26	28
9786	20	76	28	33
9787	20	76	33	46
9788	20	76	46	48
9789	20	76	48	50
9790	20	76	50	67
9791	20	76	67	71
9792	20	76	71	73
9793	20	76	73	75
9794	20	76	75	83
9795	20	76	83	92
9796	20	76	92	96
9797	20	76	96	111
9798	20	76	111	122
9799	20	76	122	130
9800	20	76	130	143
9801	21	77	5	15
9802	21	77	15	23
9803	21	77	23	24
9804	21	77	24	28
9805	21	77	28	32
9806	21	77	32	36
9807	21	77	36	47
9808	21	77	47	48
9809	21	77	48	49
9810	21	77	49	66
9811	21	77	66	72
9812	21	77	72	74
9813	21	77	74	78
9814	21	77	78	80
9815	21	77	80	91
9816	21	77	91	96
9817	21	77	96	97
9818	21	77	97	122
9819	21	77	122	128
9820	21	77	128	136
9821	22	78	4	14
9822	22	78	14	19
9823	22	78	19	25
9824	22	78	25	29
9825	22	78	29	31
9826	22	78	31	35
9827	22	78	35	48
9828	22	78	48	49
9829	22	78	49	61
9830	22	78	61	70
9831	22	78	70	72
9832	22	78	72	76
9833	22	78	76	80
9834	22	78	80	85
9835	22	78	85	92
9836	22	78	92	105
9837	22	78	105	116
9838	22	78	116	119
9839	22	78	119	128
9840	22	78	128	144
9841	23	79	4	19
9842	23	79	19	22
9843	23	79	22	27
9844	23	79	27	29
9845	23	79	29	32
9846	23	79	32	36
9847	23	79	36	45
9848	23	79	45	53
9849	23	79	53	65
9850	23	79	65	68
9851	23	79	68	73
9852	23	79	73	77
9853	23	79	77	82
9854	23	79	82	84
9855	23	79	84	95
9856	23	79	95	102
9857	23	79	102	113
9858	23	79	113	121
9859	23	79	121	133
9860	23	79	133	138
9861	24	80	12	15
9862	24	80	15	21
9863	24	80	21	27
9864	24	80	27	30
9865	24	80	30	32
9866	24	80	32	40
9867	24	80	40	42
9868	24	80	42	52
9869	24	80	52	67
9870	24	80	67	70
9871	24	80	70	74
9872	24	80	74	78
9873	24	80	78	81
9874	24	80	81	87
9875	24	80	87	89
9876	24	80	89	106
9877	24	80	106	114
9878	24	80	114	126
9879	24	80	126	134
9880	24	80	134	136
9881	25	81	3	15
9882	25	81	15	23
9883	25	81	23	27
9884	25	81	27	30
9885	25	81	30	34
9886	25	81	34	41
9887	25	81	41	48
9888	25	81	48	50
9889	25	81	50	64
9890	25	81	64	71
9891	25	81	71	76
9892	25	81	76	78
9893	25	81	78	80
9894	25	81	80	85
9895	25	81	85	95
9896	25	81	95	98
9897	25	81	98	120
9898	25	81	120	124
9899	25	81	124	133
9900	25	81	133	144
9901	26	82	8	15
9902	26	82	15	24
9903	26	82	24	28
9904	26	82	28	32
9905	26	82	32	35
9906	26	82	35	38
9907	26	82	38	47
9908	26	82	47	53
9909	26	82	53	65
9910	26	82	65	71
9911	26	82	71	75
9912	26	82	75	79
9913	26	82	79	85
9914	26	82	85	87
9915	26	82	87	91
9916	26	82	91	98
9917	26	82	98	116
9918	26	82	116	125
9919	26	82	125	131
9920	26	82	131	140
9921	27	83	2	18
9922	27	83	18	23
9923	27	83	23	29
9924	27	83	29	32
9925	27	83	32	37
9926	27	83	37	39
9927	27	83	39	47
9928	27	83	47	49
9929	27	83	49	69
9930	27	83	69	75
9931	27	83	75	76
9932	27	83	76	80
9933	27	83	80	85
9934	27	83	85	88
9935	27	83	88	95
9936	27	83	95	97
9937	27	83	97	121
9938	27	83	121	126
9939	27	83	126	132
9940	27	83	132	138
9941	28	84	8	22
9942	28	84	22	27
9943	28	84	27	31
9944	28	84	31	33
9945	28	84	33	34
9946	28	84	34	40
9947	28	84	40	44
9948	28	84	44	55
9949	28	84	55	67
9950	28	84	67	72
9951	28	84	72	79
9952	28	84	79	81
9953	28	84	81	85
9954	28	84	85	87
9955	28	84	87	96
9956	28	84	96	99
9957	28	84	99	123
9958	28	84	123	125
9959	28	84	125	134
9960	28	84	134	138
9961	29	85	6	21
9962	29	85	21	25
9963	29	85	25	31
9964	29	85	31	34
9965	29	85	34	38
9966	29	85	38	39
9967	29	85	39	45
9968	29	85	45	63
9969	29	85	63	66
9970	29	85	66	76
9971	29	85	76	79
9972	29	85	79	82
9973	29	85	82	87
9974	29	85	87	90
9975	29	85	90	96
9976	29	85	96	99
9977	29	85	99	118
9978	29	85	118	126
9979	29	85	126	134
9980	29	85	134	144
9981	30	86	1	18
9982	30	86	18	28
9983	30	86	28	29
9984	30	86	29	34
9985	30	86	34	35
9986	30	86	35	41
9987	30	86	41	47
9988	30	86	47	55
9989	30	86	55	68
9990	30	86	68	77
9991	30	86	77	79
9992	30	86	79	82
9993	30	86	82	87
9994	30	86	87	91
9995	30	86	91	94
9996	30	86	94	100
9997	30	86	100	122
9998	30	86	122	131
9999	30	86	131	133
10000	30	86	133	143
10001	31	87	1	19
10002	31	87	19	26
10003	31	87	26	33
10004	31	87	33	35
10005	31	87	35	36
10006	31	87	36	44
10007	31	87	44	48
10008	31	87	48	49
10009	31	87	49	73
10010	31	87	73	78
10011	31	87	78	82
10012	31	87	82	83
10013	31	87	83	84
10014	31	87	84	93
10015	31	87	93	95
10016	31	87	95	98
10017	31	87	98	125
10018	31	87	125	131
10019	31	87	131	137
10020	31	87	137	142
10021	32	88	1	22
10022	32	88	22	25
10023	32	88	25	33
10024	32	88	33	36
10025	32	88	36	40
10026	32	88	40	41
10027	32	88	41	46
10028	32	88	46	52
10029	32	88	52	73
10030	32	88	73	76
10031	32	88	76	81
10032	32	88	81	84
10033	32	88	84	85
10034	32	88	85	94
10035	32	88	94	96
10036	32	88	96	103
10037	32	88	103	122
10038	32	88	122	131
10039	32	88	131	136
10040	32	88	136	144
10041	33	89	1	21
10042	33	89	21	26
10043	33	89	26	32
10044	33	89	32	37
10045	33	89	37	38
10046	33	89	38	44
10047	33	89	44	47
10048	33	89	47	57
10049	33	89	57	68
10050	33	89	68	76
10051	33	89	76	80
10052	33	89	80	84
10053	33	89	84	87
10054	33	89	87	94
10055	33	89	94	95
10056	33	89	95	99
10057	33	89	99	124
10058	33	89	124	131
10059	33	89	131	135
10060	33	89	135	142
10061	34	90	14	21
10062	34	90	21	29
10063	34	90	29	33
10064	34	90	33	36
10065	34	90	36	40
10066	34	90	40	43
10067	34	90	43	46
10068	34	90	46	59
10069	34	90	59	68
10070	34	90	68	76
10071	34	90	76	83
10072	34	90	83	85
10073	34	90	85	89
10074	34	90	89	92
10075	34	90	92	95
10076	34	90	95	99
10077	34	90	99	122
10078	34	90	122	131
10079	34	90	131	135
10080	34	90	135	140
10081	35	91	5	22
10082	35	91	22	30
10083	35	91	30	36
10084	35	91	36	37
10085	35	91	37	41
10086	35	91	41	45
10087	35	91	45	48
10088	35	91	48	49
10089	35	91	49	73
10090	35	91	73	78
10091	35	91	78	81
10092	35	91	81	86
10093	35	91	86	89
10094	35	91	89	94
10095	35	91	94	96
10096	35	91	96	103
10097	35	91	103	124
10098	35	91	124	129
10099	35	91	129	138
10100	35	91	138	141
10101	36	92	1	20
10102	36	92	20	31
10103	36	92	31	33
10104	36	92	33	38
10105	36	92	38	41
10106	36	92	41	45
10107	36	92	45	47
10108	36	92	47	57
10109	36	92	57	71
10110	36	92	71	77
10111	36	92	77	81
10112	36	92	81	86
10113	36	92	86	90
10114	36	92	90	94
10115	36	92	94	96
10116	36	92	96	109
10117	36	92	109	124
10118	36	92	124	132
10119	36	92	132	134
10120	36	92	134	143
10121	37	93	13	24
10122	37	93	24	26
10123	37	93	26	33
10124	37	93	33	38
10125	37	93	38	42
10126	37	93	42	46
10127	37	93	46	47
10128	37	93	47	52
10129	37	93	52	72
10130	37	93	72	76
10131	37	93	76	84
10132	37	93	84	86
10133	37	93	86	90
10134	37	93	90	95
10135	37	93	95	96
10136	37	93	96	101
10137	37	93	101	122
10138	37	93	122	132
10139	37	93	132	135
10140	37	93	135	143
10141	38	94	1	25
10142	38	94	25	28
10143	38	94	28	33
10144	38	94	33	41
10145	38	94	41	42
10146	38	94	42	43
10147	38	94	43	48
10148	38	94	48	63
10149	38	94	63	75
10150	38	94	75	77
10151	38	94	77	82
10152	38	94	82	89
10153	38	94	89	90
10154	38	94	90	95
10155	38	94	95	96
10156	38	94	96	99
10157	38	94	99	123
10158	38	94	123	129
10159	38	94	129	135
10160	38	94	135	144
10161	39	95	1	18
10162	39	95	18	31
10163	39	95	31	32
10164	39	95	32	37
10165	39	95	37	42
10166	39	95	42	46
10167	39	95	46	47
10168	39	95	47	56
10169	39	95	56	70
10170	39	95	70	79
10171	39	95	79	85
10172	39	95	85	87
10173	39	95	87	91
10174	39	95	91	96
10175	39	95	96	105
10176	39	95	105	119
10177	39	95	119	126
10178	39	95	126	129
10179	39	95	129	136
10180	39	95	136	140
10181	40	96	2	20
10182	40	96	20	30
10183	40	96	30	35
10184	40	96	35	38
10185	40	96	38	43
10186	40	96	43	46
10187	40	96	46	47
10188	40	96	47	50
10189	40	96	50	70
10190	40	96	70	77
10191	40	96	77	85
10192	40	96	85	90
10193	40	96	90	91
10194	40	96	91	95
10195	40	96	95	101
10196	40	96	101	121
10197	40	96	121	129
10198	40	96	129	131
10199	40	96	131	139
10200	40	96	139	140
10201	49	105	3	7
10202	49	105	7	15
10203	49	105	15	18
10204	49	105	18	27
10205	49	105	27	47
10206	49	105	47	50
10207	49	105	50	55
10208	49	105	55	57
10209	49	105	57	64
10210	49	105	64	69
10211	49	105	69	76
10212	49	105	76	81
10213	49	105	81	96
10214	49	105	96	100
10215	49	105	100	102
10216	49	105	102	109
10217	49	105	109	113
10218	49	105	113	119
10219	49	105	119	124
10220	49	105	124	137
10221	50	106	5	11
10222	50	106	11	13
10223	50	106	13	23
10224	50	106	23	30
10225	50	106	30	46
10226	50	106	46	51
10227	50	106	51	55
10228	50	106	55	58
10229	50	106	58	64
10230	50	106	64	66
10231	50	106	66	76
10232	50	106	76	87
10233	50	106	87	94
10234	50	106	94	100
10235	50	106	100	103
10236	50	106	103	108
10237	50	106	108	111
10238	50	106	111	118
10239	50	106	118	127
10240	50	106	127	140
10241	51	107	3	11
10242	51	107	11	15
10243	51	107	15	18
10244	51	107	18	28
10245	51	107	28	47
10246	51	107	47	49
10247	51	107	49	56
10248	51	107	56	57
10249	51	107	57	64
10250	51	107	64	68
10251	51	107	68	74
10252	51	107	74	84
10253	51	107	84	96
10254	51	107	96	102
10255	51	107	102	104
10256	51	107	104	109
10257	51	107	109	113
10258	51	107	113	120
10259	51	107	120	126
10260	51	107	126	137
10261	52	108	1	11
10262	52	108	11	17
10263	52	108	17	19
10264	52	108	19	27
10265	52	108	27	48
10266	52	108	48	55
10267	52	108	55	56
10268	52	108	56	60
10269	52	108	60	64
10270	52	108	64	70
10271	52	108	70	77
10272	52	108	77	87
10273	52	108	87	94
10274	52	108	94	97
10275	52	108	97	104
10276	52	108	104	109
10277	52	108	109	110
10278	52	108	110	118
10279	52	108	118	126
10280	52	108	126	142
10281	53	109	4	7
10282	53	109	7	17
10283	53	109	17	22
10284	53	109	22	30
10285	53	109	30	43
10286	53	109	43	52
10287	53	109	52	56
10288	53	109	56	60
10289	53	109	60	64
10290	53	109	64	69
10291	53	109	69	75
10292	53	109	75	85
10293	53	109	85	96
10294	53	109	96	97
10295	53	109	97	105
10296	53	109	105	108
10297	53	109	108	114
10298	53	109	114	118
10299	53	109	118	121
10300	53	109	121	138
10301	54	110	2	10
10302	54	110	10	13
10303	54	110	13	21
10304	54	110	21	26
10305	54	110	26	47
10306	54	110	47	50
10307	54	110	50	57
10308	54	110	57	60
10309	54	110	60	65
10310	54	110	65	67
10311	54	110	67	76
10312	54	110	76	89
10313	54	110	89	92
10314	54	110	92	102
10315	54	110	102	105
10316	54	110	105	107
10317	54	110	107	114
10318	54	110	114	116
10319	54	110	116	126
10320	54	110	126	135
10321	55	111	7	11
10322	55	111	11	13
10323	55	111	13	19
10324	55	111	19	33
10325	55	111	33	45
10326	55	111	45	51
10327	55	111	51	57
10328	55	111	57	61
10329	55	111	61	66
10330	55	111	66	68
10331	55	111	68	73
10332	55	111	73	81
10333	55	111	81	96
10334	55	111	96	105
10335	55	111	105	106
10336	55	111	106	108
10337	55	111	108	115
10338	55	111	115	121
10339	55	111	121	126
10340	55	111	126	142
10341	56	112	3	10
10342	56	112	10	14
10343	56	112	14	26
10344	56	112	26	33
10345	56	112	33	47
10346	56	112	47	53
10347	56	112	53	58
10348	56	112	58	62
10349	56	112	62	63
10350	56	112	63	67
10351	56	112	67	75
10352	56	112	75	82
10353	56	112	82	95
10354	56	112	95	97
10355	56	112	97	106
10356	56	112	106	109
10357	56	112	109	111
10358	56	112	111	121
10359	56	112	121	128
10360	56	112	128	138
10361	57	113	4	10
10362	57	113	10	18
10363	57	113	18	22
10364	57	113	22	32
10365	57	113	32	48
10366	57	113	48	55
10367	57	113	55	60
10368	57	113	60	62
10369	57	113	62	67
10370	57	113	67	71
10371	57	113	71	78
10372	57	113	78	89
10373	57	113	89	96
10374	57	113	96	98
10375	57	113	98	107
10376	57	113	107	110
10377	57	113	110	111
10378	57	113	111	120
10379	57	113	120	128
10380	57	113	128	140
10381	58	114	1	13
10382	58	114	13	18
10383	58	114	18	22
10384	58	114	22	35
10385	58	114	35	46
10386	58	114	46	50
10387	58	114	50	59
10388	58	114	59	63
10389	58	114	63	66
10390	58	114	66	71
10391	58	114	71	78
10392	58	114	78	83
10393	58	114	83	96
10394	58	114	96	105
10395	58	114	105	109
10396	58	114	109	111
10397	58	114	111	115
10398	58	114	115	121
10399	58	114	121	128
10400	58	114	128	137
10401	59	115	6	10
10402	59	115	10	16
10403	59	115	16	25
10404	59	115	25	32
10405	59	115	32	45
10406	59	115	45	50
10407	59	115	50	60
10408	59	115	60	64
10409	59	115	64	65
10410	59	115	65	71
10411	59	115	71	76
10412	59	115	76	91
10413	59	115	91	96
10414	59	115	96	97
10415	59	115	97	109
10416	59	115	109	112
10417	59	115	112	113
10418	59	115	113	119
10419	59	115	119	124
10420	59	115	124	143
10421	60	116	4	9
10422	60	116	9	16
10423	60	116	16	25
10424	60	116	25	29
10425	60	116	29	44
10426	60	116	44	57
10427	60	116	57	59
10428	60	116	59	64
10429	60	116	64	68
10430	60	116	68	72
10431	60	116	72	78
10432	60	116	78	82
10433	60	116	82	96
10434	60	116	96	98
10435	60	116	98	109
10436	60	116	109	112
10437	60	116	112	114
10438	60	116	114	118
10439	60	116	118	129
10440	60	116	129	135
10441	61	117	2	12
10442	61	117	12	20
10443	61	117	20	24
10444	61	117	24	34
10445	61	117	34	47
10446	61	117	47	51
10447	61	117	51	62
10448	61	117	62	65
10449	61	117	65	69
10450	61	117	69	74
10451	61	117	74	80
10452	61	117	80	88
10453	61	117	88	93
10454	61	117	93	99
10455	61	117	99	111
10456	61	117	111	113
10457	61	117	113	114
10458	61	117	114	123
10459	61	117	123	129
10460	61	117	129	144
10461	62	118	2	14
10462	62	118	14	22
10463	62	118	22	23
10464	62	118	23	33
10465	62	118	33	47
10466	62	118	47	53
10467	62	118	53	61
10468	62	118	61	66
10469	62	118	66	68
10470	62	118	68	75
10471	62	118	75	79
10472	62	118	79	89
10473	62	118	89	95
10474	62	118	95	98
10475	62	118	98	111
10476	62	118	111	113
10477	62	118	113	116
10478	62	118	116	121
10479	62	118	121	129
10480	62	118	129	141
10481	63	119	10	16
10482	63	119	16	22
10483	63	119	22	26
10484	63	119	26	42
10485	63	119	42	46
10486	63	119	46	51
10487	63	119	51	61
10488	63	119	61	67
10489	63	119	67	70
10490	63	119	70	75
10491	63	119	75	79
10492	63	119	79	91
10493	63	119	91	96
10494	63	119	96	101
10495	63	119	101	111
10496	63	119	111	114
10497	63	119	114	116
10498	63	119	116	120
10499	63	119	120	130
10500	63	119	130	135
10501	64	120	1	12
10502	64	120	12	22
10503	64	120	22	30
10504	64	120	30	38
10505	64	120	38	48
10506	64	120	48	51
10507	64	120	51	66
10508	64	120	66	68
10509	64	120	68	71
10510	64	120	71	73
10511	64	120	73	82
10512	64	120	82	90
10513	64	120	90	95
10514	64	120	95	99
10515	64	120	99	111
10516	64	120	111	115
10517	64	120	115	119
10518	64	120	119	123
10519	64	120	123	131
10520	64	120	131	144
10521	65	121	1	18
10522	65	121	18	19
10523	65	121	19	26
10524	65	121	26	38
10525	65	121	38	47
10526	65	121	47	49
10527	65	121	49	66
10528	65	121	66	68
10529	65	121	68	72
10530	65	121	72	77
10531	65	121	77	80
10532	65	121	80	87
10533	65	121	87	96
10534	65	121	96	107
10535	65	121	107	114
10536	65	121	114	116
10537	65	121	116	120
10538	65	121	120	124
10539	65	121	124	127
10540	65	121	127	140
10541	66	122	2	16
10542	66	122	16	23
10543	66	122	23	33
10544	66	122	33	46
10545	66	122	46	48
10546	66	122	48	50
10547	66	122	50	67
10548	66	122	67	69
10549	66	122	69	71
10550	66	122	71	78
10551	66	122	78	81
10552	66	122	81	94
10553	66	122	94	97
10554	66	122	97	107
10555	66	122	107	113
10556	66	122	113	118
10557	66	122	118	120
10558	66	122	120	126
10559	66	122	126	131
10560	66	122	131	140
10561	67	123	1	16
10562	67	123	16	22
10563	67	123	22	34
10564	67	123	34	36
10565	67	123	36	54
10566	67	123	54	62
10567	67	123	62	68
10568	67	123	68	70
10569	67	123	70	72
10570	67	123	72	76
10571	67	123	76	81
10572	67	123	81	91
10573	67	123	91	104
10574	67	123	104	108
10575	67	123	108	116
10576	67	123	116	117
10577	67	123	117	120
10578	67	123	120	127
10579	67	123	127	131
10580	67	123	131	139
10581	68	124	5	17
10582	68	124	17	23
10583	68	124	23	29
10584	68	124	29	43
10585	68	124	43	51
10586	68	124	51	61
10587	68	124	61	69
10588	68	124	69	72
10589	68	124	72	73
10590	68	124	73	79
10591	68	124	79	85
10592	68	124	85	95
10593	68	124	95	98
10594	68	124	98	112
10595	68	124	112	117
10596	68	124	117	118
10597	68	124	118	121
10598	68	124	121	127
10599	68	124	127	128
10600	68	124	128	144
10601	69	125	11	18
10602	69	125	18	27
10603	69	125	27	30
10604	69	125	30	48
10605	69	125	48	58
10606	69	125	58	65
10607	69	125	65	67
10608	69	125	67	72
10609	69	125	72	75
10610	69	125	75	79
10611	69	125	79	83
10612	69	125	83	96
10613	69	125	96	98
10614	69	125	98	113
10615	69	125	113	116
10616	69	125	116	119
10617	69	125	119	123
10618	69	125	123	128
10619	69	125	128	134
10620	69	125	134	135
10621	70	126	2	18
10622	70	126	18	25
10623	70	126	25	36
10624	70	126	36	48
10625	70	126	48	49
10626	70	126	49	63
10627	70	126	63	71
10628	70	126	71	73
10629	70	126	73	75
10630	70	126	75	80
10631	70	126	80	87
10632	70	126	87	95
10633	70	126	95	100
10634	70	126	100	110
10635	70	126	110	118
10636	70	126	118	120
10637	70	126	120	124
10638	70	126	124	128
10639	70	126	128	134
10640	70	126	134	138
10641	71	127	1	18
10642	71	127	18	26
10643	71	127	26	36
10644	71	127	36	42
10645	71	127	42	49
10646	71	127	49	64
10647	71	127	64	68
10648	71	127	68	74
10649	71	127	74	77
10650	71	127	77	80
10651	71	127	80	85
10652	71	127	85	95
10653	71	127	95	104
10654	71	127	104	114
10655	71	127	114	116
10656	71	127	116	121
10657	71	127	121	124
10658	71	127	124	125
10659	71	127	125	135
10660	71	127	135	144
10661	72	128	3	19
10662	72	128	19	28
10663	72	128	28	37
10664	72	128	37	45
10665	72	128	45	48
10666	72	128	48	52
10667	72	128	52	71
10668	72	128	71	75
10669	72	128	75	77
10670	72	128	77	81
10671	72	128	81	84
10672	72	128	84	89
10673	72	128	89	102
10674	72	128	102	110
10675	72	128	110	120
10676	72	128	120	123
10677	72	128	123	125
10678	72	128	125	130
10679	72	128	130	134
10680	72	128	134	144
10681	73	129	2	20
10682	73	129	20	28
10683	73	129	28	35
10684	73	129	35	45
10685	73	129	45	48
10686	73	129	48	58
10687	73	129	58	69
10688	73	129	69	75
10689	73	129	75	78
10690	73	129	78	82
10691	73	129	82	86
10692	73	129	86	95
10693	73	129	95	108
10694	73	129	108	110
10695	73	129	110	120
10696	73	129	120	123
10697	73	129	123	126
10698	73	129	126	130
10699	73	129	130	134
10700	73	129	134	144
10701	74	130	3	24
10702	74	130	24	31
10703	74	130	31	32
10704	74	130	32	41
10705	74	130	41	47
10706	74	130	47	52
10707	74	130	52	70
10708	74	130	70	75
10709	74	130	75	79
10710	74	130	79	81
10711	74	130	81	84
10712	74	130	84	89
10713	74	130	89	96
10714	74	130	96	108
10715	74	130	108	118
10716	74	130	118	124
10717	74	130	124	126
10718	74	130	126	129
10719	74	130	129	136
10720	74	130	136	141
10721	75	131	5	18
10722	75	131	18	30
10723	75	131	30	38
10724	75	131	38	45
10725	75	131	45	48
10726	75	131	48	61
10727	75	131	61	71
10728	75	131	71	78
10729	75	131	78	79
10730	75	131	79	80
10731	75	131	80	89
10732	75	131	89	90
10733	75	131	90	96
10734	75	131	96	102
10735	75	131	102	120
10736	75	131	120	126
10737	75	131	126	127
10738	75	131	127	129
10739	75	131	129	135
10740	75	131	135	143
10741	76	132	4	25
10742	76	132	25	30
10743	76	132	30	36
10744	76	132	36	39
10745	76	132	39	46
10746	76	132	46	58
10747	76	132	58	74
10748	76	132	74	75
10749	76	132	75	80
10750	76	132	80	84
10751	76	132	84	87
10752	76	132	87	95
10753	76	132	95	96
10754	76	132	96	99
10755	76	132	99	121
10756	76	132	121	126
10757	76	132	126	128
10758	76	132	128	130
10759	76	132	130	137
10760	76	132	137	141
10761	77	133	1	22
10762	77	133	22	29
10763	77	133	29	35
10764	77	133	35	44
10765	77	133	44	47
10766	77	133	47	49
10767	77	133	49	69
10768	77	133	69	78
10769	77	133	78	80
10770	77	133	80	82
10771	77	133	82	89
10772	77	133	89	95
10773	77	133	95	96
10774	77	133	96	97
10775	77	133	97	121
10776	77	133	121	127
10777	77	133	127	128
10778	77	133	128	131
10779	77	133	131	134
10780	77	133	134	141
10781	78	134	7	24
10782	78	134	24	29
10783	78	134	29	36
10784	78	134	36	41
10785	78	134	41	48
10786	78	134	48	50
10787	78	134	50	70
10788	78	134	70	79
10789	78	134	79	82
10790	78	134	82	85
10791	78	134	85	87
10792	78	134	87	92
10793	78	134	92	96
10794	78	134	96	105
10795	78	134	105	120
10796	78	134	120	124
10797	78	134	124	129
10798	78	134	129	133
10799	78	134	133	138
10800	78	134	138	139
10801	79	135	2	19
10802	79	135	19	31
10803	79	135	31	35
10804	79	135	35	41
10805	79	135	41	48
10806	79	135	48	53
10807	79	135	53	74
10808	79	135	74	78
10809	79	135	78	82
10810	79	135	82	84
10811	79	135	84	90
10812	79	135	90	94
10813	79	135	94	96
10814	79	135	96	97
10815	79	135	97	120
10816	79	135	120	128
10817	79	135	128	129
10818	79	135	129	132
10819	79	135	132	139
10820	79	135	139	141
10821	80	136	1	20
10822	80	136	20	32
10823	80	136	32	34
10824	80	136	34	44
10825	80	136	44	46
10826	80	136	46	53
10827	80	136	53	69
10828	80	136	69	76
10829	80	136	76	82
10830	80	136	82	85
10831	80	136	85	90
10832	80	136	90	92
10833	80	136	92	96
10834	80	136	96	97
10835	80	136	97	119
10836	80	136	119	125
10837	80	136	125	130
10838	80	136	130	134
10839	80	136	134	138
10840	80	136	138	143
10841	81	137	5	19
10842	81	137	19	29
10843	81	137	29	38
10844	81	137	38	43
10845	81	137	43	46
10846	81	137	46	54
10847	81	137	54	71
10848	81	137	71	78
10849	81	137	78	82
10850	81	137	82	86
10851	81	137	86	90
10852	81	137	90	93
10853	81	137	93	96
10854	81	137	96	99
10855	81	137	99	122
10856	81	137	122	128
10857	81	137	128	132
10858	81	137	132	134
10859	81	137	134	138
10860	81	137	138	140
10861	82	138	6	23
10862	82	138	23	29
10863	82	138	29	35
10864	82	138	35	43
10865	82	138	43	47
10866	82	138	47	58
10867	82	138	58	72
10868	82	138	72	80
10869	82	138	80	83
10870	82	138	83	86
10871	82	138	86	89
10872	82	138	89	92
10873	82	138	92	96
10874	82	138	96	101
10875	82	138	101	119
10876	82	138	119	125
10877	82	138	125	130
10878	82	138	130	134
10879	82	138	134	135
10880	82	138	135	142
10881	83	139	10	22
10882	83	139	22	31
10883	83	139	31	37
10884	83	139	37	41
10885	83	139	41	48
10886	83	139	48	51
10887	83	139	51	69
10888	83	139	69	78
10889	83	139	78	85
10890	83	139	85	86
10891	83	139	86	88
10892	83	139	88	95
10893	83	139	95	96
10894	83	139	96	97
10895	83	139	97	124
10896	83	139	124	128
10897	83	139	128	130
10898	83	139	130	135
10899	83	139	135	140
10900	83	139	140	142
10901	84	140	1	22
10902	84	140	22	33
10903	84	140	33	38
10904	84	140	38	43
10905	84	140	43	48
10906	84	140	48	50
10907	84	140	50	75
10908	84	140	75	76
10909	84	140	76	82
10910	84	140	82	87
10911	84	140	87	91
10912	84	140	91	95
10913	84	140	95	96
10914	84	140	96	107
10915	84	140	107	122
10916	84	140	122	130
10917	84	140	130	131
10918	84	140	131	135
10919	84	140	135	137
10920	84	140	137	144
10921	85	141	2	25
10922	85	141	25	31
10923	85	141	31	38
10924	85	141	38	40
10925	85	141	40	46
10926	85	141	46	54
10927	85	141	54	74
10928	85	141	74	79
10929	85	141	79	82
10930	85	141	82	89
10931	85	141	89	91
10932	85	141	91	94
10933	85	141	94	96
10934	85	141	96	100
10935	85	141	100	123
10936	85	141	123	127
10937	85	141	127	131
10938	85	141	131	136
10939	85	141	136	138
10940	85	141	138	143
10941	86	142	1	21
10942	86	142	21	34
10943	86	142	34	37
10944	86	142	37	41
10945	86	142	41	48
10946	86	142	48	57
10947	86	142	57	69
10948	86	142	69	80
10949	86	142	80	81
10950	86	142	81	89
10951	86	142	89	91
10952	86	142	91	93
10953	86	142	93	96
10954	86	142	96	119
10955	86	142	119	122
10956	86	142	122	130
10957	86	142	130	131
10958	86	142	131	137
10959	86	142	137	139
10960	86	142	139	141
10961	87	143	2	20
10962	87	143	20	31
10963	87	143	31	35
10964	87	143	35	42
10965	87	143	42	46
10966	87	143	46	54
10967	87	143	54	69
10968	87	143	69	76
10969	87	143	76	85
10970	87	143	85	88
10971	87	143	88	91
10972	87	143	91	95
10973	87	143	95	96
10974	87	143	96	109
10975	87	143	109	120
10976	87	143	120	130
10977	87	143	130	132
10978	87	143	132	138
10979	87	143	138	140
10980	87	143	140	142
10981	88	144	7	21
10982	88	144	21	31
10983	88	144	31	39
10984	88	144	39	43
10985	88	144	43	48
10986	88	144	48	49
10987	88	144	49	68
10988	88	144	68	79
10989	88	144	79	85
10990	88	144	85	87
10991	88	144	87	91
10992	88	144	91	94
10993	88	144	94	96
10994	88	144	96	102
10995	88	144	102	123
10996	88	144	123	126
10997	88	144	126	133
10998	88	144	133	138
10999	88	144	138	140
11000	88	144	140	142
11001	97	17	4	11
11002	97	17	11	23
11003	97	17	23	32
11004	97	17	32	43
11005	97	17	43	50
11006	97	17	50	55
11007	97	17	55	56
11008	97	17	56	57
11009	97	17	57	58
11010	97	17	58	59
11011	97	17	59	60
11012	97	17	60	63
11013	97	17	63	68
11014	97	17	68	71
11015	97	17	71	90
11016	97	17	90	96
11017	97	17	96	106
11018	97	17	106	116
11019	97	17	116	124
11020	97	17	124	130
11021	98	18	2	10
11022	98	18	10	21
11023	98	18	21	33
11024	98	18	33	34
11025	98	18	34	51
11026	98	18	51	56
11027	98	18	56	57
11028	98	18	57	58
11029	98	18	58	59
11030	98	18	59	60
11031	98	18	60	61
11032	98	18	61	63
11033	98	18	63	65
11034	98	18	65	77
11035	98	18	77	89
11036	98	18	89	96
11037	98	18	96	101
11038	98	18	101	112
11039	98	18	112	125
11040	98	18	125	137
11041	99	19	2	12
11042	99	19	12	16
11043	99	19	16	30
11044	99	19	30	34
11045	99	19	34	55
11046	99	19	55	57
11047	99	19	57	58
11048	99	19	58	59
11049	99	19	59	60
11050	99	19	60	61
11051	99	19	61	62
11052	99	19	62	63
11053	99	19	63	68
11054	99	19	68	76
11055	99	19	76	85
11056	99	19	85	93
11057	99	19	93	101
11058	99	19	101	113
11059	99	19	113	126
11060	99	19	126	142
11061	100	20	4	12
11062	100	20	12	17
11063	100	20	17	30
11064	100	20	30	42
11065	100	20	42	52
11066	100	20	52	57
11067	100	20	57	58
11068	100	20	58	59
11069	100	20	59	60
11070	100	20	60	61
11071	100	20	61	62
11072	100	20	62	63
11073	100	20	63	67
11074	100	20	67	72
11075	100	20	72	87
11076	100	20	87	95
11077	100	20	95	108
11078	100	20	108	116
11079	100	20	116	127
11080	100	20	127	138
11081	101	21	3	13
11082	101	21	13	17
11083	101	21	17	34
11084	101	21	34	46
11085	101	21	46	53
11086	101	21	53	58
11087	101	21	58	59
11088	101	21	59	60
11089	101	21	60	61
11090	101	21	61	62
11091	101	21	62	63
11092	101	21	63	64
11093	101	21	64	70
11094	101	21	70	74
11095	101	21	74	83
11096	101	21	83	95
11097	101	21	95	100
11098	101	21	100	114
11099	101	21	114	123
11100	101	21	123	141
11101	102	22	5	10
11102	102	22	10	23
11103	102	22	23	30
11104	102	22	30	41
11105	102	22	41	53
11106	102	22	53	58
11107	102	22	58	60
11108	102	22	60	61
11109	102	22	61	62
11110	102	22	62	63
11111	102	22	63	64
11112	102	22	64	65
11113	102	22	65	66
11114	102	22	66	77
11115	102	22	77	87
11116	102	22	87	93
11117	102	22	93	97
11118	102	22	97	114
11119	102	22	114	127
11120	102	22	127	138
11121	103	23	1	12
11122	103	23	12	19
11123	103	23	19	29
11124	103	23	29	48
11125	103	23	48	49
11126	103	23	49	59
11127	103	23	59	61
11128	103	23	61	62
11129	103	23	62	63
11130	103	23	63	64
11131	103	23	64	65
11132	103	23	65	66
11133	103	23	66	67
11134	103	23	67	79
11135	103	23	79	88
11136	103	23	88	93
11137	103	23	93	98
11138	103	23	98	118
11139	103	23	118	122
11140	103	23	122	129
11141	104	24	2	11
11142	104	24	11	22
11143	104	24	22	32
11144	104	24	32	47
11145	104	24	47	50
11146	104	24	50	60
11147	104	24	60	62
11148	104	24	62	63
11149	104	24	63	64
11150	104	24	64	65
11151	104	24	65	66
11152	104	24	66	67
11153	104	24	67	69
11154	104	24	69	76
11155	104	24	76	91
11156	104	24	91	95
11157	104	24	95	99
11158	104	24	99	114
11159	104	24	114	123
11160	104	24	123	136
11161	105	25	9	16
11162	105	25	16	21
11163	105	25	21	35
11164	105	25	35	37
11165	105	25	37	51
11166	105	25	51	60
11167	105	25	60	63
11168	105	25	63	64
11169	105	25	64	65
11170	105	25	65	66
11171	105	25	66	67
11172	105	25	67	68
11173	105	25	68	72
11174	105	25	72	76
11175	105	25	76	84
11176	105	25	84	96
11177	105	25	96	97
11178	105	25	97	115
11179	105	25	115	126
11180	105	25	126	131
11181	106	26	2	12
11182	106	26	12	25
11183	106	26	25	35
11184	106	26	35	41
11185	106	26	41	59
11186	106	26	59	60
11187	106	26	60	64
11188	106	26	64	65
11189	106	26	65	66
11190	106	26	66	67
11191	106	26	67	68
11192	106	26	68	69
11193	106	26	69	71
11194	106	26	71	75
11195	106	26	75	85
11196	106	26	85	96
11197	106	26	96	98
11198	106	26	98	119
11199	106	26	119	125
11200	106	26	125	141
11201	107	27	10	14
11202	107	27	14	24
11203	107	27	24	35
11204	107	27	35	46
11205	107	27	46	49
11206	107	27	49	60
11207	107	27	60	65
11208	107	27	65	66
11209	107	27	66	67
11210	107	27	67	68
11211	107	27	68	69
11212	107	27	69	70
11213	107	27	70	71
11214	107	27	71	73
11215	107	27	73	87
11216	107	27	87	96
11217	107	27	96	110
11218	107	27	110	120
11219	107	27	120	128
11220	107	27	128	144
11221	108	28	6	14
11222	108	28	14	26
11223	108	28	26	35
11224	108	28	35	48
11225	108	28	48	54
11226	108	28	54	62
11227	108	28	62	66
11228	108	28	66	67
11229	108	28	67	68
11230	108	28	68	69
11231	108	28	69	70
11232	108	28	70	71
11233	108	28	71	72
11234	108	28	72	79
11235	108	28	79	86
11236	108	28	86	94
11237	108	28	94	98
11238	108	28	98	119
11239	108	28	119	129
11240	108	28	129	141
11241	109	29	5	17
11242	109	29	17	23
11243	109	29	23	33
11244	109	29	33	46
11245	109	29	46	58
11246	109	29	58	62
11247	109	29	62	67
11248	109	29	67	68
11249	109	29	68	69
11250	109	29	69	70
11251	109	29	70	71
11252	109	29	71	72
11253	109	29	72	74
11254	109	29	74	79
11255	109	29	79	88
11256	109	29	88	94
11257	109	29	94	97
11258	109	29	97	115
11259	109	29	115	125
11260	109	29	125	141
11261	110	30	2	14
11262	110	30	14	22
11263	110	30	22	29
11264	110	30	29	46
11265	110	30	46	54
11266	110	30	54	65
11267	110	30	65	68
11268	110	30	68	69
11269	110	30	69	70
11270	110	30	70	71
11271	110	30	71	72
11272	110	30	72	73
11273	110	30	73	74
11274	110	30	74	80
11275	110	30	80	86
11276	110	30	86	95
11277	110	30	95	101
11278	110	30	101	116
11279	110	30	116	124
11280	110	30	124	136
11281	111	31	1	15
11282	111	31	15	25
11283	111	31	25	34
11284	111	31	34	48
11285	111	31	48	49
11286	111	31	49	66
11287	111	31	66	69
11288	111	31	69	70
11289	111	31	70	71
11290	111	31	71	72
11291	111	31	72	73
11292	111	31	73	74
11293	111	31	74	75
11294	111	31	75	76
11295	111	31	76	86
11296	111	31	86	95
11297	111	31	95	100
11298	111	31	100	118
11299	111	31	118	125
11300	111	31	125	137
11301	112	32	6	18
11302	112	32	18	27
11303	112	32	27	31
11304	112	32	31	41
11305	112	32	41	56
11306	112	32	56	66
11307	112	32	66	70
11308	112	32	70	71
11309	112	32	71	72
11310	112	32	72	73
11311	112	32	73	74
11312	112	32	74	75
11313	112	32	75	76
11314	112	32	76	80
11315	112	32	80	86
11316	112	32	86	95
11317	112	32	95	100
11318	112	32	100	118
11319	112	32	118	127
11320	112	32	127	136
11321	113	33	3	19
11322	113	33	19	28
11323	113	33	28	32
11324	113	33	32	48
11325	113	33	48	51
11326	113	33	51	67
11327	113	33	67	70
11328	113	33	70	71
11329	113	33	71	72
11330	113	33	72	73
11331	113	33	73	74
11332	113	33	74	75
11333	113	33	75	76
11334	113	33	76	79
11335	113	33	79	89
11336	113	33	89	95
11337	113	33	95	98
11338	113	33	98	121
11339	113	33	121	130
11340	113	33	130	134
11341	114	34	10	18
11342	114	34	18	27
11343	114	34	27	30
11344	114	34	30	41
11345	114	34	41	63
11346	114	34	63	67
11347	114	34	67	71
11348	114	34	71	72
11349	114	34	72	73
11350	114	34	73	74
11351	114	34	74	75
11352	114	34	75	76
11353	114	34	76	77
11354	114	34	77	81
11355	114	34	81	90
11356	114	34	90	96
11357	114	34	96	107
11358	114	34	107	121
11359	114	34	121	130
11360	114	34	130	143
11361	115	35	6	23
11362	115	35	23	29
11363	115	35	29	39
11364	115	35	39	41
11365	115	35	41	59
11366	115	35	59	65
11367	115	35	65	72
11368	115	35	72	73
11369	115	35	73	74
11370	115	35	74	75
11371	115	35	75	76
11372	115	35	76	77
11373	115	35	77	78
11374	115	35	78	80
11375	115	35	80	86
11376	115	35	86	95
11377	115	35	95	104
11378	115	35	104	124
11379	115	35	124	129
11380	115	35	129	136
11381	116	36	2	18
11382	116	36	18	28
11383	116	36	28	38
11384	116	36	38	46
11385	116	36	46	51
11386	116	36	51	67
11387	116	36	67	72
11388	116	36	72	74
11389	116	36	74	75
11390	116	36	75	76
11391	116	36	76	77
11392	116	36	77	78
11393	116	36	78	79
11394	116	36	79	82
11395	116	36	82	91
11396	116	36	91	96
11397	116	36	96	98
11398	116	36	98	122
11399	116	36	122	129
11400	116	36	129	141
11401	117	37	2	21
11402	117	37	21	26
11403	117	37	26	39
11404	117	37	39	45
11405	117	37	45	57
11406	117	37	57	72
11407	117	37	72	73
11408	117	37	73	75
11409	117	37	75	76
11410	117	37	76	77
11411	117	37	77	78
11412	117	37	78	79
11413	117	37	79	80
11414	117	37	80	84
11415	117	37	84	91
11416	117	37	91	96
11417	117	37	96	101
11418	117	37	101	122
11419	117	37	122	131
11420	117	37	131	142
11421	118	38	12	19
11422	118	38	19	26
11423	118	38	26	34
11424	118	38	34	45
11425	118	38	45	53
11426	118	38	53	68
11427	118	38	68	75
11428	118	38	75	76
11429	118	38	76	77
11430	118	38	77	78
11431	118	38	78	79
11432	118	38	79	80
11433	118	38	80	81
11434	118	38	81	84
11435	118	38	84	87
11436	118	38	87	96
11437	118	38	96	97
11438	118	38	97	127
11439	118	38	127	129
11440	118	38	129	140
11441	119	39	2	17
11442	119	39	17	32
11443	119	39	32	35
11444	119	39	35	42
11445	119	39	42	55
11446	119	39	55	70
11447	119	39	70	74
11448	119	39	74	77
11449	119	39	77	78
11450	119	39	78	79
11451	119	39	79	80
11452	119	39	80	81
11453	119	39	81	82
11454	119	39	82	86
11455	119	39	86	87
11456	119	39	87	95
11457	119	39	95	100
11458	119	39	100	123
11459	119	39	123	130
11460	119	39	130	139
11461	120	40	3	22
11462	120	40	22	30
11463	120	40	30	39
11464	120	40	39	48
11465	120	40	48	55
11466	120	40	55	73
11467	120	40	73	74
11468	120	40	74	78
11469	120	40	78	79
11470	120	40	79	80
11471	120	40	80	81
11472	120	40	81	82
11473	120	40	82	83
11474	120	40	83	86
11475	120	40	86	93
11476	120	40	93	95
11477	120	40	95	100
11478	120	40	100	123
11479	120	40	123	132
11480	120	40	132	139
11481	121	41	11	22
11482	121	41	22	31
11483	121	41	31	37
11484	121	41	37	42
11485	121	41	42	50
11486	121	41	50	74
11487	121	41	74	75
11488	121	41	75	79
11489	121	41	79	80
11490	121	41	80	81
11491	121	41	81	82
11492	121	41	82	83
11493	121	41	83	84
11494	121	41	84	86
11495	121	41	86	95
11496	121	41	95	96
11497	121	41	96	97
11498	121	41	97	122
11499	121	41	122	133
11500	121	41	133	143
11501	122	42	1	26
11502	122	42	26	28
11503	122	42	28	38
11504	122	42	38	43
11505	122	42	43	49
11506	122	42	49	73
11507	122	42	73	75
11508	122	42	75	80
11509	122	42	80	81
11510	122	42	81	82
11511	122	42	82	83
11512	122	42	83	84
11513	122	42	84	85
11514	122	42	85	88
11515	122	42	88	92
11516	122	42	92	96
11517	122	42	96	105
11518	122	42	105	123
11519	122	42	123	134
11520	122	42	134	143
11521	123	43	1	26
11522	123	43	26	31
11523	123	43	31	39
11524	123	43	39	44
11525	123	43	44	52
11526	123	43	52	68
11527	123	43	68	79
11528	123	43	79	81
11529	123	43	81	82
11530	123	43	82	83
11531	123	43	83	84
11532	123	43	84	85
11533	123	43	85	86
11534	123	43	86	88
11535	123	43	88	93
11536	123	43	93	96
11537	123	43	96	102
11538	123	43	102	122
11539	123	43	122	131
11540	123	43	131	137
11541	124	44	8	20
11542	124	44	20	31
11543	124	44	31	39
11544	124	44	39	45
11545	124	44	45	56
11546	124	44	56	71
11547	124	44	71	77
11548	124	44	77	82
11549	124	44	82	83
11550	124	44	83	84
11551	124	44	84	85
11552	124	44	85	86
11553	124	44	86	87
11554	124	44	87	88
11555	124	44	88	90
11556	124	44	90	96
11557	124	44	96	99
11558	124	44	99	129
11559	124	44	129	136
11560	124	44	136	138
11561	125	45	3	19
11562	125	45	19	28
11563	125	45	28	37
11564	125	45	37	44
11565	125	45	44	51
11566	125	45	51	75
11567	125	45	75	76
11568	125	45	76	83
11569	125	45	83	84
11570	125	45	84	85
11571	125	45	85	86
11572	125	45	86	87
11573	125	45	87	88
11574	125	45	88	89
11575	125	45	89	95
11576	125	45	95	96
11577	125	45	96	100
11578	125	45	100	126
11579	125	45	126	131
11580	125	45	131	144
11581	126	46	17	26
11582	126	46	26	32
11583	126	46	32	41
11584	126	46	41	42
11585	126	46	42	54
11586	126	46	54	74
11587	126	46	74	80
11588	126	46	80	83
11589	126	46	83	84
11590	126	46	84	85
11591	126	46	85	86
11592	126	46	86	87
11593	126	46	87	88
11594	126	46	88	89
11595	126	46	89	93
11596	126	46	93	96
11597	126	46	96	100
11598	126	46	100	124
11599	126	46	124	133
11600	126	46	133	140
11601	127	47	1	23
11602	127	47	23	30
11603	127	47	30	41
11604	127	47	41	48
11605	127	47	48	62
11606	127	47	62	70
11607	127	47	70	82
11608	127	47	82	83
11609	127	47	83	85
11610	127	47	85	86
11611	127	47	86	87
11612	127	47	87	88
11613	127	47	88	89
11614	127	47	89	90
11615	127	47	90	93
11616	127	47	93	96
11617	127	47	96	97
11618	127	47	97	125
11619	127	47	125	133
11620	127	47	133	144
11621	128	48	10	22
11622	128	48	22	28
11623	128	48	28	40
11624	128	48	40	51
11625	128	48	51	58
11626	128	48	58	70
11627	128	48	70	81
11628	128	48	81	83
11629	128	48	83	86
11630	128	48	86	87
11631	128	48	87	88
11632	128	48	88	89
11633	128	48	89	90
11634	128	48	90	91
11635	128	48	91	95
11636	128	48	95	103
11637	128	48	103	118
11638	128	48	118	125
11639	128	48	125	135
11640	128	48	135	143
11641	1	113	2	9
11642	1	113	9	21
11643	1	113	21	30
11644	1	113	30	45
11645	1	113	45	49
11646	1	113	49	55
11647	1	113	55	56
11648	1	113	56	57
11649	1	113	57	58
11650	1	113	58	59
11651	1	113	59	60
11652	1	113	60	62
11653	1	113	62	64
11654	1	113	64	73
11655	1	113	73	93
11656	1	113	93	95
11657	1	113	95	97
11658	1	113	97	118
11659	1	113	118	127
11660	1	113	127	144
11661	2	114	5	14
11662	2	114	14	23
11663	2	114	23	33
11664	2	114	33	43
11665	2	114	43	49
11666	2	114	49	56
11667	2	114	56	57
11668	2	114	57	58
11669	2	114	58	59
11670	2	114	59	60
11671	2	114	60	61
11672	2	114	61	62
11673	2	114	62	69
11674	2	114	69	72
11675	2	114	72	81
11676	2	114	81	95
11677	2	114	95	107
11678	2	114	107	113
11679	2	114	113	127
11680	2	114	127	141
11681	3	115	8	15
11682	3	115	15	17
11683	3	115	17	29
11684	3	115	29	48
11685	3	115	48	51
11686	3	115	51	57
11687	3	115	57	58
11688	3	115	58	59
11689	3	115	59	60
11690	3	115	60	61
11691	3	115	61	62
11692	3	115	62	63
11693	3	115	63	65
11694	3	115	65	77
11695	3	115	77	84
11696	3	115	84	94
11697	3	115	94	100
11698	3	115	100	118
11699	3	115	118	125
11700	3	115	125	141
11701	4	116	3	10
11702	4	116	10	21
11703	4	116	21	30
11704	4	116	30	47
11705	4	116	47	56
11706	4	116	56	57
11707	4	116	57	58
11708	4	116	58	59
11709	4	116	59	60
11710	4	116	60	61
11711	4	116	61	62
11712	4	116	62	63
11713	4	116	63	68
11714	4	116	68	78
11715	4	116	78	83
11716	4	116	83	94
11717	4	116	94	102
11718	4	116	102	118
11719	4	116	118	123
11720	4	116	123	138
11721	5	117	2	14
11722	5	117	14	24
11723	5	117	24	33
11724	5	117	33	41
11725	5	117	41	54
11726	5	117	54	58
11727	5	117	58	59
11728	5	117	59	60
11729	5	117	60	61
11730	5	117	61	62
11731	5	117	62	63
11732	5	117	63	64
11733	5	117	64	68
11734	5	117	68	77
11735	5	117	77	83
11736	5	117	83	94
11737	5	117	94	101
11738	5	117	101	116
11739	5	117	116	124
11740	5	117	124	135
11741	6	118	1	13
11742	6	118	13	18
11743	6	118	18	29
11744	6	118	29	47
11745	6	118	47	52
11746	6	118	52	58
11747	6	118	58	60
11748	6	118	60	61
11749	6	118	61	62
11750	6	118	62	63
11751	6	118	63	64
11752	6	118	64	65
11753	6	118	65	66
11754	6	118	66	73
11755	6	118	73	91
11756	6	118	91	95
11757	6	118	95	107
11758	6	118	107	119
11759	6	118	119	120
11760	6	118	120	134
11761	7	119	2	12
11762	7	119	12	18
11763	7	119	18	26
11764	7	119	26	38
11765	7	119	38	52
11766	7	119	52	59
11767	7	119	59	61
11768	7	119	61	62
11769	7	119	62	63
11770	7	119	63	64
11771	7	119	64	65
11772	7	119	65	66
11773	7	119	66	71
11774	7	119	71	73
11775	7	119	73	90
11776	7	119	90	95
11777	7	119	95	97
11778	7	119	97	118
11779	7	119	118	124
11780	7	119	124	137
11781	8	120	4	11
11782	8	120	11	23
11783	8	120	23	28
11784	8	120	28	42
11785	8	120	42	55
11786	8	120	55	59
11787	8	120	59	62
11788	8	120	62	63
11789	8	120	63	64
11790	8	120	64	65
11791	8	120	65	66
11792	8	120	66	67
11793	8	120	67	69
11794	8	120	69	79
11795	8	120	79	88
11796	8	120	88	95
11797	8	120	95	102
11798	8	120	102	115
11799	8	120	115	126
11800	8	120	126	144
11801	9	121	5	18
11802	9	121	18	25
11803	9	121	25	33
11804	9	121	33	38
11805	9	121	38	53
11806	9	121	53	60
11807	9	121	60	63
11808	9	121	63	64
11809	9	121	64	65
11810	9	121	65	66
11811	9	121	66	67
11812	9	121	67	68
11813	9	121	68	71
11814	9	121	71	73
11815	9	121	73	87
11816	9	121	87	93
11817	9	121	93	104
11818	9	121	104	115
11819	9	121	115	120
11820	9	121	120	136
11821	10	122	3	14
11822	10	122	14	21
11823	10	122	21	35
11824	10	122	35	48
11825	10	122	48	58
11826	10	122	58	60
11827	10	122	60	64
11828	10	122	64	65
11829	10	122	65	66
11830	10	122	66	67
11831	10	122	67	68
11832	10	122	68	69
11833	10	122	69	72
11834	10	122	72	78
11835	10	122	78	89
11836	10	122	89	95
11837	10	122	95	102
11838	10	122	102	117
11839	10	122	117	124
11840	10	122	124	140
11841	11	123	2	19
11842	11	123	19	24
11843	11	123	24	34
11844	11	123	34	42
11845	11	123	42	50
11846	11	123	50	60
11847	11	123	60	65
11848	11	123	65	66
11849	11	123	66	67
11850	11	123	67	68
11851	11	123	68	69
11852	11	123	69	70
11853	11	123	70	71
11854	11	123	71	75
11855	11	123	75	85
11856	11	123	85	95
11857	11	123	95	100
11858	11	123	100	116
11859	11	123	116	127
11860	11	123	127	135
11861	12	124	9	15
11862	12	124	15	25
11863	12	124	25	28
11864	12	124	28	45
11865	12	124	45	56
11866	12	124	56	64
11867	12	124	64	66
11868	12	124	66	67
11869	12	124	67	68
11870	12	124	68	69
11871	12	124	69	70
11872	12	124	70	71
11873	12	124	71	72
11874	12	124	72	79
11875	12	124	79	83
11876	12	124	83	93
11877	12	124	93	107
11878	12	124	107	115
11879	12	124	115	125
11880	12	124	125	143
11881	13	125	2	19
11882	13	125	19	22
11883	13	125	22	34
11884	13	125	34	41
11885	13	125	41	49
11886	13	125	49	61
11887	13	125	61	67
11888	13	125	67	68
11889	13	125	68	69
11890	13	125	69	70
11891	13	125	70	71
11892	13	125	71	72
11893	13	125	72	73
11894	13	125	73	80
11895	13	125	80	90
11896	13	125	90	94
11897	13	125	94	101
11898	13	125	101	118
11899	13	125	118	129
11900	13	125	129	144
11901	14	126	1	21
11902	14	126	21	27
11903	14	126	27	31
11904	14	126	31	44
11905	14	126	44	49
11906	14	126	49	62
11907	14	126	62	68
11908	14	126	68	69
11909	14	126	69	70
11910	14	126	70	71
11911	14	126	71	72
11912	14	126	72	73
11913	14	126	73	74
11914	14	126	74	80
11915	14	126	80	88
11916	14	126	88	95
11917	14	126	95	98
11918	14	126	98	121
11919	14	126	121	128
11920	14	126	128	132
11921	15	127	8	14
11922	15	127	14	24
11923	15	127	24	36
11924	15	127	36	48
11925	15	127	48	51
11926	15	127	51	65
11927	15	127	65	69
11928	15	127	69	70
11929	15	127	70	71
11930	15	127	71	72
11931	15	127	72	73
11932	15	127	73	74
11933	15	127	74	75
11934	15	127	75	81
11935	15	127	81	83
11936	15	127	83	96
11937	15	127	96	100
11938	15	127	100	116
11939	15	127	116	128
11940	15	127	128	133
11941	16	128	1	20
11942	16	128	20	26
11943	16	128	26	31
11944	16	128	31	42
11945	16	128	42	62
11946	16	128	62	68
11947	16	128	68	70
11948	16	128	70	71
11949	16	128	71	72
11950	16	128	72	73
11951	16	128	73	74
11952	16	128	74	75
11953	16	128	75	76
11954	16	128	76	79
11955	16	128	79	89
11956	16	128	89	93
11957	16	128	93	114
11958	16	128	114	120
11959	16	128	120	125
11960	16	128	125	143
11961	17	129	13	18
11962	17	129	18	25
11963	17	129	25	37
11964	17	129	37	45
11965	17	129	45	57
11966	17	129	57	66
11967	17	129	66	70
11968	17	129	70	71
11969	17	129	71	72
11970	17	129	72	73
11971	17	129	73	74
11972	17	129	74	75
11973	17	129	75	76
11974	17	129	76	79
11975	17	129	79	91
11976	17	129	91	95
11977	17	129	95	103
11978	17	129	103	121
11979	17	129	121	128
11980	17	129	128	144
11981	18	130	1	17
11982	18	130	17	30
11983	18	130	30	36
11984	18	130	36	42
11985	18	130	42	54
11986	18	130	54	68
11987	18	130	68	71
11988	18	130	71	72
11989	18	130	72	73
11990	18	130	73	74
11991	18	130	74	75
11992	18	130	75	76
11993	18	130	76	77
11994	18	130	77	82
11995	18	130	82	90
11996	18	130	90	96
11997	18	130	96	97
11998	18	130	97	119
11999	18	130	119	128
12000	18	130	128	134
12001	19	131	6	21
12002	19	131	21	28
12003	19	131	28	32
12004	19	131	32	43
12005	19	131	43	52
12006	19	131	52	66
12007	19	131	66	72
12008	19	131	72	73
12009	19	131	73	74
12010	19	131	74	75
12011	19	131	75	76
12012	19	131	76	77
12013	19	131	77	78
12014	19	131	78	82
12015	19	131	82	93
12016	19	131	93	96
12017	19	131	96	101
12018	19	131	101	118
12019	19	131	118	126
12020	19	131	126	143
12021	20	132	5	17
12022	20	132	17	27
12023	20	132	27	38
12024	20	132	38	44
12025	20	132	44	55
12026	20	132	55	69
12027	20	132	69	72
12028	20	132	72	74
12029	20	132	74	75
12030	20	132	75	76
12031	20	132	76	77
12032	20	132	77	78
12033	20	132	78	79
12034	20	132	79	85
12035	20	132	85	91
12036	20	132	91	95
12037	20	132	95	107
12038	20	132	107	123
12039	20	132	123	133
12040	20	132	133	143
12041	21	133	2	17
12042	21	133	17	27
12043	21	133	27	34
12044	21	133	34	41
12045	21	133	41	62
12046	21	133	62	70
12047	21	133	70	73
12048	21	133	73	75
12049	21	133	75	76
12050	21	133	76	77
12051	21	133	77	78
12052	21	133	78	79
12053	21	133	79	80
12054	21	133	80	82
12055	21	133	82	92
12056	21	133	92	95
12057	21	133	95	103
12058	21	133	103	119
12059	21	133	119	127
12060	21	133	127	141
12061	22	134	1	17
12062	22	134	17	32
12063	22	134	32	37
12064	22	134	37	47
12065	22	134	47	60
12066	22	134	60	67
12067	22	134	67	74
12068	22	134	74	76
12069	22	134	76	77
12070	22	134	77	78
12071	22	134	78	79
12072	22	134	79	80
12073	22	134	80	81
12074	22	134	81	83
12075	22	134	83	90
12076	22	134	90	96
12077	22	134	96	110
12078	22	134	110	125
12079	22	134	125	131
12080	22	134	131	141
12081	23	135	5	19
12082	23	135	19	32
12083	23	135	32	38
12084	23	135	38	42
12085	23	135	42	49
12086	23	135	49	69
12087	23	135	69	74
12088	23	135	74	77
12089	23	135	77	78
12090	23	135	78	79
12091	23	135	79	80
12092	23	135	80	81
12093	23	135	81	82
12094	23	135	82	86
12095	23	135	86	94
12096	23	135	94	96
12097	23	135	96	110
12098	23	135	110	125
12099	23	135	125	134
12100	23	135	134	140
12101	24	136	4	20
12102	24	136	20	28
12103	24	136	28	35
12104	24	136	35	43
12105	24	136	43	50
12106	24	136	50	67
12107	24	136	67	74
12108	24	136	74	78
12109	24	136	78	79
12110	24	136	79	80
12111	24	136	80	81
12112	24	136	81	82
12113	24	136	82	83
12114	24	136	83	84
12115	24	136	84	89
12116	24	136	89	95
12117	24	136	95	105
12118	24	136	105	123
12119	24	136	123	131
12120	24	136	131	138
12121	25	137	8	19
12122	25	137	19	29
12123	25	137	29	39
12124	25	137	39	46
12125	25	137	46	56
12126	25	137	56	68
12127	25	137	68	75
12128	25	137	75	79
12129	25	137	79	80
12130	25	137	80	81
12131	25	137	81	82
12132	25	137	82	83
12133	25	137	83	84
12134	25	137	84	87
12135	25	137	87	90
12136	25	137	90	96
12137	25	137	96	100
12138	25	137	100	124
12139	25	137	124	135
12140	25	137	135	136
12141	26	138	8	18
12142	26	138	18	34
12143	26	138	34	41
12144	26	138	41	43
12145	26	138	43	49
12146	26	138	49	69
12147	26	138	69	78
12148	26	138	78	80
12149	26	138	80	81
12150	26	138	81	82
12151	26	138	82	83
12152	26	138	83	84
12153	26	138	84	85
12154	26	138	85	87
12155	26	138	87	93
12156	26	138	93	96
12157	26	138	96	101
12158	26	138	101	124
12159	26	138	124	133
12160	26	138	133	141
12161	27	139	12	19
12162	27	139	19	32
12163	27	139	32	37
12164	27	139	37	47
12165	27	139	47	59
12166	27	139	59	71
12167	27	139	71	78
12168	27	139	78	81
12169	27	139	81	82
12170	27	139	82	83
12171	27	139	83	84
12172	27	139	84	85
12173	27	139	85	86
12174	27	139	86	87
12175	27	139	87	92
12176	27	139	92	96
12177	27	139	96	97
12178	27	139	97	124
12179	27	139	124	132
12180	27	139	132	136
12181	28	140	17	19
12182	28	140	19	35
12183	28	140	35	39
12184	28	140	39	45
12185	28	140	45	59
12186	28	140	59	73
12187	28	140	73	77
12188	28	140	77	82
12189	28	140	82	83
12190	28	140	83	84
12191	28	140	84	85
12192	28	140	85	86
12193	28	140	86	87
12194	28	140	87	88
12195	28	140	88	92
12196	28	140	92	96
12197	28	140	96	103
12198	28	140	103	124
12199	28	140	124	136
12200	28	140	136	142
12201	29	141	1	19
12202	29	141	19	32
12203	29	141	32	39
12204	29	141	39	48
12205	29	141	48	54
12206	29	141	54	69
12207	29	141	69	80
12208	29	141	80	83
12209	29	141	83	84
12210	29	141	84	85
12211	29	141	85	86
12212	29	141	86	87
12213	29	141	87	88
12214	29	141	88	89
12215	29	141	89	90
12216	29	141	90	96
12217	29	141	96	102
12218	29	141	102	124
12219	29	141	124	135
12220	29	141	135	137
12221	30	142	8	25
12222	30	142	25	32
12223	30	142	32	42
12224	30	142	42	48
12225	30	142	48	58
12226	30	142	58	72
12227	30	142	72	79
12228	30	142	79	83
12229	30	142	83	84
12230	30	142	84	85
12231	30	142	85	86
12232	30	142	86	87
12233	30	142	87	88
12234	30	142	88	89
12235	30	142	89	91
12236	30	142	91	96
12237	30	142	96	112
12238	30	142	112	127
12239	30	142	127	133
12240	30	142	133	137
12241	31	143	7	23
12242	31	143	23	32
12243	31	143	32	37
12244	31	143	37	45
12245	31	143	45	62
12246	31	143	62	71
12247	31	143	71	76
12248	31	143	76	83
12249	31	143	83	85
12250	31	143	85	86
12251	31	143	86	87
12252	31	143	87	88
12253	31	143	88	89
12254	31	143	89	90
12255	31	143	90	94
12256	31	143	94	96
12257	31	143	96	99
12258	31	143	99	123
12259	31	143	123	131
12260	31	143	131	141
12261	32	144	8	24
12262	32	144	24	34
12263	32	144	34	42
12264	32	144	42	46
12265	32	144	46	61
12266	32	144	61	73
12267	32	144	73	78
12268	32	144	78	84
12269	32	144	84	86
12270	32	144	86	87
12271	32	144	87	88
12272	32	144	88	89
12273	32	144	89	90
12274	32	144	90	91
12275	32	144	91	93
12276	32	144	93	98
12277	32	144	98	118
12278	32	144	118	126
12279	32	144	126	133
12280	32	144	133	143
12281	97	48	10	13
12282	97	48	13	20
12283	97	48	20	26
12284	97	48	26	31
12285	97	48	31	44
12286	97	48	44	55
12287	97	48	55	59
12288	97	48	59	64
12289	97	48	64	70
12290	97	48	70	73
12291	97	48	73	75
12292	97	48	75	77
12293	97	48	77	85
12294	97	48	85	94
12295	97	48	94	98
12296	97	48	98	115
12297	97	48	115	119
12298	97	48	119	123
12299	97	48	123	131
12300	97	48	131	143
12301	1	144	11	13
12302	1	144	13	19
12303	1	144	19	28
12304	1	144	28	37
12305	1	144	37	43
12306	1	144	43	48
12307	1	144	48	50
12308	1	144	50	66
12309	1	144	66	71
12310	1	144	71	73
12311	1	144	73	76
12312	1	144	76	81
12313	1	144	81	89
12314	1	144	89	90
12315	1	144	90	99
12316	1	144	99	111
12317	1	144	111	121
12318	1	144	121	126
12319	1	144	126	132
12320	1	144	132	142
