A,B,M,N
1,2,3,4
1,2,4,5
1,2,5,6
1,2,6,10
1,2,10,13
1,2,13,15
1,2,15,19
1,2,19,30
1,2,30,38
1,2,38,49
1,2,49,57
1,2,57,58
1,2,58,67
1,2,67,71
1,2,71,82
1,2,82,96
1,2,96,101
1,2,101,108
1,2,108,118
1,2,118,142
2,3,1,4
2,3,4,5
2,3,5,6
2,3,6,7
2,3,7,11
2,3,11,14
2,3,14,18
2,3,18,24
2,3,24,45
2,3,45,47
2,3,47,50
2,3,50,57
2,3,57,64
2,3,64,67
2,3,67,74
2,3,74,93
2,3,93,103
2,3,103,112
2,3,112,117
2,3,117,140
3,4,1,2
3,4,2,5
3,4,5,6
3,4,6,7
3,4,7,8
3,4,8,12
3,4,12,16
3,4,16,23
3,4,23,31
3,4,31,47
3,4,47,51
3,4,51,57
3,4,57,61
3,4,61,69
3,4,69,77
3,4,77,84
3,4,84,103
3,4,103,110
3,4,110,118
3,4,118,143
4,5,1,2
4,5,2,3
4,5,3,6
4,5,6,7
4,5,7,8
4,5,8,9
4,5,9,11
4,5,11,18
4,5,18,22
4,5,22,35
4,5,35,48
4,5,48,52
4,5,52,60
4,5,60,63
4,5,63,68
4,5,68,96
4,5,96,98
4,5,98,108
4,5,108,118
4,5,118,144
5,6,1,2
5,6,2,3
5,6,3,4
5,6,4,7
5,6,7,8
5,6,8,9
5,6,9,10
5,6,10,14
5,6,14,19
5,6,19,25
5,6,25,47
5,6,47,53
5,6,53,59
5,6,59,60
5,6,60,68
5,6,68,85
5,6,85,96
5,6,96,104
5,6,104,112
5,6,112,142
6,7,1,3
6,7,3,4
6,7,4,5
6,7,5,8
6,7,8,9
6,7,9,10
6,7,10,11
6,7,11,13
6,7,13,16
6,7,16,27
6,7,27,48
6,7,48,50
6,7,50,58
6,7,58,62
6,7,62,66
6,7,66,82
6,7,82,96
6,7,96,108
6,7,108,115
6,7,115,144
7,8,2,4
7,8,4,5
7,8,5,6
7,8,6,9
7,8,9,10
7,8,10,11
7,8,11,12
7,8,12,13
7,8,13,18
7,8,18,28
7,8,28,44
7,8,44,54
7,8,54,58
7,8,58,60
7,8,60,67
7,8,67,80
7,8,80,95
7,8,95,99
7,8,99,117
7,8,117,144
8,9,2,5
8,9,5,6
8,9,6,7
8,9,7,10
8,9,10,11
8,9,11,12
8,9,12,13
8,9,13,15
8,9,15,19
8,9,19,26
8,9,26,47
8,9,47,54
8,9,54,55
8,9,55,62
8,9,62,70
8,9,70,77
8,9,77,86
8,9,86,105
8,9,105,116
8,9,116,144
9,10,4,6
9,10,6,7
9,10,7,8
9,10,8,11
9,10,11,12
9,10,12,13
9,10,13,14
9,10,14,15
9,10,15,17
9,10,17,25
9,10,25,42
9,10,42,46
9,10,46,53
9,10,53,62
9,10,62,65
9,10,65,76
9,10,76,95
9,10,95,108
9,10,108,116
9,10,116,144
10,11,1,6
10,11,6,7
10,11,7,8
10,11,8,9
10,11,9,12
10,11,12,13
10,11,13,14
10,11,14,15
10,11,15,18
10,11,18,27
10,11,27,41
10,11,41,43
10,11,43,49
10,11,49,64
10,11,64,70
10,11,70,72
10,11,72,96
10,11,96,103
10,11,103,116
10,11,116,141
11,12,2,7
11,12,7,8
11,12,8,9
11,12,9,10
11,12,10,13
11,12,13,14
11,12,14,15
11,12,15,16
11,12,16,20
11,12,20,27
11,12,27,32
11,12,32,48
11,12,48,49
11,12,49,60
11,12,60,69
11,12,69,73
11,12,73,93
11,12,93,110
11,12,110,114
11,12,114,144
12,13,1,7
12,13,7,9
12,13,9,10
12,13,10,11
12,13,11,14
12,13,14,15
12,13,15,16
12,13,16,17
12,13,17,20
12,13,20,25
12,13,25,38
12,13,38,47
12,13,47,57
12,13,57,63
12,13,63,68
12,13,68,79
12,13,79,93
12,13,93,97
12,13,97,115
12,13,115,144
13,14,5,9
13,14,9,10
13,14,10,11
13,14,11,12
13,14,12,15
13,14,15,16
13,14,16,17
13,14,17,18
13,14,18,21
13,14,21,24
13,14,24,39
13,14,39,46
13,14,46,55
13,14,55,64
13,14,64,70
13,14,70,73
13,14,73,90
13,14,90,100
13,14,100,117
13,14,117,143
14,15,2,9
14,15,9,11
14,15,11,12
14,15,12,13
14,15,13,16
14,15,16,17
14,15,17,18
14,15,18,19
14,15,19,21
14,15,21,22
14,15,22,36
14,15,36,47
14,15,47,51
14,15,51,62
14,15,62,69
14,15,69,76
14,15,76,94
14,15,94,99
14,15,99,120
14,15,120,139
15,16,6,8
15,16,8,12
15,16,12,13
15,16,13,14
15,16,14,17
15,16,17,18
15,16,18,19
15,16,19,20
15,16,20,21
15,16,21,27
15,16,27,38
15,16,38,47
15,16,47,59
15,16,59,61
15,16,61,71
15,16,71,76
15,16,76,90
15,16,90,99
15,16,99,112
15,16,112,144
16,17,7,10
16,17,10,13
16,17,13,14
16,17,14,15
16,17,15,18
16,17,18,19
16,17,19,20
16,17,20,21
16,17,21,22
16,17,22,23
16,17,23,36
16,17,36,47
16,17,47,52
16,17,52,62
16,17,62,71
16,17,71,75
16,17,75,96
16,17,96,100
16,17,100,115
16,17,115,142
17,18,4,10
17,18,10,14
17,18,14,15
17,18,15,16
17,18,16,19
17,18,19,20
17,18,20,21
17,18,21,22
17,18,22,23
17,18,23,28
17,18,28,31
17,18,31,46
17,18,46,51
17,18,51,65
17,18,65,68
17,18,68,76
17,18,76,95
17,18,95,99
17,18,99,120
17,18,120,144
18,19,2,10
18,19,10,15
18,19,15,16
18,19,16,17
18,19,17,20
18,19,20,21
18,19,21,22
18,19,22,23
18,19,23,24
18,19,24,27
18,19,27,35
18,19,35,48
18,19,48,49
18,19,49,62
18,19,62,69
18,19,69,78
18,19,78,92
18,19,92,97
18,19,97,115
18,19,115,143
19,20,4,10
19,20,10,15
19,20,15,16
19,20,16,17
19,20,17,18
19,20,18,21
19,20,21,22
19,20,22,23
19,20,23,24
19,20,24,26
19,20,26,37
19,20,37,47
19,20,47,52
19,20,52,64
19,20,64,71
19,20,71,75
19,20,75,94
19,20,94,95
19,20,95,121
19,20,121,144
20,21,2,11
20,21,11,16
20,21,16,17
20,21,17,18
20,21,18,19
20,21,19,22
20,21,22,23
20,21,23,24
20,21,24,25
20,21,25,27
20,21,27,35
20,21,35,45
20,21,45,56
20,21,56,64
20,21,64,69
20,21,69,78
20,21,78,90
20,21,90,95
20,21,95,106
20,21,106,142
21,22,8,11
21,22,11,17
21,22,17,18
21,22,18,19
21,22,19,20
21,22,20,23
21,22,23,24
21,22,24,25
21,22,25,26
21,22,26,30
21,22,30,37
21,22,37,47
21,22,47,61
21,22,61,67
21,22,67,73
21,22,73,76
21,22,76,86
21,22,86,96
21,22,96,98
21,22,98,144
22,23,8,14
22,23,14,17
22,23,17,19
22,23,19,20
22,23,20,21
22,23,21,24
22,23,24,25
22,23,25,26
22,23,26,27
22,23,27,28
22,23,28,35
22,23,35,48
22,23,48,52
22,23,52,65
22,23,65,70
22,23,70,76
22,23,76,86
22,23,86,95
22,23,95,97
22,23,97,144
23,24,3,17
23,24,17,18
23,24,18,20
23,24,20,21
23,24,21,22
23,24,22,25
23,24,25,26
23,24,26,27
23,24,27,28
23,24,28,30
23,24,30,35
23,24,35,48
23,24,48,49
23,24,49,65
23,24,65,72
23,24,72,78
23,24,78,86
23,24,86,96
23,24,96,102
23,24,102,143
24,25,1,15
24,25,15,19
24,25,19,21
24,25,21,22
24,25,22,23
24,25,23,26
24,25,26,27
24,25,27,28
24,25,28,29
24,25,29,32
24,25,32,37
24,25,37,46
24,25,46,49
24,25,49,69
24,25,69,74
24,25,74,76
24,25,76,83
24,25,83,96
24,25,96,97
24,25,97,141
25,26,1,18
25,26,18,21
25,26,21,22
25,26,22,23
25,26,23,24
25,26,24,27
25,26,27,28
25,26,28,29
25,26,29,30
25,26,30,31
25,26,31,38
25,26,38,48
25,26,48,51
25,26,51,67
25,26,67,74
25,26,74,77
25,26,77,89
25,26,89,93
25,26,93,97
25,26,97,144
26,27,1,18
26,27,18,21
26,27,21,23
26,27,23,24
26,27,24,25
26,27,25,28
26,27,28,29
26,27,29,30
26,27,30,31
26,27,31,34
26,27,34,37
26,27,37,46
26,27,46,50
26,27,50,67
26,27,67,76
26,27,76,80
26,27,80,90
26,27,90,93
26,27,93,98
26,27,98,144
27,28,4,16
27,28,16,22
27,28,22,24
27,28,24,25
27,28,25,26
27,28,26,29
27,28,29,30
27,28,30,31
27,28,31,32
27,28,32,33
27,28,33,40
27,28,40,48
27,28,48,51
27,28,51,70
27,28,70,75
27,28,75,81
27,28,81,92
27,28,92,95
27,28,95,97
27,28,97,140
28,29,3,20
28,29,20,23
28,29,23,25
28,29,25,26
28,29,26,27
28,29,27,30
28,29,30,31
28,29,31,32
28,29,32,33
28,29,33,35
28,29,35,38
28,29,38,47
28,29,47,52
28,29,52,69
28,29,69,78
28,29,78,81
28,29,81,95
28,29,95,96
28,29,96,97
28,29,97,134
29,30,2,17
29,30,17,24
29,30,24,26
29,30,26,27
29,30,27,28
29,30,28,31
29,30,31,32
29,30,32,33
29,30,33,34
29,30,34,35
29,30,35,40
29,30,40,47
29,30,47,49
29,30,49,71
29,30,71,76
29,30,76,84
29,30,84,92
29,30,92,97
29,30,97,128
29,30,128,142
30,31,1,19
30,31,19,25
30,31,25,27
30,31,27,28
30,31,28,29
30,31,29,32
30,31,32,33
30,31,33,34
30,31,34,35
30,31,35,36
30,31,36,40
30,31,40,46
30,31,46,49
30,31,49,73
30,31,73,79
30,31,79,84
30,31,84,94
30,31,94,97
30,31,97,127
30,31,127,136
31,32,1,19
31,32,19,26
31,32,26,28
31,32,28,29
31,32,29,30
31,32,30,33
31,32,33,34
31,32,34,35
31,32,35,36
31,32,36,37
31,32,37,45
31,32,45,47
31,32,47,51
31,32,51,74
31,32,74,81
31,32,81,86
31,32,86,90
31,32,90,97
31,32,97,129
31,32,129,139
32,33,13,25
32,33,25,26
32,33,26,29
32,33,29,30
32,33,30,31
32,33,31,34
32,33,34,35
32,33,35,36
32,33,36,37
32,33,37,39
32,33,39,41
32,33,41,48
32,33,48,49
32,33,49,78
32,33,78,79
32,33,79,86
32,33,86,95
32,33,95,100
32,33,100,126
32,33,126,143
33,34,1,24
33,34,24,26
33,34,26,30
33,34,30,31
33,34,31,32
33,34,32,35
33,34,35,36
33,34,36,37
33,34,37,38
33,34,38,39
33,34,39,45
33,34,45,47
33,34,47,50
33,34,50,79
33,34,79,83
33,34,83,89
33,34,89,94
33,34,94,98
33,34,98,131
33,34,131,138
34,35,2,22
34,35,22,29
34,35,29,31
34,35,31,32
34,35,32,33
34,35,33,36
34,35,36,37
34,35,37,38
34,35,38,39
34,35,39,40
34,35,40,45
34,35,45,47
34,35,47,50
34,35,50,76
34,35,76,85
34,35,85,88
34,35,88,95
34,35,95,98
34,35,98,134
34,35,134,140
35,36,8,24
35,36,24,29
35,36,29,32
35,36,32,33
35,36,33,34
35,36,34,37
35,36,37,38
35,36,38,39
35,36,39,40
35,36,40,41
35,36,41,45
35,36,45,48
35,36,48,50
35,36,50,81
35,36,81,84
35,36,84,89
35,36,89,95
35,36,95,97
35,36,97,126
35,36,126,144
36,37,1,27
36,37,27,28
36,37,28,33
36,37,33,34
36,37,34,35
36,37,35,38
36,37,38,39
36,37,39,40
36,37,40,41
36,37,41,42
36,37,42,44
36,37,44,48
36,37,48,64
36,37,64,80
36,37,80,85
36,37,85,90
36,37,90,96
36,37,96,97
36,37,97,130
36,37,130,138
37,38,4,23
37,38,23,29
37,38,29,34
37,38,34,35
37,38,35,36
37,38,36,39
37,38,39,40
37,38,40,41
37,38,41,42
37,38,42,43
37,38,43,44
37,38,44,50
37,38,50,75
37,38,75,78
37,38,78,87
37,38,87,89
37,38,89,95
37,38,95,101
37,38,101,129
37,38,129,142
38,39,1,22
38,39,22,32
38,39,32,34
38,39,34,35
38,39,35,36
38,39,36,37
38,39,37,40
38,39,40,41
38,39,41,42
38,39,42,43
38,39,43,46
38,39,46,60
38,39,60,73
38,39,73,78
38,39,78,88
38,39,88,93
38,39,93,96
38,39,96,97
38,39,97,133
38,39,133,144
39,40,1,28
39,40,28,30
39,40,30,35
39,40,35,36
39,40,36,37
39,40,37,38
39,40,38,41
39,40,41,42
39,40,42,43
39,40,43,44
39,40,44,47
39,40,47,50
39,40,50,75
39,40,75,83
39,40,83,87
39,40,87,94
39,40,94,96
39,40,96,100
39,40,100,132
39,40,132,144
40,41,11,27
40,41,27,32
40,41,32,35
40,41,35,37
40,41,37,38
40,41,38,39
40,41,39,42
40,41,42,43
40,41,43,44
40,41,44,45
40,41,45,47
40,41,47,50
40,41,50,77
40,41,77,80
40,41,80,85
40,41,85,93
40,41,93,96
40,41,96,97
40,41,97,134
40,41,134,142
41,42,3,26
41,42,26,31
41,42,31,36
41,42,36,38
41,42,38,39
41,42,39,40
41,42,40,43
41,42,43,44
41,42,44,45
41,42,45,46
41,42,46,48
41,42,48,55
41,42,55,74
41,42,74,85
41,42,85,89
41,42,89,94
41,42,94,96
41,42,96,103
41,42,103,137
41,42,137,141
42,43,1,30
42,43,30,35
42,43,35,36
42,43,36,39
42,43,39,40
42,43,40,41
42,43,41,44
42,43,44,45
42,43,45,46
42,43,46,47
42,43,47,48
42,43,48,50
42,43,50,75
42,43,75,82
42,43,82,88
42,43,88,92
42,43,92,96
42,43,96,103
42,43,103,136
42,43,136,141
43,44,3,27
43,44,27,32
43,44,32,37
43,44,37,40
43,44,40,41
43,44,41,42
43,44,42,45
43,44,45,46
43,44,46,47
43,44,47,48
43,44,48,52
43,44,52,72
43,44,72,75
43,44,75,85
43,44,85,91
43,44,91,92
43,44,92,96
43,44,96,98
43,44,98,136
43,44,136,142
44,45,1,24
44,45,24,34
44,45,34,38
44,45,38,40
44,45,40,41
44,45,41,42
44,45,42,43
44,45,43,46
44,45,46,47
44,45,47,48
44,45,48,50
44,45,50,76
44,45,76,79
44,45,79,84
44,45,84,89
44,45,89,96
44,45,96,97
44,45,97,124
44,45,124,138
44,45,138,142
45,46,15,23
45,46,23,30
45,46,30,36
45,46,36,39
45,46,39,42
45,46,42,43
45,46,43,44
45,46,44,47
45,46,47,48
45,46,48,50
45,46,50,70
45,46,70,76
45,46,76,85
45,46,85,87
45,46,87,91
45,46,91,95
45,46,95,99
45,46,99,127
45,46,127,136
45,46,136,141
46,47,3,24
46,47,24,30
46,47,30,37
46,47,37,40
46,47,40,42
46,47,42,43
46,47,43,44
46,47,44,45
46,47,45,48
46,47,48,49
46,47,49,71
46,47,71,83
46,47,83,85
46,47,85,91
46,47,91,92
46,47,92,96
46,47,96,97
46,47,97,133
46,47,133,138
46,47,138,140
47,48,3,26
47,48,26,31
47,48,31,36
47,48,36,40
47,48,40,42
47,48,42,44
47,48,44,45
47,48,45,46
47,48,46,50
47,48,50,65
47,48,65,77
47,48,77,84
47,48,84,89
47,48,89,91
47,48,91,96
47,48,96,98
47,48,98,121
47,48,121,129
47,48,129,140
47,48,140,141
49,50,2,7
49,50,7,11
49,50,11,15
49,50,15,25
49,50,25,46
49,50,46,47
49,50,47,51
49,50,51,53
49,50,53,54
49,50,54,56
49,50,56,61
49,50,61,67
49,50,67,69
49,50,69,96
49,50,96,99
49,50,99,104
49,50,104,107
49,50,107,110
49,50,110,116
49,50,116,141
50,51,4,9
50,51,9,12
50,51,12,18
50,51,18,26
50,51,26,48
50,51,48,49
50,51,49,53
50,51,53,54
50,51,54,55
50,51,55,56
50,51,56,57
50,51,57,64
50,51,64,67
50,51,67,84
50,51,84,96
50,51,96,102
50,51,102,108
50,51,108,111
50,51,111,117
50,51,117,144
51,52,4,9
51,52,9,12
51,52,12,21
51,52,21,31
51,52,31,46
51,52,46,49
51,52,49,53
51,52,53,54
51,52,54,55
51,52,55,56
51,52,56,59
51,52,59,61
51,52,61,68
51,52,68,77
51,52,77,96
51,52,96,99
51,52,99,106
51,52,106,111
51,52,111,117
51,52,117,130
52,53,3,10
52,53,10,11
52,53,11,20
52,53,20,36
52,53,36,39
52,53,39,49
52,53,49,51
52,53,51,54
52,53,54,55
52,53,55,56
52,53,56,57
52,53,57,61
52,53,61,63
52,53,63,75
52,53,75,95
52,53,95,102
52,53,102,107
52,53,107,109
52,53,109,117
52,53,117,144
53,54,5,10
53,54,10,16
53,54,16,20
53,54,20,48
53,54,48,49
53,54,49,51
53,54,51,52
53,54,52,55
53,54,55,56
53,54,56,57
53,54,57,58
53,54,58,59
53,54,59,63
53,54,63,71
53,54,71,85
53,54,85,95
53,54,95,102
53,54,102,111
53,54,111,113
53,54,113,144
54,55,3,8
54,55,8,15
54,55,15,25
54,55,25,48
54,55,48,50
54,55,50,51
54,55,51,52
54,55,52,53
54,55,53,56
54,55,56,57
54,55,57,58
54,55,58,59
54,55,59,64
54,55,64,67
54,55,67,77
54,55,77,90
54,55,90,101
54,55,101,112
54,55,112,117
54,55,117,142
55,56,3,9
55,56,9,15
55,56,15,20
55,56,20,43
55,56,43,49
55,56,49,52
55,56,52,53
55,56,53,54
55,56,54,57
55,56,57,58
55,56,58,59
55,56,59,60
55,56,60,61
55,56,61,71
55,56,71,83
55,56,83,96
55,56,96,97
55,56,97,111
55,56,111,114
55,56,114,141
56,57,5,7
56,57,7,17
56,57,17,24
56,57,24,47
56,57,47,50
56,57,50,53
56,57,53,54
56,57,54,55
56,57,55,58
56,57,58,59
56,57,59,60
56,57,60,61
56,57,61,64
56,57,64,69
56,57,69,83
56,57,83,96
56,57,96,105
56,57,105,110
56,57,110,114
56,57,114,144
57,58,7,12
57,58,12,16
57,58,16,22
57,58,22,48
57,58,48,52
57,58,52,54
57,58,54,55
57,58,55,56
57,58,56,59
57,58,59,60
57,58,60,61
57,58,61,62
57,58,62,64
57,58,64,66
57,58,66,84
57,58,84,96
57,58,96,100
57,58,100,113
57,58,113,114
57,58,114,142
58,59,7,9
58,59,9,14
58,59,14,28
58,59,28,46
58,59,46,49
58,59,49,55
58,59,55,56
58,59,56,57
58,59,57,60
58,59,60,61
58,59,61,62
58,59,62,63
58,59,63,65
58,59,65,72
58,59,72,78
58,59,78,90
58,59,90,98
58,59,98,109
58,59,109,121
58,59,121,142
59,60,4,13
59,60,13,14
59,60,14,23
59,60,23,47
59,60,47,54
59,60,54,56
59,60,56,57
59,60,57,58
59,60,58,61
59,60,61,62
59,60,62,63
59,60,63,64
59,60,64,65
59,60,65,72
59,60,72,81
59,60,81,96
59,60,96,97
59,60,97,108
59,60,108,115
59,60,115,144
60,61,6,10
60,61,10,20
60,61,20,29
60,61,29,45
60,61,45,55
60,61,55,57
60,61,57,58
60,61,58,59
60,61,59,62
60,61,62,63
60,61,63,64
60,61,64,65
60,61,65,66
60,61,66,67
60,61,67,83
60,61,83,96
60,61,96,103
60,61,103,114
60,61,114,115
60,61,115,144
61,62,3,11
61,62,11,19
61,62,19,26
61,62,26,48
61,62,48,49
61,62,49,58
61,62,58,59
61,62,59,60
61,62,60,63
61,62,63,64
61,62,64,65
61,62,65,66
61,62,66,67
61,62,67,72
61,62,72,75
61,62,75,95
61,62,95,99
61,62,99,112
61,62,112,121
61,62,121,144
62,63,6,13
62,63,13,21
62,63,21,30
62,63,30,48
62,63,48,53
62,63,53,58
62,63,58,59
62,63,59,60
62,63,60,61
62,63,61,64
62,63,64,65
62,63,65,66
62,63,66,67
62,63,67,72
62,63,72,79
62,63,79,95
62,63,95,101
62,63,101,114
62,63,114,118
62,63,118,143
63,64,3,10
63,64,10,22
63,64,22,30
63,64,30,48
63,64,48,55
63,64,55,59
63,64,59,60
63,64,60,61
63,64,61,62
63,64,62,65
63,64,65,66
63,64,66,67
63,64,67,68
63,64,68,72
63,64,72,80
63,64,80,93
63,64,93,99
63,64,99,114
63,64,114,116
63,64,116,141
64,65,4,16
64,65,16,20
64,65,20,28
64,65,28,47
64,65,47,58
64,65,58,59
64,65,59,61
64,65,61,62
64,65,62,63
64,65,63,66
64,65,66,67
64,65,67,68
64,65,68,69
64,65,69,71
64,65,71,82
64,65,82,96
64,65,96,97
64,65,97,115
64,65,115,121
64,65,121,144
65,66,9,11
65,66,11,19
65,66,19,29
65,66,29,48
65,66,48,57
65,66,57,60
65,66,60,62
65,66,62,63
65,66,63,64
65,66,64,67
65,66,67,68
65,66,68,69
65,66,69,70
65,66,70,74
65,66,74,79
65,66,79,96
65,66,96,101
65,66,101,114
65,66,114,121
65,66,121,142
66,67,4,14
66,67,14,21
66,67,21,30
66,67,30,48
66,67,48,55
66,67,55,61
66,67,61,63
66,67,63,64
66,67,64,65
66,67,65,68
66,67,68,69
66,67,69,70
66,67,70,71
66,67,71,75
66,67,75,76
66,67,76,94
66,67,94,97
66,67,97,115
66,67,115,119
66,67,119,144
67,68,1,13
67,68,13,23
67,68,23,31
67,68,31,47
67,68,47,51
67,68,51,62
67,68,62,64
67,68,64,65
67,68,65,66
67,68,66,69
67,68,69,70
67,68,70,71
67,68,71,72
67,68,72,76
67,68,76,80
67,68,80,95
67,68,95,97
67,68,97,113
67,68,113,119
67,68,119,143
68,69,1,14
68,69,14,21
68,69,21,28
68,69,28,48
68,69,48,56
68,69,56,63
68,69,63,65
68,69,65,66
68,69,66,67
68,69,67,70
68,69,70,71
68,69,71,72
68,69,72,73
68,69,73,75
68,69,75,79
68,69,79,86
68,69,86,102
68,69,102,117
68,69,117,122
68,69,122,144
69,70,8,20
69,70,20,26
69,70,26,28
69,70,28,44
69,70,44,53
69,70,53,63
69,70,63,66
69,70,66,67
69,70,67,68
69,70,68,71
69,70,71,72
69,70,72,73
69,70,73,74
69,70,74,76
69,70,76,79
69,70,79,96
69,70,96,99
69,70,99,115
69,70,115,124
69,70,124,144
70,71,1,18
70,71,18,27
70,71,27,28
70,71,28,47
70,71,47,56
70,71,56,65
70,71,65,67
70,71,67,68
70,71,68,69
70,71,69,72
70,71,72,73
70,71,73,74
70,71,74,75
70,71,75,77
70,71,77,84
70,71,84,96
70,71,96,100
70,71,100,120
70,71,120,125
70,71,125,141
71,72,10,17
71,72,17,23
71,72,23,34
71,72,34,48
71,72,48,60
71,72,60,66
71,72,66,68
71,72,68,69
71,72,69,70
71,72,70,73
71,72,73,74
71,72,74,75
71,72,75,76
71,72,76,78
71,72,78,80
71,72,80,95
71,72,95,109
71,72,109,120
71,72,120,127
71,72,127,140
72,73,1,19
72,73,19,24
72,73,24,33
72,73,33,46
72,73,46,50
72,73,50,66
72,73,66,69
72,73,69,70
72,73,70,71
72,73,71,74
72,73,74,75
72,73,75,76
72,73,76,77
72,73,77,79
72,73,79,82
72,73,82,94
72,73,94,97
72,73,97,120
72,73,120,127
72,73,127,143
73,74,3,20
73,74,20,27
73,74,27,31
73,74,31,47
73,74,47,51
73,74,51,68
73,74,68,70
73,74,70,71
73,74,71,72
73,74,72,75
73,74,75,76
73,74,76,77
73,74,77,78
73,74,78,80
73,74,80,87
73,74,87,95
73,74,95,97
73,74,97,119
73,74,119,129
73,74,129,143
74,75,1,20
74,75,20,27
74,75,27,35
74,75,35,45
74,75,45,52
74,75,52,68
74,75,68,71
74,75,71,72
74,75,72,73
74,75,73,76
74,75,76,77
74,75,77,78
74,75,78,79
74,75,79,82
74,75,82,86
74,75,86,94
74,75,94,97
74,75,97,121
74,75,121,130
74,75,130,143
75,76,1,26
75,76,26,29
75,76,29,33
75,76,33,48
75,76,48,49
75,76,49,69
75,76,69,72
75,76,72,73
75,76,73,74
75,76,74,77
75,76,77,78
75,76,78,79
75,76,79,80
75,76,80,83
75,76,83,87
75,76,87,92
75,76,92,97
75,76,97,124
75,76,124,130
75,76,130,141
76,77,2,24
76,77,24,27
76,77,27,35
76,77,35,44
76,77,44,49
76,77,49,71
76,77,71,73
76,77,73,74
76,77,74,75
76,77,75,78
76,77,78,79
76,77,79,80
76,77,80,81
76,77,81,82
76,77,82,89
76,77,89,95
76,77,95,97
76,77,97,124
76,77,124,128
76,77,128,144
77,78,1,26
77,78,26,32
77,78,32,39
77,78,39,48
77,78,48,51
77,78,51,70
77,78,70,74
77,78,74,75
77,78,75,76
77,78,76,79
77,78,79,80
77,78,80,81
77,78,81,82
77,78,82,83
77,78,83,91
77,78,91,95
77,78,95,97
77,78,97,124
77,78,124,130
77,78,130,142
78,79,2,25
78,79,25,34
78,79,34,38
78,79,38,45
78,79,45,52
78,79,52,73
78,79,73,75
78,79,75,76
78,79,76,77
78,79,77,80
78,79,80,81
78,79,81,82
78,79,82,83
78,79,83,85
78,79,85,87
78,79,87,93
78,79,93,99
78,79,99,122
78,79,122,133
78,79,133,144
79,80,1,28
79,80,28,32
79,80,32,42
79,80,42,48
79,80,48,53
79,80,53,72
79,80,72,76
79,80,76,77
79,80,77,78
79,80,78,81
79,80,81,82
79,80,82,83
79,80,83,84
79,80,84,86
79,80,86,88
79,80,88,96
79,80,96,100
79,80,100,123
79,80,123,132
79,80,132,141
80,81,2,29
80,81,29,35
80,81,35,38
80,81,38,47
80,81,47,54
80,81,54,75
80,81,75,77
80,81,77,78
80,81,78,79
80,81,79,82
80,81,82,83
80,81,83,84
80,81,84,85
80,81,85,87
80,81,87,91
80,81,91,95
80,81,95,97
80,81,97,129
80,81,129,131
80,81,131,143
81,82,1,25
81,82,25,35
81,82,35,38
81,82,38,44
81,82,44,49
81,82,49,73
81,82,73,78
81,82,78,79
81,82,79,80
81,82,80,83
81,82,83,84
81,82,84,85
81,82,85,86
81,82,86,87
81,82,87,89
81,82,89,94
81,82,94,102
81,82,102,126
81,82,126,135
81,82,135,141
82,83,4,25
82,83,25,32
82,83,32,37
82,83,37,48
82,83,48,49
82,83,49,74
82,83,74,79
82,83,79,80
82,83,80,81
82,83,81,84
82,83,84,85
82,83,85,86
82,83,86,87
82,83,87,88
82,83,88,91
82,83,91,95
82,83,95,100
82,83,100,127
82,83,127,131
82,83,131,142
83,84,3,27
83,84,27,35
83,84,35,40
83,84,40,48
83,84,48,49
83,84,49,74
83,84,74,79
83,84,79,80
83,84,80,81
83,84,81,82
83,84,82,85
83,84,85,86
83,84,86,87
83,84,87,88
83,84,88,91
83,84,91,95
83,84,95,99
83,84,99,128
83,84,128,136
83,84,136,143
84,85,10,25
84,85,25,32
84,85,32,42
84,85,42,46
84,85,46,49
84,85,49,75
84,85,75,80
84,85,80,81
84,85,81,82
84,85,82,83
84,85,83,86
84,85,86,87
84,85,87,88
84,85,88,89
84,85,89,92
84,85,92,96
84,85,96,99
84,85,99,129
84,85,129,133
84,85,133,143
85,86,2,31
85,86,31,38
85,86,38,44
85,86,44,46
85,86,46,51
85,86,51,76
85,86,76,80
85,86,80,82
85,86,82,83
85,86,83,84
85,86,84,87
85,86,87,88
85,86,88,89
85,86,89,90
85,86,90,92
85,86,92,96
85,86,96,97
85,86,97,128
85,86,128,137
85,86,137,140
86,87,1,29
86,87,29,38
86,87,38,44
86,87,44,46
86,87,46,51
86,87,51,80
86,87,80,81
86,87,81,83
86,87,83,84
86,87,84,85
86,87,85,88
86,87,88,89
86,87,89,90
86,87,90,91
86,87,91,95
86,87,95,96
86,87,96,98
86,87,98,132
86,87,132,135
86,87,135,143
87,88,3,26
87,88,26,33
87,88,33,44
87,88,44,46
87,88,46,69
87,88,69,79
87,88,79,81
87,88,81,84
87,88,84,85
87,88,85,86
87,88,86,89
87,88,89,90
87,88,90,91
87,88,91,92
87,88,92,95
87,88,95,96
87,88,96,97
87,88,97,131
87,88,131,136
87,88,136,142
88,89,6,30
88,89,30,34
88,89,34,42
88,89,42,47
88,89,47,49
88,89,49,75
88,89,75,82
88,89,82,85
88,89,85,86
88,89,86,87
88,89,87,90
88,89,90,91
88,89,91,92
88,89,92,93
88,89,93,95
88,89,95,96
88,89,96,97
88,89,97,130
88,89,130,139
88,89,139,141
89,90,2,31
89,90,31,39
89,90,39,41
89,90,41,48
89,90,48,50
89,90,50,75
89,90,75,84
89,90,84,86
89,90,86,87
89,90,87,88
89,90,88,91
89,90,91,92
89,90,92,93
89,90,93,94
89,90,94,95
89,90,95,96
89,90,96,99
89,90,99,128
89,90,128,137
89,90,137,144
90,91,10,32
90,91,32,34
90,91,34,41
90,91,41,48
90,91,48,52
90,91,52,80
90,91,80,82
90,91,82,87
90,91,87,88
90,91,88,89
90,91,89,92
90,91,92,93
90,91,93,94
90,91,94,95
90,91,95,96
90,91,96,99
90,91,99,124
90,91,124,131
90,91,131,136
90,91,136,143
91,92,1,30
91,92,30,35
91,92,35,44
91,92,44,45
91,92,45,51
91,92,51,76
91,92,76,82
91,92,82,87
91,92,87,88
91,92,88,89
91,92,89,90
91,92,90,93
91,92,93,94
91,92,94,95
91,92,95,96
91,92,96,101
91,92,101,128
91,92,128,130
91,92,130,137
91,92,137,141
92,93,8,32
92,93,32,34
92,93,34,43
92,93,43,44
92,93,44,49
92,93,49,71
92,93,71,83
92,93,83,85
92,93,85,89
92,93,89,90
92,93,90,91
92,93,91,94
92,93,94,95
92,93,95,96
92,93,96,97
92,93,97,109
92,93,109,125
92,93,125,131
92,93,131,138
92,93,138,143
93,94,1,29
93,94,29,38
93,94,38,41
93,94,41,47
93,94,47,48
93,94,48,51
93,94,51,80
93,94,80,83
93,94,83,87
93,94,87,90
93,94,90,91
93,94,91,92
93,94,92,95
93,94,95,96
93,94,96,99
93,94,99,118
93,94,118,125
93,94,125,135
93,94,135,137
93,94,137,143
94,95,1,29
94,95,29,35
94,95,35,40
94,95,40,46
94,95,46,48
94,95,48,49
94,95,49,79
94,95,79,85
94,95,85,89
94,95,89,90
94,95,90,91
94,95,91,92
94,95,92,93
94,95,93,96
94,95,96,99
94,95,99,120
94,95,120,128
94,95,128,134
94,95,134,141
94,95,141,143
95,96,13,25
95,96,25,32
95,96,32,40
95,96,40,45
95,96,45,47
95,96,47,50
95,96,50,75
95,96,75,82
95,96,82,86
95,96,86,88
95,96,88,92
95,96,92,93
95,96,93,94
95,96,94,97
95,96,97,107
95,96,107,126
95,96,126,130
95,96,130,134
95,96,134,138
95,96,138,143
97,98,4,8
97,98,8,15
97,98,15,23
97,98,23,48
97,98,48,51
97,98,51,55
97,98,55,58
97,98,58,64
97,98,64,71
97,98,71,73
97,98,73,88
97,98,88,100
97,98,100,101
97,98,101,102
97,98,102,103
97,98,103,106
97,98,106,112
97,98,112,113
97,98,113,123
97,98,123,144
98,99,4,11
98,99,11,15
98,99,15,24
98,99,24,46
98,99,46,51
98,99,51,58
98,99,58,60
98,99,60,64
98,99,64,75
98,99,75,95
98,99,95,100
98,99,100,101
98,99,101,102
98,99,102,103
98,99,103,104
98,99,104,105
98,99,105,109
98,99,109,114
98,99,114,119
98,99,119,137
99,100,3,11
99,100,11,19
99,100,19,26
99,100,26,45
99,100,45,51
99,100,51,56
99,100,56,64
99,100,64,69
99,100,69,81
99,100,81,94
99,100,94,97
99,100,97,101
99,100,101,102
99,100,102,103
99,100,103,104
99,100,104,107
99,100,107,110
99,100,110,114
99,100,114,120
99,100,120,144
100,101,3,12
100,101,12,18
100,101,18,41
100,101,41,45
100,101,45,53
100,101,53,61
100,101,61,66
100,101,66,75
100,101,75,96
100,101,96,98
100,101,98,99
100,101,99,102
100,101,102,103
100,101,103,104
100,101,104,105
100,101,105,106
100,101,106,110
100,101,110,115
100,101,115,121
100,101,121,143
101,102,1,15
101,102,15,18
101,102,18,48
101,102,48,52
101,102,52,58
101,102,58,64
101,102,64,65
101,102,65,83
101,102,83,96
101,102,96,97
101,102,97,99
101,102,99,100
101,102,100,103
101,102,103,104
101,102,104,105
101,102,105,106
101,102,106,110
101,102,110,115
101,102,115,118
101,102,118,139
102,103,3,15
102,103,15,26
102,103,26,48
102,103,48,55
102,103,55,56
102,103,56,65
102,103,65,72
102,103,72,82
102,103,82,95
102,103,95,97
102,103,97,100
102,103,100,101
102,103,101,104
102,103,104,105
102,103,105,106
102,103,106,107
102,103,107,110
102,103,110,111
102,103,111,117
102,103,117,142
103,104,1,16
103,104,16,25
103,104,25,47
103,104,47,53
103,104,53,58
103,104,58,66
103,104,66,71
103,104,71,87
103,104,87,95
103,104,95,97
103,104,97,101
103,104,101,102
103,104,102,105
103,104,105,106
103,104,106,107
103,104,107,108
103,104,108,111
103,104,111,115
103,104,115,122
103,104,122,144
104,105,1,17
104,105,17,22
104,105,22,48
104,105,48,53
104,105,53,60
104,105,60,64
104,105,64,67
104,105,67,93
104,105,93,95
104,105,95,99
104,105,99,102
104,105,102,103
104,105,103,106
104,105,106,107
104,105,107,108
104,105,108,109
104,105,109,110
104,105,110,112
104,105,112,120
104,105,120,142
105,106,6,13
105,106,13,26
105,106,26,48
105,106,48,49
105,106,49,59
105,106,59,66
105,106,66,70
105,106,70,94
105,106,94,97
105,106,97,102
105,106,102,103
105,106,103,104
105,106,104,107
105,106,107,108
105,106,108,109
105,106,109,110
105,106,110,111
105,106,111,113
105,106,113,121
105,106,121,144
106,107,3,14
106,107,14,29
106,107,29,47
106,107,47,55
106,107,55,58
106,107,58,63
106,107,63,70
106,107,70,90
106,107,90,101
106,107,101,103
106,107,103,104
106,107,104,105
106,107,105,108
106,107,108,109
106,107,109,110
106,107,110,111
106,107,111,112
106,107,112,117
106,107,117,118
106,107,118,144
107,108,5,16
107,108,16,21
107,108,21,38
107,108,38,54
107,108,54,60
107,108,60,67
107,108,67,74
107,108,74,96
107,108,96,102
107,108,102,103
107,108,103,104
107,108,104,105
107,108,105,106
107,108,106,109
107,108,109,110
107,108,110,111
107,108,111,112
107,108,112,115
107,108,115,120
107,108,120,142
108,109,1,18
108,109,18,31
108,109,31,48
108,109,48,55
108,109,55,60
108,109,60,69
108,109,69,75
108,109,75,88
108,109,88,98
108,109,98,104
108,109,104,105
108,109,105,106
108,109,106,107
108,109,107,110
108,109,110,111
108,109,111,112
108,109,112,113
108,109,113,116
108,109,116,124
108,109,124,138
109,110,4,17
109,110,17,29
109,110,29,48
109,110,48,52
109,110,52,60
109,110,60,70
109,110,70,79
109,110,79,91
109,110,91,99
109,110,99,105
109,110,105,106
109,110,106,107
109,110,107,108
109,110,108,111
109,110,111,112
109,110,112,113
109,110,113,114
109,110,114,117
109,110,117,125
109,110,125,144
110,111,2,19
110,111,19,34
110,111,34,48
110,111,48,52
110,111,52,64
110,111,64,69
110,111,69,74
110,111,74,96
110,111,96,101
110,111,101,105
110,111,105,107
110,111,107,108
110,111,108,109
110,111,109,112
110,111,112,113
110,111,113,114
110,111,114,115
110,111,115,117
110,111,117,125
110,111,125,143
111,112,9,21
111,112,21,26
111,112,26,47
111,112,47,61
111,112,61,63
111,112,63,72
111,112,72,78
111,112,78,90
111,112,90,102
111,112,102,106
111,112,106,108
111,112,108,109
111,112,109,110
111,112,110,113
111,112,113,114
111,112,114,115
111,112,115,116
111,112,116,117
111,112,117,122
111,112,122,144
112,113,11,18
112,113,18,30
112,113,30,46
112,113,46,49
112,113,49,65
112,113,65,73
112,113,73,79
112,113,79,94
112,113,94,99
112,113,99,107
112,113,107,109
112,113,109,110
112,113,110,111
112,113,111,114
112,113,114,115
112,113,115,116
112,113,116,117
112,113,117,119
112,113,119,126
112,113,126,137
113,114,8,20
113,114,20,40
113,114,40,43
113,114,43,55
113,114,55,64
113,114,64,70
113,114,70,76
113,114,76,91
113,114,91,105
113,114,105,108
113,114,108,110
113,114,110,111
113,114,111,112
113,114,112,115
113,114,115,116
113,114,116,117
113,114,117,118
113,114,118,119
113,114,119,123
113,114,123,143
114,115,2,20
114,115,20,43
114,115,43,48
114,115,48,52
114,115,52,69
114,115,69,75
114,115,75,79
114,115,79,92
114,115,92,99
114,115,99,108
114,115,108,111
114,115,111,112
114,115,112,113
114,115,113,116
114,115,116,117
114,115,117,118
114,115,118,119
114,115,119,120
114,115,120,128
114,115,128,144
115,116,3,26
115,116,26,48
115,116,48,52
115,116,52,60
115,116,60,69
115,116,69,71
115,116,71,84
115,116,84,96
115,116,96,98
115,116,98,109
115,116,109,112
115,116,112,113
115,116,113,114
115,116,114,117
115,116,117,118
115,116,118,119
115,116,119,120
115,116,120,123
115,116,123,128
115,116,128,144
116,117,13,23
116,117,23,44
116,117,44,50
116,117,50,64
116,117,64,67
116,117,67,75
116,117,75,86
116,117,86,92
116,117,92,107
116,117,107,110
116,117,110,113
116,117,113,114
116,117,114,115
116,117,115,118
116,117,118,119
116,117,119,120
116,117,120,121
116,117,121,122
116,117,122,125
116,117,125,141
117,118,3,28
117,118,28,48
117,118,48,52
117,118,52,62
117,118,62,69
117,118,69,77
117,118,77,87
117,118,87,96
117,118,96,98
117,118,98,113
117,118,113,114
117,118,114,115
117,118,115,116
117,118,116,119
117,118,119,120
117,118,120,121
117,118,121,122
117,118,122,123
117,118,123,130
117,118,130,144
118,119,2,30
118,119,30,47
118,119,47,59
118,119,59,68
118,119,68,71
118,119,71,79
118,119,79,86
118,119,86,96
118,119,96,97
118,119,97,113
118,119,113,115
118,119,115,116
118,119,116,117
118,119,117,120
118,119,120,121
118,119,121,122
118,119,122,123
118,119,123,124
118,119,124,131
118,119,131,144
119,120,4,27
119,120,27,48
119,120,48,50
119,120,50,69
119,120,69,74
119,120,74,80
119,120,80,89
119,120,89,96
119,120,96,100
119,120,100,114
119,120,114,116
119,120,116,117
119,120,117,118
119,120,118,121
119,120,121,122
119,120,122,123
119,120,123,124
119,120,124,126
119,120,126,131
119,120,131,140
120,121,1,31
120,121,31,47
120,121,47,50
120,121,50,69
120,121,69,74
120,121,74,80
120,121,80,84
120,121,84,94
120,121,94,97
120,121,97,114
120,121,114,117
120,121,117,118
120,121,118,119
120,121,119,122
120,121,122,123
120,121,123,124
120,121,124,125
120,121,125,126
120,121,126,128
120,121,128,139
121,122,1,33
121,122,33,45
121,122,45,54
121,122,54,70
121,122,70,72
121,122,72,82
121,122,82,87
121,122,87,95
121,122,95,98
121,122,98,116
121,122,116,118
121,122,118,119
121,122,119,120
121,122,120,123
121,122,123,124
121,122,124,125
121,122,125,126
121,122,126,127
121,122,127,132
121,122,132,144
122,123,1,27
122,123,27,48
122,123,48,51
122,123,51,68
122,123,68,77
122,123,77,79
122,123,79,90
122,123,90,94
122,123,94,102
122,123,102,115
122,123,115,119
122,123,119,120
122,123,120,121
122,123,121,124
122,123,124,125
122,123,125,126
122,123,126,127
122,123,127,129
122,123,129,134
122,123,134,142
123,124,1,28
123,124,28,42
123,124,42,53
123,124,53,69
123,124,69,74
123,124,74,79
123,124,79,85
123,124,85,93
123,124,93,105
123,124,105,117
123,124,117,120
123,124,120,121
123,124,121,122
123,124,122,125
123,124,125,126
123,124,126,127
123,124,127,128
123,124,128,129
123,124,129,134
123,124,134,143
124,125,1,33
124,125,33,46
124,125,46,54
124,125,54,72
124,125,72,74
124,125,74,80
124,125,80,87
124,125,87,95
124,125,95,97
124,125,97,116
124,125,116,121
124,125,121,122
124,125,122,123
124,125,123,126
124,125,126,127
124,125,127,128
124,125,128,129
124,125,129,130
124,125,130,133
124,125,133,142
125,126,1,32
125,126,32,40
125,126,40,53
125,126,53,70
125,126,70,75
125,126,75,84
125,126,84,85
125,126,85,94
125,126,94,100
125,126,100,120
125,126,120,122
125,126,122,123
125,126,123,124
125,126,124,127
125,126,127,128
125,126,128,129
125,126,129,130
125,126,130,131
125,126,131,132
125,126,132,142
126,127,4,26
126,127,26,45
126,127,45,52
126,127,52,69
126,127,69,75
126,127,75,83
126,127,83,89
126,127,89,96
126,127,96,97
126,127,97,119
126,127,119,122
126,127,122,123
126,127,123,124
126,127,124,125
126,127,125,128
126,127,128,129
126,127,129,130
126,127,130,131
126,127,131,136
126,127,136,143
127,128,1,29
127,128,29,46
127,128,46,48
127,128,48,50
127,128,50,77
127,128,77,82
127,128,82,89
127,128,89,95
127,128,95,97
127,128,97,120
127,128,120,123
127,128,123,124
127,128,124,125
127,128,125,126
127,128,126,129
127,128,129,130
127,128,130,131
127,128,131,132
127,128,132,134
127,128,134,143
128,129,2,35
128,129,35,43
128,129,43,48
128,129,48,49
128,129,49,77
128,129,77,83
128,129,83,91
128,129,91,96
128,129,96,100
128,129,100,120
128,129,120,124
128,129,124,125
128,129,125,126
128,129,126,127
128,129,127,130
128,129,130,131
128,129,131,132
128,129,132,133
128,129,133,136
128,129,136,138
129,130,1,30
129,130,30,36
129,130,36,47
129,130,47,51
129,130,51,75
129,130,75,85
129,130,85,87
129,130,87,92
129,130,92,98
129,130,98,118
129,130,118,124
129,130,124,126
129,130,126,127
129,130,127,128
129,130,128,131
129,130,131,132
129,130,132,133
129,130,133,134
129,130,134,136
129,130,136,144
130,131,4,27
130,131,27,44
130,131,44,47
130,131,47,52
130,131,52,80
130,131,80,84
130,131,84,86
130,131,86,92
130,131,92,104
130,131,104,121
130,131,121,125
130,131,125,127
130,131,127,128
130,131,128,129
130,131,129,132
130,131,132,133
130,131,133,134
130,131,134,135
130,131,135,137
130,131,137,142
131,132,1,27
131,132,27,36
131,132,36,48
131,132,48,50
131,132,50,76
131,132,76,81
131,132,81,88
131,132,88,95
131,132,95,98
131,132,98,122
131,132,122,125
131,132,125,128
131,132,128,129
131,132,129,130
131,132,130,133
131,132,133,134
131,132,134,135
131,132,135,136
131,132,136,137
131,132,137,144
132,133,1,28
132,133,28,38
132,133,38,48
132,133,48,49
132,133,49,76
132,133,76,81
132,133,81,88
132,133,88,95
132,133,95,110
132,133,110,123
132,133,123,125
132,133,125,129
132,133,129,130
132,133,130,131
132,133,131,134
132,133,134,135
132,133,135,136
132,133,136,137
132,133,137,138
132,133,138,141
133,134,2,33
133,134,33,38
133,134,38,48
133,134,48,54
133,134,54,77
133,134,77,84
133,134,84,89
133,134,89,95
133,134,95,98
133,134,98,120
133,134,120,126
133,134,126,130
133,134,130,131
133,134,131,132
133,134,132,135
133,134,135,136
133,134,136,137
133,134,137,138
133,134,138,139
133,134,139,140
134,135,1,34
134,135,34,43
134,135,43,46
134,135,46,59
134,135,59,78
134,135,78,83
134,135,83,89
134,135,89,96
134,135,96,98
134,135,98,121
134,135,121,129
134,135,129,131
134,135,131,132
134,135,132,133
134,135,133,136
134,135,136,137
134,135,137,138
134,135,138,139
134,135,139,140
134,135,140,143
135,136,3,36
135,136,36,37
135,136,37,48
135,136,48,49
135,136,49,75
135,136,75,83
135,136,83,89
135,136,89,94
135,136,94,103
135,136,103,119
135,136,119,128
135,136,128,131
135,136,131,132
135,136,132,133
135,136,133,134
135,136,134,137
135,136,137,138
135,136,138,139
135,136,139,140
135,136,140,142
136,137,1,27
136,137,27,39
136,137,39,46
136,137,46,52
136,137,52,81
136,137,81,84
136,137,84,87
136,137,87,93
136,137,93,98
136,137,98,118
136,137,118,128
136,137,128,131
136,137,131,133
136,137,133,134
136,137,134,135
136,137,135,138
136,137,138,139
136,137,139,140
136,137,140,141
136,137,141,142
137,138,1,31
137,138,31,39
137,138,39,48
137,138,48,50
137,138,50,80
137,138,80,82
137,138,82,90
137,138,90,95
137,138,95,97
137,138,97,120
137,138,120,127
137,138,127,132
137,138,132,134
137,138,134,135
137,138,135,136
137,138,136,139
137,138,139,140
137,138,140,141
137,138,141,142
137,138,142,143
138,139,6,36
138,139,36,42
138,139,42,44
138,139,44,49
138,139,49,79
138,139,79,83
138,139,83,91
138,139,91,95
138,139,95,97
138,139,97,121
138,139,121,130
138,139,130,133
138,139,133,135
138,139,135,136
138,139,136,137
138,139,137,140
138,139,140,141
138,139,141,142
138,139,142,143
138,139,143,144
139,140,1,34
139,140,34,43
139,140,43,47
139,140,47,52
139,140,52,75
139,140,75,82
139,140,82,90
139,140,90,95
139,140,95,96
139,140,96,99
139,140,99,129
139,140,129,132
139,140,132,135
139,140,135,136
139,140,136,137
139,140,137,138
139,140,138,141
139,140,141,142
139,140,142,143
139,140,143,144
140,141,1,35
140,141,35,36
140,141,36,44
140,141,44,55
140,141,55,78
140,141,78,81
140,141,81,87
140,141,87,93
140,141,93,94
140,141,94,101
140,141,101,121
140,141,121,131
140,141,131,134
140,141,134,136
140,141,136,137
140,141,137,138
140,141,138,139
140,141,139,142
140,141,142,143
140,141,143,144
141,142,8,28
141,142,28,38
141,142,38,42
141,142,42,48
141,142,48,54
141,142,54,79
141,142,79,84
141,142,84,89
141,142,89,94
141,142,94,96
141,142,96,106
141,142,106,127
141,142,127,132
141,142,132,135
141,142,135,137
141,142,137,138
141,142,138,139
141,142,139,140
141,142,140,143
141,142,143,144
142,143,2,32
142,143,32,36
142,143,36,43
142,143,43,47
142,143,47,49
142,143,49,80
142,143,80,85
142,143,85,86
142,143,86,92
142,143,92,94
142,143,94,101
142,143,101,119
142,143,119,128
142,143,128,131
142,143,131,135
142,143,135,138
142,143,138,139
142,143,139,140
142,143,140,141
142,143,141,144
143,144,3,32
143,144,32,35
143,144,35,40
143,144,40,46
143,144,46,52
143,144,52,73
143,144,73,80
143,144,80,87
143,144,87,90
143,144,90,95
143,144,95,96
143,144,96,114
143,144,114,126
143,144,126,131
143,144,131,134
143,144,134,137
143,144,137,139
143,144,139,140
143,144,140,141
143,144,141,142
1,4,2,3
1,4,3,5
1,4,5,6
1,4,6,7
1,4,7,11
1,4,11,13
1,4,13,20
1,4,20,24
1,4,24,30
1,4,30,48
1,4,48,56
1,4,56,61
1,4,61,66
1,4,66,73
1,4,73,74
1,4,74,94
1,4,94,99
1,4,99,108
1,4,108,120
1,4,120,143
2,5,1,3
2,5,3,4
2,5,4,6
2,5,6,7
2,5,7,8
2,5,8,10
2,5,10,16
2,5,16,18
2,5,18,26
2,5,26,42
2,5,42,50
2,5,50,59
2,5,59,62
2,5,62,66
2,5,66,79
2,5,79,93
2,5,93,101
2,5,101,110
2,5,110,117
2,5,117,144
3,6,1,2
3,6,2,4
3,6,4,5
3,6,5,7
3,6,7,8
3,6,8,9
3,6,9,12
3,6,12,15
3,6,15,25
3,6,25,37
3,6,37,46
3,6,46,54
3,6,54,58
3,6,58,64
3,6,64,72
3,6,72,96
3,6,96,100
3,6,100,110
3,6,110,114
3,6,114,138
4,7,1,2
4,7,2,3
4,7,3,5
4,7,5,6
4,7,6,8
4,7,8,9
4,7,9,10
4,7,10,14
4,7,14,17
4,7,17,26
4,7,26,47
4,7,47,53
4,7,53,58
4,7,58,62
4,7,62,73
4,7,73,86
4,7,86,92
4,7,92,108
4,7,108,113
4,7,113,144
5,8,1,3
5,8,3,4
5,8,4,6
5,8,6,7
5,8,7,9
5,8,9,10
5,8,10,11
5,8,11,15
5,8,15,20
5,8,20,22
5,8,22,45
5,8,45,54
5,8,54,57
5,8,57,64
5,8,64,69
5,8,69,84
5,8,84,92
5,8,92,109
5,8,109,114
5,8,114,137
6,9,2,4
6,9,4,5
6,9,5,7
6,9,7,8
6,9,8,10
6,9,10,11
6,9,11,12
6,9,12,14
6,9,14,20
6,9,20,29
6,9,29,46
6,9,46,52
6,9,52,57
6,9,57,62
6,9,62,68
6,9,68,85
6,9,85,93
6,9,93,98
6,9,98,111
6,9,111,142
7,10,1,5
7,10,5,6
7,10,6,8
7,10,8,9
7,10,9,11
7,10,11,12
7,10,12,13
7,10,13,14
7,10,14,17
7,10,17,27
7,10,27,43
7,10,43,50
7,10,50,58
7,10,58,65
7,10,65,71
7,10,71,73
7,10,73,92
7,10,92,99
7,10,99,116
7,10,116,143
8,11,2,6
8,11,6,7
8,11,7,9
8,11,9,10
8,11,10,12
8,11,12,13
8,11,13,14
8,11,14,15
8,11,15,18
8,11,18,23
8,11,23,45
8,11,45,48
8,11,48,51
8,11,51,60
8,11,60,69
8,11,69,73
8,11,73,92
8,11,92,99
8,11,99,114
8,11,114,142
9,12,2,7
9,12,7,8
9,12,8,10
9,12,10,11
9,12,11,13
9,12,13,14
9,12,14,15
9,12,15,16
9,12,16,17
9,12,17,28
9,12,28,43
9,12,43,48
9,12,48,49
9,12,49,65
9,12,65,70
9,12,70,78
9,12,78,95
9,12,95,97
9,12,97,111
9,12,111,144
10,13,2,7
10,13,7,8
10,13,8,9
10,13,9,11
10,13,11,12
10,13,12,14
10,13,14,15
10,13,15,16
10,13,16,19
10,13,19,26
10,13,26,39
10,13,39,47
10,13,47,52
10,13,52,63
10,13,63,68
10,13,68,82
10,13,82,84
10,13,84,98
10,13,98,119
10,13,119,139
11,14,5,7
11,14,7,9
11,14,9,10
11,14,10,12
11,14,12,13
11,14,13,15
11,14,15,16
11,14,16,17
11,14,17,20
11,14,20,22
11,14,22,34
11,14,34,43
11,14,43,59
11,14,59,64
11,14,64,71
11,14,71,82
11,14,82,87
11,14,87,102
11,14,102,115
11,14,115,143
12,15,2,9
12,15,9,10
12,15,10,11
12,15,11,13
12,15,13,14
12,15,14,16
12,15,16,17
12,15,17,18
12,15,18,21
12,15,21,27
12,15,27,36
12,15,36,46
12,15,46,53
12,15,53,65
12,15,65,69
12,15,69,79
12,15,79,92
12,15,92,100
12,15,100,115
12,15,115,144
13,16,1,9
13,16,9,11
13,16,11,12
13,16,12,14
13,16,14,15
13,16,15,17
13,16,17,18
13,16,18,19
13,16,19,22
13,16,22,24
13,16,24,37
13,16,37,44
13,16,44,50
13,16,50,62
13,16,62,69
13,16,69,79
13,16,79,95
13,16,95,103
13,16,103,116
13,16,116,144
14,17,2,8
14,17,8,12
14,17,12,13
14,17,13,15
14,17,15,16
14,17,16,18
14,17,18,19
14,17,19,20
14,17,20,22
14,17,22,26
14,17,26,35
14,17,35,45
14,17,45,57
14,17,57,65
14,17,65,71
14,17,71,75
14,17,75,91
14,17,91,98
14,17,98,112
14,17,112,144
15,18,6,11
15,18,11,13
15,18,13,14
15,18,14,16
15,18,16,17
15,18,17,19
15,18,19,20
15,18,20,21
15,18,21,23
15,18,23,27
15,18,27,38
15,18,38,43
15,18,43,58
15,18,58,64
15,18,64,70
15,18,70,79
15,18,79,96
15,18,96,108
15,18,108,121
15,18,121,138
16,19,6,10
16,19,10,14
16,19,14,15
16,19,15,17
16,19,17,18
16,19,18,20
16,19,20,21
16,19,21,22
16,19,22,23
16,19,23,27
16,19,27,35
16,19,35,47
16,19,47,49
16,19,49,64
16,19,64,68
16,19,68,80
16,19,80,93
16,19,93,102
16,19,102,112
16,19,112,135
17,20,3,12
17,20,12,15
17,20,15,16
17,20,16,18
17,20,18,19
17,20,19,21
17,20,21,22
17,20,22,23
17,20,23,24
17,20,24,29
17,20,29,30
17,20,30,48
17,20,48,55
17,20,55,62
17,20,62,71
17,20,71,76
17,20,76,95
17,20,95,100
17,20,100,119
17,20,119,144
18,21,1,10
18,21,10,15
18,21,15,16
18,21,16,17
18,21,17,19
18,21,19,20
18,21,20,22
18,21,22,23
18,21,23,24
18,21,24,29
18,21,29,38
18,21,38,48
18,21,48,51
18,21,51,66
18,21,66,73
18,21,73,76
18,21,76,96
18,21,96,105
18,21,105,116
18,21,116,141
19,22,5,13
19,22,13,16
19,22,16,17
19,22,17,18
19,22,18,20
19,22,20,21
19,22,21,23
19,22,23,24
19,22,24,25
19,22,25,30
19,22,30,34
19,22,34,46
19,22,46,56
19,22,56,68
19,22,68,71
19,22,71,78
19,22,78,96
19,22,96,98
19,22,98,113
19,22,113,142
20,23,4,15
20,23,15,17
20,23,17,18
20,23,18,19
20,23,19,21
20,23,21,22
20,23,22,24
20,23,24,25
20,23,25,26
20,23,26,27
20,23,27,37
20,23,37,45
20,23,45,63
20,23,63,67
20,23,67,72
20,23,72,75
20,23,75,85
20,23,85,95
20,23,95,101
20,23,101,143
21,24,3,14
21,24,14,17
21,24,17,19
21,24,19,20
21,24,20,22
21,24,22,23
21,24,23,25
21,24,25,26
21,24,26,27
21,24,27,30
21,24,30,32
21,24,32,48
21,24,48,50
21,24,50,64
21,24,64,71
21,24,71,79
21,24,79,90
21,24,90,96
21,24,96,97
21,24,97,140
22,25,12,13
22,25,13,18
22,25,18,20
22,25,20,21
22,25,21,23
22,25,23,24
22,25,24,26
22,25,26,27
22,25,27,28
22,25,28,30
22,25,30,36
22,25,36,47
22,25,47,53
22,25,53,65
22,25,65,73
22,25,73,76
22,25,76,88
22,25,88,95
22,25,95,103
22,25,103,142
23,26,1,15
23,26,15,20
23,26,20,21
23,26,21,22
23,26,22,24
23,26,24,25
23,26,25,27
23,26,27,28
23,26,28,29
23,26,29,30
23,26,30,37
23,26,37,47
23,26,47,51
23,26,51,66
23,26,66,74
23,26,74,80
23,26,80,84
23,26,84,95
23,26,95,101
23,26,101,143
24,27,2,18
24,27,18,21
24,27,21,22
24,27,22,23
24,27,23,25
24,27,25,26
24,27,26,28
24,27,28,29
24,27,29,30
24,27,30,31
24,27,31,37
24,27,37,47
24,27,47,50
24,27,50,71
24,27,71,73
24,27,73,79
24,27,79,90
24,27,90,93
24,27,93,97
24,27,97,144
25,28,1,18
25,28,18,21
25,28,21,23
25,28,23,24
25,28,24,26
25,28,26,27
25,28,27,29
25,28,29,30
25,28,30,31
25,28,31,32
25,28,32,35
25,28,35,47
25,28,47,50
25,28,50,71
25,28,71,74
25,28,74,83
25,28,83,91
25,28,91,95
25,28,95,98
25,28,98,141
26,29,9,20
26,29,20,22
26,29,22,24
26,29,24,25
26,29,25,27
26,29,27,28
26,29,28,30
26,29,30,31
26,29,31,32
26,29,32,35
26,29,35,38
26,29,38,47
26,29,47,51
26,29,51,70
26,29,70,74
26,29,74,83
26,29,83,95
26,29,95,96
26,29,96,97
26,29,97,141
27,30,1,22
27,30,22,23
27,30,23,25
27,30,25,26
27,30,26,28
27,30,28,29
27,30,29,31
27,30,31,32
27,30,32,33
27,30,33,36
27,30,36,40
27,30,40,47
27,30,47,56
27,30,56,70
27,30,70,77
27,30,77,81
27,30,81,93
27,30,93,101
27,30,101,122
27,30,122,134
28,31,1,20
28,31,20,23
28,31,23,26
28,31,26,27
28,31,27,29
28,31,29,30
28,31,30,32
28,31,32,33
28,31,33,34
28,31,34,35
28,31,35,38
28,31,38,48
28,31,48,60
28,31,60,71
28,31,71,81
28,31,81,84
28,31,84,93
28,31,93,97
28,31,97,122
28,31,122,144
29,32,1,20
29,32,20,24
29,32,24,27
29,32,27,28
29,32,28,30
29,32,30,31
29,32,31,33
29,32,33,34
29,32,34,35
29,32,35,36
29,32,36,40
29,32,40,47
29,32,47,49
29,32,49,75
29,32,75,82
29,32,82,84
29,32,84,95
29,32,95,111
29,32,111,126
29,32,126,133
30,33,2,21
30,33,21,26
30,33,26,28
30,33,28,29
30,33,29,31
30,33,31,32
30,33,32,34
30,33,34,35
30,33,35,36
30,33,36,39
30,33,39,44
30,33,44,46
30,33,46,55
30,33,55,72
30,33,72,80
30,33,80,88
30,33,88,92
30,33,92,97
30,33,97,130
30,33,130,137
31,34,3,25
31,34,25,26
31,34,26,29
31,34,29,30
31,34,30,32
31,34,32,33
31,34,33,35
31,34,35,36
31,34,36,37
31,34,37,38
31,34,38,41
31,34,41,48
31,34,48,52
31,34,52,76
31,34,76,81
31,34,81,89
31,34,89,94
31,34,94,98
31,34,98,130
31,34,130,142
32,35,17,25
32,35,25,27
32,35,27,30
32,35,30,31
32,35,31,33
32,35,33,34
32,35,34,36
32,35,36,37
32,35,37,38
32,35,38,39
32,35,39,41
32,35,41,48
32,35,48,49
32,35,49,74
32,35,74,84
32,35,84,89
32,35,89,93
32,35,93,97
32,35,97,131
32,35,131,139
33,36,2,21
33,36,21,27
33,36,27,31
33,36,31,32
33,36,32,34
33,36,34,35
33,36,35,37
33,36,37,38
33,36,38,39
33,36,39,41
33,36,41,43
33,36,43,48
33,36,48,50
33,36,50,75
33,36,75,82
33,36,82,92
33,36,92,96
33,36,96,97
33,36,97,130
33,36,130,143
34,37,5,24
34,37,24,29
34,37,29,32
34,37,32,33
34,37,33,35
34,37,35,36
34,37,36,38
34,37,38,39
34,37,39,40
34,37,40,41
34,37,41,43
34,37,43,48
34,37,48,50
34,37,50,76
34,37,76,83
34,37,83,91
34,37,91,94
34,37,94,105
34,37,105,134
34,37,134,136
35,38,1,22
35,38,22,28
35,38,28,33
35,38,33,34
35,38,34,36
35,38,36,37
35,38,37,39
35,38,39,40
35,38,40,41
35,38,41,42
35,38,42,47
35,38,47,48
35,38,48,50
35,38,50,78
35,38,78,87
35,38,87,88
35,38,88,94
35,38,94,98
35,38,98,127
35,38,127,144
36,39,14,22
36,39,22,29
36,39,29,34
36,39,34,35
36,39,35,37
36,39,37,38
36,39,38,40
36,39,40,41
36,39,41,42
36,39,42,43
36,39,43,48
36,39,48,50
36,39,50,69
36,39,69,78
36,39,78,85
36,39,85,90
36,39,90,96
36,39,96,97
36,39,97,134
36,39,134,139
37,40,3,21
37,40,21,30
37,40,30,34
37,40,34,35
37,40,35,36
37,40,36,38
37,40,38,39
37,40,39,41
37,40,41,42
37,40,42,43
37,40,43,48
37,40,48,49
37,40,49,75
37,40,75,78
37,40,78,88
37,40,88,90
37,40,90,96
37,40,96,100
37,40,100,134
37,40,134,142
38,41,3,22
38,41,22,34
38,41,34,35
38,41,35,36
38,41,36,37
38,41,37,39
38,41,39,40
38,41,40,42
38,41,42,43
38,41,43,44
38,41,44,47
38,41,47,51
38,41,51,71
38,41,71,79
38,41,79,86
38,41,86,90
38,41,90,96
38,41,96,111
38,41,111,136
38,41,136,143
39,42,4,22
39,42,22,34
39,42,34,35
39,42,35,37
39,42,37,38
39,42,38,40
39,42,40,41
39,42,41,43
39,42,43,44
39,42,44,45
39,42,45,46
39,42,46,49
39,42,49,72
39,42,72,79
39,42,79,89
39,42,89,94
39,42,94,96
39,42,96,98
39,42,98,134
39,42,134,144
40,43,4,27
40,43,27,30
40,43,30,36
40,43,36,38
40,43,38,39
40,43,39,41
40,43,41,42
40,43,42,44
40,43,44,45
40,43,45,46
40,43,46,48
40,43,48,52
40,43,52,73
40,43,73,82
40,43,82,89
40,43,89,92
40,43,92,96
40,43,96,97
40,43,97,132
40,43,132,144
41,44,13,26
41,44,26,35
41,44,35,37
41,44,37,39
41,44,39,40
41,44,40,42
41,44,42,43
41,44,43,45
41,44,45,46
41,44,46,47
41,44,47,48
41,44,48,49
41,44,49,80
41,44,80,81
41,44,81,89
41,44,89,92
41,44,92,96
41,44,96,99
41,44,99,130
41,44,130,138
42,45,1,24
42,45,24,31
42,45,31,36
42,45,36,40
42,45,40,41
42,45,41,43
42,45,43,44
42,45,44,46
42,45,46,47
42,45,47,48
42,45,48,53
42,45,53,70
42,45,70,76
42,45,76,86
42,45,86,90
42,45,90,95
42,45,95,116
42,45,116,125
42,45,125,136
42,45,136,139
43,46,6,29
43,46,29,30
43,46,30,35
43,46,35,40
43,46,40,41
43,46,41,42
43,46,42,44
43,46,44,45
43,46,45,47
43,46,47,48
43,46,48,52
43,46,52,73
43,46,73,79
43,46,79,84
43,46,84,89
43,46,89,96
43,46,96,97
43,46,97,129
43,46,129,135
43,46,135,143
44,47,6,26
44,47,26,33
44,47,33,37
44,47,37,40
44,47,40,42
44,47,42,43
44,47,43,45
44,47,45,46
44,47,46,48
44,47,48,60
44,47,60,65
44,47,65,76
44,47,76,81
44,47,81,87
44,47,87,94
44,47,94,96
44,47,96,97
44,47,97,129
44,47,129,135
44,47,135,144
45,48,2,21
45,48,21,31
45,48,31,35
45,48,35,40
45,48,40,42
45,48,42,43
45,48,43,44
45,48,44,46
45,48,46,47
45,48,47,49
45,48,49,74
45,48,74,78
45,48,78,85
45,48,85,89
45,48,89,92
45,48,92,96
45,48,96,97
45,48,97,127
45,48,127,139
45,48,139,144
49,52,4,9
49,52,9,14
49,52,14,16
49,52,16,25
49,52,25,45
49,52,45,50
49,52,50,53
49,52,53,54
49,52,54,55
49,52,55,56
49,52,56,61
49,52,61,62
49,52,62,68
49,52,68,85
49,52,85,96
49,52,96,104
49,52,104,108
49,52,108,109
49,52,109,118
49,52,118,142
50,53,2,7
50,53,7,12
50,53,12,18
50,53,18,32
50,53,32,44
50,53,44,49
50,53,49,52
50,53,52,54
50,53,54,55
50,53,55,56
50,53,56,57
50,53,57,62
50,53,62,65
50,53,65,74
50,53,74,96
50,53,96,102
50,53,102,108
50,53,108,110
50,53,110,114
50,53,114,144
51,54,1,10
51,54,10,13
51,54,13,19
51,54,19,31
51,54,31,48
51,54,48,50
51,54,50,52
51,54,52,53
51,54,53,55
51,54,55,56
51,54,56,57
51,54,57,61
51,54,61,67
51,54,67,68
51,54,68,96
51,54,96,99
51,54,99,106
51,54,106,113
51,54,113,121
51,54,121,141
52,55,2,9
52,55,9,16
52,55,16,26
52,55,26,48
52,55,48,50
52,55,50,51
52,55,51,53
52,55,53,54
52,55,54,56
52,55,56,57
52,55,57,58
52,55,58,59
52,55,59,65
52,55,65,71
52,55,71,84
52,55,84,92
52,55,92,105
52,55,105,111
52,55,111,116
52,55,116,138
53,56,3,10
53,56,10,14
53,56,14,25
53,56,25,46
53,56,46,49
53,56,49,51
53,56,51,52
53,56,52,54
53,56,54,55
53,56,55,57
53,56,57,58
53,56,58,59
53,56,59,64
53,56,64,68
53,56,68,77
53,56,77,91
53,56,91,105
53,56,105,112
53,56,112,118
53,56,118,131
54,57,1,7
54,57,7,14
54,57,14,27
54,57,27,47
54,57,47,50
54,57,50,52
54,57,52,53
54,57,53,55
54,57,55,56
54,57,56,58
54,57,58,59
54,57,59,60
54,57,60,61
54,57,61,69
54,57,69,81
54,57,81,93
54,57,93,99
54,57,99,113
54,57,113,115
54,57,115,142
55,58,2,9
55,58,9,17
55,58,17,19
55,58,19,47
55,58,47,49
55,58,49,53
55,58,53,54
55,58,54,56
55,58,56,57
55,58,57,59
55,58,59,60
55,58,60,61
55,58,61,64
55,58,64,66
55,58,66,85
55,58,85,95
55,58,95,99
55,58,99,113
55,58,113,121
55,58,121,137
56,59,3,12
56,59,12,14
56,59,14,22
56,59,22,48
56,59,48,51
56,59,51,54
56,59,54,55
56,59,55,57
56,59,57,58
56,59,58,60
56,59,60,61
56,59,61,62
56,59,62,65
56,59,65,68
56,59,68,83
56,59,83,96
56,59,96,102
56,59,102,111
56,59,111,116
56,59,116,144
57,60,1,12
57,60,12,17
57,60,17,25
57,60,25,46
57,60,46,53
57,60,53,55
57,60,55,56
57,60,56,58
57,60,58,59
57,60,59,61
57,60,61,62
57,60,62,63
57,60,63,66
57,60,66,68
57,60,68,75
57,60,75,95
57,60,95,98
57,60,98,108
57,60,108,115
57,60,115,144
58,61,1,11
58,61,11,16
58,61,16,26
58,61,26,48
58,61,48,50
58,61,50,56
58,61,56,57
58,61,57,59
58,61,59,60
58,61,60,62
58,61,62,63
58,61,63,64
58,61,64,65
58,61,65,67
58,61,67,82
58,61,82,95
58,61,95,102
58,61,102,110
58,61,110,119
58,61,119,144
59,62,1,13
59,62,13,15
59,62,15,28
59,62,28,42
59,62,42,52
59,62,52,57
59,62,57,58
59,62,58,60
59,62,60,61
59,62,61,63
59,62,63,64
59,62,64,65
59,62,65,66
59,62,66,67
59,62,67,80
59,62,80,94
59,62,94,97
59,62,97,113
59,62,113,116
59,62,116,144
60,63,5,13
60,63,13,15
60,63,15,28
60,63,28,40
60,63,40,50
60,63,50,58
60,63,58,59
60,63,59,61
60,63,61,62
60,63,62,64
60,63,64,65
60,63,65,66
60,63,66,67
60,63,67,70
60,63,70,83
60,63,83,95
60,63,95,103
60,63,103,114
60,63,114,122
60,63,122,143
61,64,4,15
61,64,15,21
61,64,21,23
61,64,23,48
61,64,48,51
61,64,51,58
61,64,58,59
61,64,59,60
61,64,60,62
61,64,62,63
61,64,63,65
61,64,65,66
61,64,66,67
61,64,67,72
61,64,72,84
61,64,84,96
61,64,96,100
61,64,100,114
61,64,114,121
61,64,121,143
62,65,7,11
62,65,11,21
62,65,21,30
62,65,30,47
62,65,47,58
62,65,58,59
62,65,59,60
62,65,60,61
62,65,61,63
62,65,63,64
62,65,64,66
62,65,66,67
62,65,67,68
62,65,68,69
62,65,69,80
62,65,80,94
62,65,94,97
62,65,97,112
62,65,112,117
62,65,117,144
63,66,8,13
63,66,13,21
63,66,21,26
63,66,26,46
63,66,46,55
63,66,55,60
63,66,60,61
63,66,61,62
63,66,62,64
63,66,64,65
63,66,65,67
63,66,67,68
63,66,68,69
63,66,69,73
63,66,73,77
63,66,77,95
63,66,95,105
63,66,105,116
63,66,116,120
63,66,120,143
64,67,4,11
64,67,11,22
64,67,22,32
64,67,32,46
64,67,46,59
64,67,59,60
64,67,60,62
64,67,62,63
64,67,63,65
64,67,65,66
64,67,66,68
64,67,68,69
64,67,69,70
64,67,70,73
64,67,73,81
64,67,81,94
64,67,94,97
64,67,97,112
64,67,112,120
64,67,120,144
65,68,10,16
65,68,16,21
65,68,21,28
65,68,28,47
65,68,47,52
65,68,52,61
65,68,61,63
65,68,63,64
65,68,64,66
65,68,66,67
65,68,67,69
65,68,69,70
65,68,70,71
65,68,71,75
65,68,75,84
65,68,84,94
65,68,94,102
65,68,102,117
65,68,117,124
65,68,124,143
66,69,1,13
66,69,13,19
66,69,19,25
66,69,25,48
66,69,48,49
66,69,49,62
66,69,62,64
66,69,64,65
66,69,65,67
66,69,67,68
66,69,68,70
66,69,70,71
66,69,71,72
66,69,72,74
66,69,74,78
66,69,78,92
66,69,92,111
66,69,111,113
66,69,113,123
66,69,123,143
67,70,2,16
67,70,16,23
67,70,23,29
67,70,29,37
67,70,37,49
67,70,49,64
67,70,64,65
67,70,65,66
67,70,66,68
67,70,68,69
67,70,69,71
67,70,71,72
67,70,72,73
67,70,73,75
67,70,75,84
67,70,84,92
67,70,92,98
67,70,98,114
67,70,114,120
67,70,120,144
68,71,14,17
68,71,17,22
68,71,22,31
68,71,31,48
68,71,48,49
68,71,49,63
68,71,63,66
68,71,66,67
68,71,67,69
68,71,69,70
68,71,70,72
68,71,72,73
68,71,73,74
68,71,74,77
68,71,77,79
68,71,79,95
68,71,95,112
68,71,112,119
68,71,119,126
68,71,126,142
69,72,1,19
69,72,19,23
69,72,23,28
69,72,28,48
69,72,48,50
69,72,50,65
69,72,65,67
69,72,67,68
69,72,68,70
69,72,70,71
69,72,71,73
69,72,73,74
69,72,74,75
69,72,75,78
69,72,78,82
69,72,82,96
69,72,96,99
69,72,99,116
69,72,116,123
69,72,123,142
70,73,1,17
70,73,17,25
70,73,25,34
70,73,34,46
70,73,46,59
70,73,59,66
70,73,66,68
70,73,68,69
70,73,69,71
70,73,71,72
70,73,72,74
70,73,74,75
70,73,75,76
70,73,76,79
70,73,79,84
70,73,84,96
70,73,96,100
70,73,100,116
70,73,116,127
70,73,127,144
71,74,1,18
71,74,18,28
71,74,28,35
71,74,35,48
71,74,48,49
71,74,49,67
71,74,67,69
71,74,69,70
71,74,70,72
71,74,72,73
71,74,73,75
71,74,75,76
71,74,76,77
71,74,77,79
71,74,79,81
71,74,81,96
71,74,96,97
71,74,97,118
71,74,118,123
71,74,123,144
72,75,5,20
72,75,20,25
72,75,25,37
72,75,37,48
72,75,48,55
72,75,55,68
72,75,68,70
72,75,70,71
72,75,71,73
72,75,73,74
72,75,74,76
72,75,76,77
72,75,77,78
72,75,78,79
72,75,79,88
72,75,88,95
72,75,95,97
72,75,97,120
72,75,120,126
72,75,126,137
73,76,1,23
73,76,23,30
73,76,30,36
73,76,36,45
73,76,45,51
73,76,51,68
73,76,68,71
73,76,71,72
73,76,72,74
73,76,74,75
73,76,75,77
73,76,77,78
73,76,78,79
73,76,79,82
73,76,82,88
73,76,88,95
73,76,95,102
73,76,102,121
73,76,121,128
73,76,128,140
74,77,2,20
74,77,20,31
74,77,31,33
74,77,33,48
74,77,48,49
74,77,49,69
74,77,69,72
74,77,72,73
74,77,73,75
74,77,75,76
74,77,76,78
74,77,78,79
74,77,79,80
74,77,80,81
74,77,81,90
74,77,90,91
74,77,91,99
74,77,99,123
74,77,123,128
74,77,128,140
75,78,1,23
75,78,23,28
75,78,28,38
75,78,38,46
75,78,46,50
75,78,50,70
75,78,70,73
75,78,73,74
75,78,74,76
75,78,76,77
75,78,77,79
75,78,79,80
75,78,80,81
75,78,81,83
75,78,83,91
75,78,91,92
75,78,92,97
75,78,97,123
75,78,123,131
75,78,131,137
76,79,1,21
76,79,21,31
76,79,31,41
76,79,41,43
76,79,43,52
76,79,52,72
76,79,72,74
76,79,74,75
76,79,75,77
76,79,77,78
76,79,78,80
76,79,80,81
76,79,81,82
76,79,82,84
76,79,84,91
76,79,91,95
76,79,95,97
76,79,97,126
76,79,126,129
76,79,129,143
77,80,1,23
77,80,23,34
77,80,34,40
77,80,40,48
77,80,48,49
77,80,49,73
77,80,73,75
77,80,75,76
77,80,76,78
77,80,78,79
77,80,79,81
77,80,81,82
77,80,82,83
77,80,83,85
77,80,85,87
77,80,87,94
77,80,94,97
77,80,97,123
77,80,123,132
77,80,132,142
78,81,3,28
78,81,28,29
78,81,29,42
78,81,42,48
78,81,48,49
78,81,49,71
78,81,71,76
78,81,76,77
78,81,77,79
78,81,79,80
78,81,80,82
78,81,82,83
78,81,83,84
78,81,84,86
78,81,86,91
78,81,91,93
78,81,93,98
78,81,98,123
78,81,123,132
78,81,132,144
79,82,1,24
79,82,24,30
79,82,30,40
79,82,40,47
79,82,47,50
79,82,50,73
79,82,73,77
79,82,77,78
79,82,78,80
79,82,80,81
79,82,81,83
79,82,83,84
79,82,84,85
79,82,85,86
79,82,86,87
79,82,87,96
79,82,96,97
79,82,97,127
79,82,127,131
79,82,131,144
80,83,5,23
80,83,23,31
80,83,31,41
80,83,41,46
80,83,46,57
80,83,57,72
80,83,72,78
80,83,78,79
80,83,79,81
80,83,81,82
80,83,82,84
80,83,84,85
80,83,85,86
80,83,86,87
80,83,87,89
80,83,89,94
80,83,94,101
80,83,101,124
80,83,124,134
80,83,134,138
81,84,1,23
81,84,23,36
81,84,36,37
81,84,37,47
81,84,47,49
81,84,49,76
81,84,76,79
81,84,79,80
81,84,80,82
81,84,82,83
81,84,83,85
81,84,85,86
81,84,86,87
81,84,87,88
81,84,88,89
81,84,89,95
81,84,95,97
81,84,97,125
81,84,125,133
81,84,133,141
82,85,10,25
82,85,25,33
82,85,33,42
82,85,42,47
82,85,47,49
82,85,49,74
82,85,74,79
82,85,79,80
82,85,80,81
82,85,81,83
82,85,83,84
82,85,84,86
82,85,86,87
82,85,87,88
82,85,88,90
82,85,90,95
82,85,95,98
82,85,98,127
82,85,127,137
82,85,137,143
83,86,1,30
83,86,30,33
83,86,33,42
83,86,42,47
83,86,47,51
83,86,51,75
83,86,75,80
83,86,80,81
83,86,81,82
83,86,82,84
83,86,84,85
83,86,85,87
83,86,87,88
83,86,88,89
83,86,89,93
83,86,93,96
83,86,96,99
83,86,99,127
83,86,127,132
83,86,132,143
84,87,2,27
84,87,27,36
84,87,36,41
84,87,41,48
84,87,48,53
84,87,53,78
84,87,78,80
84,87,80,82
84,87,82,83
84,87,83,85
84,87,85,86
84,87,86,88
84,87,88,89
84,87,89,90
84,87,90,94
84,87,94,95
84,87,95,97
84,87,97,129
84,87,129,136
84,87,136,141
85,88,4,28
85,88,28,35
85,88,35,41
85,88,41,48
85,88,48,52
85,88,52,74
85,88,74,81
85,88,81,83
85,88,83,84
85,88,84,86
85,88,86,87
85,88,87,89
85,88,89,90
85,88,90,91
85,88,91,92
85,88,92,96
85,88,96,97
85,88,97,131
85,88,131,136
85,88,136,143
86,89,2,25
86,89,25,37
86,89,37,41
86,89,41,45
86,89,45,59
86,89,59,79
86,89,79,81
86,89,81,84
86,89,84,85
86,89,85,87
86,89,87,88
86,89,88,90
86,89,90,91
86,89,91,92
86,89,92,95
86,89,95,96
86,89,96,100
86,89,100,129
86,89,129,137
86,89,137,142
87,90,1,32
87,90,32,34
87,90,34,42
87,90,42,47
87,90,47,52
87,90,52,74
87,90,74,83
87,90,83,85
87,90,85,86
87,90,86,88
87,90,88,89
87,90,89,91
87,90,91,92
87,90,92,93
87,90,93,94
87,90,94,96
87,90,96,115
87,90,115,130
87,90,130,137
87,90,137,141
88,91,1,28
88,91,28,36
88,91,36,41
88,91,41,47
88,91,47,50
88,91,50,76
88,91,76,84
88,91,84,86
88,91,86,87
88,91,87,89
88,91,89,90
88,91,90,92
88,91,92,93
88,91,93,94
88,91,94,95
88,91,95,96
88,91,96,97
88,91,97,131
88,91,131,138
88,91,138,143
89,92,1,30
89,92,30,36
89,92,36,42
89,92,42,46
89,92,46,52
89,92,52,75
89,92,75,83
89,92,83,87
89,92,87,88
89,92,88,90
89,92,90,91
89,92,91,93
89,92,93,94
89,92,94,95
89,92,95,96
89,92,96,98
89,92,98,126
89,92,126,128
89,92,128,138
89,92,138,141
90,93,3,31
90,93,31,39
90,93,39,44
90,93,44,47
90,93,47,50
90,93,50,74
90,93,74,84
90,93,84,87
90,93,87,88
90,93,88,89
90,93,89,91
90,93,91,92
90,93,92,94
90,93,94,95
90,93,95,96
90,93,96,99
90,93,99,120
90,93,120,129
90,93,129,136
90,93,136,142
91,94,1,26
91,94,26,37
91,94,37,39
91,94,39,47
91,94,47,50
91,94,50,72
91,94,72,84
91,94,84,87
91,94,87,89
91,94,89,90
91,94,90,92
91,94,92,93
91,94,93,95
91,94,95,96
91,94,96,97
91,94,97,107
91,94,107,122
91,94,122,133
91,94,133,137
91,94,137,143
92,95,1,31
92,95,31,35
92,95,35,38
92,95,38,43
92,95,43,48
92,95,48,51
92,95,51,79
92,95,79,83
92,95,83,87
92,95,87,90
92,95,90,91
92,95,91,93
92,95,93,94
92,95,94,96
92,95,96,100
92,95,100,113
92,95,113,127
92,95,127,132
92,95,132,138
92,95,138,143
93,96,4,30
93,96,30,32
93,96,32,39
93,96,39,45
93,96,45,47
93,96,47,49
93,96,49,78
93,96,78,83
93,96,83,89
93,96,89,90
93,96,90,91
93,96,91,92
93,96,92,94
93,96,94,95
93,96,95,97
93,96,97,123
93,96,123,129
93,96,129,133
93,96,133,139
93,96,139,142
97,100,3,11
97,100,11,16
97,100,16,21
97,100,21,47
97,100,47,51
97,100,51,55
97,100,55,59
97,100,59,68
97,100,68,74
97,100,74,87
97,100,87,98
97,100,98,101
97,100,101,102
97,100,102,103
97,100,103,104
97,100,104,107
97,100,107,111
97,100,111,114
97,100,114,118
97,100,118,143
98,101,5,13
98,101,13,18
98,101,18,33
98,101,33,41
98,101,41,51
98,101,51,56
98,101,56,64
98,101,64,68
98,101,68,77
98,101,77,95
98,101,95,99
98,101,99,100
98,101,100,102
98,101,102,103
98,101,103,104
98,101,104,105
98,101,105,109
98,101,109,116
98,101,116,124
98,101,124,141
99,102,6,13
99,102,13,16
99,102,16,39
99,102,39,43
99,102,43,50
99,102,50,59
99,102,59,67
99,102,67,77
99,102,77,91
99,102,91,98
99,102,98,100
99,102,100,101
99,102,101,103
99,102,103,104
99,102,104,105
99,102,105,106
99,102,106,110
99,102,110,116
99,102,116,121
99,102,121,140
100,103,3,14
100,103,14,19
100,103,19,41
100,103,41,53
100,103,53,59
100,103,59,62
100,103,62,72
100,103,72,81
100,103,81,94
100,103,94,98
100,103,98,99
100,103,99,101
100,103,101,102
100,103,102,104
100,103,104,105
100,103,105,106
100,103,106,107
100,103,107,112
100,103,112,120
100,103,120,142
101,104,6,15
101,104,15,17
101,104,17,48
101,104,48,52
101,104,52,58
101,104,58,63
101,104,63,68
101,104,68,88
101,104,88,94
101,104,94,97
101,104,97,100
101,104,100,102
101,104,102,103
101,104,103,105
101,104,105,106
101,104,106,107
101,104,107,108
101,104,108,116
101,104,116,117
101,104,117,142
102,105,1,14
102,105,14,23
102,105,23,44
102,105,44,52
102,105,52,58
102,105,58,64
102,105,64,72
102,105,72,83
102,105,83,95
102,105,95,97
102,105,97,101
102,105,101,103
102,105,103,104
102,105,104,106
102,105,106,107
102,105,107,108
102,105,108,111
102,105,111,115
102,105,115,123
102,105,123,136
103,106,3,16
103,106,16,21
103,106,21,48
103,106,48,53
103,106,53,58
103,106,58,64
103,106,64,74
103,106,74,93
103,106,93,94
103,106,94,97
103,106,97,102
103,106,102,104
103,106,104,105
103,106,105,107
103,106,107,108
103,106,108,109
103,106,109,110
103,106,110,115
103,106,115,123
103,106,123,141
104,107,6,11
104,107,11,18
104,107,18,43
104,107,43,54
104,107,54,58
104,107,58,64
104,107,64,70
104,107,70,96
104,107,96,100
104,107,100,102
104,107,102,103
104,107,103,105
104,107,105,106
104,107,106,108
104,107,108,109
104,107,109,110
104,107,110,111
104,107,111,116
104,107,116,122
104,107,122,144
105,108,7,14
105,108,14,19
105,108,19,48
105,108,48,56
105,108,56,61
105,108,61,68
105,108,68,69
105,108,69,95
105,108,95,101
105,108,101,103
105,108,103,104
105,108,104,106
105,108,106,107
105,108,107,109
105,108,109,110
105,108,110,111
105,108,111,112
105,108,112,113
105,108,113,121
105,108,121,144
106,109,7,11
106,109,11,20
106,109,20,47
106,109,47,52
106,109,52,59
106,109,59,68
106,109,68,75
106,109,75,93
106,109,93,98
106,109,98,103
106,109,103,104
106,109,104,105
106,109,105,107
106,109,107,108
106,109,108,110
106,109,110,111
106,109,111,112
106,109,112,113
106,109,113,123
106,109,123,140
107,110,4,16
107,110,16,25
107,110,25,41
107,110,41,57
107,110,57,61
107,110,61,66
107,110,66,78
107,110,78,95
107,110,95,102
107,110,102,104
107,110,104,105
107,110,105,106
107,110,106,108
107,110,108,109
107,110,109,111
107,110,111,112
107,110,112,113
107,110,113,115
107,110,115,125
107,110,125,139
108,111,6,15
108,111,15,26
108,111,26,47
108,111,47,55
108,111,55,63
108,111,63,70
108,111,70,76
108,111,76,96
108,111,96,102
108,111,102,105
108,111,105,106
108,111,106,107
108,111,107,109
108,111,109,110
108,111,110,112
108,111,112,113
108,111,113,114
108,111,114,115
108,111,115,126
108,111,126,144
109,112,2,18
109,112,18,23
109,112,23,47
109,112,47,55
109,112,55,64
109,112,64,68
109,112,68,76
109,112,76,93
109,112,93,99
109,112,99,105
109,112,105,107
109,112,107,108
109,112,108,110
109,112,110,111
109,112,111,113
109,112,113,114
109,112,114,115
109,112,115,119
109,112,119,122
109,112,122,144
110,113,2,16
110,113,16,29
110,113,29,47
110,113,47,55
110,113,55,66
110,113,66,71
110,113,71,77
110,113,77,96
110,113,96,97
110,113,97,106
110,113,106,108
110,113,108,109
110,113,109,111
110,113,111,112
110,113,112,114
110,113,114,115
110,113,115,116
110,113,116,118
110,113,118,123
110,113,123,142
111,114,2,17
111,114,17,36
111,114,36,48
111,114,48,59
111,114,59,63
111,114,63,71
111,114,71,81
111,114,81,84
111,114,84,97
111,114,97,107
111,114,107,109
111,114,109,110
111,114,110,112
111,114,112,113
111,114,113,115
111,114,115,116
111,114,116,117
111,114,117,120
111,114,120,123
111,114,123,141
112,115,5,16
112,115,16,31
112,115,31,45
112,115,45,52
112,115,52,68
112,115,68,72
112,115,72,78
112,115,78,92
112,115,92,106
112,115,106,108
112,115,108,110
112,115,110,111
112,115,111,113
112,115,113,114
112,115,114,116
112,115,116,117
112,115,117,118
112,115,118,119
112,115,119,126
112,115,126,144
113,116,4,20
113,116,20,32
113,116,32,47
113,116,47,51
113,116,51,68
113,116,68,73
113,116,73,83
113,116,83,96
113,116,96,107
113,116,107,108
113,116,108,111
113,116,111,112
113,116,112,114
113,116,114,115
113,116,115,117
113,116,117,118
113,116,118,119
113,116,119,122
113,116,122,124
113,116,124,144
114,117,2,24
114,117,24,42
114,117,42,46
114,117,46,49
114,117,49,70
114,117,70,73
114,117,73,83
114,117,83,95
114,117,95,98
114,117,98,110
114,117,110,112
114,117,112,113
114,117,113,115
114,117,115,116
114,117,116,118
114,117,118,119
114,117,119,120
114,117,120,122
114,117,122,127
114,117,127,137
115,118,9,22
115,118,22,30
115,118,30,52
115,118,52,62
115,118,62,69
115,118,69,72
115,118,72,85
115,118,85,94
115,118,94,108
115,118,108,110
115,118,110,113
115,118,113,114
115,118,114,116
115,118,116,117
115,118,117,119
115,118,119,120
115,118,120,121
115,118,121,122
115,118,122,129
115,118,129,132
116,119,1,23
116,119,23,48
116,119,48,52
116,119,52,65
116,119,65,71
116,119,71,77
116,119,77,83
116,119,83,95
116,119,95,104
116,119,104,111
116,119,111,114
116,119,114,115
116,119,115,117
116,119,117,118
116,119,118,120
116,119,120,121
116,119,121,122
116,119,122,124
116,119,124,126
116,119,126,143
117,120,9,24
117,120,24,41
117,120,41,52
117,120,52,64
117,120,64,72
117,120,72,74
117,120,74,85
117,120,85,95
117,120,95,97
117,120,97,113
117,120,113,115
117,120,115,116
117,120,116,118
117,120,118,119
117,120,119,121
117,120,121,122
117,120,122,123
117,120,123,124
117,120,124,131
117,120,131,142
118,121,3,29
118,121,29,48
118,121,48,49
118,121,49,68
118,121,68,70
118,121,70,79
118,121,79,88
118,121,88,91
118,121,91,103
118,121,103,113
118,121,113,116
118,121,116,117
118,121,117,119
118,121,119,120
118,121,120,122
118,121,122,123
118,121,123,124
118,121,124,125
118,121,125,129
118,121,129,139
119,122,3,30
119,122,30,48
119,122,48,49
119,122,49,66
119,122,66,74
119,122,74,81
119,122,81,84
119,122,84,96
119,122,96,97
119,122,97,114
119,122,114,117
119,122,117,118
119,122,118,120
119,122,120,121
119,122,121,123
119,122,123,124
119,122,124,125
119,122,125,127
119,122,127,132
119,122,132,136
120,123,1,26
120,123,26,39
120,123,39,51
120,123,51,69
120,123,69,72
120,123,72,79
120,123,79,89
120,123,89,96
120,123,96,100
120,123,100,114
120,123,114,118
120,123,118,119
120,123,119,121
120,123,121,122
120,123,122,124
120,123,124,125
120,123,125,126
120,123,126,128
120,123,128,132
120,123,132,144
121,124,2,26
121,124,26,48
121,124,48,52
121,124,52,67
121,124,67,75
121,124,75,78
121,124,78,84
121,124,84,92
121,124,92,99
121,124,99,115
121,124,115,119
121,124,119,120
121,124,120,122
121,124,122,123
121,124,123,125
121,124,125,126
121,124,126,127
121,124,127,129
121,124,129,134
121,124,134,143
122,125,1,28
122,125,28,44
122,125,44,50
122,125,50,66
122,125,66,74
122,125,74,78
122,125,78,88
122,125,88,95
122,125,95,99
122,125,99,116
122,125,116,120
122,125,120,121
122,125,121,123
122,125,123,124
122,125,124,126
122,125,126,127
122,125,127,128
122,125,128,129
122,125,129,133
122,125,133,141
123,126,1,29
123,126,29,47
123,126,47,50
123,126,50,67
123,126,67,74
123,126,74,82
123,126,82,90
123,126,90,94
123,126,94,97
123,126,97,119
123,126,119,121
123,126,121,122
123,126,122,124
123,126,124,125
123,126,125,127
123,126,127,128
123,126,128,129
123,126,129,130
123,126,130,133
123,126,133,138
124,127,2,28
124,127,28,43
124,127,43,48
124,127,48,49
124,127,49,74
124,127,74,81
124,127,81,90
124,127,90,93
124,127,93,100
124,127,100,119
124,127,119,122
124,127,122,123
124,127,123,125
124,127,125,126
124,127,126,128
124,127,128,129
124,127,129,130
124,127,130,131
124,127,131,135
124,127,135,144
125,128,1,27
125,128,27,38
125,128,38,48
125,128,48,53
125,128,53,73
125,128,73,83
125,128,83,88
125,128,88,93
125,128,93,97
125,128,97,119
125,128,119,122
125,128,122,123
125,128,123,124
125,128,124,126
125,128,126,127
125,128,127,129
125,128,129,130
125,128,130,131
125,128,131,132
125,128,132,144
126,129,1,31
126,129,31,36
126,129,36,48
126,129,48,50
126,129,50,77
126,129,77,79
126,129,79,89
126,129,89,95
126,129,95,97
126,129,97,117
126,129,117,123
126,129,123,124
126,129,124,125
126,129,125,127
126,129,127,128
126,129,128,130
126,129,130,131
126,129,131,132
126,129,132,135
126,129,135,142
127,130,1,28
127,130,28,40
127,130,40,47
127,130,47,53
127,130,53,77
127,130,77,82
127,130,82,85
127,130,85,92
127,130,92,98
127,130,98,120
127,130,120,123
127,130,123,125
127,130,125,126
127,130,126,128
127,130,128,129
127,130,129,131
127,130,131,132
127,130,132,133
127,130,133,134
127,130,134,144
128,131,4,30
128,131,30,42
128,131,42,47
128,131,47,52
128,131,52,75
128,131,75,82
128,131,82,91
128,131,91,92
128,131,92,102
128,131,102,122
128,131,122,124
128,131,124,126
128,131,126,127
128,131,127,129
128,131,129,130
128,131,130,132
128,131,132,133
128,131,133,134
128,131,134,138
128,131,138,143
129,132,7,33
129,132,33,40
129,132,40,46
129,132,46,50
129,132,50,76
129,132,76,83
129,132,83,88
129,132,88,96
129,132,96,100
129,132,100,120
129,132,120,124
129,132,124,127
129,132,127,128
129,132,128,130
129,132,130,131
129,132,131,133
129,132,133,134
129,132,134,135
129,132,135,138
129,132,138,140
130,133,2,34
130,133,34,37
130,133,37,45
130,133,45,49
130,133,49,78
130,133,78,83
130,133,83,89
130,133,89,93
130,133,93,97
130,133,97,124
130,133,124,125
130,133,125,128
130,133,128,129
130,133,129,131
130,133,131,132
130,133,132,134
130,133,134,135
130,133,135,136
130,133,136,138
130,133,138,143
131,134,14,29
131,134,29,39
131,134,39,48
131,134,48,53
131,134,53,78
131,134,78,81
131,134,81,91
131,134,91,96
131,134,96,97
131,134,97,118
131,134,118,125
131,134,125,129
131,134,129,130
131,134,130,132
131,134,132,133
131,134,133,135
131,134,135,136
131,134,136,137
131,134,137,138
131,134,138,140
132,135,5,32
132,135,32,42
132,135,42,45
132,135,45,50
132,135,50,76
132,135,76,82
132,135,82,87
132,135,87,95
132,135,95,97
132,135,97,124
132,135,124,126
132,135,126,130
132,135,130,131
132,135,131,133
132,135,133,134
132,135,134,136
132,135,136,137
132,135,137,138
132,135,138,139
132,135,139,143
133,136,3,28
133,136,28,43
133,136,43,45
133,136,45,49
133,136,49,76
133,136,76,82
133,136,82,87
133,136,87,96
133,136,96,97
133,136,97,118
133,136,118,128
133,136,128,130
133,136,130,131
133,136,131,132
133,136,132,134
133,136,134,135
133,136,135,137
133,136,137,138
133,136,138,139
133,136,139,142
134,137,2,32
134,137,32,40
134,137,40,45
134,137,45,50
134,137,50,75
134,137,75,84
134,137,84,90
134,137,90,96
134,137,96,97
134,137,97,123
134,137,123,126
134,137,126,131
134,137,131,132
134,137,132,133
134,137,133,135
134,137,135,136
134,137,136,138
134,137,138,139
134,137,139,140
134,137,140,141
135,138,1,27
135,138,27,42
135,138,42,46
135,138,46,57
135,138,57,80
135,138,80,85
135,138,85,89
135,138,89,96
135,138,96,98
135,138,98,122
135,138,122,129
135,138,129,131
135,138,131,133
135,138,133,134
135,138,134,136
135,138,136,137
135,138,137,139
135,138,139,140
135,138,140,141
135,138,141,143
136,139,5,27
136,139,27,37
136,139,37,45
136,139,45,50
136,139,50,75
136,139,75,84
136,139,84,88
136,139,88,95
136,139,95,104
136,139,104,121
136,139,121,125
136,139,125,131
136,139,131,134
136,139,134,135
136,139,135,137
136,139,137,138
136,139,138,140
136,139,140,141
136,139,141,142
136,139,142,143
137,140,21,35
137,140,35,40
137,140,40,45
137,140,45,49
137,140,49,79
137,140,79,81
137,140,81,89
137,140,89,92
137,140,92,101
137,140,101,122
137,140,122,129
137,140,129,133
137,140,133,135
137,140,135,136
137,140,136,138
137,140,138,139
137,140,139,141
137,140,141,142
137,140,142,143
137,140,143,144
138,141,1,32
138,141,32,38
138,141,38,43
138,141,43,50
138,141,50,74
138,141,74,85
138,141,85,89
138,141,89,91
138,141,91,96
138,141,96,97
138,141,97,128
138,141,128,131
138,141,131,135
138,141,135,136
138,141,136,137
138,141,137,139
138,141,139,140
138,141,140,142
138,141,142,143
138,141,143,144
139,142,15,27
139,142,27,38
139,142,38,45
139,142,45,53
139,142,53,76
139,142,76,78
139,142,78,84
139,142,84,90
139,142,90,95
139,142,95,113
139,142,113,120
139,142,120,127
139,142,127,132
139,142,132,136
139,142,136,137
139,142,137,138
139,142,138,140
139,142,140,141
139,142,141,143
139,142,143,144
140,143,4,31
140,143,31,37
140,143,37,43
140,143,43,47
140,143,47,50
140,143,50,81
140,143,81,84
140,143,84,90
140,143,90,94
140,143,94,96
140,143,96,100
140,143,100,123
140,143,123,133
140,143,133,136
140,143,136,137
140,143,137,138
140,143,138,139
140,143,139,141
140,143,141,142
140,143,142,144
141,144,1,25
141,144,25,36
141,144,36,43
141,144,43,47
141,144,47,54
141,144,54,74
141,144,74,81
141,144,81,87
141,144,87,93
141,144,93,96
141,144,96,99
141,144,99,119
141,144,119,128
141,144,128,133
141,144,133,136
141,144,136,138
141,144,138,139
141,144,139,140
141,144,140,142
141,144,142,143
1,46,7,16
1,46,16,21
1,46,21,22
1,46,22,24
1,46,24,28
1,46,28,32
1,46,32,38
1,46,38,43
1,46,43,59
1,46,59,60
1,46,60,68
1,46,68,78
1,46,78,79
1,46,79,93
1,46,93,96
1,46,96,99
1,46,99,119
1,46,119,120
1,46,120,130
1,46,130,144
2,47,1,11
2,47,11,17
2,47,17,23
2,47,23,25
2,47,25,26
2,47,26,33
2,47,33,38
2,47,38,44
2,47,44,52
2,47,52,66
2,47,66,67
2,47,67,73
2,47,73,84
2,47,84,90
2,47,90,95
2,47,95,103
2,47,103,116
2,47,116,121
2,47,121,132
2,47,132,141
3,48,10,13
3,48,13,17
3,48,17,24
3,48,24,26
3,48,26,29
3,48,29,31
3,48,31,42
3,48,42,43
3,48,43,53
3,48,53,64
3,48,64,72
3,48,72,79
3,48,79,83
3,48,83,88
3,48,88,94
3,48,94,103
3,48,103,114
3,48,114,124
3,48,124,133
3,48,133,139
49,94,2,12
49,94,12,23
49,94,23,25
49,94,25,32
49,94,32,41
49,94,41,46
49,94,46,58
49,94,58,64
49,94,64,70
49,94,70,72
49,94,72,74
49,94,74,77
49,94,77,87
49,94,87,90
49,94,90,101
49,94,101,109
49,94,109,120
49,94,120,127
49,94,127,128
49,94,128,143
50,95,7,12
50,95,12,21
50,95,21,29
50,95,29,35
50,95,35,38
50,95,38,48
50,95,48,56
50,95,56,67
50,95,67,71
50,95,71,73
50,95,73,74
50,95,74,80
50,95,80,89
50,95,89,94
50,95,94,100
50,95,100,111
50,95,111,119
50,95,119,128
50,95,128,131
50,95,131,141
51,96,1,12
51,96,12,22
51,96,22,25
51,96,25,35
51,96,35,40
51,96,40,47
51,96,47,52
51,96,52,64
51,96,64,70
51,96,70,74
51,96,74,76
51,96,76,81
51,96,81,86
51,96,86,94
51,96,94,102
51,96,102,112
51,96,112,121
51,96,121,123
51,96,123,134
51,96,134,141
97,142,7,15
97,142,15,20
97,142,20,27
97,142,27,38
97,142,38,47
97,142,47,54
97,142,54,65
97,142,65,68
97,142,68,75
97,142,75,83
97,142,83,92
97,142,92,94
97,142,94,106
97,142,106,113
97,142,113,117
97,142,117,120
97,142,120,122
97,142,122,127
97,142,127,130
97,142,130,144
98,143,5,13
98,143,13,21
98,143,21,33
98,143,33,36
98,143,36,45
98,143,45,50
98,143,50,63
98,143,63,69
98,143,69,79
98,143,79,84
98,143,84,92
98,143,92,96
98,143,96,103
98,143,103,116
98,143,116,117
98,143,117,121
98,143,121,123
98,143,123,124
98,143,124,131
98,143,131,144
99,144,10,12
99,144,12,24
99,144,24,34
99,144,34,36
99,144,36,43
99,144,43,49
99,144,49,63
99,144,63,70
99,144,70,74
99,144,74,84
99,144,84,94
99,144,94,95
99,144,95,107
99,144,107,115
99,144,115,117
99,144,117,122
99,144,122,123
99,144,123,126
99,144,126,136
99,144,136,139
1,47,6,15
1,47,15,21
1,47,21,23
1,47,23,24
1,47,24,25
1,47,25,31
1,47,31,36
1,47,36,43
1,47,43,46
1,47,46,52
1,47,52,64
1,47,64,71
1,47,71,83
1,47,83,87
1,47,87,95
1,47,95,98
1,47,98,118
1,47,118,122
1,47,122,127
1,47,127,144
2,48,10,17
2,48,17,19
2,48,19,24
2,48,24,25
2,48,25,26
2,48,26,30
2,48,30,38
2,48,38,40
2,48,40,51
2,48,51,59
2,48,59,67
2,48,67,76
2,48,76,79
2,48,79,89
2,48,89,95
2,48,95,101
2,48,101,117
2,48,117,122
2,48,122,130
2,48,130,143
49,95,10,11
49,95,11,19
49,95,19,30
49,95,30,35
49,95,35,44
49,95,44,52
49,95,52,65
49,95,65,69
49,95,69,72
49,95,72,73
49,95,73,74
49,95,74,78
49,95,78,82
49,95,82,91
49,95,91,98
49,95,98,110
49,95,110,116
49,95,116,124
49,95,124,128
49,95,128,143
50,96,10,12
50,96,12,22
50,96,22,29
50,96,29,38
50,96,38,47
50,96,47,55
50,96,55,64
50,96,64,67
50,96,67,72
50,96,72,73
50,96,73,74
50,96,74,78
50,96,78,84
50,96,84,94
50,96,94,99
50,96,99,113
50,96,113,115
50,96,115,127
50,96,127,129
50,96,129,142
97,143,9,17
97,143,17,25
97,143,25,30
97,143,30,43
97,143,43,45
97,143,45,60
97,143,60,68
97,143,68,70
97,143,70,79
97,143,79,85
97,143,85,93
97,143,93,104
97,143,104,113
97,143,113,119
97,143,119,120
97,143,120,121
97,143,121,122
97,143,122,124
97,143,124,129
97,143,129,141
98,144,2,16
98,144,16,21
98,144,21,32
98,144,32,39
98,144,39,47
98,144,47,57
98,144,57,68
98,144,68,75
98,144,75,80
98,144,80,83
98,144,83,92
98,144,92,103
98,144,103,113
98,144,113,118
98,144,118,121
98,144,121,122
98,144,122,123
98,144,123,128
98,144,128,130
98,144,130,142
1,48,2,11
1,48,11,19
1,48,19,23
1,48,23,25
1,48,25,27
1,48,27,33
1,48,33,40
1,48,40,49
1,48,49,59
1,48,59,61
1,48,61,71
1,48,71,77
1,48,77,85
1,48,85,90
1,48,90,95
1,48,95,105
1,48,105,113
1,48,113,127
1,48,127,130
1,48,130,143
49,96,3,14
49,96,14,18
49,96,18,25
49,96,25,35
49,96,35,38
49,96,38,46
49,96,46,62
49,96,62,69
49,96,69,71
49,96,71,73
49,96,73,76
49,96,76,79
49,96,79,87
49,96,87,98
49,96,98,104
49,96,104,110
49,96,110,116
49,96,116,126
49,96,126,133
49,96,133,142
97,144,5,18
97,144,18,25
97,144,25,27
97,144,27,39
97,144,39,43
97,144,43,51
97,144,51,67
97,144,67,72
97,144,72,79
97,144,79,80
97,144,80,91
97,144,91,95
97,144,95,98
97,144,98,112
97,144,112,118
97,144,118,121
97,144,121,123
97,144,123,127
97,144,127,134
97,144,134,139
1,49,2,4
1,49,4,9
1,49,9,12
1,49,12,17
1,49,17,26
1,49,26,30
1,49,30,48
1,49,48,51
1,49,51,56
1,49,56,60
1,49,60,63
1,49,63,67
1,49,67,72
1,49,72,92
1,49,92,96
1,49,96,97
1,49,97,106
1,49,106,114
1,49,114,118
1,49,118,144
2,50,1,3
2,50,3,6
2,50,6,8
2,50,8,13
2,50,13,20
2,50,20,25
2,50,25,34
2,50,34,49
2,50,49,52
2,50,52,54
2,50,54,59
2,50,59,63
2,50,63,72
2,50,72,81
2,50,81,94
2,50,94,103
2,50,103,109
2,50,109,115
2,50,115,123
2,50,123,134
3,51,1,4
3,51,4,7
3,51,7,11
3,51,11,13
3,51,13,19
3,51,19,31
3,51,31,34
3,51,34,49
3,51,49,52
3,51,52,53
3,51,53,59
3,51,59,63
3,51,63,68
3,51,68,76
3,51,76,85
3,51,85,101
3,51,101,108
3,51,108,110
3,51,110,117
3,51,117,137
4,52,1,5
4,52,5,6
4,52,6,8
4,52,8,16
4,52,16,20
4,52,20,27
4,52,27,43
4,52,43,49
4,52,49,53
4,52,53,54
4,52,54,59
4,52,59,61
4,52,61,67
4,52,67,81
4,52,81,96
4,52,96,101
4,52,101,108
4,52,108,114
4,52,114,124
4,52,124,125
5,53,3,6
5,53,6,7
5,53,7,8
5,53,8,14
5,53,14,20
5,53,20,27
5,53,27,41
5,53,41,50
5,53,50,54
5,53,54,55
5,53,55,58
5,53,58,65
5,53,65,68
5,53,68,72
5,53,72,89
5,53,89,102
5,53,102,109
5,53,109,113
5,53,113,116
5,53,116,128
6,54,1,7
6,54,7,8
6,54,8,12
6,54,12,15
6,54,15,21
6,54,21,25
6,54,25,34
6,54,34,52
6,54,52,55
6,54,55,56
6,54,56,60
6,54,60,64
6,54,64,70
6,54,70,72
6,54,72,94
6,54,94,101
6,54,101,109
6,54,109,111
6,54,111,123
6,54,123,143
7,55,5,6
7,55,6,8
7,55,8,12
7,55,12,15
7,55,15,23
7,55,23,29
7,55,29,47
7,55,47,50
7,55,50,54
7,55,54,56
7,55,56,58
7,55,58,65
7,55,65,71
7,55,71,77
7,55,77,94
7,55,94,98
7,55,98,105
7,55,105,115
7,55,115,124
7,55,124,144
8,56,2,6
8,56,6,9
8,56,9,10
8,56,10,17
8,56,17,22
8,56,22,30
8,56,30,48
8,56,48,50
8,56,50,54
8,56,54,57
8,56,57,58
8,56,58,62
8,56,62,71
8,56,71,73
8,56,73,90
8,56,90,98
8,56,98,106
8,56,106,115
8,56,115,117
8,56,117,144
9,57,1,6
9,57,6,10
9,57,10,11
9,57,11,16
9,57,16,19
9,57,19,29
9,57,29,48
9,57,48,52
9,57,52,54
9,57,54,58
9,57,58,59
9,57,59,63
9,57,63,69
9,57,69,77
9,57,77,92
9,57,92,103
9,57,103,104
9,57,104,113
9,57,113,119
9,57,119,132
10,58,2,7
10,58,7,11
10,58,11,12
10,58,12,17
10,58,17,23
10,58,23,31
10,58,31,43
10,58,43,53
10,58,53,55
10,58,55,59
10,58,59,61
10,58,61,63
10,58,63,71
10,58,71,76
10,58,76,89
10,58,89,102
10,58,102,109
10,58,109,113
10,58,113,121
10,58,121,144
11,59,4,9
11,59,9,12
11,59,12,13
11,59,13,16
11,59,16,22
11,59,22,25
11,59,25,47
11,59,47,52
11,59,52,55
11,59,55,60
11,59,60,61
11,59,61,66
11,59,66,69
11,59,69,77
11,59,77,86
11,59,86,98
11,59,98,107
11,59,107,113
11,59,113,121
11,59,121,141
12,60,2,8
12,60,8,11
12,60,11,13
12,60,13,17
12,60,17,20
12,60,20,26
12,60,26,48
12,60,48,49
12,60,49,57
12,60,57,59
12,60,59,61
12,60,61,66
12,60,66,67
12,60,67,76
12,60,76,96
12,60,96,102
12,60,102,105
12,60,105,111
12,60,111,120
12,60,120,138
13,61,3,9
13,61,9,12
13,61,12,14
13,61,14,17
13,61,17,21
13,61,21,27
13,61,27,45
13,61,45,48
13,61,48,55
13,61,55,60
13,61,60,62
13,61,62,64
13,61,64,70
13,61,70,78
13,61,78,92
13,61,92,96
13,61,96,100
13,61,100,112
13,61,112,122
13,61,122,142
14,62,4,11
14,62,11,12
14,62,12,15
14,62,15,16
14,62,16,21
14,62,21,25
14,62,25,41
14,62,41,48
14,62,48,49
14,62,49,60
14,62,60,63
14,62,63,66
14,62,66,68
14,62,68,75
14,62,75,92
14,62,92,95
14,62,95,97
14,62,97,115
14,62,115,121
14,62,121,136
15,63,5,9
15,63,9,13
15,63,13,16
15,63,16,17
15,63,17,24
15,63,24,28
15,63,28,36
15,63,36,47
15,63,47,51
15,63,51,61
15,63,61,64
15,63,64,65
15,63,65,70
15,63,70,78
15,63,78,89
15,63,89,95
15,63,95,110
15,63,110,112
15,63,112,121
15,63,121,144
16,64,1,10
16,64,10,13
16,64,13,17
16,64,17,18
16,64,18,24
16,64,24,27
16,64,27,45
16,64,45,48
16,64,48,50
16,64,50,61
16,64,61,65
16,64,65,67
16,64,67,70
16,64,70,76
16,64,76,83
16,64,83,94
16,64,94,99
16,64,99,117
16,64,117,123
16,64,123,142
17,65,5,13
17,65,13,16
17,65,16,18
17,65,18,20
17,65,20,24
17,65,24,29
17,65,29,33
17,65,33,48
17,65,48,60
17,65,60,61
17,65,61,66
17,65,66,67
17,65,67,70
17,65,70,79
17,65,79,89
17,65,89,92
17,65,92,102
17,65,102,113
17,65,113,121
17,65,121,133
18,66,5,12
18,66,12,14
18,66,14,19
18,66,19,20
18,66,20,25
18,66,25,29
18,66,29,39
18,66,39,46
18,66,46,54
18,66,54,62
18,66,62,67
18,66,67,68
18,66,68,71
18,66,71,74
18,66,74,86
18,66,86,93
18,66,93,97
18,66,97,114
18,66,114,123
18,66,123,143
19,67,3,11
19,67,11,15
19,67,15,20
19,67,20,21
19,67,21,24
19,67,24,30
19,67,30,39
19,67,39,47
19,67,47,51
19,67,51,64
19,67,64,68
19,67,68,69
19,67,69,73
19,67,73,74
19,67,74,88
19,67,88,94
19,67,94,101
19,67,101,113
19,67,113,125
19,67,125,142
20,68,3,10
20,68,10,16
20,68,16,21
20,68,21,22
20,68,22,24
20,68,24,31
20,68,31,41
20,68,41,48
20,68,48,49
20,68,49,65
20,68,65,67
20,68,67,69
20,68,69,70
20,68,70,76
20,68,76,80
20,68,80,94
20,68,94,99
20,68,99,119
20,68,119,124
20,68,124,142
21,69,1,11
21,69,11,16
21,69,16,22
21,69,22,23
21,69,23,27
21,69,27,31
21,69,31,35
21,69,35,48
21,69,48,50
21,69,50,65
21,69,65,68
21,69,68,70
21,69,70,73
21,69,73,76
21,69,76,88
21,69,88,94
21,69,94,105
21,69,105,114
21,69,114,123
21,69,123,144
22,70,2,12
22,70,12,18
22,70,18,21
22,70,21,23
22,70,23,28
22,70,28,30
22,70,30,40
22,70,40,48
22,70,48,51
22,70,51,64
22,70,64,68
22,70,68,71
22,70,71,72
22,70,72,78
22,70,78,84
22,70,84,96
22,70,96,97
22,70,97,116
22,70,116,125
22,70,125,144
23,71,10,14
23,71,14,18
23,71,18,22
23,71,22,24
23,71,24,28
23,71,28,29
23,71,29,38
23,71,38,47
23,71,47,56
23,71,56,67
23,71,67,69
23,71,69,72
23,71,72,74
23,71,74,80
23,71,80,84
23,71,84,96
23,71,96,97
23,71,97,117
23,71,117,128
23,71,128,143
24,72,1,14
24,72,14,20
24,72,20,23
24,72,23,25
24,72,25,29
24,72,29,30
24,72,30,38
24,72,38,48
24,72,48,52
24,72,52,65
24,72,65,70
24,72,70,73
24,72,73,74
24,72,74,80
24,72,80,82
24,72,82,94
24,72,94,99
24,72,99,116
24,72,116,125
24,72,125,137
25,73,6,15
25,73,15,21
25,73,21,24
25,73,24,26
25,73,26,27
25,73,27,31
25,73,31,43
25,73,43,47
25,73,47,49
25,73,49,70
25,73,70,71
25,73,71,74
25,73,74,76
25,73,76,77
25,73,77,85
25,73,85,95
25,73,95,101
25,73,101,116
25,73,116,123
25,73,123,144
26,74,1,18
26,74,18,20
26,74,20,25
26,74,25,27
26,74,27,29
26,74,29,36
26,74,36,44
26,74,44,47
26,74,47,53
26,74,53,71
26,74,71,72
26,74,72,75
26,74,75,77
26,74,77,79
26,74,79,87
26,74,87,92
26,74,92,98
26,74,98,121
26,74,121,126
26,74,126,143
27,75,1,16
27,75,16,21
27,75,21,26
27,75,26,28
27,75,28,30
27,75,30,34
27,75,34,43
27,75,43,46
27,75,46,53
27,75,53,70
27,75,70,73
27,75,73,76
27,75,76,79
27,75,79,82
27,75,82,89
27,75,89,96
27,75,96,102
27,75,102,122
27,75,122,131
27,75,131,143
28,76,3,19
28,76,19,24
28,76,24,26
28,76,26,29
28,76,29,33
28,76,33,35
28,76,35,44
28,76,44,47
28,76,47,50
28,76,50,71
28,76,71,74
28,76,74,77
28,76,77,79
28,76,79,82
28,76,82,88
28,76,88,96
28,76,96,99
28,76,99,123
28,76,123,132
28,76,132,136
29,77,5,17
29,77,17,23
29,77,23,27
29,77,27,30
29,77,30,33
29,77,33,37
29,77,37,44
29,77,44,47
29,77,47,49
29,77,49,71
29,77,71,74
29,77,74,78
29,77,78,81
29,77,81,85
29,77,85,92
29,77,92,94
29,77,94,97
29,77,97,123
29,77,123,128
29,77,128,140
30,78,12,19
30,78,19,24
30,78,24,28
30,78,28,31
30,78,31,33
30,78,33,38
30,78,38,42
30,78,42,48
30,78,48,64
30,78,64,72
30,78,72,75
30,78,75,79
30,78,79,80
30,78,80,84
30,78,84,93
30,78,93,94
30,78,94,102
30,78,102,121
30,78,121,128
30,78,128,137
31,79,1,17
31,79,17,26
31,79,26,29
31,79,29,32
31,79,32,34
31,79,34,38
31,79,38,45
31,79,45,48
31,79,48,53
31,79,53,71
31,79,71,77
31,79,77,80
31,79,80,82
31,79,82,86
31,79,86,89
31,79,89,96
31,79,96,97
31,79,97,122
31,79,122,130
31,79,130,138
32,80,12,18
32,80,18,26
32,80,26,29
32,80,29,33
32,80,33,36
32,80,36,40
32,80,40,48
32,80,48,52
32,80,52,70
32,80,70,75
32,80,75,77
32,80,77,81
32,80,81,82
32,80,82,85
32,80,85,94
32,80,94,96
32,80,96,102
32,80,102,127
32,80,127,134
32,80,134,139
33,81,2,22
33,81,22,25
33,81,25,30
33,81,30,34
33,81,34,36
33,81,36,41
33,81,41,47
33,81,47,52
33,81,52,66
33,81,66,72
33,81,72,78
33,81,78,82
33,81,82,83
33,81,83,85
33,81,85,92
33,81,92,96
33,81,96,98
33,81,98,127
33,81,127,130
33,81,130,143
34,82,3,23
34,82,23,25
34,82,25,32
34,82,32,35
34,82,35,37
34,82,37,39
34,82,39,46
34,82,46,49
34,82,49,67
34,82,67,73
34,82,73,79
34,82,79,83
34,82,83,84
34,82,84,87
34,82,87,92
34,82,92,99
34,82,99,122
34,82,122,127
34,82,127,135
34,82,135,144
35,83,13,23
35,83,23,28
35,83,28,31
35,83,31,36
35,83,36,38
35,83,38,40
35,83,40,47
35,83,47,49
35,83,49,71
35,83,71,78
35,83,78,80
35,83,80,84
35,83,84,85
35,83,85,89
35,83,89,96
35,83,96,105
35,83,105,123
35,83,123,129
35,83,129,137
35,83,137,143
36,84,1,23
36,84,23,28
36,84,28,32
36,84,32,37
36,84,37,38
36,84,38,39
36,84,39,45
36,84,45,51
36,84,51,67
36,84,67,77
36,84,77,82
36,84,82,85
36,84,85,86
36,84,86,89
36,84,89,93
36,84,93,97
36,84,97,118
36,84,118,129
36,84,129,134
36,84,134,141
37,85,13,21
37,85,21,30
37,85,30,35
37,85,35,38
37,85,38,39
37,85,39,41
37,85,41,44
37,85,44,61
37,85,61,71
37,85,71,77
37,85,77,81
37,85,81,86
37,85,86,87
37,85,87,91
37,85,91,93
37,85,93,101
37,85,101,124
37,85,124,126
37,85,126,133
37,85,133,141
38,86,5,21
38,86,21,28
38,86,28,34
38,86,34,37
38,86,37,39
38,86,39,41
38,86,41,48
38,86,48,50
38,86,50,73
38,86,73,77
38,86,77,82
38,86,82,85
38,86,85,87
38,86,87,92
38,86,92,95
38,86,95,98
38,86,98,121
38,86,121,129
38,86,129,134
38,86,134,144
39,87,7,20
39,87,20,28
39,87,28,35
39,87,35,37
39,87,37,40
39,87,40,42
39,87,42,48
39,87,48,50
39,87,50,68
39,87,68,79
39,87,79,85
39,87,85,86
39,87,86,88
39,87,88,91
39,87,91,93
39,87,93,117
39,87,117,124
39,87,124,131
39,87,131,137
39,87,137,142
40,88,3,21
40,88,21,28
40,88,28,35
40,88,35,38
40,88,38,41
40,88,41,42
40,88,42,45
40,88,45,54
40,88,54,71
40,88,71,79
40,88,79,84
40,88,84,86
40,88,86,89
40,88,89,91
40,88,91,94
40,88,94,98
40,88,98,119
40,88,119,127
40,88,127,135
40,88,135,141
41,89,5,27
41,89,27,29
41,89,29,36
41,89,36,39
41,89,39,42
41,89,42,44
41,89,44,45
41,89,45,59
41,89,59,73
41,89,73,76
41,89,76,82
41,89,82,87
41,89,87,90
41,89,90,91
41,89,91,94
41,89,94,98
41,89,98,121
41,89,121,130
41,89,130,135
41,89,135,142
42,90,7,26
42,90,26,33
42,90,33,36
42,90,36,38
42,90,38,43
42,90,43,45
42,90,45,46
42,90,46,49
42,90,49,73
42,90,73,78
42,90,78,83
42,90,83,87
42,90,87,91
42,90,91,93
42,90,93,95
42,90,95,97
42,90,97,120
42,90,120,128
42,90,128,138
42,90,138,143
43,91,6,22
43,91,22,33
43,91,33,38
43,91,38,40
43,91,40,44
43,91,44,45
43,91,45,47
43,91,47,59
43,91,59,73
43,91,73,80
43,91,80,85
43,91,85,87
43,91,87,92
43,91,92,93
43,91,93,96
43,91,96,109
43,91,109,122
43,91,122,129
43,91,129,134
43,91,134,142
44,92,4,23
44,92,23,29
44,92,29,38
44,92,38,39
44,92,39,43
44,92,43,45
44,92,45,47
44,92,47,54
44,92,54,74
44,92,74,80
44,92,80,87
44,92,87,89
44,92,89,93
44,92,93,94
44,92,94,96
44,92,96,102
44,92,102,125
44,92,125,132
44,92,132,137
44,92,137,143
45,93,4,21
45,93,21,31
45,93,31,36
45,93,36,42
45,93,42,43
45,93,43,46
45,93,46,47
45,93,47,49
45,93,49,72
45,93,72,79
45,93,79,87
45,93,87,91
45,93,91,92
45,93,92,94
45,93,94,95
45,93,95,97
45,93,97,122
45,93,122,130
45,93,130,137
45,93,137,144
46,94,16,21
46,94,21,31
46,94,31,35
46,94,35,41
46,94,41,44
46,94,44,47
46,94,47,48
46,94,48,52
46,94,52,72
46,94,72,82
46,94,82,86
46,94,86,90
46,94,90,92
46,94,92,95
46,94,95,96
46,94,96,102
46,94,102,126
46,94,126,129
46,94,129,136
46,94,136,143
47,95,14,28
47,95,28,32
47,95,32,36
47,95,36,42
47,95,42,44
47,95,44,48
47,95,48,49
47,95,49,58
47,95,58,72
47,95,72,78
47,95,78,87
47,95,87,91
47,95,91,92
47,95,92,96
47,95,96,100
47,95,100,110
47,95,110,122
47,95,122,131
47,95,131,139
47,95,139,141
48,96,1,26
48,96,26,28
48,96,28,36
48,96,36,38
48,96,38,42
48,96,42,46
48,96,46,51
48,96,51,63
48,96,63,77
48,96,77,83
48,96,83,87
48,96,87,90
48,96,90,92
48,96,92,95
48,96,95,105
48,96,105,121
48,96,121,125
48,96,125,131
48,96,131,138
48,96,138,141
49,97,5,7
49,97,7,13
49,97,13,16
49,97,16,30
49,97,30,47
49,97,47,51
49,97,51,54
49,97,54,55
49,97,55,60
49,97,60,63
49,97,63,71
49,97,71,79
49,97,79,91
49,97,91,100
49,97,100,104
49,97,104,108
49,97,108,111
49,97,111,114
49,97,114,119
49,97,119,136
50,98,5,8
50,98,8,16
50,98,16,21
50,98,21,28
50,98,28,37
50,98,37,51
50,98,51,54
50,98,54,57
50,98,57,61
50,98,61,66
50,98,66,75
50,98,75,83
50,98,83,92
50,98,92,99
50,98,99,101
50,98,101,103
50,98,103,108
50,98,108,117
50,98,117,123
50,98,123,139
51,99,3,11
51,99,11,13
51,99,13,23
51,99,23,36
51,99,36,42
51,99,42,49
51,99,49,54
51,99,54,57
51,99,57,59
51,99,59,64
51,99,64,76
51,99,76,89
51,99,89,92
51,99,92,97
51,99,97,101
51,99,101,107
51,99,107,109
51,99,109,116
51,99,116,123
51,99,123,142
52,100,6,10
52,100,10,17
52,100,17,18
52,100,18,33
52,100,33,41
52,100,41,50
52,100,50,54
52,100,54,57
52,100,57,62
52,100,62,65
52,100,65,74
52,100,74,79
52,100,79,95
52,100,95,98
52,100,98,103
52,100,103,104
52,100,104,111
52,100,111,115
52,100,115,122
52,100,122,140
53,101,2,8
53,101,8,15
53,101,15,18
53,101,18,37
53,101,37,48
53,101,48,51
53,101,51,54
53,101,54,57
53,101,57,59
53,101,59,65
53,101,65,75
53,101,75,90
53,101,90,96
53,101,96,102
53,101,102,103
53,101,103,107
53,101,107,112
53,101,112,117
53,101,117,123
53,101,123,144
54,102,3,11
54,102,11,14
54,102,14,25
54,102,25,38
54,102,38,47
54,102,47,50
54,102,50,55
54,102,55,58
54,102,58,61
54,102,61,68
54,102,68,75
54,102,75,89
54,102,89,94
54,102,94,97
54,102,97,103
54,102,103,104
54,102,104,112
54,102,112,117
54,102,117,126
54,102,126,139
55,103,6,12
55,103,12,17
55,103,17,26
55,103,26,29
55,103,29,48
55,103,48,52
55,103,52,56
55,103,56,58
55,103,58,62
55,103,62,68
55,103,68,77
55,103,77,92
55,103,92,94
55,103,94,101
55,103,101,104
55,103,104,108
55,103,108,112
55,103,112,114
55,103,114,125
55,103,125,140
56,104,4,8
56,104,8,17
56,104,17,24
56,104,24,40
56,104,40,47
56,104,47,50
56,104,50,57
56,104,57,58
56,104,58,61
56,104,61,70
56,104,70,77
56,104,77,91
56,104,91,95
56,104,95,99
56,104,99,105
56,104,105,107
56,104,107,111
56,104,111,113
56,104,113,126
56,104,126,143
57,105,4,11
57,105,11,18
57,105,18,25
57,105,25,37
57,105,37,48
57,105,48,49
57,105,49,58
57,105,58,59
57,105,59,64
57,105,64,66
57,105,66,74
57,105,74,93
57,105,93,95
57,105,95,101
57,105,101,106
57,105,106,107
57,105,107,112
57,105,112,115
57,105,115,120
57,105,120,130
58,106,5,10
58,106,10,15
58,106,15,27
58,106,27,43
58,106,43,46
58,106,46,52
58,106,52,59
58,106,59,60
58,106,60,65
58,106,65,67
58,106,67,78
58,106,78,83
58,106,83,95
58,106,95,102
58,106,102,107
58,106,107,108
58,106,108,113
58,106,113,117
58,106,117,125
58,106,125,136
59,107,2,9
59,107,9,14
59,107,14,21
59,107,21,46
59,107,46,47
59,107,47,49
59,107,49,60
59,107,60,61
59,107,61,62
59,107,62,66
59,107,66,77
59,107,77,93
59,107,93,96
59,107,96,98
59,107,98,108
59,107,108,109
59,107,109,110
59,107,110,119
59,107,119,121
59,107,121,141
60,108,6,12
60,108,12,17
60,108,17,27
60,108,27,37
60,108,37,52
60,108,52,56
60,108,56,59
60,108,59,61
60,108,61,66
60,108,66,71
60,108,71,74
60,108,74,93
60,108,93,100
60,108,100,103
60,108,103,107
60,108,107,109
60,108,109,110
60,108,110,118
60,108,118,120
60,108,120,144
61,109,7,9
61,109,9,17
61,109,17,27
61,109,27,39
61,109,39,51
61,109,51,56
61,109,56,60
61,109,60,62
61,109,62,63
61,109,63,72
61,109,72,79
61,109,79,88
61,109,88,100
61,109,100,106
61,109,106,108
61,109,108,110
61,109,110,114
61,109,114,120
61,109,120,125
61,109,125,140
62,110,6,10
62,110,10,21
62,110,21,23
62,110,23,44
62,110,44,49
62,110,49,59
62,110,59,61
62,110,61,63
62,110,63,65
62,110,65,72
62,110,72,80
62,110,80,92
62,110,92,97
62,110,97,105
62,110,105,108
62,110,108,111
62,110,111,115
62,110,115,117
62,110,117,127
62,110,127,142
63,111,3,12
63,111,12,18
63,111,18,29
63,111,29,48
63,111,48,49
63,111,49,57
63,111,57,61
63,111,61,64
63,111,64,67
63,111,67,69
63,111,69,80
63,111,80,95
63,111,95,100
63,111,100,107
63,111,107,109
63,111,109,112
63,111,112,114
63,111,114,120
63,111,120,127
63,111,127,140
64,112,9,13
64,112,13,20
64,112,20,26
64,112,26,48
64,112,48,54
64,112,54,58
64,112,58,62
64,112,62,65
64,112,65,68
64,112,68,72
64,112,72,79
64,112,79,94
64,112,94,97
64,112,97,108
64,112,108,110
64,112,110,113
64,112,113,115
64,112,115,119
64,112,119,124
64,112,124,144
65,113,6,11
65,113,11,18
65,113,18,28
65,113,28,45
65,113,45,50
65,113,50,61
65,113,61,63
65,113,63,66
65,113,66,67
65,113,67,71
65,113,71,79
65,113,79,89
65,113,89,102
65,113,102,109
65,113,109,110
65,113,110,114
65,113,114,115
65,113,115,122
65,113,122,125
65,113,125,140
66,114,8,13
66,114,13,24
66,114,24,29
66,114,29,47
66,114,47,49
66,114,49,63
66,114,63,64
66,114,64,67
66,114,67,69
66,114,69,71
66,114,71,81
66,114,81,92
66,114,92,102
66,114,102,107
66,114,107,111
66,114,111,115
66,114,115,117
66,114,117,120
66,114,120,129
66,114,129,142
67,115,9,14
67,115,14,19
67,115,19,34
67,115,34,43
67,115,43,52
67,115,52,60
67,115,60,64
67,115,64,68
67,115,68,70
67,115,70,76
67,115,76,78
67,115,78,96
67,115,96,102
67,115,102,111
67,115,111,112
67,115,112,116
67,115,116,117
67,115,117,122
67,115,122,128
67,115,128,140
68,116,4,16
68,116,16,25
68,116,25,34
68,116,34,47
68,116,47,51
68,116,51,61
68,116,61,65
68,116,65,69
68,116,69,71
68,116,71,76
68,116,76,83
68,116,83,94
68,116,94,102
68,116,102,107
68,116,107,113
68,116,113,117
68,116,117,118
68,116,118,121
68,116,121,125
68,116,125,143
69,117,4,15
69,117,15,26
69,117,26,34
69,117,34,48
69,117,48,54
69,117,54,62
69,117,62,67
69,117,67,70
69,117,70,71
69,117,71,73
69,117,73,84
69,117,84,96
69,117,96,99
69,117,99,108
69,117,108,114
69,117,114,118
69,117,118,119
69,117,119,122
69,117,122,130
69,117,130,144
70,118,4,19
70,118,19,27
70,118,27,36
70,118,36,47
70,118,47,59
70,118,59,63
70,118,63,67
70,118,67,71
70,118,71,73
70,118,73,78
70,118,78,84
70,118,84,96
70,118,96,98
70,118,98,112
70,118,112,114
70,118,114,119
70,118,119,120
70,118,120,123
70,118,123,129
70,118,129,142
71,119,1,16
71,119,16,28
71,119,28,34
71,119,34,48
71,119,48,56
71,119,56,67
71,119,67,69
71,119,69,72
71,119,72,73
71,119,73,79
71,119,79,84
71,119,84,94
71,119,94,100
71,119,100,113
71,119,113,115
71,119,115,120
71,119,120,121
71,119,121,125
71,119,125,130
71,119,130,144
72,120,2,19
72,120,19,28
72,120,28,35
72,120,35,48
72,120,48,55
72,120,55,65
72,120,65,70
72,120,70,73
72,120,73,75
72,120,75,76
72,120,76,82
72,120,82,95
72,120,95,97
72,120,97,112
72,120,112,119
72,120,119,121
72,120,121,122
72,120,122,123
72,120,123,127
72,120,127,140
73,121,1,22
73,121,22,25
73,121,25,32
73,121,32,48
73,121,48,53
73,121,53,67
73,121,67,71
73,121,71,74
73,121,74,75
73,121,75,78
73,121,78,85
73,121,85,91
73,121,91,97
73,121,97,114
73,121,114,119
73,121,119,122
73,121,122,123
73,121,123,125
73,121,125,133
73,121,133,144
74,122,1,19
74,122,19,27
74,122,27,34
74,122,34,48
74,122,48,52
74,122,52,68
74,122,68,71
74,122,71,75
74,122,75,77
74,122,77,81
74,122,81,84
74,122,84,93
74,122,93,101
74,122,101,116
74,122,116,119
74,122,119,123
74,122,123,124
74,122,124,125
74,122,125,134
74,122,134,139
75,123,2,19
75,123,19,31
75,123,31,37
75,123,37,46
75,123,46,53
75,123,53,67
75,123,67,73
75,123,73,76
75,123,76,77
75,123,77,80
75,123,80,88
75,123,88,96
75,123,96,100
75,123,100,113
75,123,113,118
75,123,118,124
75,123,124,125
75,123,125,128
75,123,128,133
75,123,133,142
76,124,4,20
76,124,20,30
76,124,30,34
76,124,34,48
76,124,48,52
76,124,52,69
76,124,69,74
76,124,74,77
76,124,77,78
76,124,78,80
76,124,80,85
76,124,85,94
76,124,94,98
76,124,98,113
76,124,113,120
76,124,120,123
76,124,123,125
76,124,125,129
76,124,129,132
76,124,132,143
77,125,5,22
77,125,22,31
77,125,31,35
77,125,35,45
77,125,45,53
77,125,53,71
77,125,71,73
77,125,73,78
77,125,78,79
77,125,79,82
77,125,82,85
77,125,85,93
77,125,93,98
77,125,98,118
77,125,118,120
77,125,120,124
77,125,124,126
77,125,126,129
77,125,129,133
77,125,133,138
78,126,2,22
78,126,22,31
78,126,31,40
78,126,40,45
78,126,45,49
78,126,49,68
78,126,68,74
78,126,74,77
78,126,77,79
78,126,79,82
78,126,82,86
78,126,86,93
78,126,93,100
78,126,100,114
78,126,114,120
78,126,120,125
78,126,125,127
78,126,127,129
78,126,129,132
78,126,132,142
79,127,3,20
79,127,20,30
79,127,30,34
79,127,34,44
79,127,44,51
79,127,51,70
79,127,70,75
79,127,75,78
79,127,78,80
79,127,80,83
79,127,83,85
79,127,85,94
79,127,94,99
79,127,99,116
79,127,116,123
79,127,123,125
79,127,125,128
79,127,128,129
79,127,129,134
79,127,134,144
80,128,6,26
80,128,26,28
80,128,28,36
80,128,36,44
80,128,44,50
80,128,50,67
80,128,67,76
80,128,76,78
80,128,78,81
80,128,81,83
80,128,83,86
80,128,86,96
80,128,96,105
80,128,105,116
80,128,116,121
80,128,121,126
80,128,126,129
80,128,129,130
80,128,130,137
80,128,137,142
81,129,1,25
81,129,25,33
81,129,33,41
81,129,41,43
81,129,43,50
81,129,50,67
81,129,67,74
81,129,74,79
81,129,79,82
81,129,82,84
81,129,84,89
81,129,89,95
81,129,95,97
81,129,97,119
81,129,119,121
81,129,121,127
81,129,127,130
81,129,130,133
81,129,133,137
81,129,137,140
82,130,4,26
82,130,26,30
82,130,30,41
82,130,41,46
82,130,46,60
82,130,60,68
82,130,68,76
82,130,76,79
82,130,79,83
82,130,83,84
82,130,84,88
82,130,88,93
82,130,93,105
82,130,105,120
82,130,120,126
82,130,126,127
82,130,127,131
82,130,131,132
82,130,132,136
82,130,136,139
83,131,6,24
83,131,24,33
83,131,33,37
83,131,37,47
83,131,47,49
83,131,49,70
83,131,70,75
83,131,75,81
83,131,81,84
83,131,84,86
83,131,86,87
83,131,87,92
83,131,92,105
83,131,105,121
83,131,121,123
83,131,123,128
83,131,128,132
83,131,132,133
83,131,133,138
83,131,138,143
84,132,4,25
84,132,25,32
84,132,32,39
84,132,39,43
84,132,43,51
84,132,51,67
84,132,67,78
84,132,78,82
84,132,82,85
84,132,85,86
84,132,86,90
84,132,90,92
84,132,92,97
84,132,97,115
84,132,115,122
84,132,122,130
84,132,130,133
84,132,133,134
84,132,134,136
84,132,136,141
85,133,2,27
85,133,27,33
85,133,33,38
85,133,38,43
85,133,43,51
85,133,51,67
85,133,67,78
85,133,78,80
85,133,80,86
85,133,86,87
85,133,87,91
85,133,91,93
85,133,93,97
85,133,97,116
85,133,116,124
85,133,124,128
85,133,128,134
85,133,134,135
85,133,135,138
85,133,138,144
86,134,7,25
86,134,25,35
86,134,35,41
86,134,41,46
86,134,46,49
86,134,49,72
86,134,72,78
86,134,78,81
86,134,81,85
86,134,85,87
86,134,87,90
86,134,90,95
86,134,95,98
86,134,98,119
86,134,119,125
86,134,125,128
86,134,128,133
86,134,133,135
86,134,135,139
86,134,139,142
87,135,1,22
87,135,22,30
87,135,30,40
87,135,40,46
87,135,46,51
87,135,51,67
87,135,67,75
87,135,75,81
87,135,81,85
87,135,85,88
87,135,88,91
87,135,91,96
87,135,96,99
87,135,99,116
87,135,116,127
87,135,127,130
87,135,130,133
87,135,133,136
87,135,136,139
87,135,139,143
88,136,4,22
88,136,22,34
88,136,34,37
88,136,37,48
88,136,48,52
88,136,52,74
88,136,74,75
88,136,75,83
88,136,83,85
88,136,85,89
88,136,89,91
88,136,91,95
88,136,95,113
88,136,113,116
88,136,116,123
88,136,123,129
88,136,129,134
88,136,134,137
88,136,137,140
88,136,140,143
89,137,2,23
89,137,23,36
89,137,36,41
89,137,41,45
89,137,45,55
89,137,55,74
89,137,74,79
89,137,79,83
89,137,83,87
89,137,87,90
89,137,90,92
89,137,92,93
89,137,93,101
89,137,101,117
89,137,117,125
89,137,125,129
89,137,129,135
89,137,135,138
89,137,138,140
89,137,140,144
90,138,3,29
90,138,29,31
90,138,31,37
90,138,37,44
90,138,44,48
90,138,48,52
90,138,52,77
90,138,77,81
90,138,81,87
90,138,87,91
90,138,91,92
90,138,92,93
90,138,93,99
90,138,99,118
90,138,118,123
90,138,123,133
90,138,133,134
90,138,134,139
90,138,139,140
90,138,140,141
91,139,1,25
91,139,25,32
91,139,32,41
91,139,41,43
91,139,43,48
91,139,48,61
91,139,61,77
91,139,77,82
91,139,82,86
91,139,86,90
91,139,90,92
91,139,92,96
91,139,96,100
91,139,100,121
91,139,121,128
91,139,128,132
91,139,132,135
91,139,135,138
91,139,138,140
91,139,140,144
92,140,7,22
92,140,22,35
92,140,35,40
92,140,40,46
92,140,46,48
92,140,48,54
92,140,54,77
92,140,77,83
92,140,83,88
92,140,88,90
92,140,90,93
92,140,93,96
92,140,96,97
92,140,97,115
92,140,115,124
92,140,124,133
92,140,133,134
92,140,134,139
92,140,139,141
92,140,141,143
93,141,6,26
93,141,26,34
93,141,34,42
93,141,42,43
93,141,43,48
93,141,48,49
93,141,49,79
93,141,79,83
93,141,83,89
93,141,89,91
93,141,91,94
93,141,94,95
93,141,95,113
93,141,113,119
93,141,119,127
93,141,127,133
93,141,133,135
93,141,135,139
93,141,139,142
93,141,142,143
94,142,4,22
94,142,22,34
94,142,34,39
94,142,39,47
94,142,47,48
94,142,48,60
94,142,60,77
94,142,77,84
94,142,84,86
94,142,86,90
94,142,90,95
94,142,95,96
94,142,96,97
94,142,97,120
94,142,120,129
94,142,129,131
94,142,131,138
94,142,138,139
94,142,139,143
94,142,143,144
95,143,10,23
95,143,23,35
95,143,35,38
95,143,38,43
95,143,43,47
95,143,47,50
95,143,50,74
95,143,74,81
95,143,81,88
95,143,88,92
95,143,92,94
95,143,94,96
95,143,96,97
95,143,97,121
95,143,121,126
95,143,126,132
95,143,132,136
95,143,136,139
95,143,139,142
95,143,142,144
96,144,2,27
96,144,27,34
96,144,34,39
96,144,39,44
96,144,44,46
96,144,46,58
96,144,58,69
96,144,69,76
96,144,76,83
96,144,83,86
96,144,86,91
96,144,91,94
96,144,94,97
96,144,97,118
96,144,118,123
96,144,123,128
96,144,128,133
96,144,133,139
96,144,139,141
96,144,141,143
49,9,2,5
49,9,5,6
49,9,6,11
49,9,11,16
49,9,16,23
49,9,23,27
49,9,27,48
49,9,48,50
49,9,50,55
49,9,55,60
49,9,60,63
49,9,63,69
49,9,69,74
49,9,74,88
49,9,88,92
49,9,92,99
49,9,99,111
49,9,111,114
49,9,114,126
49,9,126,144
50,10,3,6
50,10,6,8
50,10,8,11
50,10,11,16
50,10,16,25
50,10,25,35
50,10,35,46
50,10,46,49
50,10,49,55
50,10,55,57
50,10,57,65
50,10,65,66
50,10,66,77
50,10,77,89
50,10,89,94
50,10,94,102
50,10,102,107
50,10,107,116
50,10,116,124
50,10,124,143
51,11,4,6
51,11,6,9
51,11,9,12
51,11,12,20
51,11,20,23
51,11,23,35
51,11,35,44
51,11,44,49
51,11,49,56
51,11,56,58
51,11,58,65
51,11,65,67
51,11,67,75
51,11,75,86
51,11,86,96
51,11,96,102
51,11,102,111
51,11,111,112
51,11,112,125
51,11,125,136
52,12,4,6
52,12,6,10
52,12,10,15
52,12,15,19
52,12,19,23
52,12,23,33
52,12,33,37
52,12,37,53
52,12,53,56
52,12,56,58
52,12,58,64
52,12,64,70
52,12,70,72
52,12,72,86
52,12,86,94
52,12,94,97
52,12,97,107
52,12,107,115
52,12,115,119
52,12,119,137
53,13,2,7
53,13,7,10
53,13,10,12
53,13,12,16
53,13,16,21
53,13,21,27
53,13,27,46
53,13,46,51
53,13,51,56
53,13,56,58
53,13,58,62
53,13,62,70
53,13,70,75
53,13,75,87
53,13,87,95
53,13,95,101
53,13,101,108
53,13,108,116
53,13,116,122
53,13,122,143
54,14,2,6
54,14,6,10
54,14,10,12
54,14,12,19
54,14,19,24
54,14,24,29
54,14,29,39
54,14,39,49
54,14,49,58
54,14,58,61
54,14,61,63
54,14,63,69
54,14,69,76
54,14,76,83
54,14,83,96
54,14,96,100
54,14,100,109
54,14,109,118
54,14,118,124
54,14,124,144
55,15,4,9
55,15,9,11
55,15,11,13
55,15,13,20
55,15,20,27
55,15,27,34
55,15,34,39
55,15,39,52
55,15,52,57
55,15,57,61
55,15,61,62
55,15,62,69
55,15,69,71
55,15,71,85
55,15,85,96
55,15,96,99
55,15,99,112
55,15,112,114
55,15,114,123
55,15,123,139
56,16,6,8
56,16,8,11
56,16,11,15
56,16,15,18
56,16,18,23
56,16,23,35
56,16,35,48
56,16,48,54
56,16,54,58
56,16,58,61
56,16,61,63
56,16,63,70
56,16,70,77
56,16,77,85
56,16,85,93
56,16,93,104
56,16,104,108
56,16,108,118
56,16,118,124
56,16,124,143
57,17,5,8
57,17,8,11
57,17,11,14
57,17,14,20
57,17,20,24
57,17,24,28
57,17,28,46
57,17,46,52
57,17,52,60
57,17,60,61
57,17,61,63
57,17,63,68
57,17,68,75
57,17,75,84
57,17,84,95
57,17,95,101
57,17,101,108
57,17,108,118
57,17,118,124
57,17,124,139
58,18,2,11
58,18,11,13
58,18,13,16
58,18,16,19
58,18,19,27
58,18,27,31
58,18,31,45
58,18,45,55
58,18,55,60
58,18,60,62
58,18,62,65
58,18,65,67
58,18,67,72
58,18,72,86
58,18,86,92
58,18,92,107
58,18,107,108
58,18,108,115
58,18,115,126
58,18,126,141
59,19,1,10
59,19,10,13
59,19,13,16
59,19,16,17
59,19,17,23
59,19,23,34
59,19,34,46
59,19,46,54
59,19,54,60
59,19,60,62
59,19,62,64
59,19,64,70
59,19,70,72
59,19,72,84
59,19,84,93
59,19,93,105
59,19,105,108
59,19,108,119
59,19,119,122
59,19,122,131
60,20,1,12
60,20,12,14
60,20,14,17
60,20,17,19
60,20,19,28
60,20,28,31
60,20,31,47
60,20,47,49
60,20,49,58
60,20,58,62
60,20,62,66
60,20,66,71
60,20,71,75
60,20,75,85
60,20,85,91
60,20,91,101
60,20,101,112
60,20,112,118
60,20,118,125
60,20,125,141
61,21,1,8
61,21,8,13
61,21,13,17
61,21,17,20
61,21,20,25
61,21,25,32
61,21,32,45
61,21,45,50
61,21,50,58
61,21,58,64
61,21,64,66
61,21,66,68
61,21,68,72
61,21,72,85
61,21,85,95
61,21,95,107
61,21,107,109
61,21,109,120
61,21,120,123
61,21,123,137
62,22,8,13
62,22,13,15
62,22,15,18
62,22,18,19
62,22,19,28
62,22,28,35
62,22,35,48
62,22,48,49
62,22,49,59
62,22,59,63
62,22,63,67
62,22,67,71
62,22,71,76
62,22,76,79
62,22,79,96
62,22,96,98
62,22,98,111
62,22,111,117
62,22,117,127
62,22,127,144
63,23,4,12
63,23,12,17
63,23,17,19
63,23,19,22
63,23,22,29
63,23,29,35
63,23,35,37
63,23,37,49
63,23,49,59
63,23,59,66
63,23,66,68
63,23,68,70
63,23,70,75
63,23,75,78
63,23,78,94
63,23,94,103
63,23,103,111
63,23,111,117
63,23,117,124
63,23,124,144
64,24,4,10
64,24,10,18
64,24,18,19
64,24,19,23
64,24,23,29
64,24,29,30
64,24,30,47
64,24,47,56
64,24,56,58
64,24,58,66
64,24,66,68
64,24,68,72
64,24,72,75
64,24,75,83
64,24,83,87
64,24,87,107
64,24,107,110
64,24,110,118
64,24,118,124
64,24,124,144
65,25,3,13
65,25,13,17
65,25,17,20
65,25,20,24
65,25,24,29
65,25,29,36
65,25,36,43
65,25,43,54
65,25,54,61
65,25,61,66
65,25,66,69
65,25,69,70
65,25,70,77
65,25,77,83
65,25,83,96
65,25,96,102
65,25,102,112
65,25,112,120
65,25,120,124
65,25,124,144
66,26,4,13
66,26,13,17
66,26,17,21
66,26,21,23
66,26,23,25
66,26,25,34
66,26,34,46
66,26,46,50
66,26,50,60
66,26,60,65
66,26,65,70
66,26,70,72
66,26,72,75
66,26,75,84
66,26,84,95
66,26,95,108
66,26,108,115
66,26,115,116
66,26,116,127
66,26,127,144
67,27,1,12
67,27,12,19
67,27,19,21
67,27,21,25
67,27,25,30
67,27,30,34
67,27,34,47
67,27,47,54
67,27,54,62
67,27,62,68
67,27,68,70
67,27,70,73
67,27,73,75
67,27,75,80
67,27,80,95
67,27,95,96
67,27,96,105
67,27,105,119
67,27,119,126
67,27,126,142
68,28,5,13
68,28,13,19
68,28,19,23
68,28,23,25
68,28,25,31
68,28,31,34
68,28,34,44
68,28,44,48
68,28,48,49
68,28,49,70
68,28,70,71
68,28,71,74
68,28,74,75
68,28,75,82
68,28,82,93
68,28,93,95
68,28,95,104
68,28,104,121
68,28,121,128
68,28,128,143
69,29,2,13
69,29,13,19
69,29,19,24
69,29,24,27
69,29,27,31
69,29,31,34
69,29,34,47
69,29,47,48
69,29,48,63
69,29,63,67
69,29,67,72
69,29,72,74
69,29,74,78
69,29,78,82
69,29,82,91
69,29,91,96
69,29,96,98
69,29,98,120
69,29,120,128
69,29,128,144
70,30,3,16
70,30,16,20
70,30,20,25
70,30,25,27
70,30,27,33
70,30,33,38
70,30,38,47
70,30,47,50
70,30,50,63
70,30,63,71
70,30,71,74
70,30,74,76
70,30,76,81
70,30,81,86
70,30,86,89
70,30,89,97
70,30,97,117
70,30,117,123
70,30,123,130
70,30,130,144
71,31,2,16
71,31,16,24
71,31,24,25
71,31,25,29
71,31,29,32
71,31,32,36
71,31,36,44
71,31,44,51
71,31,51,62
71,31,62,68
71,31,68,74
71,31,74,76
71,31,76,79
71,31,79,86
71,31,86,96
71,31,96,99
71,31,99,117
71,31,117,121
71,31,121,132
71,31,132,141
72,32,6,17
72,32,17,21
72,32,21,26
72,32,26,29
72,32,29,35
72,32,35,36
72,32,36,43
72,32,43,52
72,32,52,63
72,32,63,74
72,32,74,75
72,32,75,78
72,32,78,79
72,32,79,86
72,32,86,96
72,32,96,109
72,32,109,120
72,32,120,121
72,32,121,129
72,32,129,143
73,33,9,17
73,33,17,25
73,33,25,28
73,33,28,30
73,33,30,32
73,33,32,39
73,33,39,42
73,33,42,50
73,33,50,65
73,33,65,72
73,33,72,75
73,33,75,79
73,33,79,81
73,33,81,86
73,33,86,96
73,33,96,99
73,33,99,121
73,33,121,123
73,33,123,129
73,33,129,135
74,34,3,21
74,34,21,24
74,34,24,28
74,34,28,31
74,34,31,32
74,34,32,41
74,34,41,46
74,34,46,49
74,34,49,69
74,34,69,72
74,34,72,77
74,34,77,80
74,34,80,84
74,34,84,88
74,34,88,94
74,34,94,99
74,34,99,119
74,34,119,124
74,34,124,131
74,34,131,137
75,35,1,21
75,35,21,23
75,35,23,30
75,35,30,32
75,35,32,33
75,35,33,38
75,35,38,47
75,35,47,50
75,35,50,70
75,35,70,74
75,35,74,78
75,35,78,81
75,35,81,85
75,35,85,91
75,35,91,94
75,35,94,102
75,35,102,117
75,35,117,125
75,35,125,136
75,35,136,143
76,36,6,18
76,36,18,24
76,36,24,31
76,36,31,32
76,36,32,34
76,36,34,43
76,36,43,46
76,36,46,53
76,36,53,67
76,36,67,77
76,36,77,78
76,36,78,81
76,36,81,83
76,36,83,87
76,36,87,94
76,36,94,105
76,36,105,118
76,36,118,126
76,36,126,136
76,36,136,141
77,37,10,21
77,37,21,23
77,37,23,32
77,37,32,33
77,37,33,38
77,37,38,41
77,37,41,48
77,37,48,50
77,37,50,67
77,37,67,73
77,37,73,80
77,37,80,83
77,37,83,84
77,37,84,88
77,37,88,95
77,37,95,98
77,37,98,123
77,37,123,128
77,37,128,132
77,37,132,141
78,38,9,17
78,38,17,27
78,38,27,30
78,38,30,33
78,38,33,39
78,38,39,40
78,38,40,48
78,38,48,49
78,38,49,72
78,38,72,73
78,38,73,81
78,38,81,83
78,38,83,86
78,38,86,91
78,38,91,95
78,38,95,106
78,38,106,121
78,38,121,131
78,38,131,137
78,38,137,139
79,39,6,20
79,39,20,26
79,39,26,31
79,39,31,34
79,39,34,38
79,39,38,42
79,39,42,48
79,39,48,52
79,39,52,67
79,39,67,75
79,39,75,82
79,39,82,84
79,39,84,87
79,39,87,93
79,39,93,94
79,39,94,107
79,39,107,121
79,39,121,131
79,39,131,133
79,39,133,143
80,40,1,19
80,40,19,29
80,40,29,31
80,40,31,35
80,40,35,38
80,40,38,43
80,40,43,45
80,40,45,55
80,40,55,71
80,40,71,75
80,40,75,82
80,40,82,85
80,40,85,87
80,40,87,93
80,40,93,95
80,40,95,99
80,40,99,126
80,40,126,132
80,40,132,135
80,40,135,144
81,41,1,19
81,41,19,27
81,41,27,32
81,41,32,35
81,41,35,38
81,41,38,42
81,41,42,47
81,41,47,51
81,41,51,73
81,41,73,75
81,41,75,83
81,41,83,85
81,41,85,89
81,41,89,94
81,41,94,95
81,41,95,101
81,41,101,122
81,41,122,128
81,41,128,136
81,41,136,142
82,42,16,21
82,42,21,28
82,42,28,31
82,42,31,36
82,42,36,40
82,42,40,44
82,42,44,47
82,42,47,66
82,42,66,73
82,42,73,75
82,42,75,80
82,42,80,86
82,42,86,88
82,42,88,91
82,42,91,96
82,42,96,97
82,42,97,122
82,42,122,133
82,42,133,134
82,42,134,139
83,43,5,22
83,43,22,26
83,43,26,33
83,43,33,36
83,43,36,40
83,43,40,45
83,43,45,47
83,43,47,50
83,43,50,74
83,43,74,79
83,43,79,81
83,43,81,86
83,43,86,90
83,43,90,94
83,43,94,96
83,43,96,104
83,43,104,124
83,43,124,131
83,43,131,137
83,43,137,141
84,44,7,21
84,44,21,26
84,44,26,34
84,44,34,36
84,44,36,40
84,44,40,41
84,44,41,47
84,44,47,49
84,44,49,75
84,44,75,79
84,44,79,83
84,44,83,87
84,44,87,91
84,44,91,93
84,44,93,96
84,44,96,113
84,44,113,124
84,44,124,132
84,44,132,134
84,44,134,140
85,45,1,20
85,45,20,31
85,45,31,33
85,45,33,37
85,45,37,41
85,45,41,42
85,45,42,47
85,45,47,49
85,45,49,71
85,45,71,78
85,45,78,86
85,45,86,87
85,45,87,90
85,45,90,93
85,45,93,96
85,45,96,105
85,45,105,122
85,45,122,130
85,45,130,139
85,45,139,142
86,46,5,18
86,46,18,29
86,46,29,34
86,46,34,40
86,46,40,41
86,46,41,45
86,46,45,48
86,46,48,54
86,46,54,74
86,46,74,80
86,46,80,83
86,46,83,88
86,46,88,91
86,46,91,93
86,46,93,96
86,46,96,100
86,46,100,126
86,46,126,133
86,46,133,136
86,46,136,142
87,47,13,19
87,47,19,26
87,47,26,36
87,47,36,38
87,47,38,42
87,47,42,45
87,47,45,48
87,47,48,49
87,47,49,71
87,47,71,78
87,47,78,86
87,47,86,89
87,47,89,92
87,47,92,94
87,47,94,108
87,47,108,120
87,47,120,124
87,47,124,129
87,47,129,139
87,47,139,141
88,48,7,21
88,48,21,31
88,48,31,33
88,48,33,39
88,48,39,43
88,48,43,45
88,48,45,57
88,48,57,61
88,48,61,74
88,48,74,80
88,48,80,85
88,48,85,90
88,48,90,92
88,48,92,95
88,48,95,97
88,48,97,115
88,48,115,129
88,48,129,133
88,48,133,136
88,48,136,142
97,57,6,7
97,57,7,12
97,57,12,19
97,57,19,24
97,57,24,40
97,57,40,50
97,57,50,54
97,57,54,55
97,57,55,62
97,57,62,67
97,57,67,75
97,57,75,83
97,57,83,94
97,57,94,98
97,57,98,105
97,57,105,109
97,57,109,114
97,57,114,119
97,57,119,126
97,57,126,142
98,58,6,7
98,58,7,12
98,58,12,20
98,58,20,27
98,58,27,45
98,58,45,50
98,58,50,54
98,58,54,55
98,58,55,63
98,58,63,66
98,58,66,72
98,58,72,82
98,58,82,89
98,58,89,97
98,58,97,105
98,58,105,106
98,58,106,111
98,58,111,116
98,58,116,128
98,58,128,143
99,59,2,8
99,59,8,12
99,59,12,23
99,59,23,32
99,59,32,43
99,59,43,52
99,59,52,55
99,59,55,58
99,59,58,63
99,59,63,68
99,59,68,75
99,59,75,79
99,59,79,96
99,59,96,97
99,59,97,104
99,59,104,108
99,59,108,113
99,59,113,117
99,59,117,121
99,59,121,144
100,60,1,9
100,60,9,13
100,60,13,20
100,60,20,31
100,60,31,45
100,60,45,50
100,60,50,55
100,60,55,59
100,60,59,61
100,60,61,69
100,60,69,74
100,60,74,85
100,60,85,96
100,60,96,97
100,60,97,105
100,60,105,107
100,60,107,114
100,60,114,117
100,60,117,122
100,60,122,144
101,61,2,12
101,61,12,16
101,61,16,20
101,61,20,26
101,61,26,48
101,61,48,51
101,61,51,55
101,61,55,58
101,61,58,63
101,61,63,66
101,61,66,76
101,61,76,86
101,61,86,94
101,61,94,103
101,61,103,106
101,61,106,108
101,61,108,114
101,61,114,117
101,61,117,128
101,61,128,141
102,62,2,8
102,62,8,15
102,62,15,19
102,62,19,26
102,62,26,38
102,62,38,52
102,62,52,56
102,62,56,60
102,62,60,64
102,62,64,69
102,62,69,74
102,62,74,89
102,62,89,94
102,62,94,100
102,62,100,106
102,62,106,110
102,62,110,112
102,62,112,118
102,62,118,126
102,62,126,143
103,63,6,10
103,63,10,18
103,63,18,25
103,63,25,31
103,63,31,48
103,63,48,52
103,63,52,56
103,63,56,60
103,63,60,65
103,63,65,70
103,63,70,74
103,63,74,89
103,63,89,93
103,63,93,102
103,63,102,106
103,63,106,111
103,63,111,112
103,63,112,116
103,63,116,124
103,63,124,141
104,64,6,10
104,64,10,16
104,64,16,25
104,64,25,33
104,64,33,46
104,64,46,49
104,64,49,57
104,64,57,61
104,64,61,65
104,64,65,68
104,64,68,72
104,64,72,88
104,64,88,94
104,64,94,98
104,64,98,107
104,64,107,109
104,64,109,112
104,64,112,120
104,64,120,128
104,64,128,134
105,65,7,10
105,65,10,19
105,65,19,24
105,65,24,32
105,65,32,47
105,65,47,52
105,65,52,59
105,65,59,61
105,65,61,64
105,65,64,72
105,65,72,78
105,65,78,86
105,65,86,94
105,65,94,101
105,65,101,108
105,65,108,111
105,65,111,116
105,65,116,120
105,65,120,122
105,65,122,143
106,66,1,10
106,66,10,19
106,66,19,27
106,66,27,37
106,66,37,47
106,66,47,55
106,66,55,58
106,66,58,62
106,66,62,67
106,66,67,72
106,66,72,74
106,66,74,91
106,66,91,92
106,66,92,103
106,66,103,109
106,66,109,111
106,66,111,115
106,66,115,118
106,66,118,124
106,66,124,140
107,67,6,14
107,67,14,20
107,67,20,27
107,67,27,33
107,67,33,46
107,67,46,54
107,67,54,60
107,67,60,63
107,67,63,64
107,67,64,72
107,67,72,76
107,67,76,89
107,67,89,95
107,67,95,103
107,67,103,109
107,67,109,112
107,67,112,114
107,67,114,118
107,67,118,128
107,67,128,144
108,68,3,10
108,68,10,19
108,68,19,26
108,68,26,37
108,68,37,48
108,68,48,51
108,68,51,59
108,68,59,63
108,68,63,65
108,68,65,72
108,68,72,78
108,68,78,92
108,68,92,95
108,68,95,97
108,68,97,111
108,68,111,113
108,68,113,115
108,68,115,119
108,68,119,124
108,68,124,142
109,69,3,11
109,69,11,16
109,69,16,24
109,69,24,30
109,69,30,46
109,69,46,53
109,69,53,60
109,69,60,64
109,69,64,68
109,69,68,71
109,69,71,80
109,69,80,83
109,69,83,95
109,69,95,99
109,69,99,108
109,69,108,114
109,69,114,115
109,69,115,122
109,69,122,130
109,69,130,140
110,70,4,11
110,70,11,21
110,70,21,29
110,70,29,41
110,70,41,46
110,70,46,56
110,70,56,63
110,70,63,66
110,70,66,67
110,70,67,75
110,70,75,77
110,70,77,89
110,70,89,95
110,70,95,98
110,70,98,109
110,70,109,114
110,70,114,115
110,70,115,121
110,70,121,127
110,70,127,141
111,71,4,14
111,71,14,22
111,71,22,28
111,71,28,37
111,71,37,46
111,71,46,59
111,71,59,64
111,71,64,66
111,71,66,68
111,71,68,75
111,71,75,77
111,71,77,93
111,71,93,96
111,71,96,103
111,71,103,113
111,71,113,115
111,71,115,117
111,71,117,121
111,71,121,130
111,71,130,144
112,72,6,16
112,72,16,21
112,72,21,31
112,72,31,33
112,72,33,47
112,72,47,55
112,72,55,62
112,72,62,67
112,72,67,71
112,72,71,74
112,72,74,82
112,72,82,91
112,72,91,95
112,72,95,99
112,72,99,115
112,72,115,116
112,72,116,120
112,72,120,123
112,72,123,131
112,72,131,142
113,73,5,15
113,73,15,25
113,73,25,28
113,73,28,45
113,73,45,48
113,73,48,62
113,73,62,63
113,73,63,68
113,73,68,70
113,73,70,77
113,73,77,80
113,73,80,88
113,73,88,96
113,73,96,101
113,73,101,115
113,73,115,117
113,73,117,119
113,73,119,122
113,73,122,130
113,73,130,144
114,74,2,19
114,74,19,20
114,74,20,27
114,74,27,44
114,74,44,48
114,74,48,54
114,74,54,64
114,74,64,69
114,74,69,71
114,74,71,76
114,74,76,82
114,74,82,96
114,74,96,104
114,74,104,108
114,74,108,115
114,74,115,117
114,74,117,119
114,74,119,122
114,74,122,130
114,74,130,143
115,75,8,16
115,75,16,21
115,75,21,29
115,75,29,45
115,75,45,52
115,75,52,61
115,75,61,65
115,75,65,70
115,75,70,72
115,75,72,76
115,75,76,83
115,75,83,95
115,75,95,106
115,75,106,108
115,75,108,114
115,75,114,118
115,75,118,121
115,75,121,124
115,75,124,128
115,75,128,135
116,76,6,17
116,76,17,27
116,76,27,31
116,76,31,47
116,76,47,50
116,76,50,64
116,76,64,67
116,76,67,71
116,76,71,73
116,76,73,80
116,76,80,85
116,76,85,93
116,76,93,97
116,76,97,113
116,76,113,117
116,76,117,119
116,76,119,123
116,76,123,125
116,76,125,129
116,76,129,134
117,77,3,18
117,77,18,25
117,77,25,34
117,77,34,48
117,77,48,49
117,77,49,63
117,77,63,71
117,77,71,72
117,77,72,74
117,77,74,79
117,77,79,82
117,77,82,96
117,77,96,97
117,77,97,113
117,77,113,115
117,77,115,120
117,77,120,124
117,77,124,126
117,77,126,133
117,77,133,144
118,78,1,21
118,78,21,25
118,78,25,36
118,78,36,48
118,78,48,50
118,78,50,65
118,78,65,71
118,78,71,72
118,78,72,75
118,78,75,81
118,78,81,87
118,78,87,94
118,78,94,98
118,78,98,114
118,78,114,116
118,78,116,121
118,78,121,125
118,78,125,128
118,78,128,133
118,78,133,137
119,79,5,18
119,79,18,24
119,79,24,36
119,79,36,40
119,79,40,52
119,79,52,65
119,79,65,71
119,79,71,73
119,79,73,76
119,79,76,81
119,79,81,87
119,79,87,92
119,79,92,98
119,79,98,110
119,79,110,118
119,79,118,122
119,79,122,124
119,79,124,128
119,79,128,135
119,79,135,139
120,80,3,18
120,80,18,30
120,80,30,35
120,80,35,47
120,80,47,48
120,80,48,67
120,80,67,71
120,80,71,75
120,80,75,77
120,80,77,79
120,80,79,86
120,80,86,94
120,80,94,99
120,80,99,113
120,80,113,118
120,80,118,123
120,80,123,125
120,80,125,127
120,80,127,134
120,80,134,139
121,81,4,23
121,81,23,26
121,81,26,36
121,81,36,45
121,81,45,47
121,81,47,50
121,81,50,71
121,81,71,76
121,81,76,78
121,81,78,82
121,81,82,84
121,81,84,95
121,81,95,101
121,81,101,115
121,81,115,122
121,81,122,123
121,81,123,126
121,81,126,131
121,81,131,135
121,81,135,143
122,82,10,22
122,82,22,30
122,82,30,36
122,82,36,43
122,82,43,47
122,82,47,52
122,82,52,70
122,82,70,75
122,82,75,78
122,82,78,83
122,82,83,86
122,82,86,92
122,82,92,96
122,82,96,102
122,82,102,117
122,82,117,123
122,82,123,127
122,82,127,129
122,82,129,133
122,82,133,143
123,83,16,18
123,83,18,30
123,83,30,36
123,83,36,41
123,83,41,48
123,83,48,49
123,83,49,72
123,83,72,74
123,83,74,79
123,83,79,81
123,83,81,87
123,83,87,94
123,83,94,96
123,83,96,97
123,83,97,118
123,83,118,126
123,83,126,128
123,83,128,130
123,83,130,133
123,83,133,139
124,84,15,24
124,84,24,27
124,84,27,35
124,84,35,42
124,84,42,46
124,84,46,61
124,84,61,73
124,84,73,76
124,84,76,79
124,84,79,81
124,84,81,85
124,84,85,93
124,84,93,96
124,84,96,111
124,84,111,122
124,84,122,123
124,84,123,129
124,84,129,132
124,84,132,137
124,84,137,142
125,85,1,25
125,85,25,32
125,85,32,37
125,85,37,39
125,85,39,48
125,85,48,49
125,85,49,74
125,85,74,78
125,85,78,79
125,85,79,83
125,85,83,87
125,85,87,94
125,85,94,96
125,85,96,97
125,85,97,123
125,85,123,127
125,85,127,129
125,85,129,132
125,85,132,136
125,85,136,144
126,86,3,22
126,86,22,32
126,86,32,36
126,86,36,43
126,86,43,46
126,86,46,54
126,86,54,71
126,86,71,78
126,86,78,81
126,86,81,84
126,86,84,87
126,86,87,91
126,86,91,96
126,86,96,102
126,86,102,120
126,86,120,125
126,86,125,130
126,86,130,134
126,86,134,138
126,86,138,142
127,87,10,19
127,87,19,32
127,87,32,38
127,87,38,45
127,87,45,46
127,87,46,57
127,87,57,71
127,87,71,79
127,87,79,82
127,87,82,84
127,87,84,89
127,87,89,95
127,87,95,96
127,87,96,100
127,87,100,124
127,87,124,126
127,87,126,130
127,87,130,134
127,87,134,137
127,87,137,140
128,88,8,26
128,88,26,30
128,88,30,34
128,88,34,45
128,88,45,48
128,88,48,49
128,88,49,71
128,88,71,76
128,88,76,83
128,88,83,85
128,88,85,90
128,88,90,93
128,88,93,96
128,88,96,111
128,88,111,119
128,88,119,129
128,88,129,131
128,88,131,133
128,88,133,136
128,88,136,144
129,89,15,19
129,89,19,28
129,89,28,37
129,89,37,45
129,89,45,46
129,89,46,51
129,89,51,71
129,89,71,79
129,89,79,82
129,89,82,85
129,89,85,90
129,89,90,91
129,89,91,96
129,89,96,98
129,89,98,120
129,89,120,130
129,89,130,131
129,89,131,134
129,89,134,138
129,89,138,144
130,90,2,24
130,90,24,32
130,90,32,34
130,90,34,45
130,90,45,48
130,90,48,49
130,90,49,70
130,90,70,76
130,90,76,82
130,90,82,85
130,90,85,88
130,90,88,92
130,90,92,96
130,90,96,97
130,90,97,119
130,90,119,126
130,90,126,133
130,90,133,135
130,90,135,139
130,90,139,141
131,91,1,27
131,91,27,33
131,91,33,38
131,91,38,42
131,91,42,47
131,91,47,49
131,91,49,69
131,91,69,78
131,91,78,81
131,91,81,85
131,91,85,90
131,91,90,92
131,91,92,96
131,91,96,118
131,91,118,120
131,91,120,129
131,91,129,132
131,91,132,136
131,91,136,137
131,91,137,144
132,92,8,27
132,92,27,28
132,92,28,35
132,92,35,40
132,92,40,48
132,92,48,49
132,92,49,69
132,92,69,76
132,92,76,81
132,92,81,86
132,92,86,90
132,92,90,94
132,92,94,96
132,92,96,100
132,92,100,121
132,92,121,126
132,92,126,131
132,92,131,136
132,92,136,139
132,92,139,141
133,93,8,20
133,93,20,30
133,93,30,35
133,93,35,43
133,93,43,48
133,93,48,52
133,93,52,71
133,93,71,78
133,93,78,82
133,93,82,88
133,93,88,90
133,93,90,91
133,93,91,96
133,93,96,99
133,93,99,125
133,93,125,130
133,93,130,135
133,93,135,136
133,93,136,139
133,93,139,142
134,94,5,26
134,94,26,28
134,94,28,39
134,94,39,43
134,94,43,46
134,94,46,52
134,94,52,71
134,94,71,80
134,94,80,85
134,94,85,89
134,94,89,90
134,94,90,92
134,94,92,96
134,94,96,97
134,94,97,122
134,94,122,127
134,94,127,131
134,94,131,137
134,94,137,139
134,94,139,141
135,95,10,24
135,95,24,32
135,95,32,35
135,95,35,44
135,95,44,45
135,95,45,49
135,95,49,70
135,95,70,78
135,95,78,85
135,95,85,89
135,95,89,90
135,95,90,94
135,95,94,96
135,95,96,118
135,95,118,125
135,95,125,126
135,95,126,136
135,95,136,139
135,95,139,140
135,95,140,142
136,96,4,26
136,96,26,29
136,96,29,36
136,96,36,44
136,96,44,45
136,96,45,50
136,96,50,70
136,96,70,80
136,96,80,83
136,96,83,88
136,96,88,91
136,96,91,94
136,96,94,108
136,96,108,115
136,96,115,120
136,96,120,129
136,96,129,133
136,96,133,138
136,96,138,141
136,96,141,142
1,57,2,6
1,57,6,8
1,57,8,15
1,57,15,20
1,57,20,25
1,57,25,29
1,57,29,42
1,57,42,50
1,57,50,54
1,57,54,58
1,57,58,62
1,57,62,70
1,57,70,76
1,57,76,87
1,57,87,94
1,57,94,102
1,57,102,108
1,57,108,116
1,57,116,121
1,57,121,140
2,58,5,6
2,58,6,10
2,58,10,14
2,58,14,20
2,58,20,21
2,58,21,36
2,58,36,48
2,58,48,52
2,58,52,55
2,58,55,57
2,58,57,62
2,58,62,68
2,58,68,75
2,58,75,82
2,58,82,95
2,58,95,105
2,58,105,111
2,58,111,115
2,58,115,126
2,58,126,141
3,59,6,7
3,59,7,10
3,59,10,12
3,59,12,16
3,59,16,26
3,59,26,30
3,59,30,41
3,59,41,54
3,59,54,55
3,59,55,60
3,59,60,63
3,59,63,70
3,59,70,74
3,59,74,81
3,59,81,93
3,59,93,98
3,59,98,107
3,59,107,112
3,59,112,120
3,59,120,129
4,60,2,7
4,60,7,9
4,60,9,14
4,60,14,18
4,60,18,22
4,60,22,35
4,60,35,43
4,60,43,50
4,60,50,55
4,60,55,57
4,60,57,62
4,60,62,68
4,60,68,72
4,60,72,81
4,60,81,92
4,60,92,102
4,60,102,111
4,60,111,117
4,60,117,121
4,60,121,139
5,61,4,8
5,61,8,11
5,61,11,14
5,61,14,16
5,61,16,22
5,61,22,35
5,61,35,45
5,61,45,50
5,61,50,55
5,61,55,58
5,61,58,65
5,61,65,70
5,61,70,73
5,61,73,87
5,61,87,94
5,61,94,103
5,61,103,107
5,61,107,113
5,61,113,121
5,61,121,142
6,62,2,9
6,62,9,11
6,62,11,12
6,62,12,20
6,62,20,25
6,62,25,30
6,62,30,37
6,62,37,51
6,62,51,57
6,62,57,59
6,62,59,61
6,62,61,66
6,62,66,74
6,62,74,85
6,62,85,92
6,62,92,97
6,62,97,111
6,62,111,113
6,62,113,121
6,62,121,142
7,63,2,10
7,63,10,12
7,63,12,13
7,63,13,21
7,63,21,26
7,63,26,29
7,63,29,48
7,63,48,50
7,63,50,58
7,63,58,60
7,63,60,62
7,63,62,70
7,63,70,74
7,63,74,80
7,63,80,95
7,63,95,105
7,63,105,108
7,63,108,114
7,63,114,121
7,63,121,140
8,64,5,9
8,64,9,12
8,64,12,15
8,64,15,17
8,64,17,27
8,64,27,30
8,64,30,42
8,64,42,51
8,64,51,59
8,64,59,60
8,64,60,63
8,64,63,66
8,64,66,76
8,64,76,85
8,64,85,93
8,64,93,104
8,64,104,111
8,64,111,114
8,64,114,120
8,64,120,141
9,65,2,8
9,65,8,12
9,65,12,15
9,65,15,19
9,65,19,26
9,65,26,33
9,65,33,46
9,65,46,55
9,65,55,58
9,65,58,60
9,65,60,62
9,65,62,70
9,65,70,77
9,65,77,84
9,65,84,91
9,65,91,99
9,65,99,108
9,65,108,118
9,65,118,123
9,65,123,142
10,66,3,8
10,66,8,13
10,66,13,16
10,66,16,20
10,66,20,26
10,66,26,35
10,66,35,43
10,66,43,52
10,66,52,59
10,66,59,61
10,66,61,65
10,66,65,67
10,66,67,74
10,66,74,81
10,66,81,92
10,66,92,97
10,66,97,109
10,66,109,118
10,66,118,124
10,66,124,140
11,67,5,12
11,67,12,14
11,67,14,16
11,67,16,18
11,67,18,27
11,67,27,30
11,67,30,47
11,67,47,54
11,67,54,58
11,67,58,62
11,67,62,65
11,67,65,71
11,67,71,74
11,67,74,83
11,67,83,94
11,67,94,98
11,67,98,113
11,67,113,119
11,67,119,121
11,67,121,139
12,68,3,9
12,68,9,14
12,68,14,17
12,68,17,22
12,68,22,25
12,68,25,30
12,68,30,47
12,68,47,49
12,68,49,57
12,68,57,62
12,68,62,65
12,68,65,70
12,68,70,73
12,68,73,83
12,68,83,96
12,68,96,100
12,68,100,110
12,68,110,117
12,68,117,127
12,68,127,134
13,69,2,10
13,69,10,14
13,69,14,18
13,69,18,21
13,69,21,27
13,69,27,35
13,69,35,48
13,69,48,52
13,69,52,59
13,69,59,62
13,69,62,66
13,69,66,67
13,69,67,76
13,69,76,84
13,69,84,96
13,69,96,104
13,69,104,112
13,69,112,120
13,69,120,128
13,69,128,141
14,70,5,11
14,70,11,17
14,70,17,19
14,70,19,20
14,70,20,26
14,70,26,35
14,70,35,48
14,70,48,50
14,70,50,58
14,70,58,65
14,70,65,67
14,70,67,68
14,70,68,73
14,70,73,84
14,70,84,95
14,70,95,99
14,70,99,108
14,70,108,115
14,70,115,128
14,70,128,144
15,71,2,9
15,71,9,18
15,71,18,20
15,71,20,22
15,71,22,25
15,71,25,31
15,71,31,44
15,71,44,54
15,71,54,59
15,71,59,64
15,71,64,67
15,71,67,72
15,71,72,75
15,71,75,82
15,71,82,95
15,71,95,99
15,71,99,109
15,71,109,119
15,71,119,126
15,71,126,129
16,72,8,10
16,72,10,17
16,72,17,20
16,72,20,23
16,72,23,26
16,72,26,35
16,72,35,43
16,72,43,53
16,72,53,62
16,72,62,65
16,72,65,68
16,72,68,70
16,72,70,74
16,72,74,84
16,72,84,96
16,72,96,98
16,72,98,109
16,72,109,119
16,72,119,122
16,72,122,144
17,73,4,12
17,73,12,19
17,73,19,21
17,73,21,23
17,73,23,28
17,73,28,35
17,73,35,46
17,73,46,50
17,73,50,59
17,73,59,65
17,73,65,68
17,73,68,70
17,73,70,77
17,73,77,82
17,73,82,94
17,73,94,103
17,73,103,115
17,73,115,119
17,73,119,123
17,73,123,140
18,74,2,11
18,74,11,17
18,74,17,22
18,74,22,23
18,74,23,27
18,74,27,36
18,74,36,48
18,74,48,58
18,74,58,60
18,74,60,64
18,74,64,69
18,74,69,71
18,74,71,73
18,74,73,81
18,74,81,94
18,74,94,98
18,74,98,115
18,74,115,119
18,74,119,125
18,74,125,144
19,75,5,14
19,75,14,17
19,75,17,22
19,75,22,24
19,75,24,30
19,75,30,33
19,75,33,41
19,75,41,58
19,75,58,60
19,75,60,68
19,75,68,70
19,75,70,73
19,75,73,76
19,75,76,81
19,75,81,94
19,75,94,96
19,75,96,100
19,75,100,122
19,75,122,124
19,75,124,138
20,76,9,15
20,76,15,19
20,76,19,23
20,76,23,26
20,76,26,28
20,76,28,33
20,76,33,46
20,76,46,48
20,76,48,50
20,76,50,67
20,76,67,71
20,76,71,73
20,76,73,75
20,76,75,83
20,76,83,92
20,76,92,96
20,76,96,111
20,76,111,122
20,76,122,130
20,76,130,143
21,77,5,15
21,77,15,23
21,77,23,24
21,77,24,28
21,77,28,32
21,77,32,36
21,77,36,47
21,77,47,48
21,77,48,49
21,77,49,66
21,77,66,72
21,77,72,74
21,77,74,78
21,77,78,80
21,77,80,91
21,77,91,96
21,77,96,97
21,77,97,122
21,77,122,128
21,77,128,136
22,78,4,14
22,78,14,19
22,78,19,25
22,78,25,29
22,78,29,31
22,78,31,35
22,78,35,48
22,78,48,49
22,78,49,61
22,78,61,70
22,78,70,72
22,78,72,76
22,78,76,80
22,78,80,85
22,78,85,92
22,78,92,105
22,78,105,116
22,78,116,119
22,78,119,128
22,78,128,144
23,79,4,19
23,79,19,22
23,79,22,27
23,79,27,29
23,79,29,32
23,79,32,36
23,79,36,45
23,79,45,53
23,79,53,65
23,79,65,68
23,79,68,73
23,79,73,77
23,79,77,82
23,79,82,84
23,79,84,95
23,79,95,102
23,79,102,113
23,79,113,121
23,79,121,133
23,79,133,138
24,80,12,15
24,80,15,21
24,80,21,27
24,80,27,30
24,80,30,32
24,80,32,40
24,80,40,42
24,80,42,52
24,80,52,67
24,80,67,70
24,80,70,74
24,80,74,78
24,80,78,81
24,80,81,87
24,80,87,89
24,80,89,106
24,80,106,114
24,80,114,126
24,80,126,134
24,80,134,136
25,81,3,15
25,81,15,23
25,81,23,27
25,81,27,30
25,81,30,34
25,81,34,41
25,81,41,48
25,81,48,50
25,81,50,64
25,81,64,71
25,81,71,76
25,81,76,78
25,81,78,80
25,81,80,85
25,81,85,95
25,81,95,98
25,81,98,120
25,81,120,124
25,81,124,133
25,81,133,144
26,82,8,15
26,82,15,24
26,82,24,28
26,82,28,32
26,82,32,35
26,82,35,38
26,82,38,47
26,82,47,53
26,82,53,65
26,82,65,71
26,82,71,75
26,82,75,79
26,82,79,85
26,82,85,87
26,82,87,91
26,82,91,98
26,82,98,116
26,82,116,125
26,82,125,131
26,82,131,140
27,83,2,18
27,83,18,23
27,83,23,29
27,83,29,32
27,83,32,37
27,83,37,39
27,83,39,47
27,83,47,49
27,83,49,69
27,83,69,75
27,83,75,76
27,83,76,80
27,83,80,85
27,83,85,88
27,83,88,95
27,83,95,97
27,83,97,121
27,83,121,126
27,83,126,132
27,83,132,138
28,84,8,22
28,84,22,27
28,84,27,31
28,84,31,33
28,84,33,34
28,84,34,40
28,84,40,44
28,84,44,55
28,84,55,67
28,84,67,72
28,84,72,79
28,84,79,81
28,84,81,85
28,84,85,87
28,84,87,96
28,84,96,99
28,84,99,123
28,84,123,125
28,84,125,134
28,84,134,138
29,85,6,21
29,85,21,25
29,85,25,31
29,85,31,34
29,85,34,38
29,85,38,39
29,85,39,45
29,85,45,63
29,85,63,66
29,85,66,76
29,85,76,79
29,85,79,82
29,85,82,87
29,85,87,90
29,85,90,96
29,85,96,99
29,85,99,118
29,85,118,126
29,85,126,134
29,85,134,144
30,86,1,18
30,86,18,28
30,86,28,29
30,86,29,34
30,86,34,35
30,86,35,41
30,86,41,47
30,86,47,55
30,86,55,68
30,86,68,77
30,86,77,79
30,86,79,82
30,86,82,87
30,86,87,91
30,86,91,94
30,86,94,100
30,86,100,122
30,86,122,131
30,86,131,133
30,86,133,143
31,87,1,19
31,87,19,26
31,87,26,33
31,87,33,35
31,87,35,36
31,87,36,44
31,87,44,48
31,87,48,49
31,87,49,73
31,87,73,78
31,87,78,82
31,87,82,83
31,87,83,84
31,87,84,93
31,87,93,95
31,87,95,98
31,87,98,125
31,87,125,131
31,87,131,137
31,87,137,142
32,88,1,22
32,88,22,25
32,88,25,33
32,88,33,36
32,88,36,40
32,88,40,41
32,88,41,46
32,88,46,52
32,88,52,73
32,88,73,76
32,88,76,81
32,88,81,84
32,88,84,85
32,88,85,94
32,88,94,96
32,88,96,103
32,88,103,122
32,88,122,131
32,88,131,136
32,88,136,144
33,89,1,21
33,89,21,26
33,89,26,32
33,89,32,37
33,89,37,38
33,89,38,44
33,89,44,47
33,89,47,57
33,89,57,68
33,89,68,76
33,89,76,80
33,89,80,84
33,89,84,87
33,89,87,94
33,89,94,95
33,89,95,99
33,89,99,124
33,89,124,131
33,89,131,135
33,89,135,142
34,90,14,21
34,90,21,29
34,90,29,33
34,90,33,36
34,90,36,40
34,90,40,43
34,90,43,46
34,90,46,59
34,90,59,68
34,90,68,76
34,90,76,83
34,90,83,85
34,90,85,89
34,90,89,92
34,90,92,95
34,90,95,99
34,90,99,122
34,90,122,131
34,90,131,135
34,90,135,140
35,91,5,22
35,91,22,30
35,91,30,36
35,91,36,37
35,91,37,41
35,91,41,45
35,91,45,48
35,91,48,49
35,91,49,73
35,91,73,78
35,91,78,81
35,91,81,86
35,91,86,89
35,91,89,94
35,91,94,96
35,91,96,103
35,91,103,124
35,91,124,129
35,91,129,138
35,91,138,141
36,92,1,20
36,92,20,31
36,92,31,33
36,92,33,38
36,92,38,41
36,92,41,45
36,92,45,47
36,92,47,57
36,92,57,71
36,92,71,77
36,92,77,81
36,92,81,86
36,92,86,90
36,92,90,94
36,92,94,96
36,92,96,109
36,92,109,124
36,92,124,132
36,92,132,134
36,92,134,143
37,93,13,24
37,93,24,26
37,93,26,33
37,93,33,38
37,93,38,42
37,93,42,46
37,93,46,47
37,93,47,52
37,93,52,72
37,93,72,76
37,93,76,84
37,93,84,86
37,93,86,90
37,93,90,95
37,93,95,96
37,93,96,101
37,93,101,122
37,93,122,132
37,93,132,135
37,93,135,143
38,94,1,25
38,94,25,28
38,94,28,33
38,94,33,41
38,94,41,42
38,94,42,43
38,94,43,48
38,94,48,63
38,94,63,75
38,94,75,77
38,94,77,82
38,94,82,89
38,94,89,90
38,94,90,95
38,94,95,96
38,94,96,99
38,94,99,123
38,94,123,129
38,94,129,135
38,94,135,144
39,95,1,18
39,95,18,31
39,95,31,32
39,95,32,37
39,95,37,42
39,95,42,46
39,95,46,47
39,95,47,56
39,95,56,70
39,95,70,79
39,95,79,85
39,95,85,87
39,95,87,91
39,95,91,96
39,95,96,105
39,95,105,119
39,95,119,126
39,95,126,129
39,95,129,136
39,95,136,140
40,96,2,20
40,96,20,30
40,96,30,35
40,96,35,38
40,96,38,43
40,96,43,46
40,96,46,47
40,96,47,50
40,96,50,70
40,96,70,77
40,96,77,85
40,96,85,90
40,96,90,91
40,96,91,95
40,96,95,101
40,96,101,121
40,96,121,129
40,96,129,131
40,96,131,139
40,96,139,140
49,105,3,7
49,105,7,15
49,105,15,18
49,105,18,27
49,105,27,47
49,105,47,50
49,105,50,55
49,105,55,57
49,105,57,64
49,105,64,69
49,105,69,76
49,105,76,81
49,105,81,96
49,105,96,100
49,105,100,102
49,105,102,109
49,105,109,113
49,105,113,119
49,105,119,124
49,105,124,137
50,106,5,11
50,106,11,13
50,106,13,23
50,106,23,30
50,106,30,46
50,106,46,51
50,106,51,55
50,106,55,58
50,106,58,64
50,106,64,66
50,106,66,76
50,106,76,87
50,106,87,94
50,106,94,100
50,106,100,103
50,106,103,108
50,106,108,111
50,106,111,118
50,106,118,127
50,106,127,140
51,107,3,11
51,107,11,15
51,107,15,18
51,107,18,28
51,107,28,47
51,107,47,49
51,107,49,56
51,107,56,57
51,107,57,64
51,107,64,68
51,107,68,74
51,107,74,84
51,107,84,96
51,107,96,102
51,107,102,104
51,107,104,109
51,107,109,113
51,107,113,120
51,107,120,126
51,107,126,137
52,108,1,11
52,108,11,17
52,108,17,19
52,108,19,27
52,108,27,48
52,108,48,55
52,108,55,56
52,108,56,60
52,108,60,64
52,108,64,70
52,108,70,77
52,108,77,87
52,108,87,94
52,108,94,97
52,108,97,104
52,108,104,109
52,108,109,110
52,108,110,118
52,108,118,126
52,108,126,142
53,109,4,7
53,109,7,17
53,109,17,22
53,109,22,30
53,109,30,43
53,109,43,52
53,109,52,56
53,109,56,60
53,109,60,64
53,109,64,69
53,109,69,75
53,109,75,85
53,109,85,96
53,109,96,97
53,109,97,105
53,109,105,108
53,109,108,114
53,109,114,118
53,109,118,121
53,109,121,138
54,110,2,10
54,110,10,13
54,110,13,21
54,110,21,26
54,110,26,47
54,110,47,50
54,110,50,57
54,110,57,60
54,110,60,65
54,110,65,67
54,110,67,76
54,110,76,89
54,110,89,92
54,110,92,102
54,110,102,105
54,110,105,107
54,110,107,114
54,110,114,116
54,110,116,126
54,110,126,135
55,111,7,11
55,111,11,13
55,111,13,19
55,111,19,33
55,111,33,45
55,111,45,51
55,111,51,57
55,111,57,61
55,111,61,66
55,111,66,68
55,111,68,73
55,111,73,81
55,111,81,96
55,111,96,105
55,111,105,106
55,111,106,108
55,111,108,115
55,111,115,121
55,111,121,126
55,111,126,142
56,112,3,10
56,112,10,14
56,112,14,26
56,112,26,33
56,112,33,47
56,112,47,53
56,112,53,58
56,112,58,62
56,112,62,63
56,112,63,67
56,112,67,75
56,112,75,82
56,112,82,95
56,112,95,97
56,112,97,106
56,112,106,109
56,112,109,111
56,112,111,121
56,112,121,128
56,112,128,138
57,113,4,10
57,113,10,18
57,113,18,22
57,113,22,32
57,113,32,48
57,113,48,55
57,113,55,60
57,113,60,62
57,113,62,67
57,113,67,71
57,113,71,78
57,113,78,89
57,113,89,96
57,113,96,98
57,113,98,107
57,113,107,110
57,113,110,111
57,113,111,120
57,113,120,128
57,113,128,140
58,114,1,13
58,114,13,18
58,114,18,22
58,114,22,35
58,114,35,46
58,114,46,50
58,114,50,59
58,114,59,63
58,114,63,66
58,114,66,71
58,114,71,78
58,114,78,83
58,114,83,96
58,114,96,105
58,114,105,109
58,114,109,111
58,114,111,115
58,114,115,121
58,114,121,128
58,114,128,137
59,115,6,10
59,115,10,16
59,115,16,25
59,115,25,32
59,115,32,45
59,115,45,50
59,115,50,60
59,115,60,64
59,115,64,65
59,115,65,71
59,115,71,76
59,115,76,91
59,115,91,96
59,115,96,97
59,115,97,109
59,115,109,112
59,115,112,113
59,115,113,119
59,115,119,124
59,115,124,143
60,116,4,9
60,116,9,16
60,116,16,25
60,116,25,29
60,116,29,44
60,116,44,57
60,116,57,59
60,116,59,64
60,116,64,68
60,116,68,72
60,116,72,78
60,116,78,82
60,116,82,96
60,116,96,98
60,116,98,109
60,116,109,112
60,116,112,114
60,116,114,118
60,116,118,129
60,116,129,135
61,117,2,12
61,117,12,20
61,117,20,24
61,117,24,34
61,117,34,47
61,117,47,51
61,117,51,62
61,117,62,65
61,117,65,69
61,117,69,74
61,117,74,80
61,117,80,88
61,117,88,93
61,117,93,99
61,117,99,111
61,117,111,113
61,117,113,114
61,117,114,123
61,117,123,129
61,117,129,144
62,118,2,14
62,118,14,22
62,118,22,23
62,118,23,33
62,118,33,47
62,118,47,53
62,118,53,61
62,118,61,66
62,118,66,68
62,118,68,75
62,118,75,79
62,118,79,89
62,118,89,95
62,118,95,98
62,118,98,111
62,118,111,113
62,118,113,116
62,118,116,121
62,118,121,129
62,118,129,141
63,119,10,16
63,119,16,22
63,119,22,26
63,119,26,42
63,119,42,46
63,119,46,51
63,119,51,61
63,119,61,67
63,119,67,70
63,119,70,75
63,119,75,79
63,119,79,91
63,119,91,96
63,119,96,101
63,119,101,111
63,119,111,114
63,119,114,116
63,119,116,120
63,119,120,130
63,119,130,135
64,120,1,12
64,120,12,22
64,120,22,30
64,120,30,38
64,120,38,48
64,120,48,51
64,120,51,66
64,120,66,68
64,120,68,71
64,120,71,73
64,120,73,82
64,120,82,90
64,120,90,95
64,120,95,99
64,120,99,111
64,120,111,115
64,120,115,119
64,120,119,123
64,120,123,131
64,120,131,144
65,121,1,18
65,121,18,19
65,121,19,26
65,121,26,38
65,121,38,47
65,121,47,49
65,121,49,66
65,121,66,68
65,121,68,72
65,121,72,77
65,121,77,80
65,121,80,87
65,121,87,96
65,121,96,107
65,121,107,114
65,121,114,116
65,121,116,120
65,121,120,124
65,121,124,127
65,121,127,140
66,122,2,16
66,122,16,23
66,122,23,33
66,122,33,46
66,122,46,48
66,122,48,50
66,122,50,67
66,122,67,69
66,122,69,71
66,122,71,78
66,122,78,81
66,122,81,94
66,122,94,97
66,122,97,107
66,122,107,113
66,122,113,118
66,122,118,120
66,122,120,126
66,122,126,131
66,122,131,140
67,123,1,16
67,123,16,22
67,123,22,34
67,123,34,36
67,123,36,54
67,123,54,62
67,123,62,68
67,123,68,70
67,123,70,72
67,123,72,76
67,123,76,81
67,123,81,91
67,123,91,104
67,123,104,108
67,123,108,116
67,123,116,117
67,123,117,120
67,123,120,127
67,123,127,131
67,123,131,139
68,124,5,17
68,124,17,23
68,124,23,29
68,124,29,43
68,124,43,51
68,124,51,61
68,124,61,69
68,124,69,72
68,124,72,73
68,124,73,79
68,124,79,85
68,124,85,95
68,124,95,98
68,124,98,112
68,124,112,117
68,124,117,118
68,124,118,121
68,124,121,127
68,124,127,128
68,124,128,144
69,125,11,18
69,125,18,27
69,125,27,30
69,125,30,48
69,125,48,58
69,125,58,65
69,125,65,67
69,125,67,72
69,125,72,75
69,125,75,79
69,125,79,83
69,125,83,96
69,125,96,98
69,125,98,113
69,125,113,116
69,125,116,119
69,125,119,123
69,125,123,128
69,125,128,134
69,125,134,135
70,126,2,18
70,126,18,25
70,126,25,36
70,126,36,48
70,126,48,49
70,126,49,63
70,126,63,71
70,126,71,73
70,126,73,75
70,126,75,80
70,126,80,87
70,126,87,95
70,126,95,100
70,126,100,110
70,126,110,118
70,126,118,120
70,126,120,124
70,126,124,128
70,126,128,134
70,126,134,138
71,127,1,18
71,127,18,26
71,127,26,36
71,127,36,42
71,127,42,49
71,127,49,64
71,127,64,68
71,127,68,74
71,127,74,77
71,127,77,80
71,127,80,85
71,127,85,95
71,127,95,104
71,127,104,114
71,127,114,116
71,127,116,121
71,127,121,124
71,127,124,125
71,127,125,135
71,127,135,144
72,128,3,19
72,128,19,28
72,128,28,37
72,128,37,45
72,128,45,48
72,128,48,52
72,128,52,71
72,128,71,75
72,128,75,77
72,128,77,81
72,128,81,84
72,128,84,89
72,128,89,102
72,128,102,110
72,128,110,120
72,128,120,123
72,128,123,125
72,128,125,130
72,128,130,134
72,128,134,144
73,129,2,20
73,129,20,28
73,129,28,35
73,129,35,45
73,129,45,48
73,129,48,58
73,129,58,69
73,129,69,75
73,129,75,78
73,129,78,82
73,129,82,86
73,129,86,95
73,129,95,108
73,129,108,110
73,129,110,120
73,129,120,123
73,129,123,126
73,129,126,130
73,129,130,134
73,129,134,144
74,130,3,24
74,130,24,31
74,130,31,32
74,130,32,41
74,130,41,47
74,130,47,52
74,130,52,70
74,130,70,75
74,130,75,79
74,130,79,81
74,130,81,84
74,130,84,89
74,130,89,96
74,130,96,108
74,130,108,118
74,130,118,124
74,130,124,126
74,130,126,129
74,130,129,136
74,130,136,141
75,131,5,18
75,131,18,30
75,131,30,38
75,131,38,45
75,131,45,48
75,131,48,61
75,131,61,71
75,131,71,78
75,131,78,79
75,131,79,80
75,131,80,89
75,131,89,90
75,131,90,96
75,131,96,102
75,131,102,120
75,131,120,126
75,131,126,127
75,131,127,129
75,131,129,135
75,131,135,143
76,132,4,25
76,132,25,30
76,132,30,36
76,132,36,39
76,132,39,46
76,132,46,58
76,132,58,74
76,132,74,75
76,132,75,80
76,132,80,84
76,132,84,87
76,132,87,95
76,132,95,96
76,132,96,99
76,132,99,121
76,132,121,126
76,132,126,128
76,132,128,130
76,132,130,137
76,132,137,141
77,133,1,22
77,133,22,29
77,133,29,35
77,133,35,44
77,133,44,47
77,133,47,49
77,133,49,69
77,133,69,78
77,133,78,80
77,133,80,82
77,133,82,89
77,133,89,95
77,133,95,96
77,133,96,97
77,133,97,121
77,133,121,127
77,133,127,128
77,133,128,131
77,133,131,134
77,133,134,141
78,134,7,24
78,134,24,29
78,134,29,36
78,134,36,41
78,134,41,48
78,134,48,50
78,134,50,70
78,134,70,79
78,134,79,82
78,134,82,85
78,134,85,87
78,134,87,92
78,134,92,96
78,134,96,105
78,134,105,120
78,134,120,124
78,134,124,129
78,134,129,133
78,134,133,138
78,134,138,139
79,135,2,19
79,135,19,31
79,135,31,35
79,135,35,41
79,135,41,48
79,135,48,53
79,135,53,74
79,135,74,78
79,135,78,82
79,135,82,84
79,135,84,90
79,135,90,94
79,135,94,96
79,135,96,97
79,135,97,120
79,135,120,128
79,135,128,129
79,135,129,132
79,135,132,139
79,135,139,141
80,136,1,20
80,136,20,32
80,136,32,34
80,136,34,44
80,136,44,46
80,136,46,53
80,136,53,69
80,136,69,76
80,136,76,82
80,136,82,85
80,136,85,90
80,136,90,92
80,136,92,96
80,136,96,97
80,136,97,119
80,136,119,125
80,136,125,130
80,136,130,134
80,136,134,138
80,136,138,143
81,137,5,19
81,137,19,29
81,137,29,38
81,137,38,43
81,137,43,46
81,137,46,54
81,137,54,71
81,137,71,78
81,137,78,82
81,137,82,86
81,137,86,90
81,137,90,93
81,137,93,96
81,137,96,99
81,137,99,122
81,137,122,128
81,137,128,132
81,137,132,134
81,137,134,138
81,137,138,140
82,138,6,23
82,138,23,29
82,138,29,35
82,138,35,43
82,138,43,47
82,138,47,58
82,138,58,72
82,138,72,80
82,138,80,83
82,138,83,86
82,138,86,89
82,138,89,92
82,138,92,96
82,138,96,101
82,138,101,119
82,138,119,125
82,138,125,130
82,138,130,134
82,138,134,135
82,138,135,142
83,139,10,22
83,139,22,31
83,139,31,37
83,139,37,41
83,139,41,48
83,139,48,51
83,139,51,69
83,139,69,78
83,139,78,85
83,139,85,86
83,139,86,88
83,139,88,95
83,139,95,96
83,139,96,97
83,139,97,124
83,139,124,128
83,139,128,130
83,139,130,135
83,139,135,140
83,139,140,142
84,140,1,22
84,140,22,33
84,140,33,38
84,140,38,43
84,140,43,48
84,140,48,50
84,140,50,75
84,140,75,76
84,140,76,82
84,140,82,87
84,140,87,91
84,140,91,95
84,140,95,96
84,140,96,107
84,140,107,122
84,140,122,130
84,140,130,131
84,140,131,135
84,140,135,137
84,140,137,144
85,141,2,25
85,141,25,31
85,141,31,38
85,141,38,40
85,141,40,46
85,141,46,54
85,141,54,74
85,141,74,79
85,141,79,82
85,141,82,89
85,141,89,91
85,141,91,94
85,141,94,96
85,141,96,100
85,141,100,123
85,141,123,127
85,141,127,131
85,141,131,136
85,141,136,138
85,141,138,143
86,142,1,21
86,142,21,34
86,142,34,37
86,142,37,41
86,142,41,48
86,142,48,57
86,142,57,69
86,142,69,80
86,142,80,81
86,142,81,89
86,142,89,91
86,142,91,93
86,142,93,96
86,142,96,119
86,142,119,122
86,142,122,130
86,142,130,131
86,142,131,137
86,142,137,139
86,142,139,141
87,143,2,20
87,143,20,31
87,143,31,35
87,143,35,42
87,143,42,46
87,143,46,54
87,143,54,69
87,143,69,76
87,143,76,85
87,143,85,88
87,143,88,91
87,143,91,95
87,143,95,96
87,143,96,109
87,143,109,120
87,143,120,130
87,143,130,132
87,143,132,138
87,143,138,140
87,143,140,142
88,144,7,21
88,144,21,31
88,144,31,39
88,144,39,43
88,144,43,48
88,144,48,49
88,144,49,68
88,144,68,79
88,144,79,85
88,144,85,87
88,144,87,91
88,144,91,94
88,144,94,96
88,144,96,102
88,144,102,123
88,144,123,126
88,144,126,133
88,144,133,138
88,144,138,140
88,144,140,142
97,17,4,11
97,17,11,23
97,17,23,32
97,17,32,43
97,17,43,50
97,17,50,55
97,17,55,56
97,17,56,57
97,17,57,58
97,17,58,59
97,17,59,60
97,17,60,63
97,17,63,68
97,17,68,71
97,17,71,90
97,17,90,96
97,17,96,106
97,17,106,116
97,17,116,124
97,17,124,130
98,18,2,10
98,18,10,21
98,18,21,33
98,18,33,34
98,18,34,51
98,18,51,56
98,18,56,57
98,18,57,58
98,18,58,59
98,18,59,60
98,18,60,61
98,18,61,63
98,18,63,65
98,18,65,77
98,18,77,89
98,18,89,96
98,18,96,101
98,18,101,112
98,18,112,125
98,18,125,137
99,19,2,12
99,19,12,16
99,19,16,30
99,19,30,34
99,19,34,55
99,19,55,57
99,19,57,58
99,19,58,59
99,19,59,60
99,19,60,61
99,19,61,62
99,19,62,63
99,19,63,68
99,19,68,76
99,19,76,85
99,19,85,93
99,19,93,101
99,19,101,113
99,19,113,126
99,19,126,142
100,20,4,12
100,20,12,17
100,20,17,30
100,20,30,42
100,20,42,52
100,20,52,57
100,20,57,58
100,20,58,59
100,20,59,60
100,20,60,61
100,20,61,62
100,20,62,63
100,20,63,67
100,20,67,72
100,20,72,87
100,20,87,95
100,20,95,108
100,20,108,116
100,20,116,127
100,20,127,138
101,21,3,13
101,21,13,17
101,21,17,34
101,21,34,46
101,21,46,53
101,21,53,58
101,21,58,59
101,21,59,60
101,21,60,61
101,21,61,62
101,21,62,63
101,21,63,64
101,21,64,70
101,21,70,74
101,21,74,83
101,21,83,95
101,21,95,100
101,21,100,114
101,21,114,123
101,21,123,141
102,22,5,10
102,22,10,23
102,22,23,30
102,22,30,41
102,22,41,53
102,22,53,58
102,22,58,60
102,22,60,61
102,22,61,62
102,22,62,63
102,22,63,64
102,22,64,65
102,22,65,66
102,22,66,77
102,22,77,87
102,22,87,93
102,22,93,97
102,22,97,114
102,22,114,127
102,22,127,138
103,23,1,12
103,23,12,19
103,23,19,29
103,23,29,48
103,23,48,49
103,23,49,59
103,23,59,61
103,23,61,62
103,23,62,63
103,23,63,64
103,23,64,65
103,23,65,66
103,23,66,67
103,23,67,79
103,23,79,88
103,23,88,93
103,23,93,98
103,23,98,118
103,23,118,122
103,23,122,129
104,24,2,11
104,24,11,22
104,24,22,32
104,24,32,47
104,24,47,50
104,24,50,60
104,24,60,62
104,24,62,63
104,24,63,64
104,24,64,65
104,24,65,66
104,24,66,67
104,24,67,69
104,24,69,76
104,24,76,91
104,24,91,95
104,24,95,99
104,24,99,114
104,24,114,123
104,24,123,136
105,25,9,16
105,25,16,21
105,25,21,35
105,25,35,37
105,25,37,51
105,25,51,60
105,25,60,63
105,25,63,64
105,25,64,65
105,25,65,66
105,25,66,67
105,25,67,68
105,25,68,72
105,25,72,76
105,25,76,84
105,25,84,96
105,25,96,97
105,25,97,115
105,25,115,126
105,25,126,131
106,26,2,12
106,26,12,25
106,26,25,35
106,26,35,41
106,26,41,59
106,26,59,60
106,26,60,64
106,26,64,65
106,26,65,66
106,26,66,67
106,26,67,68
106,26,68,69
106,26,69,71
106,26,71,75
106,26,75,85
106,26,85,96
106,26,96,98
106,26,98,119
106,26,119,125
106,26,125,141
107,27,10,14
107,27,14,24
107,27,24,35
107,27,35,46
107,27,46,49
107,27,49,60
107,27,60,65
107,27,65,66
107,27,66,67
107,27,67,68
107,27,68,69
107,27,69,70
107,27,70,71
107,27,71,73
107,27,73,87
107,27,87,96
107,27,96,110
107,27,110,120
107,27,120,128
107,27,128,144
108,28,6,14
108,28,14,26
108,28,26,35
108,28,35,48
108,28,48,54
108,28,54,62
108,28,62,66
108,28,66,67
108,28,67,68
108,28,68,69
108,28,69,70
108,28,70,71
108,28,71,72
108,28,72,79
108,28,79,86
108,28,86,94
108,28,94,98
108,28,98,119
108,28,119,129
108,28,129,141
109,29,5,17
109,29,17,23
109,29,23,33
109,29,33,46
109,29,46,58
109,29,58,62
109,29,62,67
109,29,67,68
109,29,68,69
109,29,69,70
109,29,70,71
109,29,71,72
109,29,72,74
109,29,74,79
109,29,79,88
109,29,88,94
109,29,94,97
109,29,97,115
109,29,115,125
109,29,125,141
110,30,2,14
110,30,14,22
110,30,22,29
110,30,29,46
110,30,46,54
110,30,54,65
110,30,65,68
110,30,68,69
110,30,69,70
110,30,70,71
110,30,71,72
110,30,72,73
110,30,73,74
110,30,74,80
110,30,80,86
110,30,86,95
110,30,95,101
110,30,101,116
110,30,116,124
110,30,124,136
111,31,1,15
111,31,15,25
111,31,25,34
111,31,34,48
111,31,48,49
111,31,49,66
111,31,66,69
111,31,69,70
111,31,70,71
111,31,71,72
111,31,72,73
111,31,73,74
111,31,74,75
111,31,75,76
111,31,76,86
111,31,86,95
111,31,95,100
111,31,100,118
111,31,118,125
111,31,125,137
112,32,6,18
112,32,18,27
112,32,27,31
112,32,31,41
112,32,41,56
112,32,56,66
112,32,66,70
112,32,70,71
112,32,71,72
112,32,72,73
112,32,73,74
112,32,74,75
112,32,75,76
112,32,76,80
112,32,80,86
112,32,86,95
112,32,95,100
112,32,100,118
112,32,118,127
112,32,127,136
113,33,3,19
113,33,19,28
113,33,28,32
113,33,32,48
113,33,48,51
113,33,51,67
113,33,67,70
113,33,70,71
113,33,71,72
113,33,72,73
113,33,73,74
113,33,74,75
113,33,75,76
113,33,76,79
113,33,79,89
113,33,89,95
113,33,95,98
113,33,98,121
113,33,121,130
113,33,130,134
114,34,10,18
114,34,18,27
114,34,27,30
114,34,30,41
114,34,41,63
114,34,63,67
114,34,67,71
114,34,71,72
114,34,72,73
114,34,73,74
114,34,74,75
114,34,75,76
114,34,76,77
114,34,77,81
114,34,81,90
114,34,90,96
114,34,96,107
114,34,107,121
114,34,121,130
114,34,130,143
115,35,6,23
115,35,23,29
115,35,29,39
115,35,39,41
115,35,41,59
115,35,59,65
115,35,65,72
115,35,72,73
115,35,73,74
115,35,74,75
115,35,75,76
115,35,76,77
115,35,77,78
115,35,78,80
115,35,80,86
115,35,86,95
115,35,95,104
115,35,104,124
115,35,124,129
115,35,129,136
116,36,2,18
116,36,18,28
116,36,28,38
116,36,38,46
116,36,46,51
116,36,51,67
116,36,67,72
116,36,72,74
116,36,74,75
116,36,75,76
116,36,76,77
116,36,77,78
116,36,78,79
116,36,79,82
116,36,82,91
116,36,91,96
116,36,96,98
116,36,98,122
116,36,122,129
116,36,129,141
117,37,2,21
117,37,21,26
117,37,26,39
117,37,39,45
117,37,45,57
117,37,57,72
117,37,72,73
117,37,73,75
117,37,75,76
117,37,76,77
117,37,77,78
117,37,78,79
117,37,79,80
117,37,80,84
117,37,84,91
117,37,91,96
117,37,96,101
117,37,101,122
117,37,122,131
117,37,131,142
118,38,12,19
118,38,19,26
118,38,26,34
118,38,34,45
118,38,45,53
118,38,53,68
118,38,68,75
118,38,75,76
118,38,76,77
118,38,77,78
118,38,78,79
118,38,79,80
118,38,80,81
118,38,81,84
118,38,84,87
118,38,87,96
118,38,96,97
118,38,97,127
118,38,127,129
118,38,129,140
119,39,2,17
119,39,17,32
119,39,32,35
119,39,35,42
119,39,42,55
119,39,55,70
119,39,70,74
119,39,74,77
119,39,77,78
119,39,78,79
119,39,79,80
119,39,80,81
119,39,81,82
119,39,82,86
119,39,86,87
119,39,87,95
119,39,95,100
119,39,100,123
119,39,123,130
119,39,130,139
120,40,3,22
120,40,22,30
120,40,30,39
120,40,39,48
120,40,48,55
120,40,55,73
120,40,73,74
120,40,74,78
120,40,78,79
120,40,79,80
120,40,80,81
120,40,81,82
120,40,82,83
120,40,83,86
120,40,86,93
120,40,93,95
120,40,95,100
120,40,100,123
120,40,123,132
120,40,132,139
121,41,11,22
121,41,22,31
121,41,31,37
121,41,37,42
121,41,42,50
121,41,50,74
121,41,74,75
121,41,75,79
121,41,79,80
121,41,80,81
121,41,81,82
121,41,82,83
121,41,83,84
121,41,84,86
121,41,86,95
121,41,95,96
121,41,96,97
121,41,97,122
121,41,122,133
121,41,133,143
122,42,1,26
122,42,26,28
122,42,28,38
122,42,38,43
122,42,43,49
122,42,49,73
122,42,73,75
122,42,75,80
122,42,80,81
122,42,81,82
122,42,82,83
122,42,83,84
122,42,84,85
122,42,85,88
122,42,88,92
122,42,92,96
122,42,96,105
122,42,105,123
122,42,123,134
122,42,134,143
123,43,1,26
123,43,26,31
123,43,31,39
123,43,39,44
123,43,44,52
123,43,52,68
123,43,68,79
123,43,79,81
123,43,81,82
123,43,82,83
123,43,83,84
123,43,84,85
123,43,85,86
123,43,86,88
123,43,88,93
123,43,93,96
123,43,96,102
123,43,102,122
123,43,122,131
123,43,131,137
124,44,8,20
124,44,20,31
124,44,31,39
124,44,39,45
124,44,45,56
124,44,56,71
124,44,71,77
124,44,77,82
124,44,82,83
124,44,83,84
124,44,84,85
124,44,85,86
124,44,86,87
124,44,87,88
124,44,88,90
124,44,90,96
124,44,96,99
124,44,99,129
124,44,129,136
124,44,136,138
125,45,3,19
125,45,19,28
125,45,28,37
125,45,37,44
125,45,44,51
125,45,51,75
125,45,75,76
125,45,76,83
125,45,83,84
125,45,84,85
125,45,85,86
125,45,86,87
125,45,87,88
125,45,88,89
125,45,89,95
125,45,95,96
125,45,96,100
125,45,100,126
125,45,126,131
125,45,131,144
126,46,17,26
126,46,26,32
126,46,32,41
126,46,41,42
126,46,42,54
126,46,54,74
126,46,74,80
126,46,80,83
126,46,83,84
126,46,84,85
126,46,85,86
126,46,86,87
126,46,87,88
126,46,88,89
126,46,89,93
126,46,93,96
126,46,96,100
126,46,100,124
126,46,124,133
126,46,133,140
127,47,1,23
127,47,23,30
127,47,30,41
127,47,41,48
127,47,48,62
127,47,62,70
127,47,70,82
127,47,82,83
127,47,83,85
127,47,85,86
127,47,86,87
127,47,87,88
127,47,88,89
127,47,89,90
127,47,90,93
127,47,93,96
127,47,96,97
127,47,97,125
127,47,125,133
127,47,133,144
128,48,10,22
128,48,22,28
128,48,28,40
128,48,40,51
128,48,51,58
128,48,58,70
128,48,70,81
128,48,81,83
128,48,83,86
128,48,86,87
128,48,87,88
128,48,88,89
128,48,89,90
128,48,90,91
128,48,91,95
128,48,95,103
128,48,103,118
128,48,118,125
128,48,125,135
128,48,135,143
1,113,2,9
1,113,9,21
1,113,21,30
1,113,30,45
1,113,45,49
1,113,49,55
1,113,55,56
1,113,56,57
1,113,57,58
1,113,58,59
1,113,59,60
1,113,60,62
1,113,62,64
1,113,64,73
1,113,73,93
1,113,93,95
1,113,95,97
1,113,97,118
1,113,118,127
1,113,127,144
2,114,5,14
2,114,14,23
2,114,23,33
2,114,33,43
2,114,43,49
2,114,49,56
2,114,56,57
2,114,57,58
2,114,58,59
2,114,59,60
2,114,60,61
2,114,61,62
2,114,62,69
2,114,69,72
2,114,72,81
2,114,81,95
2,114,95,107
2,114,107,113
2,114,113,127
2,114,127,141
3,115,8,15
3,115,15,17
3,115,17,29
3,115,29,48
3,115,48,51
3,115,51,57
3,115,57,58
3,115,58,59
3,115,59,60
3,115,60,61
3,115,61,62
3,115,62,63
3,115,63,65
3,115,65,77
3,115,77,84
3,115,84,94
3,115,94,100
3,115,100,118
3,115,118,125
3,115,125,141
4,116,3,10
4,116,10,21
4,116,21,30
4,116,30,47
4,116,47,56
4,116,56,57
4,116,57,58
4,116,58,59
4,116,59,60
4,116,60,61
4,116,61,62
4,116,62,63
4,116,63,68
4,116,68,78
4,116,78,83
4,116,83,94
4,116,94,102
4,116,102,118
4,116,118,123
4,116,123,138
5,117,2,14
5,117,14,24
5,117,24,33
5,117,33,41
5,117,41,54
5,117,54,58
5,117,58,59
5,117,59,60
5,117,60,61
5,117,61,62
5,117,62,63
5,117,63,64
5,117,64,68
5,117,68,77
5,117,77,83
5,117,83,94
5,117,94,101
5,117,101,116
5,117,116,124
5,117,124,135
6,118,1,13
6,118,13,18
6,118,18,29
6,118,29,47
6,118,47,52
6,118,52,58
6,118,58,60
6,118,60,61
6,118,61,62
6,118,62,63
6,118,63,64
6,118,64,65
6,118,65,66
6,118,66,73
6,118,73,91
6,118,91,95
6,118,95,107
6,118,107,119
6,118,119,120
6,118,120,134
7,119,2,12
7,119,12,18
7,119,18,26
7,119,26,38
7,119,38,52
7,119,52,59
7,119,59,61
7,119,61,62
7,119,62,63
7,119,63,64
7,119,64,65
7,119,65,66
7,119,66,71
7,119,71,73
7,119,73,90
7,119,90,95
7,119,95,97
7,119,97,118
7,119,118,124
7,119,124,137
8,120,4,11
8,120,11,23
8,120,23,28
8,120,28,42
8,120,42,55
8,120,55,59
8,120,59,62
8,120,62,63
8,120,63,64
8,120,64,65
8,120,65,66
8,120,66,67
8,120,67,69
8,120,69,79
8,120,79,88
8,120,88,95
8,120,95,102
8,120,102,115
8,120,115,126
8,120,126,144
9,121,5,18
9,121,18,25
9,121,25,33
9,121,33,38
9,121,38,53
9,121,53,60
9,121,60,63
9,121,63,64
9,121,64,65
9,121,65,66
9,121,66,67
9,121,67,68
9,121,68,71
9,121,71,73
9,121,73,87
9,121,87,93
9,121,93,104
9,121,104,115
9,121,115,120
9,121,120,136
10,122,3,14
10,122,14,21
10,122,21,35
10,122,35,48
10,122,48,58
10,122,58,60
10,122,60,64
10,122,64,65
10,122,65,66
10,122,66,67
10,122,67,68
10,122,68,69
10,122,69,72
10,122,72,78
10,122,78,89
10,122,89,95
10,122,95,102
10,122,102,117
10,122,117,124
10,122,124,140
11,123,2,19
11,123,19,24
11,123,24,34
11,123,34,42
11,123,42,50
11,123,50,60
11,123,60,65
11,123,65,66
11,123,66,67
11,123,67,68
11,123,68,69
11,123,69,70
11,123,70,71
11,123,71,75
11,123,75,85
11,123,85,95
11,123,95,100
11,123,100,116
11,123,116,127
11,123,127,135
12,124,9,15
12,124,15,25
12,124,25,28
12,124,28,45
12,124,45,56
12,124,56,64
12,124,64,66
12,124,66,67
12,124,67,68
12,124,68,69
12,124,69,70
12,124,70,71
12,124,71,72
12,124,72,79
12,124,79,83
12,124,83,93
12,124,93,107
12,124,107,115
12,124,115,125
12,124,125,143
13,125,2,19
13,125,19,22
13,125,22,34
13,125,34,41
13,125,41,49
13,125,49,61
13,125,61,67
13,125,67,68
13,125,68,69
13,125,69,70
13,125,70,71
13,125,71,72
13,125,72,73
13,125,73,80
13,125,80,90
13,125,90,94
13,125,94,101
13,125,101,118
13,125,118,129
13,125,129,144
14,126,1,21
14,126,21,27
14,126,27,31
14,126,31,44
14,126,44,49
14,126,49,62
14,126,62,68
14,126,68,69
14,126,69,70
14,126,70,71
14,126,71,72
14,126,72,73
14,126,73,74
14,126,74,80
14,126,80,88
14,126,88,95
14,126,95,98
14,126,98,121
14,126,121,128
14,126,128,132
15,127,8,14
15,127,14,24
15,127,24,36
15,127,36,48
15,127,48,51
15,127,51,65
15,127,65,69
15,127,69,70
15,127,70,71
15,127,71,72
15,127,72,73
15,127,73,74
15,127,74,75
15,127,75,81
15,127,81,83
15,127,83,96
15,127,96,100
15,127,100,116
15,127,116,128
15,127,128,133
16,128,1,20
16,128,20,26
16,128,26,31
16,128,31,42
16,128,42,62
16,128,62,68
16,128,68,70
16,128,70,71
16,128,71,72
16,128,72,73
16,128,73,74
16,128,74,75
16,128,75,76
16,128,76,79
16,128,79,89
16,128,89,93
16,128,93,114
16,128,114,120
16,128,120,125
16,128,125,143
17,129,13,18
17,129,18,25
17,129,25,37
17,129,37,45
17,129,45,57
17,129,57,66
17,129,66,70
17,129,70,71
17,129,71,72
17,129,72,73
17,129,73,74
17,129,74,75
17,129,75,76
17,129,76,79
17,129,79,91
17,129,91,95
17,129,95,103
17,129,103,121
17,129,121,128
17,129,128,144
18,130,1,17
18,130,17,30
18,130,30,36
18,130,36,42
18,130,42,54
18,130,54,68
18,130,68,71
18,130,71,72
18,130,72,73
18,130,73,74
18,130,74,75
18,130,75,76
18,130,76,77
18,130,77,82
18,130,82,90
18,130,90,96
18,130,96,97
18,130,97,119
18,130,119,128
18,130,128,134
19,131,6,21
19,131,21,28
19,131,28,32
19,131,32,43
19,131,43,52
19,131,52,66
19,131,66,72
19,131,72,73
19,131,73,74
19,131,74,75
19,131,75,76
19,131,76,77
19,131,77,78
19,131,78,82
19,131,82,93
19,131,93,96
19,131,96,101
19,131,101,118
19,131,118,126
19,131,126,143
20,132,5,17
20,132,17,27
20,132,27,38
20,132,38,44
20,132,44,55
20,132,55,69
20,132,69,72
20,132,72,74
20,132,74,75
20,132,75,76
20,132,76,77
20,132,77,78
20,132,78,79
20,132,79,85
20,132,85,91
20,132,91,95
20,132,95,107
20,132,107,123
20,132,123,133
20,132,133,143
21,133,2,17
21,133,17,27
21,133,27,34
21,133,34,41
21,133,41,62
21,133,62,70
21,133,70,73
21,133,73,75
21,133,75,76
21,133,76,77
21,133,77,78
21,133,78,79
21,133,79,80
21,133,80,82
21,133,82,92
21,133,92,95
21,133,95,103
21,133,103,119
21,133,119,127
21,133,127,141
22,134,1,17
22,134,17,32
22,134,32,37
22,134,37,47
22,134,47,60
22,134,60,67
22,134,67,74
22,134,74,76
22,134,76,77
22,134,77,78
22,134,78,79
22,134,79,80
22,134,80,81
22,134,81,83
22,134,83,90
22,134,90,96
22,134,96,110
22,134,110,125
22,134,125,131
22,134,131,141
23,135,5,19
23,135,19,32
23,135,32,38
23,135,38,42
23,135,42,49
23,135,49,69
23,135,69,74
23,135,74,77
23,135,77,78
23,135,78,79
23,135,79,80
23,135,80,81
23,135,81,82
23,135,82,86
23,135,86,94
23,135,94,96
23,135,96,110
23,135,110,125
23,135,125,134
23,135,134,140
24,136,4,20
24,136,20,28
24,136,28,35
24,136,35,43
24,136,43,50
24,136,50,67
24,136,67,74
24,136,74,78
24,136,78,79
24,136,79,80
24,136,80,81
24,136,81,82
24,136,82,83
24,136,83,84
24,136,84,89
24,136,89,95
24,136,95,105
24,136,105,123
24,136,123,131
24,136,131,138
25,137,8,19
25,137,19,29
25,137,29,39
25,137,39,46
25,137,46,56
25,137,56,68
25,137,68,75
25,137,75,79
25,137,79,80
25,137,80,81
25,137,81,82
25,137,82,83
25,137,83,84
25,137,84,87
25,137,87,90
25,137,90,96
25,137,96,100
25,137,100,124
25,137,124,135
25,137,135,136
26,138,8,18
26,138,18,34
26,138,34,41
26,138,41,43
26,138,43,49
26,138,49,69
26,138,69,78
26,138,78,80
26,138,80,81
26,138,81,82
26,138,82,83
26,138,83,84
26,138,84,85
26,138,85,87
26,138,87,93
26,138,93,96
26,138,96,101
26,138,101,124
26,138,124,133
26,138,133,141
27,139,12,19
27,139,19,32
27,139,32,37
27,139,37,47
27,139,47,59
27,139,59,71
27,139,71,78
27,139,78,81
27,139,81,82
27,139,82,83
27,139,83,84
27,139,84,85
27,139,85,86
27,139,86,87
27,139,87,92
27,139,92,96
27,139,96,97
27,139,97,124
27,139,124,132
27,139,132,136
28,140,17,19
28,140,19,35
28,140,35,39
28,140,39,45
28,140,45,59
28,140,59,73
28,140,73,77
28,140,77,82
28,140,82,83
28,140,83,84
28,140,84,85
28,140,85,86
28,140,86,87
28,140,87,88
28,140,88,92
28,140,92,96
28,140,96,103
28,140,103,124
28,140,124,136
28,140,136,142
29,141,1,19
29,141,19,32
29,141,32,39
29,141,39,48
29,141,48,54
29,141,54,69
29,141,69,80
29,141,80,83
29,141,83,84
29,141,84,85
29,141,85,86
29,141,86,87
29,141,87,88
29,141,88,89
29,141,89,90
29,141,90,96
29,141,96,102
29,141,102,124
29,141,124,135
29,141,135,137
30,142,8,25
30,142,25,32
30,142,32,42
30,142,42,48
30,142,48,58
30,142,58,72
30,142,72,79
30,142,79,83
30,142,83,84
30,142,84,85
30,142,85,86
30,142,86,87
30,142,87,88
30,142,88,89
30,142,89,91
30,142,91,96
30,142,96,112
30,142,112,127
30,142,127,133
30,142,133,137
31,143,7,23
31,143,23,32
31,143,32,37
31,143,37,45
31,143,45,62
31,143,62,71
31,143,71,76
31,143,76,83
31,143,83,85
31,143,85,86
31,143,86,87
31,143,87,88
31,143,88,89
31,143,89,90
31,143,90,94
31,143,94,96
31,143,96,99
31,143,99,123
31,143,123,131
31,143,131,141
32,144,8,24
32,144,24,34
32,144,34,42
32,144,42,46
32,144,46,61
32,144,61,73
32,144,73,78
32,144,78,84
32,144,84,86
32,144,86,87
32,144,87,88
32,144,88,89
32,144,89,90
32,144,90,91
32,144,91,93
32,144,93,98
32,144,98,118
32,144,118,126
32,144,126,133
32,144,133,143
97,48,10,13
97,48,13,20
97,48,20,26
97,48,26,31
97,48,31,44
97,48,44,55
97,48,55,59
97,48,59,64
97,48,64,70
97,48,70,73
97,48,73,75
97,48,75,77
97,48,77,85
97,48,85,94
97,48,94,98
97,48,98,115
97,48,115,119
97,48,119,123
97,48,123,131
97,48,131,143
1,144,11,13
1,144,13,19
1,144,19,28
1,144,28,37
1,144,37,43
1,144,43,48
1,144,48,50
1,144,50,66
1,144,66,71
1,144,71,73
1,144,73,76
1,144,76,81
1,144,81,89
1,144,89,90
1,144,90,99
1,144,99,111
1,144,111,121
1,144,121,126
1,144,126,132
1,144,132,142
