# X Y Z
1 0 0 0
2 1 0 0
3 2 0 0
4 3 0 0
5 4 0 0
6 5 0 0
7 6 0 0
8 7 0 0
9 8 0 0
10 9 0 0
11 10 0 0
12 11 0 0
13 12 0 0
14 13 0 0
15 14 0 0
16 15 0 0
17 16 0 0
18 17 0 0
19 18 0 0
20 19 0 0
21 20 0 0
22 21 0 0
23 22 0 0
24 23 0 0
25 24 0 0
26 25 0 0
27 26 0 0
28 27 0 0
29 28 0 0
30 29 0 0
31 30 0 0
32 31 0 0
33 32 0 0
34 33 0 0
35 34 0 0
36 35 0 0
37 36 0 0
38 37 0 0
39 38 0 0
40 39 0 0
41 40 0 0
42 41 0 0
43 42 0 0
44 43 0 0
45 44 0 0
46 45 0 0
47 46 0 0
48 47 0 0
49 48 0 0
50 49 0 0
51 50 0 0
52 51 0 0
53 52 0 0
54 53 0 0
55 54 0 0
56 55 0 0
57 56 0 0
58 57 0 0
59 58 0 0
60 59 0 0
61 60 0 0
62 61 0 0
63 62 0 0
64 63 0 0
65 64 0 0
66 65 0 0
67 66 0 0
68 67 0 0
69 68 0 0
70 69 0 0
71 70 0 0
72 71 0 0
# A B M N
1 1 2 3 4
2 1 2 4 5
3 1 2 5 6
4 1 2 6 7
5 1 2 7 8
6 1 2 8 9
7 1 2 9 10
8 1 2 10 11
9 1 2 11 12
10 1 2 12 13
11 12 13 14 15
12 12 13 15 16
13 12 13 16 17
14 12 13 17 18
15 12 13 18 19
16 12 13 19 20
17 12 13 20 21
18 12 13 21 22
19 12 13 22 23
20 12 13 23 24
21 12 13 11 10
22 12 13 10 9
23 12 13 9 8
24 12 13 8 7
25 12 13 7 6
26 12 13 6 5
27 12 13 5 4
28 12 13 4 3
29 12 13 3 2
30 12 13 2 1
31 1 3 5 7
32 1 3 7 9
33 1 3 9 11
34 1 3 11 13
35 1 3 13 15
36 1 3 15 17
37 1 3 17 19
38 1 3 19 21
39 1 3 21 23
40 1 3 23 25
41 23 25 27 29
42 23 25 29 31
43 23 25 31 33
44 23 25 33 35
45 23 25 35 37
46 23 25 37 39
47 23 25 39 41
48 23 25 41 43
49 23 25 43 45
50 23 25 45 47
51 23 25 21 19
52 23 25 19 17
53 23 25 17 15
54 23 25 15 13
55 23 25 13 11
56 23 25 11 9
57 23 25 9 7
58 23 25 7 5
59 23 25 5 3
60 23 25 3 1
61 1 4 2 3
62 1 4 3 7
63 1 4 7 10
64 1 4 10 13
65 1 4 13 16
66 1 4 16 19
67 1 4 19 22
68 1 4 22 25
69 1 4 25 28
70 1 4 28 31
71 28 31 29 30
72 28 31 30 34
73 28 31 34 37
74 28 31 37 40
75 28 31 40 43
76 28 31 43 46
77 28 31 46 49
78 28 31 49 52
79 28 31 52 55
80 28 31 55 58
81 28 31 30 29
82 28 31 29 25
83 28 31 25 22
84 28 31 22 19
85 28 31 19 16
86 28 31 16 13
87 28 31 13 10
88 28 31 10 7
89 28 31 7 4
90 28 31 4 1
91 1 5 2 4
92 1 5 4 9
93 1 5 9 13
94 1 5 13 17
95 1 5 17 21
96 1 5 21 25
97 1 5 25 29
98 1 5 29 33
99 1 5 33 37
100 1 5 37 41
101 37 41 40 38
102 37 41 38 33
103 37 41 33 29
104 37 41 29 25
105 37 41 25 21
106 37 41 21 17
107 37 41 17 13
108 37 41 13 9
109 37 41 9 5
110 37 41 5 1
111 1 6 2 5
112 1 6 5 11
113 1 6 11 16
114 1 6 16 21
115 1 6 21 26
116 1 6 26 31
117 1 6 31 36
118 1 6 36 41
119 1 6 41 46
120 1 6 46 51
121 46 51 50 47
122 46 51 47 41
123 46 51 41 36
124 46 51 36 31
125 46 51 31 26
126 46 51 26 21
127 46 51 21 16
128 46 51 16 11
129 46 51 11 6
130 46 51 6 1
131 1 7 2 6
132 1 7 6 13
133 1 7 13 19
134 1 7 19 25
135 1 7 25 31
136 1 7 31 37
137 1 7 37 43
138 1 7 43 49
139 1 7 49 55
140 1 7 55 61
141 55 61 60 56
142 55 61 56 49
143 55 61 49 43
144 55 61 43 37
145 55 61 37 31
146 55 61 31 25
147 55 61 25 19
148 55 61 19 13
149 55 61 13 7
150 55 61 7 1
151 1 8 2 7
152 1 8 7 15
153 1 8 15 22
154 1 8 22 29
155 1 8 29 36
156 1 8 36 43
157 1 8 43 50
158 1 8 50 57
159 1 8 57 64
160 1 8 64 71
161 64 71 70 65
162 64 71 65 57
163 64 71 57 50
164 64 71 50 43
165 64 71 43 36
166 64 71 36 29
167 64 71 29 22
168 64 71 22 15
169 64 71 15 8
170 64 71 8 1
171 1 37 3 35
172 1 37 35 5
173 1 37 5 33
174 1 37 33 7
175 1 37 7 31
176 1 37 31 9
177 1 37 9 29
178 1 37 29 11
179 1 37 11 27
180 1 37 27 13
181 1 39 3 37
182 1 39 37 5
183 1 39 5 35
184 1 39 35 7
185 1 39 7 33
186 1 39 33 9
187 1 39 9 31
188 1 39 31 11
189 1 39 11 29
190 1 39 29 13
191 1 41 4 38
192 1 41 38 7
193 1 41 7 35
194 1 41 35 10
195 1 41 10 32
196 1 41 32 13
197 1 41 13 29
198 1 41 29 16
199 1 41 16 26
200 1 41 26 19
201 1 43 4 40
202 1 43 40 7
203 1 43 7 37
204 1 43 37 10
205 1 43 10 34
206 1 43 34 13
207 1 43 13 31
208 1 43 31 16
209 1 43 16 28
210 1 43 28 19
211 1 45 4 42
212 1 45 42 7
213 1 45 7 39
214 1 45 39 10
215 1 45 10 36
216 1 45 36 13
217 1 45 13 33
218 1 45 33 16
219 1 45 16 30
220 1 45 30 19
221 1 47 4 44
222 1 47 44 7
223 1 47 7 41
224 1 47 41 10
225 1 47 10 38
226 1 47 38 13
227 1 47 13 35
228 1 47 35 16
229 1 47 16 32
230 1 47 32 19
231 1 49 4 46
232 1 49 46 7
233 1 49 7 43
234 1 49 43 10
235 1 49 10 40
236 1 49 40 13
237 1 49 13 37
238 1 49 37 16
239 1 49 16 34
240 1 49 34 19
241 1 51 4 48
242 1 51 48 7
243 1 51 7 45
244 1 51 45 10
245 1 51 10 42
246 1 51 42 13
247 1 51 13 39
248 1 51 39 16
249 1 51 16 36
250 1 51 36 19
251 1 53 4 50
252 1 53 50 7
253 1 53 7 47
254 1 53 47 10
255 1 53 10 44
256 1 53 44 13
257 1 53 13 41
258 1 53 41 16
259 1 53 16 38
260 1 53 38 19
261 1 55 4 52
262 1 55 52 7
263 1 55 7 49
264 1 55 49 10
265 1 55 10 46
266 1 55 46 13
267 1 55 13 43
268 1 55 43 16
269 1 55 16 40
270 1 55 40 19
271 1 57 5 53
272 1 57 53 9
273 1 57 9 49
274 1 57 49 13
275 1 57 13 45
276 1 57 45 17
277 1 57 17 41
278 1 57 41 21
279 1 57 21 37
280 1 57 37 25
281 1 59 5 55
282 1 59 55 9
283 1 59 9 51
284 1 59 51 13
285 1 59 13 47
286 1 59 47 17
287 1 59 17 43
288 1 59 43 21
289 1 59 21 39
290 1 59 39 25
291 1 61 5 57
292 1 61 57 9
293 1 61 9 53
294 1 61 53 13
295 1 61 13 49
296 1 61 49 17
297 1 61 17 45
298 1 61 45 21
299 1 61 21 41
300 1 61 41 25
301 1 63 5 59
302 1 63 59 9
303 1 63 9 55
304 1 63 55 13
305 1 63 13 51
306 1 63 51 17
307 1 63 17 47
308 1 63 47 21
309 1 63 21 43
310 1 63 43 25
311 1 65 5 61
312 1 65 61 9
313 1 65 9 57
314 1 65 57 13
315 1 65 13 53
316 1 65 53 17
317 1 65 17 49
318 1 65 49 21
319 1 65 21 45
320 1 65 45 25
321 1 67 5 63
322 1 67 63 9
323 1 67 9 59
324 1 67 59 13
325 1 67 13 55
326 1 67 55 17
327 1 67 17 51
328 1 67 51 21
329 1 67 21 47
330 1 67 47 25
331 1 69 5 65
332 1 69 65 9
333 1 69 9 61
334 1 69 61 13
335 1 69 13 57
336 1 69 57 17
337 1 69 17 53
338 1 69 53 21
339 1 69 21 49
340 1 69 49 25
341 1 71 5 67
342 1 71 67 9
343 1 71 9 63
344 1 71 63 13
345 1 71 13 59
346 1 71 59 17
347 1 71 17 55
348 1 71 55 21
349 1 71 21 51
350 1 71 51 25
351 2 3 4 5
352 2 3 5 6
353 2 3 6 7
354 2 3 7 8
355 2 3 8 9
356 2 3 9 10
357 2 3 10 11
358 2 3 11 12
359 2 3 12 13
360 2 3 13 14
361 13 14 15 16
362 13 14 16 17
363 13 14 17 18
364 13 14 18 19
365 13 14 19 20
366 13 14 20 21
367 13 14 21 22
368 13 14 22 23
369 13 14 23 24
370 13 14 24 25
371 13 14 12 11
372 13 14 11 10
373 13 14 10 9
374 13 14 9 8
375 13 14 8 7
376 13 14 7 6
377 13 14 6 5
378 13 14 5 4
379 13 14 4 3
380 13 14 3 2
381 2 4 6 8
382 2 4 8 10
383 2 4 10 12
384 2 4 12 14
385 2 4 14 16
386 2 4 16 18
387 2 4 18 20
388 2 4 20 22
389 2 4 22 24
390 2 4 24 26
391 24 26 28 30
392 24 26 30 32
393 24 26 32 34
394 24 26 34 36
395 24 26 36 38
396 24 26 38 40
397 24 26 40 42
398 24 26 42 44
399 24 26 44 46
400 24 26 46 48
401 24 26 22 20
402 24 26 20 18
403 24 26 18 16
404 24 26 16 14
405 24 26 14 12
406 24 26 12 10
407 24 26 10 8
408 24 26 8 6
409 24 26 6 4
410 24 26 4 2
411 2 5 3 4
412 2 5 4 8
413 2 5 8 11
414 2 5 11 14
415 2 5 14 17
416 2 5 17 20
417 2 5 20 23
418 2 5 23 26
419 2 5 26 29
420 2 5 29 32
421 29 32 30 31
422 29 32 31 35
423 29 32 35 38
424 29 32 38 41
425 29 32 41 44
426 29 32 44 47
427 29 32 47 50
428 29 32 50 53
429 29 32 53 56
430 29 32 56 59
431 29 32 31 30
432 29 32 30 26
433 29 32 26 23
434 29 32 23 20
435 29 32 20 17
436 29 32 17 14
437 29 32 14 11
438 29 32 11 8
439 29 32 8 5
440 29 32 5 2
441 2 6 3 5
442 2 6 5 10
443 2 6 10 14
444 2 6 14 18
445 2 6 18 22
446 2 6 22 26
447 2 6 26 30
448 2 6 30 34
449 2 6 34 38
450 2 6 38 42
451 38 42 41 39
452 38 42 39 34
453 38 42 34 30
454 38 42 30 26
455 38 42 26 22
456 38 42 22 18
457 38 42 18 14
458 38 42 14 10
459 38 42 10 6
460 38 42 6 2
461 2 7 3 6
462 2 7 6 12
463 2 7 12 17
464 2 7 17 22
465 2 7 22 27
466 2 7 27 32
467 2 7 32 37
468 2 7 37 42
469 2 7 42 47
470 2 7 47 52
471 47 52 51 48
472 47 52 48 42
473 47 52 42 37
474 47 52 37 32
475 47 52 32 27
476 47 52 27 22
477 47 52 22 17
478 47 52 17 12
479 47 52 12 7
480 47 52 7 2
481 2 8 3 7
482 2 8 7 14
483 2 8 14 20
484 2 8 20 26
485 2 8 26 32
486 2 8 32 38
487 2 8 38 44
488 2 8 44 50
489 2 8 50 56
490 2 8 56 62
491 56 62 61 57
492 56 62 57 50
493 56 62 50 44
494 56 62 44 38
495 56 62 38 32
496 56 62 32 26
497 56 62 26 20
498 56 62 20 14
499 56 62 14 8
500 56 62 8 2
501 2 9 3 8
502 2 9 8 16
503 2 9 16 23
504 2 9 23 30
505 2 9 30 37
506 2 9 37 44
507 2 9 44 51
508 2 9 51 58
509 2 9 58 65
510 2 9 65 72
511 65 72 71 66
512 65 72 66 58
513 65 72 58 51
514 65 72 51 44
515 65 72 44 37
516 65 72 37 30
517 65 72 30 23
518 65 72 23 16
519 65 72 16 9
520 65 72 9 2
521 2 38 4 36
522 2 38 36 6
523 2 38 6 34
524 2 38 34 8
525 2 38 8 32
526 2 38 32 10
527 2 38 10 30
528 2 38 30 12
529 2 38 12 28
530 2 38 28 14
531 2 40 4 38
532 2 40 38 6
533 2 40 6 36
534 2 40 36 8
535 2 40 8 34
536 2 40 34 10
537 2 40 10 32
538 2 40 32 12
539 2 40 12 30
540 2 40 30 14
541 2 42 5 39
542 2 42 39 8
543 2 42 8 36
544 2 42 36 11
545 2 42 11 33
546 2 42 33 14
547 2 42 14 30
548 2 42 30 17
549 2 42 17 27
550 2 42 27 20
551 2 44 5 41
552 2 44 41 8
553 2 44 8 38
554 2 44 38 11
555 2 44 11 35
556 2 44 35 14
557 2 44 14 32
558 2 44 32 17
559 2 44 17 29
560 2 44 29 20
561 2 46 5 43
562 2 46 43 8
563 2 46 8 40
564 2 46 40 11
565 2 46 11 37
566 2 46 37 14
567 2 46 14 34
568 2 46 34 17
569 2 46 17 31
570 2 46 31 20
571 2 48 5 45
572 2 48 45 8
573 2 48 8 42
574 2 48 42 11
575 2 48 11 39
576 2 48 39 14
577 2 48 14 36
578 2 48 36 17
579 2 48 17 33
580 2 48 33 20
581 2 50 5 47
582 2 50 47 8
583 2 50 8 44
584 2 50 44 11
585 2 50 11 41
586 2 50 41 14
587 2 50 14 38
588 2 50 38 17
589 2 50 17 35
590 2 50 35 20
591 2 52 5 49
592 2 52 49 8
593 2 52 8 46
594 2 52 46 11
595 2 52 11 43
596 2 52 43 14
597 2 52 14 40
598 2 52 40 17
599 2 52 17 37
600 2 52 37 20
601 2 54 5 51
602 2 54 51 8
603 2 54 8 48
604 2 54 48 11
605 2 54 11 45
606 2 54 45 14
607 2 54 14 42
608 2 54 42 17
609 2 54 17 39
610 2 54 39 20
611 2 56 5 53
612 2 56 53 8
613 2 56 8 50
614 2 56 50 11
615 2 56 11 47
616 2 56 47 14
617 2 56 14 44
618 2 56 44 17
619 2 56 17 41
620 2 56 41 20
621 2 58 6 54
622 2 58 54 10
623 2 58 10 50
624 2 58 50 14
625 2 58 14 46
626 2 58 46 18
627 2 58 18 42
628 2 58 42 22
629 2 58 22 38
630 2 58 38 26
631 2 60 6 56
632 2 60 56 10
633 2 60 10 52
634 2 60 52 14
635 2 60 14 48
636 2 60 48 18
637 2 60 18 44
638 2 60 44 22
639 2 60 22 40
640 2 60 40 26
641 2 62 6 58
642 2 62 58 10
643 2 62 10 54
644 2 62 54 14
645 2 62 14 50
646 2 62 50 18
647 2 62 18 46
648 2 62 46 22
649 2 62 22 42
650 2 62 42 26
651 2 64 6 60
652 2 64 60 10
653 2 64 10 56
654 2 64 56 14
655 2 64 14 52
656 2 64 52 18
657 2 64 18 48
658 2 64 48 22
659 2 64 22 44
660 2 64 44 26
661 2 66 6 62
662 2 66 62 10
663 2 66 10 58
664 2 66 58 14
665 2 66 14 54
666 2 66 54 18
667 2 66 18 50
668 2 66 50 22
669 2 66 22 46
670 2 66 46 26
671 2 68 6 64
672 2 68 64 10
673 2 68 10 60
674 2 68 60 14
675 2 68 14 56
676 2 68 56 18
677 2 68 18 52
678 2 68 52 22
679 2 68 22 48
680 2 68 48 26
681 2 70 6 66
682 2 70 66 10
683 2 70 10 62
684 2 70 62 14
685 2 70 14 58
686 2 70 58 18
687 2 70 18 54
688 2 70 54 22
689 2 70 22 50
690 2 70 50 26
691 2 72 6 68
692 2 72 68 10
693 2 72 10 64
694 2 72 64 14
695 2 72 14 60
696 2 72 60 18
697 2 72 18 56
698 2 72 56 22
699 2 72 22 52
700 3 4 5 6
701 3 4 6 7
702 3 4 7 8
703 3 4 8 9
704 3 4 9 10
705 3 4 10 11
706 3 4 11 12
707 3 4 12 13
708 3 4 13 14
709 3 4 14 15
710 14 15 16 17
711 14 15 17 18
712 14 15 18 19
713 14 15 19 20
714 14 15 20 21
715 14 15 21 22
716 14 15 22 23
717 14 15 23 24
718 14 15 24 25
719 14 15 25 26
720 14 15 13 12
721 14 15 12 11
722 14 15 11 10
723 14 15 10 9
724 14 15 9 8
725 14 15 8 7
726 14 15 7 6
727 14 15 6 5
728 14 15 5 4
729 14 15 4 3
730 3 5 7 9
731 3 5 9 11
732 3 5 11 13
733 3 5 13 15
734 3 5 15 17
735 3 5 17 19
736 3 5 19 21
737 3 5 21 23
738 3 5 23 25
739 3 5 25 27
740 25 27 29 31
741 25 27 31 33
742 25 27 33 35
743 25 27 35 37
744 25 27 37 39
745 25 27 39 41
746 25 27 41 43
747 25 27 43 45
748 25 27 45 47
749 25 27 47 49
750 25 27 23 21
751 25 27 21 19
752 25 27 19 17
753 25 27 17 15
754 25 27 15 13
755 25 27 13 11
756 25 27 11 9
757 25 27 9 7
758 25 27 7 5
759 25 27 5 3
760 3 6 4 5
761 3 6 5 9
762 3 6 9 12
763 3 6 12 15
764 3 6 15 18
765 3 6 18 21
766 3 6 21 24
767 3 6 24 27
768 3 6 27 30
769 3 6 30 33
770 30 33 31 32
771 30 33 32 36
772 30 33 36 39
773 30 33 39 42
774 30 33 42 45
775 30 33 45 48
776 30 33 48 51
777 30 33 51 54
778 30 33 54 57
779 30 33 57 60
780 30 33 32 31
781 30 33 31 27
782 30 33 27 24
783 30 33 24 21
784 30 33 21 18
785 30 33 18 15
786 30 33 15 12
787 30 33 12 9
788 30 33 9 6
789 30 33 6 3
790 3 7 4 6
791 3 7 6 11
792 3 7 11 15
793 3 7 15 19
794 3 7 19 23
795 3 7 23 27
796 3 7 27 31
797 3 7 31 35
798 3 7 35 39
799 3 7 39 43
800 39 43 42 40
801 39 43 40 35
802 39 43 35 31
803 39 43 31 27
804 39 43 27 23
805 39 43 23 19
806 39 43 19 15
807 39 43 15 11
808 39 43 11 7
809 39 43 7 3
810 3 8 4 7
811 3 8 7 13
812 3 8 13 18
813 3 8 18 23
814 3 8 23 28
815 3 8 28 33
816 3 8 33 38
817 3 8 38 43
818 3 8 43 48
819 3 8 48 53
820 48 53 52 49
821 48 53 49 43
822 48 53 43 38
823 48 53 38 33
824 48 53 33 28
825 48 53 28 23
826 48 53 23 18
827 48 53 18 13
828 48 53 13 8
829 48 53 8 3
830 3 9 4 8
831 3 9 8 15
832 3 9 15 21
833 3 9 21 27
834 3 9 27 33
835 3 9 33 39
836 3 9 39 45
837 3 9 45 51
838 3 9 51 57
839 3 9 57 63
840 57 63 62 58
841 57 63 58 51
842 57 63 51 45
843 57 63 45 39
844 57 63 39 33
845 57 63 33 27
846 57 63 27 21
847 57 63 21 15
848 57 63 15 9
849 57 63 9 3
850 3 39 5 37
851 3 39 37 7
852 3 39 7 35
853 3 39 35 9
854 3 39 9 33
855 3 39 33 11
856 3 39 11 31
857 3 39 31 13
858 3 39 13 29
859 3 39 29 15
860 3 41 5 39
861 3 41 39 7
862 3 41 7 37
863 3 41 37 9
864 3 41 9 35
865 3 41 35 11
866 3 41 11 33
867 3 41 33 13
868 3 41 13 31
869 3 41 31 15
870 3 43 6 40
871 3 43 40 9
872 3 43 9 37
873 3 43 37 12
874 3 43 12 34
875 3 43 34 15
876 3 43 15 31
877 3 43 31 18
878 3 43 18 28
879 3 43 28 21
880 3 45 6 42
881 3 45 42 9
882 3 45 9 39
883 3 45 39 12
884 3 45 12 36
885 3 45 36 15
886 3 45 15 33
887 3 45 33 18
888 3 45 18 30
889 3 45 30 21
890 3 47 6 44
891 3 47 44 9
892 3 47 9 41
893 3 47 41 12
894 3 47 12 38
895 3 47 38 15
896 3 47 15 35
897 3 47 35 18
898 3 47 18 32
899 3 47 32 21
900 3 49 6 46
901 3 49 46 9
902 3 49 9 43
903 3 49 43 12
904 3 49 12 40
905 3 49 40 15
906 3 49 15 37
907 3 49 37 18
908 3 49 18 34
909 3 49 34 21
910 3 51 6 48
911 3 51 48 9
912 3 51 9 45
913 3 51 45 12
914 3 51 12 42
915 3 51 42 15
916 3 51 15 39
917 3 51 39 18
918 3 51 18 36
919 3 51 36 21
920 3 53 6 50
921 3 53 50 9
922 3 53 9 47
923 3 53 47 12
924 3 53 12 44
925 3 53 44 15
926 3 53 15 41
927 3 53 41 18
928 3 53 18 38
929 3 53 38 21
930 3 55 6 52
931 3 55 52 9
932 3 55 9 49
933 3 55 49 12
934 3 55 12 46
935 3 55 46 15
936 3 55 15 43
937 3 55 43 18
938 3 55 18 40
939 3 55 40 21
940 3 57 6 54
941 3 57 54 9
942 3 57 9 51
943 3 57 51 12
944 3 57 12 48
945 3 57 48 15
946 3 57 15 45
947 3 57 45 18
948 3 57 18 42
949 3 57 42 21
950 3 59 7 55
951 3 59 55 11
952 3 59 11 51
953 3 59 51 15
954 3 59 15 47
955 3 59 47 19
956 3 59 19 43
957 3 59 43 23
958 3 59 23 39
959 3 59 39 27
960 3 61 7 57
961 3 61 57 11
962 3 61 11 53
963 3 61 53 15
964 3 61 15 49
965 3 61 49 19
966 3 61 19 45
967 3 61 45 23
968 3 61 23 41
969 3 61 41 27
970 3 63 7 59
971 3 63 59 11
972 3 63 11 55
973 3 63 55 15
974 3 63 15 51
975 3 63 51 19
976 3 63 19 47
977 3 63 47 23
978 3 63 23 43
979 3 63 43 27
980 3 65 7 61
981 3 65 61 11
982 3 65 11 57
983 3 65 57 15
984 3 65 15 53
985 3 65 53 19
986 3 65 19 49
987 3 65 49 23
988 3 65 23 45
989 3 65 45 27
990 3 67 7 63
991 3 67 63 11
992 3 67 11 59
993 3 67 59 15
994 3 67 15 55
995 3 67 55 19
996 3 67 19 51
997 3 67 51 23
998 3 67 23 47
999 3 67 47 27
1000 3 69 7 65
1001 3 69 65 11
1002 3 69 11 61
1003 3 69 61 15
1004 3 69 15 57
1005 3 69 57 19
1006 3 69 19 53
1007 3 69 53 23
1008 3 69 23 49
1009 3 69 49 27
1010 3 71 7 67
1011 3 71 67 11
1012 3 71 11 63
1013 3 71 63 15
1014 3 71 15 59
1015 3 71 59 19
1016 3 71 19 55
1017 3 71 55 23
1018 3 71 23 51
1019 3 71 51 27
1020 4 5 6 7
1021 4 5 7 8
1022 4 5 8 9
1023 4 5 9 10
1024 4 5 10 11
1025 4 5 11 12
1026 4 5 12 13
1027 4 5 13 14
1028 4 5 14 15
1029 4 5 15 16
1030 15 16 17 18
1031 15 16 18 19
1032 15 16 19 20
1033 15 16 20 21
1034 15 16 21 22
1035 15 16 22 23
1036 15 16 23 24
1037 15 16 24 25
1038 15 16 25 26
1039 15 16 26 27
1040 15 16 14 13
1041 15 16 13 12
1042 15 16 12 11
1043 15 16 11 10
1044 15 16 10 9
1045 15 16 9 8
1046 15 16 8 7
1047 15 16 7 6
1048 15 16 6 5
1049 15 16 5 4
1050 4 6 8 10
1051 4 6 10 12
1052 4 6 12 14
1053 4 6 14 16
1054 4 6 16 18
1055 4 6 18 20
1056 4 6 20 22
1057 4 6 22 24
1058 4 6 24 26
1059 4 6 26 28
1060 26 28 30 32
1061 26 28 32 34
1062 26 28 34 36
1063 26 28 36 38
1064 26 28 38 40
1065 26 28 40 42
1066 26 28 42 44
1067 26 28 44 46
1068 26 28 46 48
1069 26 28 48 50
1070 26 28 24 22
1071 26 28 22 20
1072 26 28 20 18
1073 26 28 18 16
1074 26 28 16 14
1075 26 28 14 12
1076 26 28 12 10
1077 26 28 10 8
1078 26 28 8 6
1079 26 28 6 4
1080 4 7 5 6
1081 4 7 6 10
1082 4 7 10 13
1083 4 7 13 16
1084 4 7 16 19
1085 4 7 19 22
1086 4 7 22 25
1087 4 7 25 28
1088 4 7 28 31
1089 4 7 31 34
1090 31 34 32 33
1091 31 34 33 37
1092 31 34 37 40
1093 31 34 40 43
1094 31 34 43 46
1095 31 34 46 49
1096 31 34 49 52
1097 31 34 52 55
1098 31 34 55 58
1099 31 34 58 61
1100 31 34 33 32
1101 31 34 32 28
1102 31 34 28 25
1103 31 34 25 22
1104 31 34 22 19
1105 31 34 19 16
1106 31 34 16 13
1107 31 34 13 10
1108 31 34 10 7
1109 31 34 7 4
1110 4 8 5 7
1111 4 8 7 12
1112 4 8 12 16
1113 4 8 16 20
1114 4 8 20 24
1115 4 8 24 28
1116 4 8 28 32
1117 4 8 32 36
1118 4 8 36 40
1119 4 8 40 44
1120 40 44 43 41
1121 40 44 41 36
1122 40 44 36 32
1123 40 44 32 28
1124 40 44 28 24
1125 40 44 24 20
1126 40 44 20 16
1127 40 44 16 12
1128 40 44 12 8
1129 40 44 8 4
1130 4 9 5 8
1131 4 9 8 14
1132 4 9 14 19
1133 4 9 19 24
1134 4 9 24 29
1135 4 9 29 34
1136 4 9 34 39
1137 4 9 39 44
1138 4 9 44 49
1139 4 9 49 54
1140 49 54 53 50
1141 49 54 50 44
1142 49 54 44 39
1143 49 54 39 34
1144 49 54 34 29
1145 49 54 29 24
1146 49 54 24 19
1147 49 54 19 14
1148 49 54 14 9
1149 49 54 9 4
1150 4 10 5 9
1151 4 10 9 16
1152 4 10 16 22
1153 4 10 22 28
1154 4 10 28 34
1155 4 10 34 40
1156 4 10 40 46
1157 4 10 46 52
1158 4 10 52 58
1159 4 10 58 64
1160 58 64 63 59
1161 58 64 59 52
1162 58 64 52 46
1163 58 64 46 40
1164 58 64 40 34
1165 58 64 34 28
1166 58 64 28 22
1167 58 64 22 16
1168 58 64 16 10
1169 58 64 10 4
1170 4 40 6 38
1171 4 40 38 8
1172 4 40 8 36
1173 4 40 36 10
1174 4 40 10 34
1175 4 40 34 12
1176 4 40 12 32
1177 4 40 32 14
1178 4 40 14 30
1179 4 40 30 16
1180 4 42 6 40
1181 4 42 40 8
1182 4 42 8 38
1183 4 42 38 10
1184 4 42 10 36
1185 4 42 36 12
1186 4 42 12 34
1187 4 42 34 14
1188 4 42 14 32
1189 4 42 32 16
1190 4 44 7 41
1191 4 44 41 10
1192 4 44 10 38
1193 4 44 38 13
1194 4 44 13 35
1195 4 44 35 16
1196 4 44 16 32
1197 4 44 32 19
1198 4 44 19 29
1199 4 44 29 22
1200 4 46 7 43
1201 4 46 43 10
1202 4 46 10 40
1203 4 46 40 13
1204 4 46 13 37
1205 4 46 37 16
1206 4 46 16 34
1207 4 46 34 19
1208 4 46 19 31
1209 4 46 31 22
1210 4 48 7 45
1211 4 48 45 10
1212 4 48 10 42
1213 4 48 42 13
1214 4 48 13 39
1215 4 48 39 16
1216 4 48 16 36
1217 4 48 36 19
1218 4 48 19 33
1219 4 48 33 22
1220 4 50 7 47
1221 4 50 47 10
1222 4 50 10 44
1223 4 50 44 13
1224 4 50 13 41
1225 4 50 41 16
1226 4 50 16 38
1227 4 50 38 19
1228 4 50 19 35
1229 4 50 35 22
1230 4 52 7 49
1231 4 52 49 10
1232 4 52 10 46
1233 4 52 46 13
1234 4 52 13 43
1235 4 52 43 16
1236 4 52 16 40
1237 4 52 40 19
1238 4 52 19 37
1239 4 52 37 22
1240 4 54 7 51
1241 4 54 51 10
1242 4 54 10 48
1243 4 54 48 13
1244 4 54 13 45
1245 4 54 45 16
1246 4 54 16 42
1247 4 54 42 19
1248 4 54 19 39
1249 4 54 39 22
1250 4 56 7 53
1251 4 56 53 10
1252 4 56 10 50
1253 4 56 50 13
1254 4 56 13 47
1255 4 56 47 16
1256 4 56 16 44
1257 4 56 44 19
1258 4 56 19 41
1259 4 56 41 22
1260 4 58 7 55
1261 4 58 55 10
1262 4 58 10 52
1263 4 58 52 13
1264 4 58 13 49
1265 4 58 49 16
1266 4 58 16 46
1267 4 58 46 19
1268 4 58 19 43
1269 4 58 43 22
1270 4 60 8 56
1271 4 60 56 12
1272 4 60 12 52
1273 4 60 52 16
1274 4 60 16 48
1275 4 60 48 20
1276 4 60 20 44
1277 4 60 44 24
1278 4 60 24 40
1279 4 60 40 28
1280 4 62 8 58
1281 4 62 58 12
1282 4 62 12 54
1283 4 62 54 16
1284 4 62 16 50
1285 4 62 50 20
1286 4 62 20 46
1287 4 62 46 24
1288 4 62 24 42
1289 4 62 42 28
1290 4 64 8 60
1291 4 64 60 12
1292 4 64 12 56
1293 4 64 56 16
1294 4 64 16 52
1295 4 64 52 20
1296 4 64 20 48
1297 4 64 48 24
1298 4 64 24 44
1299 4 64 44 28
1300 4 66 8 62
1301 4 66 62 12
1302 4 66 12 58
1303 4 66 58 16
1304 4 66 16 54
1305 4 66 54 20
1306 4 66 20 50
1307 4 66 50 24
1308 4 66 24 46
1309 4 66 46 28
1310 4 68 8 64
1311 4 68 64 12
1312 4 68 12 60
1313 4 68 60 16
1314 4 68 16 56
1315 4 68 56 20
1316 4 68 20 52
1317 4 68 52 24
1318 4 68 24 48
1319 4 68 48 28
1320 4 70 8 66
1321 4 70 66 12
1322 4 70 12 62
1323 4 70 62 16
1324 4 70 16 58
1325 4 70 58 20
1326 4 70 20 54
1327 4 70 54 24
1328 4 70 24 50
1329 4 70 50 28
1330 4 72 8 68
1331 4 72 68 12
1332 4 72 12 64
1333 4 72 64 16
1334 4 72 16 60
1335 4 72 60 20
1336 4 72 20 56
1337 4 72 56 24
1338 4 72 24 52
1339 4 72 52 28
1340 5 6 7 8
1341 5 6 8 9
1342 5 6 9 10
1343 5 6 10 11
1344 5 6 11 12
1345 5 6 12 13
1346 5 6 13 14
1347 5 6 14 15
1348 5 6 15 16
1349 5 6 16 17
1350 16 17 18 19
1351 16 17 19 20
1352 16 17 20 21
1353 16 17 21 22
1354 16 17 22 23
1355 16 17 23 24
1356 16 17 24 25
1357 16 17 25 26
1358 16 17 26 27
1359 16 17 27 28
1360 16 17 15 14
1361 16 17 14 13
1362 16 17 13 12
1363 16 17 12 11
1364 16 17 11 10
1365 16 17 10 9
1366 16 17 9 8
1367 16 17 8 7
1368 16 17 7 6
1369 16 17 6 5
1370 5 7 9 11
1371 5 7 11 13
1372 5 7 13 15
1373 5 7 15 17
1374 5 7 17 19
1375 5 7 19 21
1376 5 7 21 23
1377 5 7 23 25
1378 5 7 25 27
1379 5 7 27 29
1380 27 29 31 33
1381 27 29 33 35
1382 27 29 35 37
1383 27 29 37 39
1384 27 29 39 41
1385 27 29 41 43
1386 27 29 43 45
1387 27 29 45 47
1388 27 29 47 49
1389 27 29 49 51
1390 27 29 25 23
1391 27 29 23 21
1392 27 29 21 19
1393 27 29 19 17
1394 27 29 17 15
1395 27 29 15 13
1396 27 29 13 11
1397 27 29 11 9
1398 27 29 9 7
1399 27 29 7 5
1400 5 8 6 7
1401 5 8 7 11
1402 5 8 11 14
1403 5 8 14 17
1404 5 8 17 20
1405 5 8 20 23
1406 5 8 23 26
1407 5 8 26 29
1408 5 8 29 32
1409 5 8 32 35
1410 32 35 33 34
1411 32 35 34 38
1412 32 35 38 41
1413 32 35 41 44
1414 32 35 44 47
1415 32 35 47 50
1416 32 35 50 53
1417 32 35 53 56
1418 32 35 56 59
1419 32 35 59 62
1420 32 35 34 33
1421 32 35 33 29
1422 32 35 29 26
1423 32 35 26 23
1424 32 35 23 20
1425 32 35 20 17
1426 32 35 17 14
1427 32 35 14 11
1428 32 35 11 8
1429 32 35 8 5
1430 5 9 6 8
1431 5 9 8 13
1432 5 9 13 17
1433 5 9 17 21
1434 5 9 21 25
1435 5 9 25 29
1436 5 9 29 33
1437 5 9 33 37
1438 5 9 37 41
1439 5 9 41 45
1440 41 45 44 42
1441 41 45 42 37
1442 41 45 37 33
1443 41 45 33 29
1444 41 45 29 25
1445 41 45 25 21
1446 41 45 21 17
1447 41 45 17 13
1448 41 45 13 9
1449 41 45 9 5
1450 5 10 6 9
1451 5 10 9 15
1452 5 10 15 20
1453 5 10 20 25
1454 5 10 25 30
1455 5 10 30 35
1456 5 10 35 40
1457 5 10 40 45
1458 5 10 45 50
1459 5 10 50 55
1460 50 55 54 51
1461 50 55 51 45
1462 50 55 45 40
1463 50 55 40 35
1464 50 55 35 30
1465 50 55 30 25
1466 50 55 25 20
1467 50 55 20 15
1468 50 55 15 10
1469 50 55 10 5
1470 5 11 6 10
1471 5 11 10 17
1472 5 11 17 23
1473 5 11 23 29
1474 5 11 29 35
1475 5 11 35 41
1476 5 11 41 47
1477 5 11 47 53
1478 5 11 53 59
1479 5 11 59 65
1480 59 65 64 60
1481 59 65 60 53
1482 59 65 53 47
1483 59 65 47 41
1484 59 65 41 35
1485 59 65 35 29
1486 59 65 29 23
1487 59 65 23 17
1488 59 65 17 11
1489 59 65 11 5
1490 5 41 7 39
1491 5 41 39 9
1492 5 41 9 37
1493 5 41 37 11
1494 5 41 11 35
1495 5 41 35 13
1496 5 41 13 33
1497 5 41 33 15
1498 5 41 15 31
1499 5 41 31 17
1500 5 43 7 41
1501 5 43 41 9
1502 5 43 9 39
1503 5 43 39 11
1504 5 43 11 37
1505 5 43 37 13
1506 5 43 13 35
1507 5 43 35 15
1508 5 43 15 33
1509 5 43 33 17
1510 5 45 8 42
1511 5 45 42 11
1512 5 45 11 39
1513 5 45 39 14
1514 5 45 14 36
1515 5 45 36 17
1516 5 45 17 33
1517 5 45 33 20
1518 5 45 20 30
1519 5 45 30 23
1520 5 47 8 44
1521 5 47 44 11
1522 5 47 11 41
1523 5 47 41 14
1524 5 47 14 38
1525 5 47 38 17
1526 5 47 17 35
1527 5 47 35 20
1528 5 47 20 32
1529 5 47 32 23
1530 5 49 8 46
1531 5 49 46 11
1532 5 49 11 43
1533 5 49 43 14
1534 5 49 14 40
1535 5 49 40 17
1536 5 49 17 37
1537 5 49 37 20
1538 5 49 20 34
1539 5 49 34 23
1540 5 51 8 48
1541 5 51 48 11
1542 5 51 11 45
1543 5 51 45 14
1544 5 51 14 42
1545 5 51 42 17
1546 5 51 17 39
1547 5 51 39 20
1548 5 51 20 36
1549 5 51 36 23
1550 5 53 8 50
1551 5 53 50 11
1552 5 53 11 47
1553 5 53 47 14
1554 5 53 14 44
1555 5 53 44 17
1556 5 53 17 41
1557 5 53 41 20
1558 5 53 20 38
1559 5 53 38 23
1560 5 55 8 52
1561 5 55 52 11
1562 5 55 11 49
1563 5 55 49 14
1564 5 55 14 46
1565 5 55 46 17
1566 5 55 17 43
1567 5 55 43 20
1568 5 55 20 40
1569 5 55 40 23
1570 5 57 8 54
1571 5 57 54 11
1572 5 57 11 51
1573 5 57 51 14
1574 5 57 14 48
1575 5 57 48 17
1576 5 57 17 45
1577 5 57 45 20
1578 5 57 20 42
1579 5 57 42 23
1580 5 59 8 56
1581 5 59 56 11
1582 5 59 11 53
1583 5 59 53 14
1584 5 59 14 50
1585 5 59 50 17
1586 5 59 17 47
1587 5 59 47 20
1588 5 59 20 44
1589 5 59 44 23
1590 5 61 9 57
1591 5 61 57 13
1592 5 61 13 53
1593 5 61 53 17
1594 5 61 17 49
1595 5 61 49 21
1596 5 61 21 45
1597 5 61 45 25
1598 5 61 25 41
1599 5 61 41 29
1600 5 63 9 59
1601 5 63 59 13
1602 5 63 13 55
1603 5 63 55 17
1604 5 63 17 51
1605 5 63 51 21
1606 5 63 21 47
1607 5 63 47 25
1608 5 63 25 43
1609 5 63 43 29
1610 5 65 9 61
1611 5 65 61 13
1612 5 65 13 57
1613 5 65 57 17
1614 5 65 17 53
1615 5 65 53 21
1616 5 65 21 49
1617 5 65 49 25
1618 5 65 25 45
1619 5 65 45 29
1620 5 67 9 63
1621 5 67 63 13
1622 5 67 13 59
1623 5 67 59 17
1624 5 67 17 55
1625 5 67 55 21
1626 5 67 21 51
1627 5 67 51 25
1628 5 67 25 47
1629 5 67 47 29
1630 5 69 9 65
1631 5 69 65 13
1632 5 69 13 61
1633 5 69 61 17
1634 5 69 17 57
1635 5 69 57 21
1636 5 69 21 53
1637 5 69 53 25
1638 5 69 25 49
1639 5 69 49 29
1640 5 71 9 67
1641 5 71 67 13
1642 5 71 13 63
1643 5 71 63 17
1644 5 71 17 59
1645 5 71 59 21
1646 5 71 21 55
1647 5 71 55 25
1648 5 71 25 51
1649 5 71 51 29
1650 6 7 8 9
1651 6 7 9 10
1652 6 7 10 11
1653 6 7 11 12
1654 6 7 12 13
1655 6 7 13 14
1656 6 7 14 15
1657 6 7 15 16
1658 6 7 16 17
1659 6 7 17 18
1660 17 18 19 20
1661 17 18 20 21
1662 17 18 21 22
1663 17 18 22 23
1664 17 18 23 24
1665 17 18 24 25
1666 17 18 25 26
1667 17 18 26 27
1668 17 18 27 28
1669 17 18 28 29
1670 17 18 16 15
1671 17 18 15 14
1672 17 18 14 13
1673 17 18 13 12
1674 17 18 12 11
1675 17 18 11 10
1676 17 18 10 9
1677 17 18 9 8
1678 17 18 8 7
1679 17 18 7 6
1680 6 8 10 12
1681 6 8 12 14
1682 6 8 14 16
1683 6 8 16 18
1684 6 8 18 20
1685 6 8 20 22
1686 6 8 22 24
1687 6 8 24 26
1688 6 8 26 28
1689 6 8 28 30
1690 28 30 32 34
1691 28 30 34 36
1692 28 30 36 38
1693 28 30 38 40
1694 28 30 40 42
1695 28 30 42 44
1696 28 30 44 46
1697 28 30 46 48
1698 28 30 48 50
1699 28 30 50 52
1700 28 30 26 24
1701 28 30 24 22
1702 28 30 22 20
1703 28 30 20 18
1704 28 30 18 16
1705 28 30 16 14
1706 28 30 14 12
1707 28 30 12 10
1708 28 30 10 8
1709 28 30 8 6
1710 6 9 7 8
1711 6 9 8 12
1712 6 9 12 15
1713 6 9 15 18
1714 6 9 18 21
1715 6 9 21 24
1716 6 9 24 27
1717 6 9 27 30
1718 6 9 30 33
1719 6 9 33 36
1720 33 36 34 35
1721 33 36 35 39
1722 33 36 39 42
1723 33 36 42 45
1724 33 36 45 48
1725 33 36 48 51
1726 33 36 51 54
1727 33 36 54 57
1728 33 36 57 60
1729 33 36 60 63
1730 33 36 35 34
1731 33 36 34 30
1732 33 36 30 27
1733 33 36 27 24
1734 33 36 24 21
1735 33 36 21 18
1736 33 36 18 15
1737 33 36 15 12
1738 33 36 12 9
1739 33 36 9 6
1740 6 10 7 9
1741 6 10 9 14
1742 6 10 14 18
1743 6 10 18 22
1744 6 10 22 26
1745 6 10 26 30
1746 6 10 30 34
1747 6 10 34 38
1748 6 10 38 42
1749 6 10 42 46
1750 42 46 45 43
1751 42 46 43 38
1752 42 46 38 34
1753 42 46 34 30
1754 42 46 30 26
1755 42 46 26 22
1756 42 46 22 18
1757 42 46 18 14
1758 42 46 14 10
1759 42 46 10 6
1760 6 11 7 10
1761 6 11 10 16
1762 6 11 16 21
1763 6 11 21 26
1764 6 11 26 31
1765 6 11 31 36
1766 6 11 36 41
1767 6 11 41 46
1768 6 11 46 51
1769 6 11 51 56
1770 51 56 55 52
1771 51 56 52 46
1772 51 56 46 41
1773 51 56 41 36
1774 51 56 36 31
1775 51 56 31 26
1776 51 56 26 21
1777 51 56 21 16
1778 51 56 16 11
1779 51 56 11 6
1780 6 12 7 11
1781 6 12 11 18
1782 6 12 18 24
1783 6 12 24 30
1784 6 12 30 36
1785 6 12 36 42
1786 6 12 42 48
1787 6 12 48 54
1788 6 12 54 60
1789 6 12 60 66
1790 60 66 65 61
1791 60 66 61 54
1792 60 66 54 48
1793 60 66 48 42
1794 60 66 42 36
1795 60 66 36 30
1796 60 66 30 24
1797 60 66 24 18
1798 60 66 18 12
1799 60 66 12 6
1800 6 42 8 40
1801 6 42 40 10
1802 6 42 10 38
1803 6 42 38 12
1804 6 42 12 36
1805 6 42 36 14
1806 6 42 14 34
1807 6 42 34 16
1808 6 42 16 32
1809 6 42 32 18
1810 6 44 8 42
1811 6 44 42 10
1812 6 44 10 40
1813 6 44 40 12
1814 6 44 12 38
1815 6 44 38 14
1816 6 44 14 36
1817 6 44 36 16
1818 6 44 16 34
1819 6 44 34 18
1820 6 46 9 43
1821 6 46 43 12
1822 6 46 12 40
1823 6 46 40 15
1824 6 46 15 37
1825 6 46 37 18
1826 6 46 18 34
1827 6 46 34 21
1828 6 46 21 31
1829 6 46 31 24
1830 6 48 9 45
1831 6 48 45 12
1832 6 48 12 42
1833 6 48 42 15
1834 6 48 15 39
1835 6 48 39 18
1836 6 48 18 36
1837 6 48 36 21
1838 6 48 21 33
1839 6 48 33 24
1840 6 50 9 47
1841 6 50 47 12
1842 6 50 12 44
1843 6 50 44 15
1844 6 50 15 41
1845 6 50 41 18
1846 6 50 18 38
1847 6 50 38 21
1848 6 50 21 35
1849 6 50 35 24
1850 6 52 9 49
1851 6 52 49 12
1852 6 52 12 46
1853 6 52 46 15
1854 6 52 15 43
1855 6 52 43 18
1856 6 52 18 40
1857 6 52 40 21
1858 6 52 21 37
1859 6 52 37 24
1860 6 54 9 51
1861 6 54 51 12
1862 6 54 12 48
1863 6 54 48 15
1864 6 54 15 45
1865 6 54 45 18
1866 6 54 18 42
1867 6 54 42 21
1868 6 54 21 39
1869 6 54 39 24
1870 6 56 9 53
1871 6 56 53 12
1872 6 56 12 50
1873 6 56 50 15
1874 6 56 15 47
1875 6 56 47 18
1876 6 56 18 44
1877 6 56 44 21
1878 6 56 21 41
1879 6 56 41 24
1880 6 58 9 55
1881 6 58 55 12
1882 6 58 12 52
1883 6 58 52 15
1884 6 58 15 49
1885 6 58 49 18
1886 6 58 18 46
1887 6 58 46 21
1888 6 58 21 43
1889 6 58 43 24
1890 6 60 9 57
1891 6 60 57 12
1892 6 60 12 54
1893 6 60 54 15
1894 6 60 15 51
1895 6 60 51 18
1896 6 60 18 48
1897 6 60 48 21
1898 6 60 21 45
1899 6 60 45 24
1900 6 62 10 58
1901 6 62 58 14
1902 6 62 14 54
1903 6 62 54 18
1904 6 62 18 50
1905 6 62 50 22
1906 6 62 22 46
1907 6 62 46 26
1908 6 62 26 42
1909 6 62 42 30
1910 6 64 10 60
1911 6 64 60 14
1912 6 64 14 56
1913 6 64 56 18
1914 6 64 18 52
1915 6 64 52 22
1916 6 64 22 48
1917 6 64 48 26
1918 6 64 26 44
1919 6 64 44 30
1920 6 66 10 62
1921 6 66 62 14
1922 6 66 14 58
1923 6 66 58 18
1924 6 66 18 54
1925 6 66 54 22
1926 6 66 22 50
1927 6 66 50 26
1928 6 66 26 46
1929 6 66 46 30
1930 6 68 10 64
1931 6 68 64 14
1932 6 68 14 60
1933 6 68 60 18
1934 6 68 18 56
1935 6 68 56 22
1936 6 68 22 52
1937 6 68 52 26
1938 6 68 26 48
1939 6 68 48 30
1940 6 70 10 66
1941 6 70 66 14
1942 6 70 14 62
1943 6 70 62 18
1944 6 70 18 58
1945 6 70 58 22
1946 6 70 22 54
1947 6 70 54 26
1948 6 70 26 50
1949 6 70 50 30
1950 6 72 10 68
1951 6 72 68 14
1952 6 72 14 64
1953 6 72 64 18
1954 6 72 18 60
1955 6 72 60 22
1956 6 72 22 56
1957 6 72 56 26
1958 6 72 26 52
1959 6 72 52 30
1960 7 8 9 10
1961 7 8 10 11
1962 7 8 11 12
1963 7 8 12 13
1964 7 8 13 14
1965 7 8 14 15
1966 7 8 15 16
1967 7 8 16 17
1968 7 8 17 18
1969 7 8 18 19
1970 18 19 20 21
1971 18 19 21 22
1972 18 19 22 23
1973 18 19 23 24
1974 18 19 24 25
1975 18 19 25 26
1976 18 19 26 27
1977 18 19 27 28
1978 18 19 28 29
1979 18 19 29 30
1980 18 19 17 16
1981 18 19 16 15
1982 18 19 15 14
1983 18 19 14 13
1984 18 19 13 12
1985 18 19 12 11
1986 18 19 11 10
1987 18 19 10 9
1988 18 19 9 8
1989 18 19 8 7
1990 7 9 11 13
1991 7 9 13 15
1992 7 9 15 17
1993 7 9 17 19
1994 7 9 19 21
1995 7 9 21 23
1996 7 9 23 25
1997 7 9 25 27
1998 7 9 27 29
1999 7 9 29 31
2000 29 31 33 35
2001 29 31 35 37
2002 29 31 37 39
2003 29 31 39 41
2004 29 31 41 43
2005 29 31 43 45
2006 29 31 45 47
2007 29 31 47 49
2008 29 31 49 51
2009 29 31 51 53
2010 29 31 27 25
2011 29 31 25 23
2012 29 31 23 21
2013 29 31 21 19
2014 29 31 19 17
2015 29 31 17 15
2016 29 31 15 13
2017 29 31 13 11
2018 29 31 11 9
2019 29 31 9 7
2020 7 10 8 9
2021 7 10 9 13
2022 7 10 13 16
2023 7 10 16 19
2024 7 10 19 22
2025 7 10 22 25
2026 7 10 25 28
2027 7 10 28 31
2028 7 10 31 34
2029 7 10 34 37
2030 34 37 35 36
2031 34 37 36 40
2032 34 37 40 43
2033 34 37 43 46
2034 34 37 46 49
2035 34 37 49 52
2036 34 37 52 55
2037 34 37 55 58
2038 34 37 58 61
2039 34 37 61 64
2040 34 37 36 35
2041 34 37 35 31
2042 34 37 31 28
2043 34 37 28 25
2044 34 37 25 22
2045 34 37 22 19
2046 34 37 19 16
2047 34 37 16 13
2048 34 37 13 10
2049 34 37 10 7
2050 7 11 8 10
2051 7 11 10 15
2052 7 11 15 19
2053 7 11 19 23
2054 7 11 23 27
2055 7 11 27 31
2056 7 11 31 35
2057 7 11 35 39
2058 7 11 39 43
2059 7 11 43 47
2060 43 47 46 44
2061 43 47 44 39
2062 43 47 39 35
2063 43 47 35 31
2064 43 47 31 27
2065 43 47 27 23
2066 43 47 23 19
2067 43 47 19 15
2068 43 47 15 11
2069 43 47 11 7
2070 7 12 8 11
2071 7 12 11 17
2072 7 12 17 22
2073 7 12 22 27
2074 7 12 27 32
2075 7 12 32 37
2076 7 12 37 42
2077 7 12 42 47
2078 7 12 47 52
2079 7 12 52 57
2080 52 57 56 53
2081 52 57 53 47
2082 52 57 47 42
2083 52 57 42 37
2084 52 57 37 32
2085 52 57 32 27
2086 52 57 27 22
2087 52 57 22 17
2088 52 57 17 12
2089 52 57 12 7
2090 7 13 8 12
2091 7 13 12 19
2092 7 13 19 25
2093 7 13 25 31
2094 7 13 31 37
2095 7 13 37 43
2096 7 13 43 49
2097 7 13 49 55
2098 7 13 55 61
2099 7 13 61 67
2100 61 67 66 62
2101 61 67 62 55
2102 61 67 55 49
2103 61 67 49 43
2104 61 67 43 37
2105 61 67 37 31
2106 61 67 31 25
2107 61 67 25 19
2108 61 67 19 13
2109 61 67 13 7
2110 7 43 9 41
2111 7 43 41 11
2112 7 43 11 39
2113 7 43 39 13
2114 7 43 13 37
2115 7 43 37 15
2116 7 43 15 35
2117 7 43 35 17
2118 7 43 17 33
2119 7 43 33 19
2120 7 45 9 43
2121 7 45 43 11
2122 7 45 11 41
2123 7 45 41 13
2124 7 45 13 39
2125 7 45 39 15
2126 7 45 15 37
2127 7 45 37 17
2128 7 45 17 35
2129 7 45 35 19
2130 7 47 10 44
2131 7 47 44 13
2132 7 47 13 41
2133 7 47 41 16
2134 7 47 16 38
2135 7 47 38 19
2136 7 47 19 35
2137 7 47 35 22
2138 7 47 22 32
2139 7 47 32 25
2140 7 49 10 46
2141 7 49 46 13
2142 7 49 13 43
2143 7 49 43 16
2144 7 49 16 40
2145 7 49 40 19
2146 7 49 19 37
2147 7 49 37 22
2148 7 49 22 34
2149 7 49 34 25
2150 7 51 10 48
2151 7 51 48 13
2152 7 51 13 45
2153 7 51 45 16
2154 7 51 16 42
2155 7 51 42 19
2156 7 51 19 39
2157 7 51 39 22
2158 7 51 22 36
2159 7 51 36 25
2160 7 53 10 50
2161 7 53 50 13
2162 7 53 13 47
2163 7 53 47 16
2164 7 53 16 44
2165 7 53 44 19
2166 7 53 19 41
2167 7 53 41 22
2168 7 53 22 38
2169 7 53 38 25
2170 7 55 10 52
2171 7 55 52 13
2172 7 55 13 49
2173 7 55 49 16
2174 7 55 16 46
2175 7 55 46 19
2176 7 55 19 43
2177 7 55 43 22
2178 7 55 22 40
2179 7 55 40 25
2180 7 57 10 54
2181 7 57 54 13
2182 7 57 13 51
2183 7 57 51 16
2184 7 57 16 48
2185 7 57 48 19
2186 7 57 19 45
2187 7 57 45 22
2188 7 57 22 42
2189 7 57 42 25
2190 7 59 10 56
2191 7 59 56 13
2192 7 59 13 53
2193 7 59 53 16
2194 7 59 16 50
2195 7 59 50 19
2196 7 59 19 47
2197 7 59 47 22
2198 7 59 22 44
2199 7 59 44 25
2200 7 61 10 58
2201 7 61 58 13
2202 7 61 13 55
2203 7 61 55 16
2204 7 61 16 52
2205 7 61 52 19
2206 7 61 19 49
2207 7 61 49 22
2208 7 61 22 46
2209 7 61 46 25
2210 7 63 11 59
2211 7 63 59 15
2212 7 63 15 55
2213 7 63 55 19
2214 7 63 19 51
2215 7 63 51 23
2216 7 63 23 47
2217 7 63 47 27
2218 7 63 27 43
2219 7 63 43 31
2220 7 65 11 61
2221 7 65 61 15
2222 7 65 15 57
2223 7 65 57 19
2224 7 65 19 53
2225 7 65 53 23
2226 7 65 23 49
2227 7 65 49 27
2228 7 65 27 45
2229 7 65 45 31
2230 7 67 11 63
2231 7 67 63 15
2232 7 67 15 59
2233 7 67 59 19
2234 7 67 19 55
2235 7 67 55 23
2236 7 67 23 51
2237 7 67 51 27
2238 7 67 27 47
2239 7 67 47 31
2240 7 69 11 65
2241 7 69 65 15
2242 7 69 15 61
2243 7 69 61 19
2244 7 69 19 57
2245 7 69 57 23
2246 7 69 23 53
2247 7 69 53 27
2248 7 69 27 49
2249 7 69 49 31
2250 7 71 11 67
2251 7 71 67 15
2252 7 71 15 63
2253 7 71 63 19
2254 7 71 19 59
2255 7 71 59 23
2256 7 71 23 55
2257 7 71 55 27
2258 7 71 27 51
2259 7 71 51 31
2260 8 9 10 11
2261 8 9 11 12
2262 8 9 12 13
2263 8 9 13 14
2264 8 9 14 15
2265 8 9 15 16
2266 8 9 16 17
2267 8 9 17 18
2268 8 9 18 19
2269 8 9 19 20
2270 19 20 21 22
2271 19 20 22 23
2272 19 20 23 24
2273 19 20 24 25
2274 19 20 25 26
2275 19 20 26 27
2276 19 20 27 28
2277 19 20 28 29
2278 19 20 29 30
2279 19 20 30 31
2280 19 20 18 17
2281 19 20 17 16
2282 19 20 16 15
2283 19 20 15 14
2284 19 20 14 13
2285 19 20 13 12
2286 19 20 12 11
2287 19 20 11 10
2288 19 20 10 9
2289 19 20 9 8
2290 8 10 12 14
2291 8 10 14 16
2292 8 10 16 18
2293 8 10 18 20
2294 8 10 20 22
2295 8 10 22 24
2296 8 10 24 26
2297 8 10 26 28
2298 8 10 28 30
2299 8 10 30 32
2300 30 32 34 36
2301 30 32 36 38
2302 30 32 38 40
2303 30 32 40 42
2304 30 32 42 44
2305 30 32 44 46
2306 30 32 46 48
2307 30 32 48 50
2308 30 32 50 52
2309 30 32 52 54
2310 30 32 28 26
2311 30 32 26 24
2312 30 32 24 22
2313 30 32 22 20
2314 30 32 20 18
2315 30 32 18 16
2316 30 32 16 14
2317 30 32 14 12
2318 30 32 12 10
2319 30 32 10 8
2320 8 11 9 10
2321 8 11 10 14
2322 8 11 14 17
2323 8 11 17 20
2324 8 11 20 23
2325 8 11 23 26
2326 8 11 26 29
2327 8 11 29 32
2328 8 11 32 35
2329 8 11 35 38
2330 35 38 36 37
2331 35 38 37 41
2332 35 38 41 44
2333 35 38 44 47
2334 35 38 47 50
2335 35 38 50 53
2336 35 38 53 56
2337 35 38 56 59
2338 35 38 59 62
2339 35 38 62 65
2340 35 38 37 36
2341 35 38 36 32
2342 35 38 32 29
2343 35 38 29 26
2344 35 38 26 23
2345 35 38 23 20
2346 35 38 20 17
2347 35 38 17 14
2348 35 38 14 11
2349 35 38 11 8
2350 8 12 9 11
2351 8 12 11 16
2352 8 12 16 20
2353 8 12 20 24
2354 8 12 24 28
2355 8 12 28 32
2356 8 12 32 36
2357 8 12 36 40
2358 8 12 40 44
2359 8 12 44 48
2360 44 48 47 45
2361 44 48 45 40
2362 44 48 40 36
2363 44 48 36 32
2364 44 48 32 28
2365 44 48 28 24
2366 44 48 24 20
2367 44 48 20 16
2368 44 48 16 12
2369 44 48 12 8
2370 8 13 9 12
2371 8 13 12 18
2372 8 13 18 23
2373 8 13 23 28
2374 8 13 28 33
2375 8 13 33 38
2376 8 13 38 43
2377 8 13 43 48
2378 8 13 48 53
2379 8 13 53 58
2380 53 58 57 54
2381 53 58 54 48
2382 53 58 48 43
2383 53 58 43 38
2384 53 58 38 33
2385 53 58 33 28
2386 53 58 28 23
2387 53 58 23 18
2388 53 58 18 13
2389 53 58 13 8
2390 8 14 9 13
2391 8 14 13 20
2392 8 14 20 26
2393 8 14 26 32
2394 8 14 32 38
2395 8 14 38 44
2396 8 14 44 50
2397 8 14 50 56
2398 8 14 56 62
2399 8 14 62 68
2400 62 68 67 63
2401 62 68 63 56
2402 62 68 56 50
2403 62 68 50 44
2404 62 68 44 38
2405 62 68 38 32
2406 62 68 32 26
2407 62 68 26 20
2408 62 68 20 14
2409 62 68 14 8
2410 8 44 10 42
2411 8 44 42 12
2412 8 44 12 40
2413 8 44 40 14
2414 8 44 14 38
2415 8 44 38 16
2416 8 44 16 36
2417 8 44 36 18
2418 8 44 18 34
2419 8 44 34 20
2420 8 46 10 44
2421 8 46 44 12
2422 8 46 12 42
2423 8 46 42 14
2424 8 46 14 40
2425 8 46 40 16
2426 8 46 16 38
2427 8 46 38 18
2428 8 46 18 36
2429 8 46 36 20
2430 8 48 11 45
2431 8 48 45 14
2432 8 48 14 42
2433 8 48 42 17
2434 8 48 17 39
2435 8 48 39 20
2436 8 48 20 36
2437 8 48 36 23
2438 8 48 23 33
2439 8 48 33 26
2440 8 50 11 47
2441 8 50 47 14
2442 8 50 14 44
2443 8 50 44 17
2444 8 50 17 41
2445 8 50 41 20
2446 8 50 20 38
2447 8 50 38 23
2448 8 50 23 35
2449 8 50 35 26
2450 8 52 11 49
2451 8 52 49 14
2452 8 52 14 46
2453 8 52 46 17
2454 8 52 17 43
2455 8 52 43 20
2456 8 52 20 40
2457 8 52 40 23
2458 8 52 23 37
2459 8 52 37 26
2460 8 54 11 51
2461 8 54 51 14
2462 8 54 14 48
2463 8 54 48 17
2464 8 54 17 45
2465 8 54 45 20
2466 8 54 20 42
2467 8 54 42 23
2468 8 54 23 39
2469 8 54 39 26
2470 8 56 11 53
2471 8 56 53 14
2472 8 56 14 50
2473 8 56 50 17
2474 8 56 17 47
2475 8 56 47 20
2476 8 56 20 44
2477 8 56 44 23
2478 8 56 23 41
2479 8 56 41 26
2480 8 58 11 55
2481 8 58 55 14
2482 8 58 14 52
2483 8 58 52 17
2484 8 58 17 49
2485 8 58 49 20
2486 8 58 20 46
2487 8 58 46 23
2488 8 58 23 43
2489 8 58 43 26
2490 8 60 11 57
2491 8 60 57 14
2492 8 60 14 54
2493 8 60 54 17
2494 8 60 17 51
2495 8 60 51 20
2496 8 60 20 48
2497 8 60 48 23
2498 8 60 23 45
2499 8 60 45 26
2500 8 62 11 59
2501 8 62 59 14
2502 8 62 14 56
2503 8 62 56 17
2504 8 62 17 53
2505 8 62 53 20
2506 8 62 20 50
2507 8 62 50 23
2508 8 62 23 47
2509 8 62 47 26
2510 8 64 12 60
2511 8 64 60 16
2512 8 64 16 56
2513 8 64 56 20
2514 8 64 20 52
2515 8 64 52 24
2516 8 64 24 48
2517 8 64 48 28
2518 8 64 28 44
2519 8 64 44 32
2520 8 66 12 62
2521 8 66 62 16
2522 8 66 16 58
2523 8 66 58 20
2524 8 66 20 54
2525 8 66 54 24
2526 8 66 24 50
2527 8 66 50 28
2528 8 66 28 46
2529 8 66 46 32
2530 8 68 12 64
2531 8 68 64 16
2532 8 68 16 60
2533 8 68 60 20
2534 8 68 20 56
2535 8 68 56 24
2536 8 68 24 52
2537 8 68 52 28
2538 8 68 28 48
2539 8 68 48 32
2540 8 70 12 66
2541 8 70 66 16
2542 8 70 16 62
2543 8 70 62 20
2544 8 70 20 58
2545 8 70 58 24
2546 8 70 24 54
2547 8 70 54 28
2548 8 70 28 50
2549 8 70 50 32
2550 8 72 12 68
2551 8 72 68 16
2552 8 72 16 64
2553 8 72 64 20
2554 8 72 20 60
2555 8 72 60 24
2556 8 72 24 56
2557 8 72 56 28
2558 8 72 28 52
2559 8 72 52 32
2560 9 10 11 12
2561 9 10 12 13
2562 9 10 13 14
2563 9 10 14 15
2564 9 10 15 16
2565 9 10 16 17
2566 9 10 17 18
2567 9 10 18 19
2568 9 10 19 20
2569 9 10 20 21
2570 20 21 22 23
2571 20 21 23 24
2572 20 21 24 25
2573 20 21 25 26
2574 20 21 26 27
2575 20 21 27 28
2576 20 21 28 29
2577 20 21 29 30
2578 20 21 30 31
2579 20 21 31 32
2580 20 21 19 18
2581 20 21 18 17
2582 20 21 17 16
2583 20 21 16 15
2584 20 21 15 14
2585 20 21 14 13
2586 20 21 13 12
2587 20 21 12 11
2588 20 21 11 10
2589 20 21 10 9
2590 9 11 13 15
2591 9 11 15 17
2592 9 11 17 19
2593 9 11 19 21
2594 9 11 21 23
2595 9 11 23 25
2596 9 11 25 27
2597 9 11 27 29
2598 9 11 29 31
2599 9 11 31 33
2600 31 33 35 37
2601 31 33 37 39
2602 31 33 39 41
2603 31 33 41 43
2604 31 33 43 45
2605 31 33 45 47
2606 31 33 47 49
2607 31 33 49 51
2608 31 33 51 53
2609 31 33 53 55
2610 31 33 29 27
2611 31 33 27 25
2612 31 33 25 23
2613 31 33 23 21
2614 31 33 21 19
2615 31 33 19 17
2616 31 33 17 15
2617 31 33 15 13
2618 31 33 13 11
2619 31 33 11 9
2620 9 12 10 11
2621 9 12 11 15
2622 9 12 15 18
2623 9 12 18 21
2624 9 12 21 24
2625 9 12 24 27
2626 9 12 27 30
2627 9 12 30 33
2628 9 12 33 36
2629 9 12 36 39
2630 36 39 37 38
2631 36 39 38 42
2632 36 39 42 45
2633 36 39 45 48
2634 36 39 48 51
2635 36 39 51 54
2636 36 39 54 57
2637 36 39 57 60
2638 36 39 60 63
2639 36 39 63 66
2640 36 39 38 37
2641 36 39 37 33
2642 36 39 33 30
2643 36 39 30 27
2644 36 39 27 24
2645 36 39 24 21
2646 36 39 21 18
2647 36 39 18 15
2648 36 39 15 12
2649 36 39 12 9
2650 9 13 10 12
2651 9 13 12 17
2652 9 13 17 21
2653 9 13 21 25
2654 9 13 25 29
2655 9 13 29 33
2656 9 13 33 37
2657 9 13 37 41
2658 9 13 41 45
2659 9 13 45 49
2660 45 49 48 46
2661 45 49 46 41
2662 45 49 41 37
2663 45 49 37 33
2664 45 49 33 29
2665 45 49 29 25
2666 45 49 25 21
2667 45 49 21 17
2668 45 49 17 13
2669 45 49 13 9
2670 9 14 10 13
2671 9 14 13 19
2672 9 14 19 24
2673 9 14 24 29
2674 9 14 29 34
2675 9 14 34 39
2676 9 14 39 44
2677 9 14 44 49
2678 9 14 49 54
2679 9 14 54 59
2680 54 59 58 55
2681 54 59 55 49
2682 54 59 49 44
2683 54 59 44 39
2684 54 59 39 34
2685 54 59 34 29
2686 54 59 29 24
2687 54 59 24 19
2688 54 59 19 14
2689 54 59 14 9
2690 9 15 10 14
2691 9 15 14 21
2692 9 15 21 27
2693 9 15 27 33
2694 9 15 33 39
2695 9 15 39 45
2696 9 15 45 51
2697 9 15 51 57
2698 9 15 57 63
2699 9 15 63 69
2700 63 69 68 64
2701 63 69 64 57
2702 63 69 57 51
2703 63 69 51 45
2704 63 69 45 39
2705 63 69 39 33
2706 63 69 33 27
2707 63 69 27 21
2708 63 69 21 15
2709 63 69 15 9
2710 9 45 11 43
2711 9 45 43 13
2712 9 45 13 41
2713 9 45 41 15
2714 9 45 15 39
2715 9 45 39 17
2716 9 45 17 37
2717 9 45 37 19
2718 9 45 19 35
2719 9 45 35 21
2720 9 47 11 45
2721 9 47 45 13
2722 9 47 13 43
2723 9 47 43 15
2724 9 47 15 41
2725 9 47 41 17
2726 9 47 17 39
2727 9 47 39 19
2728 9 47 19 37
2729 9 47 37 21
2730 9 49 12 46
2731 9 49 46 15
2732 9 49 15 43
2733 9 49 43 18
2734 9 49 18 40
2735 9 49 40 21
2736 9 49 21 37
2737 9 49 37 24
2738 9 49 24 34
2739 9 49 34 27
2740 9 51 12 48
2741 9 51 48 15
2742 9 51 15 45
2743 9 51 45 18
2744 9 51 18 42
2745 9 51 42 21
2746 9 51 21 39
2747 9 51 39 24
2748 9 51 24 36
2749 9 51 36 27
2750 9 53 12 50
2751 9 53 50 15
2752 9 53 15 47
2753 9 53 47 18
2754 9 53 18 44
2755 9 53 44 21
2756 9 53 21 41
2757 9 53 41 24
2758 9 53 24 38
2759 9 53 38 27
2760 9 55 12 52
2761 9 55 52 15
2762 9 55 15 49
2763 9 55 49 18
2764 9 55 18 46
2765 9 55 46 21
2766 9 55 21 43
2767 9 55 43 24
2768 9 55 24 40
2769 9 55 40 27
2770 9 57 12 54
2771 9 57 54 15
2772 9 57 15 51
2773 9 57 51 18
2774 9 57 18 48
2775 9 57 48 21
2776 9 57 21 45
2777 9 57 45 24
2778 9 57 24 42
2779 9 57 42 27
2780 9 59 12 56
2781 9 59 56 15
2782 9 59 15 53
2783 9 59 53 18
2784 9 59 18 50
2785 9 59 50 21
2786 9 59 21 47
2787 9 59 47 24
2788 9 59 24 44
2789 9 59 44 27
2790 9 61 12 58
2791 9 61 58 15
2792 9 61 15 55
2793 9 61 55 18
2794 9 61 18 52
2795 9 61 52 21
2796 9 61 21 49
2797 9 61 49 24
2798 9 61 24 46
2799 9 61 46 27
2800 9 63 12 60
2801 9 63 60 15
2802 9 63 15 57
2803 9 63 57 18
2804 9 63 18 54
2805 9 63 54 21
2806 9 63 21 51
2807 9 63 51 24
2808 9 63 24 48
2809 9 63 48 27
2810 9 65 13 61
2811 9 65 61 17
2812 9 65 17 57
2813 9 65 57 21
2814 9 65 21 53
2815 9 65 53 25
2816 9 65 25 49
2817 9 65 49 29
2818 9 65 29 45
2819 9 65 45 33
2820 9 67 13 63
2821 9 67 63 17
2822 9 67 17 59
2823 9 67 59 21
2824 9 67 21 55
2825 9 67 55 25
2826 9 67 25 51
2827 9 67 51 29
2828 9 67 29 47
2829 9 67 47 33
2830 9 69 13 65
2831 9 69 65 17
2832 9 69 17 61
2833 9 69 61 21
2834 9 69 21 57
2835 9 69 57 25
2836 9 69 25 53
2837 9 69 53 29
2838 9 69 29 49
2839 9 69 49 33
2840 9 71 13 67
2841 9 71 67 17
2842 9 71 17 63
2843 9 71 63 21
2844 9 71 21 59
2845 9 71 59 25
2846 9 71 25 55
2847 9 71 55 29
2848 9 71 29 51
2849 9 71 51 33
2850 10 11 12 13
2851 10 11 13 14
2852 10 11 14 15
2853 10 11 15 16
2854 10 11 16 17
2855 10 11 17 18
2856 10 11 18 19
2857 10 11 19 20
2858 10 11 20 21
2859 10 11 21 22
2860 21 22 23 24
2861 21 22 24 25
2862 21 22 25 26
2863 21 22 26 27
2864 21 22 27 28
2865 21 22 28 29
2866 21 22 29 30
2867 21 22 30 31
2868 21 22 31 32
2869 21 22 32 33
2870 21 22 20 19
2871 21 22 19 18
2872 21 22 18 17
2873 21 22 17 16
2874 21 22 16 15
2875 21 22 15 14
2876 21 22 14 13
2877 21 22 13 12
2878 21 22 12 11
2879 21 22 11 10
2880 10 12 14 16
2881 10 12 16 18
2882 10 12 18 20
2883 10 12 20 22
2884 10 12 22 24
2885 10 12 24 26
2886 10 12 26 28
2887 10 12 28 30
2888 10 12 30 32
2889 10 12 32 34
2890 32 34 36 38
2891 32 34 38 40
2892 32 34 40 42
2893 32 34 42 44
2894 32 34 44 46
2895 32 34 46 48
2896 32 34 48 50
2897 32 34 50 52
2898 32 34 52 54
2899 32 34 54 56
2900 32 34 30 28
2901 32 34 28 26
2902 32 34 26 24
2903 32 34 24 22
2904 32 34 22 20
2905 32 34 20 18
2906 32 34 18 16
2907 32 34 16 14
2908 32 34 14 12
2909 32 34 12 10
2910 10 13 11 12
2911 10 13 12 16
2912 10 13 16 19
2913 10 13 19 22
2914 10 13 22 25
2915 10 13 25 28
2916 10 13 28 31
2917 10 13 31 34
2918 10 13 34 37
2919 10 13 37 40
2920 37 40 38 39
2921 37 40 39 43
2922 37 40 43 46
2923 37 40 46 49
2924 37 40 49 52
2925 37 40 52 55
2926 37 40 55 58
2927 37 40 58 61
2928 37 40 61 64
2929 37 40 64 67
2930 37 40 39 38
2931 37 40 38 34
2932 37 40 34 31
2933 37 40 31 28
2934 37 40 28 25
2935 37 40 25 22
2936 37 40 22 19
2937 37 40 19 16
2938 37 40 16 13
2939 37 40 13 10
2940 10 14 11 13
2941 10 14 13 18
2942 10 14 18 22
2943 10 14 22 26
2944 10 14 26 30
2945 10 14 30 34
2946 10 14 34 38
2947 10 14 38 42
2948 10 14 42 46
2949 10 14 46 50
2950 46 50 49 47
2951 46 50 47 42
2952 46 50 42 38
2953 46 50 38 34
2954 46 50 34 30
2955 46 50 30 26
2956 46 50 26 22
2957 46 50 22 18
2958 46 50 18 14
2959 46 50 14 10
2960 10 15 11 14
2961 10 15 14 20
2962 10 15 20 25
2963 10 15 25 30
2964 10 15 30 35
2965 10 15 35 40
2966 10 15 40 45
2967 10 15 45 50
2968 10 15 50 55
2969 10 15 55 60
2970 55 60 59 56
2971 55 60 56 50
2972 55 60 50 45
2973 55 60 45 40
2974 55 60 40 35
2975 55 60 35 30
2976 55 60 30 25
2977 55 60 25 20
2978 55 60 20 15
2979 55 60 15 10
2980 10 16 11 15
2981 10 16 15 22
2982 10 16 22 28
2983 10 16 28 34
2984 10 16 34 40
2985 10 16 40 46
2986 10 16 46 52
2987 10 16 52 58
2988 10 16 58 64
2989 10 16 64 70
2990 64 70 69 65
2991 64 70 65 58
2992 64 70 58 52
2993 64 70 52 46
2994 64 70 46 40
2995 64 70 40 34
2996 64 70 34 28
2997 64 70 28 22
2998 64 70 22 16
2999 64 70 16 10
3000 10 46 12 44
3001 10 46 44 14
3002 10 46 14 42
3003 10 46 42 16
3004 10 46 16 40
3005 10 46 40 18
3006 10 46 18 38
3007 10 46 38 20
3008 10 46 20 36
3009 10 46 36 22
3010 10 48 12 46
3011 10 48 46 14
3012 10 48 14 44
3013 10 48 44 16
3014 10 48 16 42
3015 10 48 42 18
3016 10 48 18 40
3017 10 48 40 20
3018 10 48 20 38
3019 10 48 38 22
3020 10 50 13 47
3021 10 50 47 16
3022 10 50 16 44
3023 10 50 44 19
3024 10 50 19 41
3025 10 50 41 22
3026 10 50 22 38
3027 10 50 38 25
3028 10 50 25 35
3029 10 50 35 28
3030 10 52 13 49
3031 10 52 49 16
3032 10 52 16 46
3033 10 52 46 19
3034 10 52 19 43
3035 10 52 43 22
3036 10 52 22 40
3037 10 52 40 25
3038 10 52 25 37
3039 10 52 37 28
3040 10 54 13 51
3041 10 54 51 16
3042 10 54 16 48
3043 10 54 48 19
3044 10 54 19 45
3045 10 54 45 22
3046 10 54 22 42
3047 10 54 42 25
3048 10 54 25 39
3049 10 54 39 28
3050 10 56 13 53
3051 10 56 53 16
3052 10 56 16 50
3053 10 56 50 19
3054 10 56 19 47
3055 10 56 47 22
3056 10 56 22 44
3057 10 56 44 25
3058 10 56 25 41
3059 10 56 41 28
3060 10 58 13 55
3061 10 58 55 16
3062 10 58 16 52
3063 10 58 52 19
3064 10 58 19 49
3065 10 58 49 22
3066 10 58 22 46
3067 10 58 46 25
3068 10 58 25 43
3069 10 58 43 28
3070 10 60 13 57
3071 10 60 57 16
3072 10 60 16 54
3073 10 60 54 19
3074 10 60 19 51
3075 10 60 51 22
3076 10 60 22 48
3077 10 60 48 25
3078 10 60 25 45
3079 10 60 45 28
3080 10 62 13 59
3081 10 62 59 16
3082 10 62 16 56
3083 10 62 56 19
3084 10 62 19 53
3085 10 62 53 22
3086 10 62 22 50
3087 10 62 50 25
3088 10 62 25 47
3089 10 62 47 28
3090 10 64 13 61
3091 10 64 61 16
3092 10 64 16 58
3093 10 64 58 19
3094 10 64 19 55
3095 10 64 55 22
3096 10 64 22 52
3097 10 64 52 25
3098 10 64 25 49
3099 10 64 49 28
3100 10 66 14 62
3101 10 66 62 18
3102 10 66 18 58
3103 10 66 58 22
3104 10 66 22 54
3105 10 66 54 26
3106 10 66 26 50
3107 10 66 50 30
3108 10 66 30 46
3109 10 66 46 34
3110 10 68 14 64
3111 10 68 64 18
3112 10 68 18 60
3113 10 68 60 22
3114 10 68 22 56
3115 10 68 56 26
3116 10 68 26 52
3117 10 68 52 30
3118 10 68 30 48
3119 10 68 48 34
3120 10 70 14 66
3121 10 70 66 18
3122 10 70 18 62
3123 10 70 62 22
3124 10 70 22 58
3125 10 70 58 26
3126 10 70 26 54
3127 10 70 54 30
3128 10 70 30 50
3129 10 70 50 34
3130 10 72 14 68
3131 10 72 68 18
3132 10 72 18 64
3133 10 72 64 22
3134 10 72 22 60
3135 10 72 60 26
3136 10 72 26 56
3137 10 72 56 30
3138 10 72 30 52
3139 10 72 52 34
3140 11 12 13 14
3141 11 12 14 15
3142 11 12 15 16
3143 11 12 16 17
3144 11 12 17 18
3145 11 12 18 19
3146 11 12 19 20
3147 11 12 20 21
3148 11 12 21 22
3149 11 12 22 23
3150 22 23 24 25
3151 22 23 25 26
3152 22 23 26 27
3153 22 23 27 28
3154 22 23 28 29
3155 22 23 29 30
3156 22 23 30 31
3157 22 23 31 32
3158 22 23 32 33
3159 22 23 33 34
3160 22 23 21 20
3161 22 23 20 19
3162 22 23 19 18
3163 22 23 18 17
3164 22 23 17 16
3165 22 23 16 15
3166 22 23 15 14
3167 22 23 14 13
3168 22 23 13 12
3169 22 23 12 11
3170 11 13 15 17
3171 11 13 17 19
3172 11 13 19 21
3173 11 13 21 23
3174 11 13 23 25
3175 11 13 25 27
3176 11 13 27 29
3177 11 13 29 31
3178 11 13 31 33
3179 11 13 33 35
3180 33 35 37 39
3181 33 35 39 41
3182 33 35 41 43
3183 33 35 43 45
3184 33 35 45 47
3185 33 35 47 49
3186 33 35 49 51
3187 33 35 51 53
3188 33 35 53 55
3189 33 35 55 57
3190 33 35 31 29
3191 33 35 29 27
3192 33 35 27 25
3193 33 35 25 23
3194 33 35 23 21
3195 33 35 21 19
3196 33 35 19 17
3197 33 35 17 15
3198 33 35 15 13
3199 33 35 13 11
3200 11 14 12 13
3201 11 14 13 17
3202 11 14 17 20
3203 11 14 20 23
3204 11 14 23 26
3205 11 14 26 29
3206 11 14 29 32
3207 11 14 32 35
3208 11 14 35 38
3209 11 14 38 41
3210 38 41 39 40
3211 38 41 40 44
3212 38 41 44 47
3213 38 41 47 50
3214 38 41 50 53
3215 38 41 53 56
3216 38 41 56 59
3217 38 41 59 62
3218 38 41 62 65
3219 38 41 65 68
3220 38 41 40 39
3221 38 41 39 35
3222 38 41 35 32
3223 38 41 32 29
3224 38 41 29 26
3225 38 41 26 23
3226 38 41 23 20
3227 38 41 20 17
3228 38 41 17 14
3229 38 41 14 11
3230 11 15 12 14
3231 11 15 14 19
3232 11 15 19 23
3233 11 15 23 27
3234 11 15 27 31
3235 11 15 31 35
3236 11 15 35 39
3237 11 15 39 43
3238 11 15 43 47
3239 11 15 47 51
3240 47 51 50 48
3241 47 51 48 43
3242 47 51 43 39
3243 47 51 39 35
3244 47 51 35 31
3245 47 51 31 27
3246 47 51 27 23
3247 47 51 23 19
3248 47 51 19 15
3249 47 51 15 11
3250 11 16 12 15
3251 11 16 15 21
3252 11 16 21 26
3253 11 16 26 31
3254 11 16 31 36
3255 11 16 36 41
3256 11 16 41 46
3257 11 16 46 51
3258 11 16 51 56
3259 11 16 56 61
3260 56 61 60 57
3261 56 61 57 51
3262 56 61 51 46
3263 56 61 46 41
3264 56 61 41 36
3265 56 61 36 31
3266 56 61 31 26
3267 56 61 26 21
3268 56 61 21 16
3269 56 61 16 11
3270 11 17 12 16
3271 11 17 16 23
3272 11 17 23 29
3273 11 17 29 35
3274 11 17 35 41
3275 11 17 41 47
3276 11 17 47 53
3277 11 17 53 59
3278 11 17 59 65
3279 11 17 65 71
3280 65 71 70 66
3281 65 71 66 59
3282 65 71 59 53
3283 65 71 53 47
3284 65 71 47 41
3285 65 71 41 35
3286 65 71 35 29
3287 65 71 29 23
3288 65 71 23 17
3289 65 71 17 11
3290 11 47 13 45
3291 11 47 45 15
3292 11 47 15 43
3293 11 47 43 17
3294 11 47 17 41
3295 11 47 41 19
3296 11 47 19 39
3297 11 47 39 21
3298 11 47 21 37
3299 11 47 37 23
3300 11 49 13 47
3301 11 49 47 15
3302 11 49 15 45
3303 11 49 45 17
3304 11 49 17 43
3305 11 49 43 19
3306 11 49 19 41
3307 11 49 41 21
3308 11 49 21 39
3309 11 49 39 23
3310 11 51 14 48
3311 11 51 48 17
3312 11 51 17 45
3313 11 51 45 20
3314 11 51 20 42
3315 11 51 42 23
3316 11 51 23 39
3317 11 51 39 26
3318 11 51 26 36
3319 11 51 36 29
3320 11 53 14 50
3321 11 53 50 17
3322 11 53 17 47
3323 11 53 47 20
3324 11 53 20 44
3325 11 53 44 23
3326 11 53 23 41
3327 11 53 41 26
3328 11 53 26 38
3329 11 53 38 29
3330 11 55 14 52
3331 11 55 52 17
3332 11 55 17 49
3333 11 55 49 20
3334 11 55 20 46
3335 11 55 46 23
3336 11 55 23 43
3337 11 55 43 26
3338 11 55 26 40
3339 11 55 40 29
3340 11 57 14 54
3341 11 57 54 17
3342 11 57 17 51
3343 11 57 51 20
3344 11 57 20 48
3345 11 57 48 23
3346 11 57 23 45
3347 11 57 45 26
3348 11 57 26 42
3349 11 57 42 29
3350 11 59 14 56
3351 11 59 56 17
3352 11 59 17 53
3353 11 59 53 20
3354 11 59 20 50
3355 11 59 50 23
3356 11 59 23 47
3357 11 59 47 26
3358 11 59 26 44
3359 11 59 44 29
3360 11 61 14 58
3361 11 61 58 17
3362 11 61 17 55
3363 11 61 55 20
3364 11 61 20 52
3365 11 61 52 23
3366 11 61 23 49
3367 11 61 49 26
3368 11 61 26 46
3369 11 61 46 29
3370 11 63 14 60
3371 11 63 60 17
3372 11 63 17 57
3373 11 63 57 20
3374 11 63 20 54
3375 11 63 54 23
3376 11 63 23 51
3377 11 63 51 26
3378 11 63 26 48
3379 11 63 48 29
3380 11 65 14 62
3381 11 65 62 17
3382 11 65 17 59
3383 11 65 59 20
3384 11 65 20 56
3385 11 65 56 23
3386 11 65 23 53
3387 11 65 53 26
3388 11 65 26 50
3389 11 65 50 29
3390 11 67 15 63
3391 11 67 63 19
3392 11 67 19 59
3393 11 67 59 23
3394 11 67 23 55
3395 11 67 55 27
3396 11 67 27 51
3397 11 67 51 31
3398 11 67 31 47
3399 11 67 47 35
3400 11 69 15 65
3401 11 69 65 19
3402 11 69 19 61
3403 11 69 61 23
3404 11 69 23 57
3405 11 69 57 27
3406 11 69 27 53
3407 11 69 53 31
3408 11 69 31 49
3409 11 69 49 35
3410 11 71 15 67
3411 11 71 67 19
3412 11 71 19 63
3413 11 71 63 23
3414 11 71 23 59
3415 11 71 59 27
3416 11 71 27 55
3417 11 71 55 31
3418 11 71 31 51
3419 11 71 51 35
3420 23 24 25 26
3421 23 24 26 27
3422 23 24 27 28
3423 23 24 28 29
3424 23 24 29 30
3425 23 24 30 31
3426 23 24 31 32
3427 23 24 32 33
3428 23 24 33 34
3429 23 24 34 35
3430 23 24 22 21
3431 23 24 21 20
3432 23 24 20 19
3433 23 24 19 18
3434 23 24 18 17
3435 23 24 17 16
3436 23 24 16 15
3437 23 24 15 14
3438 23 24 14 13
3439 23 24 13 12
3440 12 14 16 18
3441 12 14 18 20
3442 12 14 20 22
3443 12 14 22 24
3444 12 14 24 26
3445 12 14 26 28
3446 12 14 28 30
3447 12 14 30 32
3448 12 14 32 34
3449 12 14 34 36
3450 34 36 38 40
3451 34 36 40 42
3452 34 36 42 44
3453 34 36 44 46
3454 34 36 46 48
3455 34 36 48 50
3456 34 36 50 52
3457 34 36 52 54
3458 34 36 54 56
3459 34 36 56 58
3460 34 36 32 30
3461 34 36 30 28
3462 34 36 28 26
3463 34 36 26 24
3464 34 36 24 22
3465 34 36 22 20
3466 34 36 20 18
3467 34 36 18 16
3468 34 36 16 14
3469 34 36 14 12
3470 12 15 13 14
3471 12 15 14 18
3472 12 15 18 21
3473 12 15 21 24
3474 12 15 24 27
3475 12 15 27 30
3476 12 15 30 33
3477 12 15 33 36
3478 12 15 36 39
3479 12 15 39 42
3480 39 42 40 41
3481 39 42 41 45
3482 39 42 45 48
3483 39 42 48 51
3484 39 42 51 54
3485 39 42 54 57
3486 39 42 57 60
3487 39 42 60 63
3488 39 42 63 66
3489 39 42 66 69
3490 39 42 41 40
3491 39 42 40 36
3492 39 42 36 33
3493 39 42 33 30
3494 39 42 30 27
3495 39 42 27 24
3496 39 42 24 21
3497 39 42 21 18
3498 39 42 18 15
3499 39 42 15 12
3500 12 16 13 15
3501 12 16 15 20
3502 12 16 20 24
3503 12 16 24 28
3504 12 16 28 32
3505 12 16 32 36
3506 12 16 36 40
3507 12 16 40 44
3508 12 16 44 48
3509 12 16 48 52
3510 48 52 51 49
3511 48 52 49 44
3512 48 52 44 40
3513 48 52 40 36
3514 48 52 36 32
3515 48 52 32 28
3516 48 52 28 24
3517 48 52 24 20
3518 48 52 20 16
3519 48 52 16 12
3520 12 17 13 16
3521 12 17 16 22
3522 12 17 22 27
3523 12 17 27 32
3524 12 17 32 37
3525 12 17 37 42
3526 12 17 42 47
3527 12 17 47 52
3528 12 17 52 57
3529 12 17 57 62
3530 57 62 61 58
3531 57 62 58 52
3532 57 62 52 47
3533 57 62 47 42
3534 57 62 42 37
3535 57 62 37 32
3536 57 62 32 27
3537 57 62 27 22
3538 57 62 22 17
3539 57 62 17 12
3540 12 18 13 17
3541 12 18 17 24
3542 12 18 24 30
3543 12 18 30 36
3544 12 18 36 42
3545 12 18 42 48
3546 12 18 48 54
3547 12 18 54 60
3548 12 18 60 66
3549 12 18 66 72
3550 66 72 71 67
3551 66 72 67 60
3552 66 72 60 54
3553 66 72 54 48
3554 66 72 48 42
3555 66 72 42 36
3556 66 72 36 30
3557 66 72 30 24
3558 66 72 24 18
3559 66 72 18 12
3560 12 48 14 46
3561 12 48 46 16
3562 12 48 16 44
3563 12 48 44 18
3564 12 48 18 42
3565 12 48 42 20
3566 12 48 20 40
3567 12 48 40 22
3568 12 48 22 38
3569 12 48 38 24
3570 12 50 14 48
3571 12 50 48 16
3572 12 50 16 46
3573 12 50 46 18
3574 12 50 18 44
3575 12 50 44 20
3576 12 50 20 42
3577 12 50 42 22
3578 12 50 22 40
3579 12 50 40 24
3580 12 52 15 49
3581 12 52 49 18
3582 12 52 18 46
3583 12 52 46 21
3584 12 52 21 43
3585 12 52 43 24
3586 12 52 24 40
3587 12 52 40 27
3588 12 52 27 37
3589 12 52 37 30
3590 12 54 15 51
3591 12 54 51 18
3592 12 54 18 48
3593 12 54 48 21
3594 12 54 21 45
3595 12 54 45 24
3596 12 54 24 42
3597 12 54 42 27
3598 12 54 27 39
3599 12 54 39 30
3600 12 56 15 53
3601 12 56 53 18
3602 12 56 18 50
3603 12 56 50 21
3604 12 56 21 47
3605 12 56 47 24
3606 12 56 24 44
3607 12 56 44 27
3608 12 56 27 41
3609 12 56 41 30
3610 12 58 15 55
3611 12 58 55 18
3612 12 58 18 52
3613 12 58 52 21
3614 12 58 21 49
3615 12 58 49 24
3616 12 58 24 46
3617 12 58 46 27
3618 12 58 27 43
3619 12 58 43 30
3620 12 60 15 57
3621 12 60 57 18
3622 12 60 18 54
3623 12 60 54 21
3624 12 60 21 51
3625 12 60 51 24
3626 12 60 24 48
3627 12 60 48 27
3628 12 60 27 45
3629 12 60 45 30
3630 12 62 15 59
3631 12 62 59 18
3632 12 62 18 56
3633 12 62 56 21
3634 12 62 21 53
3635 12 62 53 24
3636 12 62 24 50
3637 12 62 50 27
3638 12 62 27 47
3639 12 62 47 30
3640 12 64 15 61
3641 12 64 61 18
3642 12 64 18 58
3643 12 64 58 21
3644 12 64 21 55
3645 12 64 55 24
3646 12 64 24 52
3647 12 64 52 27
3648 12 64 27 49
3649 12 64 49 30
3650 12 66 15 63
3651 12 66 63 18
3652 12 66 18 60
3653 12 66 60 21
3654 12 66 21 57
3655 12 66 57 24
3656 12 66 24 54
3657 12 66 54 27
3658 12 66 27 51
3659 12 66 51 30
3660 12 68 16 64
3661 12 68 64 20
3662 12 68 20 60
3663 12 68 60 24
3664 12 68 24 56
3665 12 68 56 28
3666 12 68 28 52
3667 12 68 52 32
3668 12 68 32 48
3669 12 68 48 36
3670 12 70 16 66
3671 12 70 66 20
3672 12 70 20 62
3673 12 70 62 24
3674 12 70 24 58
3675 12 70 58 28
3676 12 70 28 54
3677 12 70 54 32
3678 12 70 32 50
3679 12 70 50 36
3680 12 72 16 68
3681 12 72 68 20
3682 12 72 20 64
3683 12 72 64 24
3684 12 72 24 60
3685 12 72 60 28
3686 12 72 28 56
3687 12 72 56 32
3688 12 72 32 52
3689 12 72 52 36
3690 24 25 26 27
3691 24 25 27 28
3692 24 25 28 29
3693 24 25 29 30
3694 24 25 30 31
3695 24 25 31 32
3696 24 25 32 33
3697 24 25 33 34
3698 24 25 34 35
3699 24 25 35 36
3700 24 25 23 22
3701 24 25 22 21
3702 24 25 21 20
3703 24 25 20 19
3704 24 25 19 18
3705 24 25 18 17
3706 24 25 17 16
3707 24 25 16 15
3708 24 25 15 14
3709 24 25 14 13
3710 13 15 17 19
3711 13 15 19 21
3712 13 15 21 23
3713 13 15 23 25
3714 13 15 25 27
3715 13 15 27 29
3716 13 15 29 31
3717 13 15 31 33
3718 13 15 33 35
3719 13 15 35 37
3720 35 37 39 41
3721 35 37 41 43
3722 35 37 43 45
3723 35 37 45 47
3724 35 37 47 49
3725 35 37 49 51
3726 35 37 51 53
3727 35 37 53 55
3728 35 37 55 57
3729 35 37 57 59
3730 35 37 33 31
3731 35 37 31 29
3732 35 37 29 27
3733 35 37 27 25
3734 35 37 25 23
3735 35 37 23 21
3736 35 37 21 19
3737 35 37 19 17
3738 35 37 17 15
3739 35 37 15 13
3740 13 16 14 15
3741 13 16 15 19
3742 13 16 19 22
3743 13 16 22 25
3744 13 16 25 28
3745 13 16 28 31
3746 13 16 31 34
3747 13 16 34 37
3748 13 16 37 40
3749 13 16 40 43
3750 40 43 41 42
3751 40 43 42 46
3752 40 43 46 49
3753 40 43 49 52
3754 40 43 52 55
3755 40 43 55 58
3756 40 43 58 61
3757 40 43 61 64
3758 40 43 64 67
3759 40 43 67 70
3760 40 43 42 41
3761 40 43 41 37
3762 40 43 37 34
3763 40 43 34 31
3764 40 43 31 28
3765 40 43 28 25
3766 40 43 25 22
3767 40 43 22 19
3768 40 43 19 16
3769 40 43 16 13
3770 13 17 14 16
3771 13 17 16 21
3772 13 17 21 25
3773 13 17 25 29
3774 13 17 29 33
3775 13 17 33 37
3776 13 17 37 41
3777 13 17 41 45
3778 13 17 45 49
3779 13 17 49 53
3780 49 53 52 50
3781 49 53 50 45
3782 49 53 45 41
3783 49 53 41 37
3784 49 53 37 33
3785 49 53 33 29
3786 49 53 29 25
3787 49 53 25 21
3788 49 53 21 17
3789 49 53 17 13
3790 13 18 14 17
3791 13 18 17 23
3792 13 18 23 28
3793 13 18 28 33
3794 13 18 33 38
3795 13 18 38 43
3796 13 18 43 48
3797 13 18 48 53
3798 13 18 53 58
3799 13 18 58 63
3800 58 63 62 59
3801 58 63 59 53
3802 58 63 53 48
3803 58 63 48 43
3804 58 63 43 38
3805 58 63 38 33
3806 58 63 33 28
3807 58 63 28 23
3808 58 63 23 18
3809 58 63 18 13
3810 13 49 15 47
3811 13 49 47 17
3812 13 49 17 45
3813 13 49 45 19
3814 13 49 19 43
3815 13 49 43 21
3816 13 49 21 41
3817 13 49 41 23
3818 13 49 23 39
3819 13 49 39 25
3820 13 51 15 49
3821 13 51 49 17
3822 13 51 17 47
3823 13 51 47 19
3824 13 51 19 45
3825 13 51 45 21
3826 13 51 21 43
3827 13 51 43 23
3828 13 51 23 41
3829 13 51 41 25
3830 13 53 16 50
3831 13 53 50 19
3832 13 53 19 47
3833 13 53 47 22
3834 13 53 22 44
3835 13 53 44 25
3836 13 53 25 41
3837 13 53 41 28
3838 13 53 28 38
3839 13 53 38 31
3840 13 55 16 52
3841 13 55 52 19
3842 13 55 19 49
3843 13 55 49 22
3844 13 55 22 46
3845 13 55 46 25
3846 13 55 25 43
3847 13 55 43 28
3848 13 55 28 40
3849 13 55 40 31
3850 13 57 16 54
3851 13 57 54 19
3852 13 57 19 51
3853 13 57 51 22
3854 13 57 22 48
3855 13 57 48 25
3856 13 57 25 45
3857 13 57 45 28
3858 13 57 28 42
3859 13 57 42 31
3860 13 59 16 56
3861 13 59 56 19
3862 13 59 19 53
3863 13 59 53 22
3864 13 59 22 50
3865 13 59 50 25
3866 13 59 25 47
3867 13 59 47 28
3868 13 59 28 44
3869 13 59 44 31
3870 13 61 16 58
3871 13 61 58 19
3872 13 61 19 55
3873 13 61 55 22
3874 13 61 22 52
3875 13 61 52 25
3876 13 61 25 49
3877 13 61 49 28
3878 13 61 28 46
3879 13 61 46 31
3880 13 63 16 60
3881 13 63 60 19
3882 13 63 19 57
3883 13 63 57 22
3884 13 63 22 54
3885 13 63 54 25
3886 13 63 25 51
3887 13 63 51 28
3888 13 63 28 48
3889 13 63 48 31
3890 13 65 16 62
3891 13 65 62 19
3892 13 65 19 59
3893 13 65 59 22
3894 13 65 22 56
3895 13 65 56 25
3896 13 65 25 53
3897 13 65 53 28
3898 13 65 28 50
3899 13 65 50 31
3900 13 67 16 64
3901 13 67 64 19
3902 13 67 19 61
3903 13 67 61 22
3904 13 67 22 58
3905 13 67 58 25
3906 13 67 25 55
3907 13 67 55 28
3908 13 67 28 52
3909 13 67 52 31
3910 13 69 17 65
3911 13 69 65 21
3912 13 69 21 61
3913 13 69 61 25
3914 13 69 25 57
3915 13 69 57 29
3916 13 69 29 53
3917 13 69 53 33
3918 13 69 33 49
3919 13 69 49 37
3920 13 71 17 67
3921 13 71 67 21
3922 13 71 21 63
3923 13 71 63 25
3924 13 71 25 59
3925 13 71 59 29
3926 13 71 29 55
3927 13 71 55 33
3928 13 71 33 51
3929 13 71 51 37
3930 25 26 27 28
3931 25 26 28 29
3932 25 26 29 30
3933 25 26 30 31
3934 25 26 31 32
3935 25 26 32 33
3936 25 26 33 34
3937 25 26 34 35
3938 25 26 35 36
3939 25 26 36 37
3940 25 26 24 23
3941 25 26 23 22
3942 25 26 22 21
3943 25 26 21 20
3944 25 26 20 19
3945 25 26 19 18
3946 25 26 18 17
3947 25 26 17 16
3948 25 26 16 15
3949 25 26 15 14
3950 14 16 18 20
3951 14 16 20 22
3952 14 16 22 24
3953 14 16 24 26
3954 14 16 26 28
3955 14 16 28 30
3956 14 16 30 32
3957 14 16 32 34
3958 14 16 34 36
3959 14 16 36 38
3960 36 38 40 42
3961 36 38 42 44
3962 36 38 44 46
3963 36 38 46 48
3964 36 38 48 50
3965 36 38 50 52
3966 36 38 52 54
3967 36 38 54 56
3968 36 38 56 58
3969 36 38 58 60
3970 36 38 34 32
3971 36 38 32 30
3972 36 38 30 28
3973 36 38 28 26
3974 36 38 26 24
3975 36 38 24 22
3976 36 38 22 20
3977 36 38 20 18
3978 36 38 18 16
3979 36 38 16 14
3980 14 17 15 16
3981 14 17 16 20
3982 14 17 20 23
3983 14 17 23 26
3984 14 17 26 29
3985 14 17 29 32
3986 14 17 32 35
3987 14 17 35 38
3988 14 17 38 41
3989 14 17 41 44
3990 41 44 42 43
3991 41 44 43 47
3992 41 44 47 50
3993 41 44 50 53
3994 41 44 53 56
3995 41 44 56 59
3996 41 44 59 62
3997 41 44 62 65
3998 41 44 65 68
3999 41 44 68 71
4000 41 44 43 42
4001 41 44 42 38
4002 41 44 38 35
4003 41 44 35 32
4004 41 44 32 29
4005 41 44 29 26
4006 41 44 26 23
4007 41 44 23 20
4008 41 44 20 17
4009 41 44 17 14
4010 14 18 15 17
4011 14 18 17 22
4012 14 18 22 26
4013 14 18 26 30
4014 14 18 30 34
4015 14 18 34 38
4016 14 18 38 42
4017 14 18 42 46
4018 14 18 46 50
4019 14 18 50 54
4020 50 54 53 51
4021 50 54 51 46
4022 50 54 46 42
4023 50 54 42 38
4024 50 54 38 34
4025 50 54 34 30
4026 50 54 30 26
4027 50 54 26 22
4028 50 54 22 18
4029 50 54 18 14
4030 14 19 15 18
4031 14 19 18 24
4032 14 19 24 29
4033 14 19 29 34
4034 14 19 34 39
4035 14 19 39 44
4036 14 19 44 49
4037 14 19 49 54
4038 14 19 54 59
4039 14 19 59 64
4040 59 64 63 60
4041 59 64 60 54
4042 59 64 54 49
4043 59 64 49 44
4044 59 64 44 39
4045 59 64 39 34
4046 59 64 34 29
4047 59 64 29 24
4048 59 64 24 19
4049 59 64 19 14
4050 14 50 16 48
4051 14 50 48 18
4052 14 50 18 46
4053 14 50 46 20
4054 14 50 20 44
4055 14 50 44 22
4056 14 50 22 42
4057 14 50 42 24
4058 14 50 24 40
4059 14 50 40 26
4060 14 52 16 50
4061 14 52 50 18
4062 14 52 18 48
4063 14 52 48 20
4064 14 52 20 46
4065 14 52 46 22
4066 14 52 22 44
4067 14 52 44 24
4068 14 52 24 42
4069 14 52 42 26
4070 14 54 17 51
4071 14 54 51 20
4072 14 54 20 48
4073 14 54 48 23
4074 14 54 23 45
4075 14 54 45 26
4076 14 54 26 42
4077 14 54 42 29
4078 14 54 29 39
4079 14 54 39 32
4080 14 56 17 53
4081 14 56 53 20
4082 14 56 20 50
4083 14 56 50 23
4084 14 56 23 47
4085 14 56 47 26
4086 14 56 26 44
4087 14 56 44 29
4088 14 56 29 41
4089 14 56 41 32
4090 14 58 17 55
4091 14 58 55 20
4092 14 58 20 52
4093 14 58 52 23
4094 14 58 23 49
4095 14 58 49 26
4096 14 58 26 46
4097 14 58 46 29
4098 14 58 29 43
4099 14 58 43 32
4100 14 60 17 57
4101 14 60 57 20
4102 14 60 20 54
4103 14 60 54 23
4104 14 60 23 51
4105 14 60 51 26
4106 14 60 26 48
4107 14 60 48 29
4108 14 60 29 45
4109 14 60 45 32
4110 14 62 17 59
4111 14 62 59 20
4112 14 62 20 56
4113 14 62 56 23
4114 14 62 23 53
4115 14 62 53 26
4116 14 62 26 50
4117 14 62 50 29
4118 14 62 29 47
4119 14 62 47 32
4120 14 64 17 61
4121 14 64 61 20
4122 14 64 20 58
4123 14 64 58 23
4124 14 64 23 55
4125 14 64 55 26
4126 14 64 26 52
4127 14 64 52 29
4128 14 64 29 49
4129 14 64 49 32
4130 14 66 17 63
4131 14 66 63 20
4132 14 66 20 60
4133 14 66 60 23
4134 14 66 23 57
4135 14 66 57 26
4136 14 66 26 54
4137 14 66 54 29
4138 14 66 29 51
4139 14 66 51 32
4140 14 68 17 65
4141 14 68 65 20
4142 14 68 20 62
4143 14 68 62 23
4144 14 68 23 59
4145 14 68 59 26
4146 14 68 26 56
4147 14 68 56 29
4148 14 68 29 53
4149 14 68 53 32
4150 14 70 18 66
4151 14 70 66 22
4152 14 70 22 62
4153 14 70 62 26
4154 14 70 26 58
4155 14 70 58 30
4156 14 70 30 54
4157 14 70 54 34
4158 14 70 34 50
4159 14 70 50 38
4160 14 72 18 68
4161 14 72 68 22
4162 14 72 22 64
4163 14 72 64 26
4164 14 72 26 60
4165 14 72 60 30
4166 14 72 30 56
4167 14 72 56 34
4168 14 72 34 52
4169 14 72 52 38
4170 26 27 28 29
4171 26 27 29 30
4172 26 27 30 31
4173 26 27 31 32
4174 26 27 32 33
4175 26 27 33 34
4176 26 27 34 35
4177 26 27 35 36
4178 26 27 36 37
4179 26 27 37 38
4180 26 27 25 24
4181 26 27 24 23
4182 26 27 23 22
4183 26 27 22 21
4184 26 27 21 20
4185 26 27 20 19
4186 26 27 19 18
4187 26 27 18 17
4188 26 27 17 16
4189 26 27 16 15
4190 15 17 19 21
4191 15 17 21 23
4192 15 17 23 25
4193 15 17 25 27
4194 15 17 27 29
4195 15 17 29 31
4196 15 17 31 33
4197 15 17 33 35
4198 15 17 35 37
4199 15 17 37 39
4200 37 39 41 43
4201 37 39 43 45
4202 37 39 45 47
4203 37 39 47 49
4204 37 39 49 51
4205 37 39 51 53
4206 37 39 53 55
4207 37 39 55 57
4208 37 39 57 59
4209 37 39 59 61
4210 37 39 35 33
4211 37 39 33 31
4212 37 39 31 29
4213 37 39 29 27
4214 37 39 27 25
4215 37 39 25 23
4216 37 39 23 21
4217 37 39 21 19
4218 37 39 19 17
4219 37 39 17 15
4220 15 18 16 17
4221 15 18 17 21
4222 15 18 21 24
4223 15 18 24 27
4224 15 18 27 30
4225 15 18 30 33
4226 15 18 33 36
4227 15 18 36 39
4228 15 18 39 42
4229 15 18 42 45
4230 42 45 43 44
4231 42 45 44 48
4232 42 45 48 51
4233 42 45 51 54
4234 42 45 54 57
4235 42 45 57 60
4236 42 45 60 63
4237 42 45 63 66
4238 42 45 66 69
4239 42 45 69 72
4240 42 45 44 43
4241 42 45 43 39
4242 42 45 39 36
4243 42 45 36 33
4244 42 45 33 30
4245 42 45 30 27
4246 42 45 27 24
4247 42 45 24 21
4248 42 45 21 18
4249 42 45 18 15
4250 15 19 16 18
4251 15 19 18 23
4252 15 19 23 27
4253 15 19 27 31
4254 15 19 31 35
4255 15 19 35 39
4256 15 19 39 43
4257 15 19 43 47
4258 15 19 47 51
4259 15 19 51 55
4260 51 55 54 52
4261 51 55 52 47
4262 51 55 47 43
4263 51 55 43 39
4264 51 55 39 35
4265 51 55 35 31
4266 51 55 31 27
4267 51 55 27 23
4268 51 55 23 19
4269 51 55 19 15
4270 15 20 16 19
4271 15 20 19 25
4272 15 20 25 30
4273 15 20 30 35
4274 15 20 35 40
4275 15 20 40 45
4276 15 20 45 50
4277 15 20 50 55
4278 15 20 55 60
4279 15 20 60 65
4280 60 65 64 61
4281 60 65 61 55
4282 60 65 55 50
4283 60 65 50 45
4284 60 65 45 40
4285 60 65 40 35
4286 60 65 35 30
4287 60 65 30 25
4288 60 65 25 20
4289 60 65 20 15
4290 15 51 17 49
4291 15 51 49 19
4292 15 51 19 47
4293 15 51 47 21
4294 15 51 21 45
4295 15 51 45 23
4296 15 51 23 43
4297 15 51 43 25
4298 15 51 25 41
4299 15 51 41 27
4300 15 53 17 51
4301 15 53 51 19
4302 15 53 19 49
4303 15 53 49 21
4304 15 53 21 47
4305 15 53 47 23
4306 15 53 23 45
4307 15 53 45 25
4308 15 53 25 43
4309 15 53 43 27
4310 15 55 18 52
4311 15 55 52 21
4312 15 55 21 49
4313 15 55 49 24
4314 15 55 24 46
4315 15 55 46 27
4316 15 55 27 43
4317 15 55 43 30
4318 15 55 30 40
4319 15 55 40 33
4320 15 57 18 54
4321 15 57 54 21
4322 15 57 21 51
4323 15 57 51 24
4324 15 57 24 48
4325 15 57 48 27
4326 15 57 27 45
4327 15 57 45 30
4328 15 57 30 42
4329 15 57 42 33
4330 15 59 18 56
4331 15 59 56 21
4332 15 59 21 53
4333 15 59 53 24
4334 15 59 24 50
4335 15 59 50 27
4336 15 59 27 47
4337 15 59 47 30
4338 15 59 30 44
4339 15 59 44 33
4340 15 61 18 58
4341 15 61 58 21
4342 15 61 21 55
4343 15 61 55 24
4344 15 61 24 52
4345 15 61 52 27
4346 15 61 27 49
4347 15 61 49 30
4348 15 61 30 46
4349 15 61 46 33
4350 15 63 18 60
4351 15 63 60 21
4352 15 63 21 57
4353 15 63 57 24
4354 15 63 24 54
4355 15 63 54 27
4356 15 63 27 51
4357 15 63 51 30
4358 15 63 30 48
4359 15 63 48 33
4360 15 65 18 62
4361 15 65 62 21
4362 15 65 21 59
4363 15 65 59 24
4364 15 65 24 56
4365 15 65 56 27
4366 15 65 27 53
4367 15 65 53 30
4368 15 65 30 50
4369 15 65 50 33
4370 15 67 18 64
4371 15 67 64 21
4372 15 67 21 61
4373 15 67 61 24
4374 15 67 24 58
4375 15 67 58 27
4376 15 67 27 55
4377 15 67 55 30
4378 15 67 30 52
4379 15 67 52 33
4380 15 69 18 66
4381 15 69 66 21
4382 15 69 21 63
4383 15 69 63 24
4384 15 69 24 60
4385 15 69 60 27
4386 15 69 27 57
4387 15 69 57 30
4388 15 69 30 54
4389 15 69 54 33
4390 15 71 19 67
4391 15 71 67 23
4392 15 71 23 63
4393 15 71 63 27
4394 15 71 27 59
4395 15 71 59 31
4396 15 71 31 55
4397 15 71 55 35
4398 15 71 35 51
4399 15 71 51 39
4400 27 28 29 30
4401 27 28 30 31
4402 27 28 31 32
4403 27 28 32 33
4404 27 28 33 34
4405 27 28 34 35
4406 27 28 35 36
4407 27 28 36 37
4408 27 28 37 38
4409 27 28 38 39
4410 27 28 26 25
4411 27 28 25 24
4412 27 28 24 23
4413 27 28 23 22
4414 27 28 22 21
4415 27 28 21 20
4416 27 28 20 19
4417 27 28 19 18
4418 27 28 18 17
4419 27 28 17 16
4420 16 18 20 22
4421 16 18 22 24
4422 16 18 24 26
4423 16 18 26 28
4424 16 18 28 30
4425 16 18 30 32
4426 16 18 32 34
4427 16 18 34 36
4428 16 18 36 38
4429 16 18 38 40
4430 38 40 42 44
4431 38 40 44 46
4432 38 40 46 48
4433 38 40 48 50
4434 38 40 50 52
4435 38 40 52 54
4436 38 40 54 56
4437 38 40 56 58
4438 38 40 58 60
4439 38 40 60 62
4440 38 40 36 34
4441 38 40 34 32
4442 38 40 32 30
4443 38 40 30 28
4444 38 40 28 26
4445 38 40 26 24
4446 38 40 24 22
4447 38 40 22 20
4448 38 40 20 18
4449 38 40 18 16
4450 16 19 17 18
4451 16 19 18 22
4452 16 19 22 25
4453 16 19 25 28
4454 16 19 28 31
4455 16 19 31 34
4456 16 19 34 37
4457 16 19 37 40
4458 16 19 40 43
4459 16 19 43 46
4460 43 46 45 44
4461 43 46 44 40
4462 43 46 40 37
4463 43 46 37 34
4464 43 46 34 31
4465 43 46 31 28
4466 43 46 28 25
4467 43 46 25 22
4468 43 46 22 19
4469 43 46 19 16
4470 16 20 17 19
4471 16 20 19 24
4472 16 20 24 28
4473 16 20 28 32
4474 16 20 32 36
4475 16 20 36 40
4476 16 20 40 44
4477 16 20 44 48
4478 16 20 48 52
4479 16 20 52 56
4480 52 56 55 53
4481 52 56 53 48
4482 52 56 48 44
4483 52 56 44 40
4484 52 56 40 36
4485 52 56 36 32
4486 52 56 32 28
4487 52 56 28 24
4488 52 56 24 20
4489 52 56 20 16
4490 16 21 17 20
4491 16 21 20 26
4492 16 21 26 31
4493 16 21 31 36
4494 16 21 36 41
4495 16 21 41 46
4496 16 21 46 51
4497 16 21 51 56
4498 16 21 56 61
4499 16 21 61 66
4500 61 66 65 62
4501 61 66 62 56
4502 61 66 56 51
4503 61 66 51 46
4504 61 66 46 41
4505 61 66 41 36
4506 61 66 36 31
4507 61 66 31 26
4508 61 66 26 21
4509 61 66 21 16
4510 16 52 18 50
4511 16 52 50 20
4512 16 52 20 48
4513 16 52 48 22
4514 16 52 22 46
4515 16 52 46 24
4516 16 52 24 44
4517 16 52 44 26
4518 16 52 26 42
4519 16 52 42 28
4520 16 54 18 52
4521 16 54 52 20
4522 16 54 20 50
4523 16 54 50 22
4524 16 54 22 48
4525 16 54 48 24
4526 16 54 24 46
4527 16 54 46 26
4528 16 54 26 44
4529 16 54 44 28
4530 16 56 19 53
4531 16 56 53 22
4532 16 56 22 50
4533 16 56 50 25
4534 16 56 25 47
4535 16 56 47 28
4536 16 56 28 44
4537 16 56 44 31
4538 16 56 31 41
4539 16 56 41 34
4540 16 58 19 55
4541 16 58 55 22
4542 16 58 22 52
4543 16 58 52 25
4544 16 58 25 49
4545 16 58 49 28
4546 16 58 28 46
4547 16 58 46 31
4548 16 58 31 43
4549 16 58 43 34
4550 16 60 19 57
4551 16 60 57 22
4552 16 60 22 54
4553 16 60 54 25
4554 16 60 25 51
4555 16 60 51 28
4556 16 60 28 48
4557 16 60 48 31
4558 16 60 31 45
4559 16 60 45 34
4560 16 62 19 59
4561 16 62 59 22
4562 16 62 22 56
4563 16 62 56 25
4564 16 62 25 53
4565 16 62 53 28
4566 16 62 28 50
4567 16 62 50 31
4568 16 62 31 47
4569 16 62 47 34
4570 16 64 19 61
4571 16 64 61 22
4572 16 64 22 58
4573 16 64 58 25
4574 16 64 25 55
4575 16 64 55 28
4576 16 64 28 52
4577 16 64 52 31
4578 16 64 31 49
4579 16 64 49 34
4580 16 66 19 63
4581 16 66 63 22
4582 16 66 22 60
4583 16 66 60 25
4584 16 66 25 57
4585 16 66 57 28
4586 16 66 28 54
4587 16 66 54 31
4588 16 66 31 51
4589 16 66 51 34
4590 16 68 19 65
4591 16 68 65 22
4592 16 68 22 62
4593 16 68 62 25
4594 16 68 25 59
4595 16 68 59 28
4596 16 68 28 56
4597 16 68 56 31
4598 16 68 31 53
4599 16 68 53 34
4600 16 70 19 67
4601 16 70 67 22
4602 16 70 22 64
4603 16 70 64 25
4604 16 70 25 61
4605 16 70 61 28
4606 16 70 28 58
4607 16 70 58 31
4608 16 70 31 55
4609 16 70 55 34
4610 16 72 20 68
4611 16 72 68 24
4612 16 72 24 64
4613 16 72 64 28
4614 16 72 28 60
4615 16 72 60 32
4616 16 72 32 56
4617 16 72 56 36
4618 16 72 36 52
4619 16 72 52 40
4620 28 29 30 31
4621 28 29 31 32
4622 28 29 32 33
4623 28 29 33 34
4624 28 29 34 35
4625 28 29 35 36
4626 28 29 36 37
4627 28 29 37 38
4628 28 29 38 39
4629 28 29 39 40
4630 28 29 27 26
4631 28 29 26 25
4632 28 29 25 24
4633 28 29 24 23
4634 28 29 23 22
4635 28 29 22 21
4636 28 29 21 20
4637 28 29 20 19
4638 28 29 19 18
4639 28 29 18 17
4640 17 19 21 23
4641 17 19 23 25
4642 17 19 25 27
4643 17 19 27 29
4644 17 19 29 31
4645 17 19 31 33
4646 17 19 33 35
4647 17 19 35 37
4648 17 19 37 39
4649 17 19 39 41
4650 39 41 43 45
4651 39 41 45 47
4652 39 41 47 49
4653 39 41 49 51
4654 39 41 51 53
4655 39 41 53 55
4656 39 41 55 57
4657 39 41 57 59
4658 39 41 59 61
4659 39 41 61 63
4660 39 41 37 35
4661 39 41 35 33
4662 39 41 33 31
4663 39 41 31 29
4664 39 41 29 27
4665 39 41 27 25
4666 39 41 25 23
4667 39 41 23 21
4668 39 41 21 19
4669 39 41 19 17
4670 17 20 18 19
4671 17 20 19 23
4672 17 20 23 26
4673 17 20 26 29
4674 17 20 29 32
4675 17 20 32 35
4676 17 20 35 38
4677 17 20 38 41
4678 17 20 41 44
4679 17 20 44 47
4680 44 47 46 45
4681 44 47 45 41
4682 44 47 41 38
4683 44 47 38 35
4684 44 47 35 32
4685 44 47 32 29
4686 44 47 29 26
4687 44 47 26 23
4688 44 47 23 20
4689 44 47 20 17
4690 17 21 18 20
4691 17 21 20 25
4692 17 21 25 29
4693 17 21 29 33
4694 17 21 33 37
4695 17 21 37 41
4696 17 21 41 45
4697 17 21 45 49
4698 17 21 49 53
4699 17 21 53 57
4700 53 57 56 54
4701 53 57 54 49
4702 53 57 49 45
4703 53 57 45 41
4704 53 57 41 37
4705 53 57 37 33
4706 53 57 33 29
4707 53 57 29 25
4708 53 57 25 21
4709 53 57 21 17
4710 17 22 18 21
4711 17 22 21 27
4712 17 22 27 32
4713 17 22 32 37
4714 17 22 37 42
4715 17 22 42 47
4716 17 22 47 52
4717 17 22 52 57
4718 17 22 57 62
4719 17 22 62 67
4720 62 67 66 63
4721 62 67 63 57
4722 62 67 57 52
4723 62 67 52 47
4724 62 67 47 42
4725 62 67 42 37
4726 62 67 37 32
4727 62 67 32 27
4728 62 67 27 22
4729 62 67 22 17
4730 17 53 19 51
4731 17 53 51 21
4732 17 53 21 49
4733 17 53 49 23
4734 17 53 23 47
4735 17 53 47 25
4736 17 53 25 45
4737 17 53 45 27
4738 17 53 27 43
4739 17 53 43 29
4740 17 55 19 53
4741 17 55 53 21
4742 17 55 21 51
4743 17 55 51 23
4744 17 55 23 49
4745 17 55 49 25
4746 17 55 25 47
4747 17 55 47 27
4748 17 55 27 45
4749 17 55 45 29
4750 17 57 20 54
4751 17 57 54 23
4752 17 57 23 51
4753 17 57 51 26
4754 17 57 26 48
4755 17 57 48 29
4756 17 57 29 45
4757 17 57 45 32
4758 17 57 32 42
4759 17 57 42 35
4760 17 59 20 56
4761 17 59 56 23
4762 17 59 23 53
4763 17 59 53 26
4764 17 59 26 50
4765 17 59 50 29
4766 17 59 29 47
4767 17 59 47 32
4768 17 59 32 44
4769 17 59 44 35
4770 17 61 20 58
4771 17 61 58 23
4772 17 61 23 55
4773 17 61 55 26
4774 17 61 26 52
4775 17 61 52 29
4776 17 61 29 49
4777 17 61 49 32
4778 17 61 32 46
4779 17 61 46 35
4780 17 63 20 60
4781 17 63 60 23
4782 17 63 23 57
4783 17 63 57 26
4784 17 63 26 54
4785 17 63 54 29
4786 17 63 29 51
4787 17 63 51 32
4788 17 63 32 48
4789 17 63 48 35
4790 17 65 20 62
4791 17 65 62 23
4792 17 65 23 59
4793 17 65 59 26
4794 17 65 26 56
4795 17 65 56 29
4796 17 65 29 53
4797 17 65 53 32
4798 17 65 32 50
4799 17 65 50 35
4800 17 67 20 64
4801 17 67 64 23
4802 17 67 23 61
4803 17 67 61 26
4804 17 67 26 58
4805 17 67 58 29
4806 17 67 29 55
4807 17 67 55 32
4808 17 67 32 52
4809 17 67 52 35
4810 17 69 20 66
4811 17 69 66 23
4812 17 69 23 63
4813 17 69 63 26
4814 17 69 26 60
4815 17 69 60 29
4816 17 69 29 57
4817 17 69 57 32
4818 17 69 32 54
4819 17 69 54 35
4820 17 71 20 68
4821 17 71 68 23
4822 17 71 23 65
4823 17 71 65 26
4824 17 71 26 62
4825 17 71 62 29
4826 17 71 29 59
4827 17 71 59 32
4828 17 71 32 56
4829 17 71 56 35
4830 29 30 31 32
4831 29 30 32 33
4832 29 30 33 34
4833 29 30 34 35
4834 29 30 35 36
4835 29 30 36 37
4836 29 30 37 38
4837 29 30 38 39
4838 29 30 39 40
4839 29 30 40 41
4840 29 30 28 27
4841 29 30 27 26
4842 29 30 26 25
4843 29 30 25 24
4844 29 30 24 23
4845 29 30 23 22
4846 29 30 22 21
4847 29 30 21 20
4848 29 30 20 19
4849 29 30 19 18
4850 18 20 22 24
4851 18 20 24 26
4852 18 20 26 28
4853 18 20 28 30
4854 18 20 30 32
4855 18 20 32 34
4856 18 20 34 36
4857 18 20 36 38
4858 18 20 38 40
4859 18 20 40 42
4860 40 42 44 46
4861 40 42 46 48
4862 40 42 48 50
4863 40 42 50 52
4864 40 42 52 54
4865 40 42 54 56
4866 40 42 56 58
4867 40 42 58 60
4868 40 42 60 62
4869 40 42 62 64
4870 40 42 38 36
4871 40 42 36 34
4872 40 42 34 32
4873 40 42 32 30
4874 40 42 30 28
4875 40 42 28 26
4876 40 42 26 24
4877 40 42 24 22
4878 40 42 22 20
4879 40 42 20 18
4880 18 21 19 20
4881 18 21 20 24
4882 18 21 24 27
4883 18 21 27 30
4884 18 21 30 33
4885 18 21 33 36
4886 18 21 36 39
4887 18 21 39 42
4888 18 21 42 45
4889 18 21 45 48
4890 45 48 47 46
4891 45 48 46 42
4892 45 48 42 39
4893 45 48 39 36
4894 45 48 36 33
4895 45 48 33 30
4896 45 48 30 27
4897 45 48 27 24
4898 45 48 24 21
4899 45 48 21 18
4900 18 22 19 21
4901 18 22 21 26
4902 18 22 26 30
4903 18 22 30 34
4904 18 22 34 38
4905 18 22 38 42
4906 18 22 42 46
4907 18 22 46 50
4908 18 22 50 54
4909 18 22 54 58
4910 54 58 57 55
4911 54 58 55 50
4912 54 58 50 46
4913 54 58 46 42
4914 54 58 42 38
4915 54 58 38 34
4916 54 58 34 30
4917 54 58 30 26
4918 54 58 26 22
4919 54 58 22 18
4920 18 23 19 22
4921 18 23 22 28
4922 18 23 28 33
4923 18 23 33 38
4924 18 23 38 43
4925 18 23 43 48
4926 18 23 48 53
4927 18 23 53 58
4928 18 23 58 63
4929 18 23 63 68
4930 63 68 67 64
4931 63 68 64 58
4932 63 68 58 53
4933 63 68 53 48
4934 63 68 48 43
4935 63 68 43 38
4936 63 68 38 33
4937 63 68 33 28
4938 63 68 28 23
4939 63 68 23 18
4940 18 54 20 52
4941 18 54 52 22
4942 18 54 22 50
4943 18 54 50 24
4944 18 54 24 48
4945 18 54 48 26
4946 18 54 26 46
4947 18 54 46 28
4948 18 54 28 44
4949 18 54 44 30
4950 18 56 20 54
4951 18 56 54 22
4952 18 56 22 52
4953 18 56 52 24
4954 18 56 24 50
4955 18 56 50 26
4956 18 56 26 48
4957 18 56 48 28
4958 18 56 28 46
4959 18 56 46 30
4960 18 58 21 55
4961 18 58 55 24
4962 18 58 24 52
4963 18 58 52 27
4964 18 58 27 49
4965 18 58 49 30
4966 18 58 30 46
4967 18 58 46 33
4968 18 58 33 43
4969 18 58 43 36
4970 18 60 21 57
4971 18 60 57 24
4972 18 60 24 54
4973 18 60 54 27
4974 18 60 27 51
4975 18 60 51 30
4976 18 60 30 48
4977 18 60 48 33
4978 18 60 33 45
4979 18 60 45 36
4980 18 62 21 59
4981 18 62 59 24
4982 18 62 24 56
4983 18 62 56 27
4984 18 62 27 53
4985 18 62 53 30
4986 18 62 30 50
4987 18 62 50 33
4988 18 62 33 47
4989 18 62 47 36
4990 18 64 21 61
4991 18 64 61 24
4992 18 64 24 58
4993 18 64 58 27
4994 18 64 27 55
4995 18 64 55 30
4996 18 64 30 52
4997 18 64 52 33
4998 18 64 33 49
4999 18 64 49 36
5000 18 66 21 63
5001 18 66 63 24
5002 18 66 24 60
5003 18 66 60 27
5004 18 66 27 57
5005 18 66 57 30
5006 18 66 30 54
5007 18 66 54 33
5008 18 66 33 51
5009 18 66 51 36
5010 18 68 21 65
5011 18 68 65 24
5012 18 68 24 62
5013 18 68 62 27
5014 18 68 27 59
5015 18 68 59 30
5016 18 68 30 56
5017 18 68 56 33
5018 18 68 33 53
5019 18 68 53 36
5020 18 70 21 67
5021 18 70 67 24
5022 18 70 24 64
5023 18 70 64 27
5024 18 70 27 61
5025 18 70 61 30
5026 18 70 30 58
5027 18 70 58 33
5028 18 70 33 55
5029 18 70 55 36
5030 18 72 21 69
5031 18 72 69 24
5032 18 72 24 66
5033 18 72 66 27
5034 18 72 27 63
5035 18 72 63 30
5036 18 72 30 60
5037 18 72 60 33
5038 18 72 33 57
5039 18 72 57 36
5040 30 31 32 33
5041 30 31 33 34
5042 30 31 34 35
5043 30 31 35 36
5044 30 31 36 37
5045 30 31 37 38
5046 30 31 38 39
5047 30 31 39 40
5048 30 31 40 41
5049 30 31 41 42
5050 30 31 29 28
5051 30 31 28 27
5052 30 31 27 26
5053 30 31 26 25
5054 30 31 25 24
5055 30 31 24 23
5056 30 31 23 22
5057 30 31 22 21
5058 30 31 21 20
5059 30 31 20 19
5060 19 21 23 25
5061 19 21 25 27
5062 19 21 27 29
5063 19 21 29 31
5064 19 21 31 33
5065 19 21 33 35
5066 19 21 35 37
5067 19 21 37 39
5068 19 21 39 41
5069 19 21 41 43
5070 41 43 45 47
5071 41 43 47 49
5072 41 43 49 51
5073 41 43 51 53
5074 41 43 53 55
5075 41 43 55 57
5076 41 43 57 59
5077 41 43 59 61
5078 41 43 61 63
5079 41 43 63 65
5080 41 43 39 37
5081 41 43 37 35
5082 41 43 35 33
5083 41 43 33 31
5084 41 43 31 29
5085 41 43 29 27
5086 41 43 27 25
5087 41 43 25 23
5088 41 43 23 21
5089 41 43 21 19
5090 19 22 20 21
5091 19 22 21 25
5092 19 22 25 28
5093 19 22 28 31
5094 19 22 31 34
5095 19 22 34 37
5096 19 22 37 40
5097 19 22 40 43
5098 19 22 43 46
5099 19 22 46 49
5100 46 49 48 47
5101 46 49 47 43
5102 46 49 43 40
5103 46 49 40 37
5104 46 49 37 34
5105 46 49 34 31
5106 46 49 31 28
5107 46 49 28 25
5108 46 49 25 22
5109 46 49 22 19
5110 19 23 20 22
5111 19 23 22 27
5112 19 23 27 31
5113 19 23 31 35
5114 19 23 35 39
5115 19 23 39 43
5116 19 23 43 47
5117 19 23 47 51
5118 19 23 51 55
5119 19 23 55 59
5120 55 59 58 56
5121 55 59 56 51
5122 55 59 51 47
5123 55 59 47 43
5124 55 59 43 39
5125 55 59 39 35
5126 55 59 35 31
5127 55 59 31 27
5128 55 59 27 23
5129 55 59 23 19
5130 19 24 20 23
5131 19 24 23 29
5132 19 24 29 34
5133 19 24 34 39
5134 19 24 39 44
5135 19 24 44 49
5136 19 24 49 54
5137 19 24 54 59
5138 19 24 59 64
5139 19 24 64 69
5140 64 69 68 65
5141 64 69 65 59
5142 64 69 59 54
5143 64 69 54 49
5144 64 69 49 44
5145 64 69 44 39
5146 64 69 39 34
5147 64 69 34 29
5148 64 69 29 24
5149 64 69 24 19
5150 19 55 21 53
5151 19 55 53 23
5152 19 55 23 51
5153 19 55 51 25
5154 19 55 25 49
5155 19 55 49 27
5156 19 55 27 47
5157 19 55 47 29
5158 19 55 29 45
5159 19 55 45 31
5160 19 57 21 55
5161 19 57 55 23
5162 19 57 23 53
5163 19 57 53 25
5164 19 57 25 51
5165 19 57 51 27
5166 19 57 27 49
5167 19 57 49 29
5168 19 57 29 47
5169 19 57 47 31
5170 19 59 22 56
5171 19 59 56 25
5172 19 59 25 53
5173 19 59 53 28
5174 19 59 28 50
5175 19 59 50 31
5176 19 59 31 47
5177 19 59 47 34
5178 19 59 34 44
5179 19 59 44 37
5180 19 61 22 58
5181 19 61 58 25
5182 19 61 25 55
5183 19 61 55 28
5184 19 61 28 52
5185 19 61 52 31
5186 19 61 31 49
5187 19 61 49 34
5188 19 61 34 46
5189 19 61 46 37
5190 19 63 22 60
5191 19 63 60 25
5192 19 63 25 57
5193 19 63 57 28
5194 19 63 28 54
5195 19 63 54 31
5196 19 63 31 51
5197 19 63 51 34
5198 19 63 34 48
5199 19 63 48 37
5200 19 65 22 62
5201 19 65 62 25
5202 19 65 25 59
5203 19 65 59 28
5204 19 65 28 56
5205 19 65 56 31
5206 19 65 31 53
5207 19 65 53 34
5208 19 65 34 50
5209 19 65 50 37
5210 19 67 22 64
5211 19 67 64 25
5212 19 67 25 61
5213 19 67 61 28
5214 19 67 28 58
5215 19 67 58 31
5216 19 67 31 55
5217 19 67 55 34
5218 19 67 34 52
5219 19 67 52 37
5220 19 69 22 66
5221 19 69 66 25
5222 19 69 25 63
5223 19 69 63 28
5224 19 69 28 60
5225 19 69 60 31
5226 19 69 31 57
5227 19 69 57 34
5228 19 69 34 54
5229 19 69 54 37
5230 19 71 22 68
5231 19 71 68 25
5232 19 71 25 65
5233 19 71 65 28
5234 19 71 28 62
5235 19 71 62 31
5236 19 71 31 59
5237 19 71 59 34
5238 19 71 34 56
5239 19 71 56 37
5240 31 32 33 34
5241 31 32 34 35
5242 31 32 35 36
5243 31 32 36 37
5244 31 32 37 38
5245 31 32 38 39
5246 31 32 39 40
5247 31 32 40 41
5248 31 32 41 42
5249 31 32 42 43
5250 31 32 30 29
5251 31 32 29 28
5252 31 32 28 27
5253 31 32 27 26
5254 31 32 26 25
5255 31 32 25 24
5256 31 32 24 23
5257 31 32 23 22
5258 31 32 22 21
5259 31 32 21 20
5260 20 22 24 26
5261 20 22 26 28
5262 20 22 28 30
5263 20 22 30 32
5264 20 22 32 34
5265 20 22 34 36
5266 20 22 36 38
5267 20 22 38 40
5268 20 22 40 42
5269 20 22 42 44
5270 42 44 46 48
5271 42 44 48 50
5272 42 44 50 52
5273 42 44 52 54
5274 42 44 54 56
5275 42 44 56 58
5276 42 44 58 60
5277 42 44 60 62
5278 42 44 62 64
5279 42 44 64 66
5280 42 44 40 38
5281 42 44 38 36
5282 42 44 36 34
5283 42 44 34 32
5284 42 44 32 30
5285 42 44 30 28
5286 42 44 28 26
5287 42 44 26 24
5288 42 44 24 22
5289 42 44 22 20
5290 20 23 21 22
5291 20 23 22 26
5292 20 23 26 29
5293 20 23 29 32
5294 20 23 32 35
5295 20 23 35 38
5296 20 23 38 41
5297 20 23 41 44
5298 20 23 44 47
5299 20 23 47 50
5300 47 50 49 48
5301 47 50 48 44
5302 47 50 44 41
5303 47 50 41 38
5304 47 50 38 35
5305 47 50 35 32
5306 47 50 32 29
5307 47 50 29 26
5308 47 50 26 23
5309 47 50 23 20
5310 20 24 21 23
5311 20 24 23 28
5312 20 24 28 32
5313 20 24 32 36
5314 20 24 36 40
5315 20 24 40 44
5316 20 24 44 48
5317 20 24 48 52
5318 20 24 52 56
5319 20 24 56 60
5320 56 60 59 57
5321 56 60 57 52
5322 56 60 52 48
5323 56 60 48 44
5324 56 60 44 40
5325 56 60 40 36
5326 56 60 36 32
5327 56 60 32 28
5328 56 60 28 24
5329 56 60 24 20
5330 20 25 21 24
5331 20 25 24 30
5332 20 25 30 35
5333 20 25 35 40
5334 20 25 40 45
5335 20 25 45 50
5336 20 25 50 55
5337 20 25 55 60
5338 20 25 60 65
5339 20 25 65 70
5340 65 70 69 66
5341 65 70 66 60
5342 65 70 60 55
5343 65 70 55 50
5344 65 70 50 45
5345 65 70 45 40
5346 65 70 40 35
5347 65 70 35 30
5348 65 70 30 25
5349 65 70 25 20
5350 20 56 22 54
5351 20 56 54 24
5352 20 56 24 52
5353 20 56 52 26
5354 20 56 26 50
5355 20 56 50 28
5356 20 56 28 48
5357 20 56 48 30
5358 20 56 30 46
5359 20 56 46 32
5360 20 58 22 56
5361 20 58 56 24
5362 20 58 24 54
5363 20 58 54 26
5364 20 58 26 52
5365 20 58 52 28
5366 20 58 28 50
5367 20 58 50 30
5368 20 58 30 48
5369 20 58 48 32
5370 20 60 23 57
5371 20 60 57 26
5372 20 60 26 54
5373 20 60 54 29
5374 20 60 29 51
5375 20 60 51 32
5376 20 60 32 48
5377 20 60 48 35
5378 20 60 35 45
5379 20 60 45 38
5380 20 62 23 59
5381 20 62 59 26
5382 20 62 26 56
5383 20 62 56 29
5384 20 62 29 53
5385 20 62 53 32
5386 20 62 32 50
5387 20 62 50 35
5388 20 62 35 47
5389 20 62 47 38
5390 20 64 23 61
5391 20 64 61 26
5392 20 64 26 58
5393 20 64 58 29
5394 20 64 29 55
5395 20 64 55 32
5396 20 64 32 52
5397 20 64 52 35
5398 20 64 35 49
5399 20 64 49 38
5400 20 66 23 63
5401 20 66 63 26
5402 20 66 26 60
5403 20 66 60 29
5404 20 66 29 57
5405 20 66 57 32
5406 20 66 32 54
5407 20 66 54 35
5408 20 66 35 51
5409 20 66 51 38
5410 20 68 23 65
5411 20 68 65 26
5412 20 68 26 62
5413 20 68 62 29
5414 20 68 29 59
5415 20 68 59 32
5416 20 68 32 56
5417 20 68 56 35
5418 20 68 35 53
5419 20 68 53 38
5420 20 70 23 67
5421 20 70 67 26
5422 20 70 26 64
5423 20 70 64 29
5424 20 70 29 61
5425 20 70 61 32
5426 20 70 32 58
5427 20 70 58 35
5428 20 70 35 55
5429 20 70 55 38
5430 20 72 23 69
5431 20 72 69 26
5432 20 72 26 66
5433 20 72 66 29
5434 20 72 29 63
5435 20 72 63 32
5436 20 72 32 60
5437 20 72 60 35
5438 20 72 35 57
5439 20 72 57 38
5440 32 33 34 35
5441 32 33 35 36
5442 32 33 36 37
5443 32 33 37 38
5444 32 33 38 39
5445 32 33 39 40
5446 32 33 40 41
5447 32 33 41 42
5448 32 33 42 43
5449 32 33 43 44
5450 32 33 31 30
5451 32 33 30 29
5452 32 33 29 28
5453 32 33 28 27
5454 32 33 27 26
5455 32 33 26 25
5456 32 33 25 24
5457 32 33 24 23
5458 32 33 23 22
5459 32 33 22 21
5460 21 23 25 27
5461 21 23 27 29
5462 21 23 29 31
5463 21 23 31 33
5464 21 23 33 35
5465 21 23 35 37
5466 21 23 37 39
5467 21 23 39 41
5468 21 23 41 43
5469 21 23 43 45
5470 43 45 47 49
5471 43 45 49 51
5472 43 45 51 53
5473 43 45 53 55
5474 43 45 55 57
5475 43 45 57 59
5476 43 45 59 61
5477 43 45 61 63
5478 43 45 63 65
5479 43 45 65 67
5480 43 45 41 39
5481 43 45 39 37
5482 43 45 37 35
5483 43 45 35 33
5484 43 45 33 31
5485 43 45 31 29
5486 43 45 29 27
5487 43 45 27 25
5488 43 45 25 23
5489 43 45 23 21
5490 21 24 22 23
5491 21 24 23 27
5492 21 24 27 30
5493 21 24 30 33
5494 21 24 33 36
5495 21 24 36 39
5496 21 24 39 42
5497 21 24 42 45
5498 21 24 45 48
5499 21 24 48 51
5500 48 51 50 49
5501 48 51 49 45
5502 48 51 45 42
5503 48 51 42 39
5504 48 51 39 36
5505 48 51 36 33
5506 48 51 33 30
5507 48 51 30 27
5508 48 51 27 24
5509 48 51 24 21
5510 21 25 22 24
5511 21 25 24 29
5512 21 25 29 33
5513 21 25 33 37
5514 21 25 37 41
5515 21 25 41 45
5516 21 25 45 49
5517 21 25 49 53
5518 21 25 53 57
5519 21 25 57 61
5520 57 61 60 58
5521 57 61 58 53
5522 57 61 53 49
5523 57 61 49 45
5524 57 61 45 41
5525 57 61 41 37
5526 57 61 37 33
5527 57 61 33 29
5528 57 61 29 25
5529 57 61 25 21
5530 21 26 22 25
5531 21 26 25 31
5532 21 26 31 36
5533 21 26 36 41
5534 21 26 41 46
5535 21 26 46 51
5536 21 26 51 56
5537 21 26 56 61
5538 21 26 61 66
5539 21 26 66 71
5540 66 71 70 67
5541 66 71 67 61
5542 66 71 61 56
5543 66 71 56 51
5544 66 71 51 46
5545 66 71 46 41
5546 66 71 41 36
5547 66 71 36 31
5548 66 71 31 26
5549 66 71 26 21
5550 21 57 23 55
5551 21 57 55 25
5552 21 57 25 53
5553 21 57 53 27
5554 21 57 27 51
5555 21 57 51 29
5556 21 57 29 49
5557 21 57 49 31
5558 21 57 31 47
5559 21 57 47 33
5560 21 59 23 57
5561 21 59 57 25
5562 21 59 25 55
5563 21 59 55 27
5564 21 59 27 53
5565 21 59 53 29
5566 21 59 29 51
5567 21 59 51 31
5568 21 59 31 49
5569 21 59 49 33
5570 21 61 24 58
5571 21 61 58 27
5572 21 61 27 55
5573 21 61 55 30
5574 21 61 30 52
5575 21 61 52 33
5576 21 61 33 49
5577 21 61 49 36
5578 21 61 36 46
5579 21 61 46 39
5580 21 63 24 60
5581 21 63 60 27
5582 21 63 27 57
5583 21 63 57 30
5584 21 63 30 54
5585 21 63 54 33
5586 21 63 33 51
5587 21 63 51 36
5588 21 63 36 48
5589 21 63 48 39
5590 21 65 24 62
5591 21 65 62 27
5592 21 65 27 59
5593 21 65 59 30
5594 21 65 30 56
5595 21 65 56 33
5596 21 65 33 53
5597 21 65 53 36
5598 21 65 36 50
5599 21 65 50 39
5600 21 67 24 64
5601 21 67 64 27
5602 21 67 27 61
5603 21 67 61 30
5604 21 67 30 58
5605 21 67 58 33
5606 21 67 33 55
5607 21 67 55 36
5608 21 67 36 52
5609 21 67 52 39
5610 21 69 24 66
5611 21 69 66 27
5612 21 69 27 63
5613 21 69 63 30
5614 21 69 30 60
5615 21 69 60 33
5616 21 69 33 57
5617 21 69 57 36
5618 21 69 36 54
5619 21 69 54 39
5620 21 71 24 68
5621 21 71 68 27
5622 21 71 27 65
5623 21 71 65 30
5624 21 71 30 62
5625 21 71 62 33
5626 21 71 33 59
5627 21 71 59 36
5628 21 71 36 56
5629 21 71 56 39
5630 33 34 35 36
5631 33 34 36 37
5632 33 34 37 38
5633 33 34 38 39
5634 33 34 39 40
5635 33 34 40 41
5636 33 34 41 42
5637 33 34 42 43
5638 33 34 43 44
5639 33 34 44 45
5640 33 34 32 31
5641 33 34 31 30
5642 33 34 30 29
5643 33 34 29 28
5644 33 34 28 27
5645 33 34 27 26
5646 33 34 26 25
5647 33 34 25 24
5648 33 34 24 23
5649 33 34 23 22
5650 22 24 26 28
5651 22 24 28 30
5652 22 24 30 32
5653 22 24 32 34
5654 22 24 34 36
5655 22 24 36 38
5656 22 24 38 40
5657 22 24 40 42
5658 22 24 42 44
5659 22 24 44 46
5660 44 46 48 50
5661 44 46 50 52
5662 44 46 52 54
5663 44 46 54 56
5664 44 46 56 58
5665 44 46 58 60
5666 44 46 60 62
5667 44 46 62 64
5668 44 46 64 66
5669 44 46 66 68
5670 44 46 42 40
5671 44 46 40 38
5672 44 46 38 36
5673 44 46 36 34
5674 44 46 34 32
5675 44 46 32 30
5676 44 46 30 28
5677 44 46 28 26
5678 44 46 26 24
5679 44 46 24 22
5680 22 25 23 24
5681 22 25 24 28
5682 22 25 28 31
5683 22 25 31 34
5684 22 25 34 37
5685 22 25 37 40
5686 22 25 40 43
5687 22 25 43 46
5688 22 25 46 49
5689 22 25 49 52
5690 49 52 51 50
5691 49 52 50 46
5692 49 52 46 43
5693 49 52 43 40
5694 49 52 40 37
5695 49 52 37 34
5696 49 52 34 31
5697 49 52 31 28
5698 49 52 28 25
5699 49 52 25 22
5700 22 26 23 25
5701 22 26 25 30
5702 22 26 30 34
5703 22 26 34 38
5704 22 26 38 42
5705 22 26 42 46
5706 22 26 46 50
5707 22 26 50 54
5708 22 26 54 58
5709 22 26 58 62
5710 58 62 61 59
5711 58 62 59 54
5712 58 62 54 50
5713 58 62 50 46
5714 58 62 46 42
5715 58 62 42 38
5716 58 62 38 34
5717 58 62 34 30
5718 58 62 30 26
5719 58 62 26 22
5720 22 27 23 26
5721 22 27 26 32
5722 22 27 32 37
5723 22 27 37 42
5724 22 27 42 47
5725 22 27 47 52
5726 22 27 52 57
5727 22 27 57 62
5728 22 27 62 67
5729 22 27 67 72
5730 67 72 71 68
5731 67 72 68 62
5732 67 72 62 57
5733 67 72 57 52
5734 67 72 52 47
5735 67 72 47 42
5736 67 72 42 37
5737 67 72 37 32
5738 67 72 32 27
5739 67 72 27 22
5740 22 58 24 56
5741 22 58 56 26
5742 22 58 26 54
5743 22 58 54 28
5744 22 58 28 52
5745 22 58 52 30
5746 22 58 30 50
5747 22 58 50 32
5748 22 58 32 48
5749 22 58 48 34
5750 22 60 24 58
5751 22 60 58 26
5752 22 60 26 56
5753 22 60 56 28
5754 22 60 28 54
5755 22 60 54 30
5756 22 60 30 52
5757 22 60 52 32
5758 22 60 32 50
5759 22 60 50 34
5760 22 62 25 59
5761 22 62 59 28
5762 22 62 28 56
5763 22 62 56 31
5764 22 62 31 53
5765 22 62 53 34
5766 22 62 34 50
5767 22 62 50 37
5768 22 62 37 47
5769 22 62 47 40
5770 22 64 25 61
5771 22 64 61 28
5772 22 64 28 58
5773 22 64 58 31
5774 22 64 31 55
5775 22 64 55 34
5776 22 64 34 52
5777 22 64 52 37
5778 22 64 37 49
5779 22 64 49 40
5780 22 66 25 63
5781 22 66 63 28
5782 22 66 28 60
5783 22 66 60 31
5784 22 66 31 57
5785 22 66 57 34
5786 22 66 34 54
5787 22 66 54 37
5788 22 66 37 51
5789 22 66 51 40
5790 22 68 25 65
5791 22 68 65 28
5792 22 68 28 62
5793 22 68 62 31
5794 22 68 31 59
5795 22 68 59 34
5796 22 68 34 56
5797 22 68 56 37
5798 22 68 37 53
5799 22 68 53 40
5800 22 70 25 67
5801 22 70 67 28
5802 22 70 28 64
5803 22 70 64 31
5804 22 70 31 61
5805 22 70 61 34
5806 22 70 34 58
5807 22 70 58 37
5808 22 70 37 55
5809 22 70 55 40
5810 22 72 25 69
5811 22 72 69 28
5812 22 72 28 66
5813 22 72 66 31
5814 22 72 31 63
5815 22 72 63 34
5816 22 72 34 60
5817 22 72 60 37
5818 22 72 37 57
5819 22 72 57 40
5820 34 35 36 37
5821 34 35 37 38
5822 34 35 38 39
5823 34 35 39 40
5824 34 35 40 41
5825 34 35 41 42
5826 34 35 42 43
5827 34 35 43 44
5828 34 35 44 45
5829 34 35 45 46
5830 34 35 33 32
5831 34 35 32 31
5832 34 35 31 30
5833 34 35 30 29
5834 34 35 29 28
5835 34 35 28 27
5836 34 35 27 26
5837 34 35 26 25
5838 34 35 25 24
5839 34 35 24 23
5840 45 47 49 51
5841 45 47 51 53
5842 45 47 53 55
5843 45 47 55 57
5844 45 47 57 59
5845 45 47 59 61
5846 45 47 61 63
5847 45 47 63 65
5848 45 47 65 67
5849 45 47 67 69
5850 45 47 43 41
5851 45 47 41 39
5852 45 47 39 37
5853 45 47 37 35
5854 45 47 35 33
5855 45 47 33 31
5856 45 47 31 29
5857 45 47 29 27
5858 45 47 27 25
5859 45 47 25 23
5860 23 26 24 25
5861 23 26 25 29
5862 23 26 29 32
5863 23 26 32 35
5864 23 26 35 38
5865 23 26 38 41
5866 23 26 41 44
5867 23 26 44 47
5868 23 26 47 50
5869 23 26 50 53
5870 50 53 52 51
5871 50 53 51 47
5872 50 53 47 44
5873 50 53 44 41
5874 50 53 41 38
5875 50 53 38 35
5876 50 53 35 32
5877 50 53 32 29
5878 50 53 29 26
5879 50 53 26 23
5880 23 27 24 26
5881 23 27 26 31
5882 23 27 31 35
5883 23 27 35 39
5884 23 27 39 43
5885 23 27 43 47
5886 23 27 47 51
5887 23 27 51 55
5888 23 27 55 59
5889 23 27 59 63
5890 59 63 62 60
5891 59 63 60 55
5892 59 63 55 51
5893 59 63 51 47
5894 59 63 47 43
5895 59 63 43 39
5896 59 63 39 35
5897 59 63 35 31
5898 59 63 31 27
5899 59 63 27 23
5900 23 59 25 57
5901 23 59 57 27
5902 23 59 27 55
5903 23 59 55 29
5904 23 59 29 53
5905 23 59 53 31
5906 23 59 31 51
5907 23 59 51 33
5908 23 59 33 49
5909 23 59 49 35
5910 23 61 25 59
5911 23 61 59 27
5912 23 61 27 57
5913 23 61 57 29
5914 23 61 29 55
5915 23 61 55 31
5916 23 61 31 53
5917 23 61 53 33
5918 23 61 33 51
5919 23 61 51 35
5920 23 63 26 60
5921 23 63 60 29
5922 23 63 29 57
5923 23 63 57 32
5924 23 63 32 54
5925 23 63 54 35
5926 23 63 35 51
5927 23 63 51 38
5928 23 63 38 48
5929 23 63 48 41
5930 23 65 26 62
5931 23 65 62 29
5932 23 65 29 59
5933 23 65 59 32
5934 23 65 32 56
5935 23 65 56 35
5936 23 65 35 53
5937 23 65 53 38
5938 23 65 38 50
5939 23 65 50 41
5940 23 67 26 64
5941 23 67 64 29
5942 23 67 29 61
5943 23 67 61 32
5944 23 67 32 58
5945 23 67 58 35
5946 23 67 35 55
5947 23 67 55 38
5948 23 67 38 52
5949 23 67 52 41
5950 23 69 26 66
5951 23 69 66 29
5952 23 69 29 63
5953 23 69 63 32
5954 23 69 32 60
5955 23 69 60 35
5956 23 69 35 57
5957 23 69 57 38
5958 23 69 38 54
5959 23 69 54 41
5960 23 71 26 68
5961 23 71 68 29
5962 23 71 29 65
5963 23 71 65 32
5964 23 71 32 62
5965 23 71 62 35
5966 23 71 35 59
5967 23 71 59 38
5968 23 71 38 56
5969 23 71 56 41
5970 35 36 37 38
5971 35 36 38 39
5972 35 36 39 40
5973 35 36 40 41
5974 35 36 41 42
5975 35 36 42 43
5976 35 36 43 44
5977 35 36 44 45
5978 35 36 45 46
5979 35 36 46 47
5980 35 36 34 33
5981 35 36 33 32
5982 35 36 32 31
5983 35 36 31 30
5984 35 36 30 29
5985 35 36 29 28
5986 35 36 28 27
5987 35 36 27 26
5988 35 36 26 25
5989 35 36 25 24
5990 46 48 50 52
5991 46 48 52 54
5992 46 48 54 56
5993 46 48 56 58
5994 46 48 58 60
5995 46 48 60 62
5996 46 48 62 64
5997 46 48 64 66
5998 46 48 66 68
5999 46 48 68 70
6000 46 48 44 42
6001 46 48 42 40
6002 46 48 40 38
6003 46 48 38 36
6004 46 48 36 34
6005 46 48 34 32
6006 46 48 32 30
6007 46 48 30 28
6008 46 48 28 26
6009 46 48 26 24
6010 24 27 25 26
6011 24 27 26 30
6012 24 27 30 33
6013 24 27 33 36
6014 24 27 36 39
6015 24 27 39 42
6016 24 27 42 45
6017 24 27 45 48
6018 24 27 48 51
6019 24 27 51 54
6020 51 54 53 52
6021 51 54 52 48
6022 51 54 48 45
6023 51 54 45 42
6024 51 54 42 39
6025 51 54 39 36
6026 51 54 36 33
6027 51 54 33 30
6028 51 54 30 27
6029 51 54 27 24
6030 24 28 25 27
6031 24 28 27 32
6032 24 28 32 36
6033 24 28 36 40
6034 24 28 40 44
6035 24 28 44 48
6036 24 28 48 52
6037 24 28 52 56
6038 24 28 56 60
6039 24 28 60 64
6040 60 64 63 61
6041 60 64 61 56
6042 60 64 56 52
6043 60 64 52 48
6044 60 64 48 44
6045 60 64 44 40
6046 60 64 40 36
6047 60 64 36 32
6048 60 64 32 28
6049 60 64 28 24
6050 24 60 26 58
6051 24 60 58 28
6052 24 60 28 56
6053 24 60 56 30
6054 24 60 30 54
6055 24 60 54 32
6056 24 60 32 52
6057 24 60 52 34
6058 24 60 34 50
6059 24 60 50 36
6060 24 62 26 60
6061 24 62 60 28
6062 24 62 28 58
6063 24 62 58 30
6064 24 62 30 56
6065 24 62 56 32
6066 24 62 32 54
6067 24 62 54 34
6068 24 62 34 52
6069 24 62 52 36
6070 24 64 27 61
6071 24 64 61 30
6072 24 64 30 58
6073 24 64 58 33
6074 24 64 33 55
6075 24 64 55 36
6076 24 64 36 52
6077 24 64 52 39
6078 24 64 39 49
6079 24 64 49 42
6080 24 66 27 63
6081 24 66 63 30
6082 24 66 30 60
6083 24 66 60 33
6084 24 66 33 57
6085 24 66 57 36
6086 24 66 36 54
6087 24 66 54 39
6088 24 66 39 51
6089 24 66 51 42
6090 24 68 27 65
6091 24 68 65 30
6092 24 68 30 62
6093 24 68 62 33
6094 24 68 33 59
6095 24 68 59 36
6096 24 68 36 56
6097 24 68 56 39
6098 24 68 39 53
6099 24 68 53 42
6100 24 70 27 67
6101 24 70 67 30
6102 24 70 30 64
6103 24 70 64 33
6104 24 70 33 61
6105 24 70 61 36
6106 24 70 36 58
6107 24 70 58 39
6108 24 70 39 55
6109 24 70 55 42
6110 24 72 27 69
6111 24 72 69 30
6112 24 72 30 66
6113 24 72 66 33
6114 24 72 33 63
6115 24 72 63 36
6116 24 72 36 60
6117 24 72 60 39
6118 24 72 39 57
6119 24 72 57 42
6120 36 37 38 39
6121 36 37 39 40
6122 36 37 40 41
6123 36 37 41 42
6124 36 37 42 43
6125 36 37 43 44
6126 36 37 44 45
6127 36 37 45 46
6128 36 37 46 47
6129 36 37 47 48
6130 36 37 35 34
6131 36 37 34 33
6132 36 37 33 32
6133 36 37 32 31
6134 36 37 31 30
6135 36 37 30 29
6136 36 37 29 28
6137 36 37 28 27
6138 36 37 27 26
6139 36 37 26 25
6140 47 49 51 53
6141 47 49 53 55
6142 47 49 55 57
6143 47 49 57 59
6144 47 49 59 61
6145 47 49 61 63
6146 47 49 63 65
6147 47 49 65 67
6148 47 49 67 69
6149 47 49 69 71
6150 47 49 45 43
6151 47 49 43 41
6152 47 49 41 39
6153 47 49 39 37
6154 47 49 37 35
6155 47 49 35 33
6156 47 49 33 31
6157 47 49 31 29
6158 47 49 29 27
6159 47 49 27 25
6160 25 28 26 27
6161 25 28 27 31
6162 25 28 31 34
6163 25 28 34 37
6164 25 28 37 40
6165 25 28 40 43
6166 25 28 43 46
6167 25 28 46 49
6168 25 28 49 52
6169 25 28 52 55
6170 52 55 54 53
6171 52 55 53 49
6172 52 55 49 46
6173 52 55 46 43
6174 52 55 43 40
6175 52 55 40 37
6176 52 55 37 34
6177 52 55 34 31
6178 52 55 31 28
6179 52 55 28 25
6180 25 29 26 28
6181 25 29 28 33
6182 25 29 33 37
6183 25 29 37 41
6184 25 29 41 45
6185 25 29 45 49
6186 25 29 49 53
6187 25 29 53 57
6188 25 29 57 61
6189 25 29 61 65
6190 61 65 64 62
6191 61 65 62 57
6192 61 65 57 53
6193 61 65 53 49
6194 61 65 49 45
6195 61 65 45 41
6196 61 65 41 37
6197 61 65 37 33
6198 61 65 33 29
6199 61 65 29 25
6200 25 61 27 59
6201 25 61 59 29
6202 25 61 29 57
6203 25 61 57 31
6204 25 61 31 55
6205 25 61 55 33
6206 25 61 33 53
6207 25 61 53 35
6208 25 61 35 51
6209 25 61 51 37
6210 25 63 27 61
6211 25 63 61 29
6212 25 63 29 59
6213 25 63 59 31
6214 25 63 31 57
6215 25 63 57 33
6216 25 63 33 55
6217 25 63 55 35
6218 25 63 35 53
6219 25 63 53 37
6220 25 65 28 62
6221 25 65 62 31
6222 25 65 31 59
6223 25 65 59 34
6224 25 65 34 56
6225 25 65 56 37
6226 25 65 37 53
6227 25 65 53 40
6228 25 65 40 50
6229 25 65 50 43
6230 25 67 28 64
6231 25 67 64 31
6232 25 67 31 61
6233 25 67 61 34
6234 25 67 34 58
6235 25 67 58 37
6236 25 67 37 55
6237 25 67 55 40
6238 25 67 40 52
6239 25 67 52 43
6240 25 69 28 66
6241 25 69 66 31
6242 25 69 31 63
6243 25 69 63 34
6244 25 69 34 60
6245 25 69 60 37
6246 25 69 37 57
6247 25 69 57 40
6248 25 69 40 54
6249 25 69 54 43
6250 25 71 28 68
6251 25 71 68 31
6252 25 71 31 65
6253 25 71 65 34
6254 25 71 34 62
6255 25 71 62 37
6256 25 71 37 59
6257 25 71 59 40
6258 25 71 40 56
6259 25 71 56 43
6260 37 38 39 40
6261 37 38 40 41
6262 37 38 41 42
6263 37 38 42 43
6264 37 38 43 44
6265 37 38 44 45
6266 37 38 45 46
6267 37 38 46 47
6268 37 38 47 48
6269 37 38 48 49
6270 37 38 36 35
6271 37 38 35 34
6272 37 38 34 33
6273 37 38 33 32
6274 37 38 32 31
6275 37 38 31 30
6276 37 38 30 29
6277 37 38 29 28
6278 37 38 28 27
6279 37 38 27 26
6280 48 50 52 54
6281 48 50 54 56
6282 48 50 56 58
6283 48 50 58 60
6284 48 50 60 62
6285 48 50 62 64
6286 48 50 64 66
6287 48 50 66 68
6288 48 50 68 70
6289 48 50 70 72
6290 48 50 46 44
6291 48 50 44 42
6292 48 50 42 40
6293 48 50 40 38
6294 48 50 38 36
6295 48 50 36 34
6296 48 50 34 32
6297 48 50 32 30
6298 48 50 30 28
6299 48 50 28 26
6300 26 29 27 28
6301 26 29 28 32
6302 26 29 32 35
6303 26 29 35 38
6304 26 29 38 41
6305 26 29 41 44
6306 26 29 44 47
6307 26 29 47 50
6308 26 29 50 53
6309 26 29 53 56
6310 53 56 55 54
6311 53 56 54 50
6312 53 56 50 47
6313 53 56 47 44
6314 53 56 44 41
6315 53 56 41 38
6316 53 56 38 35
6317 53 56 35 32
6318 53 56 32 29
6319 53 56 29 26
6320 26 30 27 29
6321 26 30 29 34
6322 26 30 34 38
6323 26 30 38 42
6324 26 30 42 46
6325 26 30 46 50
6326 26 30 50 54
6327 26 30 54 58
6328 26 30 58 62
6329 26 30 62 66
6330 62 66 65 63
6331 62 66 63 58
6332 62 66 58 54
6333 62 66 54 50
6334 62 66 50 46
6335 62 66 46 42
6336 62 66 42 38
6337 62 66 38 34
6338 62 66 34 30
6339 62 66 30 26
6340 26 62 28 60
6341 26 62 60 30
6342 26 62 30 58
6343 26 62 58 32
6344 26 62 32 56
6345 26 62 56 34
6346 26 62 34 54
6347 26 62 54 36
6348 26 62 36 52
6349 26 62 52 38
6350 26 64 28 62
6351 26 64 62 30
6352 26 64 30 60
6353 26 64 60 32
6354 26 64 32 58
6355 26 64 58 34
6356 26 64 34 56
6357 26 64 56 36
6358 26 64 36 54
6359 26 64 54 38
6360 26 66 29 63
6361 26 66 63 32
6362 26 66 32 60
6363 26 66 60 35
6364 26 66 35 57
6365 26 66 57 38
6366 26 66 38 54
6367 26 66 54 41
6368 26 66 41 51
6369 26 66 51 44
6370 26 68 29 65
6371 26 68 65 32
6372 26 68 32 62
6373 26 68 62 35
6374 26 68 35 59
6375 26 68 59 38
6376 26 68 38 56
6377 26 68 56 41
6378 26 68 41 53
6379 26 68 53 44
6380 26 70 29 67
6381 26 70 67 32
6382 26 70 32 64
6383 26 70 64 35
6384 26 70 35 61
6385 26 70 61 38
6386 26 70 38 58
6387 26 70 58 41
6388 26 70 41 55
6389 26 70 55 44
6390 26 72 29 69
6391 26 72 69 32
6392 26 72 32 66
6393 26 72 66 35
6394 26 72 35 63
6395 26 72 63 38
6396 26 72 38 60
6397 26 72 60 41
6398 26 72 41 57
6399 26 72 57 44
6400 38 39 40 41
6401 38 39 41 42
6402 38 39 42 43
6403 38 39 43 44
6404 38 39 44 45
6405 38 39 45 46
6406 38 39 46 47
6407 38 39 47 48
6408 38 39 48 49
6409 38 39 49 50
6410 38 39 37 36
6411 38 39 36 35
6412 38 39 35 34
6413 38 39 34 33
6414 38 39 33 32
6415 38 39 32 31
6416 38 39 31 30
6417 38 39 30 29
6418 38 39 29 28
6419 38 39 28 27
6420 49 51 47 45
6421 49 51 45 43
6422 49 51 43 41
6423 49 51 41 39
6424 49 51 39 37
6425 49 51 37 35
6426 49 51 35 33
6427 49 51 33 31
6428 49 51 31 29
6429 49 51 29 27
6430 27 30 28 29
6431 27 30 29 33
6432 27 30 33 36
6433 27 30 36 39
6434 27 30 39 42
6435 27 30 42 45
6436 27 30 45 48
6437 27 30 48 51
6438 27 30 51 54
6439 27 30 54 57
6440 54 57 56 55
6441 54 57 55 51
6442 54 57 51 48
6443 54 57 48 45
6444 54 57 45 42
6445 54 57 42 39
6446 54 57 39 36
6447 54 57 36 33
6448 54 57 33 30
6449 54 57 30 27
6450 27 31 28 30
6451 27 31 30 35
6452 27 31 35 39
6453 27 31 39 43
6454 27 31 43 47
6455 27 31 47 51
6456 27 31 51 55
6457 27 31 55 59
6458 27 31 59 63
6459 27 31 63 67
6460 63 67 66 64
6461 63 67 64 59
6462 63 67 59 55
6463 63 67 55 51
6464 63 67 51 47
6465 63 67 47 43
6466 63 67 43 39
6467 63 67 39 35
6468 63 67 35 31
6469 63 67 31 27
6470 27 63 29 61
6471 27 63 61 31
6472 27 63 31 59
6473 27 63 59 33
6474 27 63 33 57
6475 27 63 57 35
6476 27 63 35 55
6477 27 63 55 37
6478 27 63 37 53
6479 27 63 53 39
6480 27 65 29 63
6481 27 65 63 31
6482 27 65 31 61
6483 27 65 61 33
6484 27 65 33 59
6485 27 65 59 35
6486 27 65 35 57
6487 27 65 57 37
6488 27 65 37 55
6489 27 65 55 39
6490 27 67 30 64
6491 27 67 64 33
6492 27 67 33 61
6493 27 67 61 36
6494 27 67 36 58
6495 27 67 58 39
6496 27 67 39 55
6497 27 67 55 42
6498 27 67 42 52
6499 27 67 52 45
6500 27 69 30 66
6501 27 69 66 33
6502 27 69 33 63
6503 27 69 63 36
6504 27 69 36 60
6505 27 69 60 39
6506 27 69 39 57
6507 27 69 57 42
6508 27 69 42 54
6509 27 69 54 45
6510 27 71 30 68
6511 27 71 68 33
6512 27 71 33 65
6513 27 71 65 36
6514 27 71 36 62
6515 27 71 62 39
6516 27 71 39 59
6517 27 71 59 42
6518 27 71 42 56
6519 27 71 56 45
6520 39 40 41 42
6521 39 40 42 43
6522 39 40 43 44
6523 39 40 44 45
6524 39 40 45 46
6525 39 40 46 47
6526 39 40 47 48
6527 39 40 48 49
6528 39 40 49 50
6529 39 40 50 51
6530 39 40 38 37
6531 39 40 37 36
6532 39 40 36 35
6533 39 40 35 34
6534 39 40 34 33
6535 39 40 33 32
6536 39 40 32 31
6537 39 40 31 30
6538 39 40 30 29
6539 39 40 29 28
6540 50 52 48 46
6541 50 52 46 44
6542 50 52 44 42
6543 50 52 42 40
6544 50 52 40 38
6545 50 52 38 36
6546 50 52 36 34
6547 50 52 34 32
6548 50 52 32 30
6549 50 52 30 28
6550 55 58 57 56
6551 55 58 56 52
6552 55 58 52 49
6553 55 58 49 46
6554 55 58 46 43
6555 55 58 43 40
6556 55 58 40 37
6557 55 58 37 34
6558 55 58 34 31
6559 55 58 31 28
6560 28 32 29 31
6561 28 32 31 36
6562 28 32 36 40
6563 28 32 40 44
6564 28 32 44 48
6565 28 32 48 52
6566 28 32 52 56
6567 28 32 56 60
6568 28 32 60 64
6569 28 32 64 68
6570 64 68 67 65
6571 64 68 65 60
6572 64 68 60 56
6573 64 68 56 52
6574 64 68 52 48
6575 64 68 48 44
6576 64 68 44 40
6577 64 68 40 36
6578 64 68 36 32
6579 64 68 32 28
6580 28 64 30 62
6581 28 64 62 32
6582 28 64 32 60
6583 28 64 60 34
6584 28 64 34 58
6585 28 64 58 36
6586 28 64 36 56
6587 28 64 56 38
6588 28 64 38 54
6589 28 64 54 40
6590 28 66 30 64
6591 28 66 64 32
6592 28 66 32 62
6593 28 66 62 34
6594 28 66 34 60
6595 28 66 60 36
6596 28 66 36 58
6597 28 66 58 38
6598 28 66 38 56
6599 28 66 56 40
6600 28 68 31 65
6601 28 68 65 34
6602 28 68 34 62
6603 28 68 62 37
6604 28 68 37 59
6605 28 68 59 40
6606 28 68 40 56
6607 28 68 56 43
6608 28 68 43 53
6609 28 68 53 46
6610 28 70 31 67
6611 28 70 67 34
6612 28 70 34 64
6613 28 70 64 37
6614 28 70 37 61
6615 28 70 61 40
6616 28 70 40 58
6617 28 70 58 43
6618 28 70 43 55
6619 28 70 55 46
6620 28 72 31 69
6621 28 72 69 34
6622 28 72 34 66
6623 28 72 66 37
6624 28 72 37 63
6625 28 72 63 40
6626 28 72 40 60
6627 28 72 60 43
6628 28 72 43 57
6629 28 72 57 46
6630 40 41 42 43
6631 40 41 43 44
6632 40 41 44 45
6633 40 41 45 46
6634 40 41 46 47
6635 40 41 47 48
6636 40 41 48 49
6637 40 41 49 50
6638 40 41 50 51
6639 40 41 51 52
6640 40 41 39 38
6641 40 41 38 37
6642 40 41 37 36
6643 40 41 36 35
6644 40 41 35 34
6645 40 41 34 33
6646 40 41 33 32
6647 40 41 32 31
6648 40 41 31 30
6649 40 41 30 29
6650 51 53 49 47
6651 51 53 47 45
6652 51 53 45 43
6653 51 53 43 41
6654 51 53 41 39
6655 51 53 39 37
6656 51 53 37 35
6657 51 53 35 33
6658 51 53 33 31
6659 51 53 31 29
6660 56 59 58 57
6661 56 59 57 53
6662 56 59 53 50
6663 56 59 50 47
6664 56 59 47 44
6665 56 59 44 41
6666 56 59 41 38
6667 56 59 38 35
6668 56 59 35 32
6669 56 59 32 29
6670 29 33 30 32
6671 29 33 32 37
6672 29 33 37 41
6673 29 33 41 45
6674 29 33 45 49
6675 29 33 49 53
6676 29 33 53 57
6677 29 33 57 61
6678 29 33 61 65
6679 29 33 65 69
6680 65 69 68 66
6681 65 69 66 61
6682 65 69 61 57
6683 65 69 57 53
6684 65 69 53 49
6685 65 69 49 45
6686 65 69 45 41
6687 65 69 41 37
6688 65 69 37 33
6689 65 69 33 29
6690 29 65 31 63
6691 29 65 63 33
6692 29 65 33 61
6693 29 65 61 35
6694 29 65 35 59
6695 29 65 59 37
6696 29 65 37 57
6697 29 65 57 39
6698 29 65 39 55
6699 29 65 55 41
6700 29 67 31 65
6701 29 67 65 33
6702 29 67 33 63
6703 29 67 63 35
6704 29 67 35 61
6705 29 67 61 37
6706 29 67 37 59
6707 29 67 59 39
6708 29 67 39 57
6709 29 67 57 41
6710 29 69 32 66
6711 29 69 66 35
6712 29 69 35 63
6713 29 69 63 38
6714 29 69 38 60
6715 29 69 60 41
6716 29 69 41 57
6717 29 69 57 44
6718 29 69 44 54
6719 29 69 54 47
6720 29 71 32 68
6721 29 71 68 35
6722 29 71 35 65
6723 29 71 65 38
6724 29 71 38 62
6725 29 71 62 41
6726 29 71 41 59
6727 29 71 59 44
6728 29 71 44 56
6729 29 71 56 47
6730 41 42 43 44
6731 41 42 44 45
6732 41 42 45 46
6733 41 42 46 47
6734 41 42 47 48
6735 41 42 48 49
6736 41 42 49 50
6737 41 42 50 51
6738 41 42 51 52
6739 41 42 52 53
6740 41 42 40 39
6741 41 42 39 38
6742 41 42 38 37
6743 41 42 37 36
6744 41 42 36 35
6745 41 42 35 34
6746 41 42 34 33
6747 41 42 33 32
6748 41 42 32 31
6749 41 42 31 30
6750 52 54 50 48
6751 52 54 48 46
6752 52 54 46 44
6753 52 54 44 42
6754 52 54 42 40
6755 52 54 40 38
6756 52 54 38 36
6757 52 54 36 34
6758 52 54 34 32
6759 52 54 32 30
6760 57 60 59 58
6761 57 60 58 54
6762 57 60 54 51
6763 57 60 51 48
6764 57 60 48 45
6765 57 60 45 42
6766 57 60 42 39
6767 57 60 39 36
6768 57 60 36 33
6769 57 60 33 30
6770 30 34 31 33
6771 30 34 33 38
6772 30 34 38 42
6773 30 34 42 46
6774 30 34 46 50
6775 30 34 50 54
6776 30 34 54 58
6777 30 34 58 62
6778 30 34 62 66
6779 30 34 66 70
6780 66 70 69 67
6781 66 70 67 62
6782 66 70 62 58
6783 66 70 58 54
6784 66 70 54 50
6785 66 70 50 46
6786 66 70 46 42
6787 66 70 42 38
6788 66 70 38 34
6789 66 70 34 30
6790 30 66 32 64
6791 30 66 64 34
6792 30 66 34 62
6793 30 66 62 36
6794 30 66 36 60
6795 30 66 60 38
6796 30 66 38 58
6797 30 66 58 40
6798 30 66 40 56
6799 30 66 56 42
6800 30 68 32 66
6801 30 68 66 34
6802 30 68 34 64
6803 30 68 64 36
6804 30 68 36 62
6805 30 68 62 38
6806 30 68 38 60
6807 30 68 60 40
6808 30 68 40 58
6809 30 68 58 42
6810 30 70 33 67
6811 30 70 67 36
6812 30 70 36 64
6813 30 70 64 39
6814 30 70 39 61
6815 30 70 61 42
6816 30 70 42 58
6817 30 70 58 45
6818 30 70 45 55
6819 30 70 55 48
6820 30 72 33 69
6821 30 72 69 36
6822 30 72 36 66
6823 30 72 66 39
6824 30 72 39 63
6825 30 72 63 42
6826 30 72 42 60
6827 30 72 60 45
6828 30 72 45 57
6829 30 72 57 48
6830 42 43 44 45
6831 42 43 45 46
6832 42 43 46 47
6833 42 43 47 48
6834 42 43 48 49
6835 42 43 49 50
6836 42 43 50 51
6837 42 43 51 52
6838 42 43 52 53
6839 42 43 53 54
6840 42 43 41 40
6841 42 43 40 39
6842 42 43 39 38
6843 42 43 38 37
6844 42 43 37 36
6845 42 43 36 35
6846 42 43 35 34
6847 42 43 34 33
6848 42 43 33 32
6849 42 43 32 31
6850 53 55 51 49
6851 53 55 49 47
6852 53 55 47 45
6853 53 55 45 43
6854 53 55 43 41
6855 53 55 41 39
6856 53 55 39 37
6857 53 55 37 35
6858 53 55 35 33
6859 53 55 33 31
6860 58 61 60 59
6861 58 61 59 55
6862 58 61 55 52
6863 58 61 52 49
6864 58 61 49 46
6865 58 61 46 43
6866 58 61 43 40
6867 58 61 40 37
6868 58 61 37 34
6869 58 61 34 31
6870 31 35 32 34
6871 31 35 34 39
6872 31 35 39 43
6873 31 35 43 47
6874 31 35 47 51
6875 31 35 51 55
6876 31 35 55 59
6877 31 35 59 63
6878 31 35 63 67
6879 31 35 67 71
6880 67 71 70 68
6881 67 71 68 63
6882 67 71 63 59
6883 67 71 59 55
6884 67 71 55 51
6885 67 71 51 47
6886 67 71 47 43
6887 67 71 43 39
6888 67 71 39 35
6889 67 71 35 31
6890 31 67 33 65
6891 31 67 65 35
6892 31 67 35 63
6893 31 67 63 37
6894 31 67 37 61
6895 31 67 61 39
6896 31 67 39 59
6897 31 67 59 41
6898 31 67 41 57
6899 31 67 57 43
6900 31 69 33 67
6901 31 69 67 35
6902 31 69 35 65
6903 31 69 65 37
6904 31 69 37 63
6905 31 69 63 39
6906 31 69 39 61
6907 31 69 61 41
6908 31 69 41 59
6909 31 69 59 43
6910 31 71 34 68
6911 31 71 68 37
6912 31 71 37 65
6913 31 71 65 40
6914 31 71 40 62
6915 31 71 62 43
6916 31 71 43 59
6917 31 71 59 46
6918 31 71 46 56
6919 31 71 56 49
6920 43 44 45 46
6921 43 44 46 47
6922 43 44 47 48
6923 43 44 48 49
6924 43 44 49 50
6925 43 44 50 51
6926 43 44 51 52
6927 43 44 52 53
6928 43 44 53 54
6929 43 44 54 55
6930 43 44 42 41
6931 43 44 41 40
6932 43 44 40 39
6933 43 44 39 38
6934 43 44 38 37
6935 43 44 37 36
6936 43 44 36 35
6937 43 44 35 34
6938 43 44 34 33
6939 43 44 33 32
6940 54 56 52 50
6941 54 56 50 48
6942 54 56 48 46
6943 54 56 46 44
6944 54 56 44 42
6945 54 56 42 40
6946 54 56 40 38
6947 54 56 38 36
6948 54 56 36 34
6949 54 56 34 32
6950 59 62 61 60
6951 59 62 60 56
6952 59 62 56 53
6953 59 62 53 50
6954 59 62 50 47
6955 59 62 47 44
6956 59 62 44 41
6957 59 62 41 38
6958 59 62 38 35
6959 59 62 35 32
6960 32 36 33 35
6961 32 36 35 40
6962 32 36 40 44
6963 32 36 44 48
6964 32 36 48 52
6965 32 36 52 56
6966 32 36 56 60
6967 32 36 60 64
6968 32 36 64 68
6969 32 36 68 72
6970 68 72 71 69
6971 68 72 69 64
6972 68 72 64 60
6973 68 72 60 56
6974 68 72 56 52
6975 68 72 52 48
6976 68 72 48 44
6977 68 72 44 40
6978 68 72 40 36
6979 68 72 36 32
6980 32 68 34 66
6981 32 68 66 36
6982 32 68 36 64
6983 32 68 64 38
6984 32 68 38 62
6985 32 68 62 40
6986 32 68 40 60
6987 32 68 60 42
6988 32 68 42 58
6989 32 68 58 44
6990 32 70 34 68
6991 32 70 68 36
6992 32 70 36 66
6993 32 70 66 38
6994 32 70 38 64
6995 32 70 64 40
6996 32 70 40 62
6997 32 70 62 42
6998 32 70 42 60
6999 32 70 60 44
7000 32 72 35 69
7001 32 72 69 38
7002 32 72 38 66
7003 32 72 66 41
7004 32 72 41 63
7005 32 72 63 44
7006 32 72 44 60
7007 32 72 60 47
7008 32 72 47 57
7009 32 72 57 50
7010 44 45 46 47
7011 44 45 47 48
7012 44 45 48 49
7013 44 45 49 50
7014 44 45 50 51
7015 44 45 51 52
7016 44 45 52 53
7017 44 45 53 54
7018 44 45 54 55
7019 44 45 55 56
7020 44 45 43 42
7021 44 45 42 41
7022 44 45 41 40
7023 44 45 40 39
7024 44 45 39 38
7025 44 45 38 37
7026 44 45 37 36
7027 44 45 36 35
7028 44 45 35 34
7029 44 45 34 33
7030 55 57 53 51
7031 55 57 51 49
7032 55 57 49 47
7033 55 57 47 45
7034 55 57 45 43
7035 55 57 43 41
7036 55 57 41 39
7037 55 57 39 37
7038 55 57 37 35
7039 55 57 35 33
7040 60 63 62 61
7041 60 63 61 57
7042 60 63 57 54
7043 60 63 54 51
7044 60 63 51 48
7045 60 63 48 45
7046 60 63 45 42
7047 60 63 42 39
7048 60 63 39 36
7049 60 63 36 33
7050 33 69 35 67
7051 33 69 67 37
7052 33 69 37 65
7053 33 69 65 39
7054 33 69 39 63
7055 33 69 63 41
7056 33 69 41 61
7057 33 69 61 43
7058 33 69 43 59
7059 33 69 59 45
7060 33 71 35 69
7061 33 71 69 37
7062 33 71 37 67
7063 33 71 67 39
7064 33 71 39 65
7065 33 71 65 41
7066 33 71 41 63
7067 33 71 63 43
7068 33 71 43 61
7069 33 71 61 45
7070 45 46 47 48
7071 45 46 48 49
7072 45 46 49 50
7073 45 46 50 51
7074 45 46 51 52
7075 45 46 52 53
7076 45 46 53 54
7077 45 46 54 55
7078 45 46 55 56
7079 45 46 56 57
7080 45 46 44 43
7081 45 46 43 42
7082 45 46 42 41
7083 45 46 41 40
7084 45 46 40 39
7085 45 46 39 38
7086 45 46 38 37
7087 45 46 37 36
7088 45 46 36 35
7089 45 46 35 34
7090 56 58 54 52
7091 56 58 52 50
7092 56 58 50 48
7093 56 58 48 46
7094 56 58 46 44
7095 56 58 44 42
7096 56 58 42 40
7097 56 58 40 38
7098 56 58 38 36
7099 56 58 36 34
7100 61 64 63 62
7101 61 64 62 58
7102 61 64 58 55
7103 61 64 55 52
7104 61 64 52 49
7105 61 64 49 46
7106 61 64 46 43
7107 61 64 43 40
7108 61 64 40 37
7109 61 64 37 34
7110 34 70 36 68
7111 34 70 68 38
7112 34 70 38 66
7113 34 70 66 40
7114 34 70 40 64
7115 34 70 64 42
7116 34 70 42 62
7117 34 70 62 44
7118 34 70 44 60
7119 34 70 60 46
7120 34 72 36 70
7121 34 72 70 38
7122 34 72 38 68
7123 34 72 68 40
7124 34 72 40 66
7125 34 72 66 42
7126 34 72 42 64
7127 34 72 64 44
7128 34 72 44 62
7129 34 72 62 46
7130 46 47 48 49
7131 46 47 49 50
7132 46 47 50 51
7133 46 47 51 52
7134 46 47 52 53
7135 46 47 53 54
7136 46 47 54 55
7137 46 47 55 56
7138 46 47 56 57
7139 46 47 57 58
7140 46 47 45 44
7141 46 47 44 43
7142 46 47 43 42
7143 46 47 42 41
7144 46 47 41 40
7145 46 47 40 39
7146 46 47 39 38
7147 46 47 38 37
7148 46 47 37 36
7149 46 47 36 35
7150 57 59 55 53
7151 57 59 53 51
7152 57 59 51 49
7153 57 59 49 47
7154 57 59 47 45
7155 57 59 45 43
7156 57 59 43 41
7157 57 59 41 39
7158 57 59 39 37
7159 57 59 37 35
7160 62 65 64 63
7161 62 65 63 59
7162 62 65 59 56
7163 62 65 56 53
7164 62 65 53 50
7165 62 65 50 47
7166 62 65 47 44
7167 62 65 44 41
7168 62 65 41 38
7169 62 65 38 35
7170 35 71 37 69
7171 35 71 69 39
7172 35 71 39 67
7173 35 71 67 41
7174 35 71 41 65
7175 35 71 65 43
7176 35 71 43 63
7177 35 71 63 45
7178 35 71 45 61
7179 35 71 61 47
7180 47 48 49 50
7181 47 48 50 51
7182 47 48 51 52
7183 47 48 52 53
7184 47 48 53 54
7185 47 48 54 55
7186 47 48 55 56
7187 47 48 56 57
7188 47 48 57 58
7189 47 48 58 59
7190 47 48 46 45
7191 47 48 45 44
7192 47 48 44 43
7193 47 48 43 42
7194 47 48 42 41
7195 47 48 41 40
7196 47 48 40 39
7197 47 48 39 38
7198 47 48 38 37
7199 47 48 37 36
7200 58 60 56 54
7201 58 60 54 52
7202 58 60 52 50
7203 58 60 50 48
7204 58 60 48 46
7205 58 60 46 44
7206 58 60 44 42
7207 58 60 42 40
7208 58 60 40 38
7209 58 60 38 36
7210 63 66 65 64
7211 63 66 64 60
7212 63 66 60 57
7213 63 66 57 54
7214 63 66 54 51
7215 63 66 51 48
7216 63 66 48 45
7217 63 66 45 42
7218 63 66 42 39
7219 63 66 39 36
7220 36 72 38 70
7221 36 72 70 40
7222 36 72 40 68
7223 36 72 68 42
7224 36 72 42 66
7225 36 72 66 44
7226 36 72 44 64
7227 36 72 64 46
7228 36 72 46 62
7229 36 72 62 48
7230 48 49 50 51
7231 48 49 51 52
7232 48 49 52 53
7233 48 49 53 54
7234 48 49 54 55
7235 48 49 55 56
7236 48 49 56 57
7237 48 49 57 58
7238 48 49 58 59
7239 48 49 59 60
7240 48 49 47 46
7241 48 49 46 45
7242 48 49 45 44
7243 48 49 44 43
7244 48 49 43 42
7245 48 49 42 41
7246 48 49 41 40
7247 48 49 40 39
7248 48 49 39 38
7249 48 49 38 37
7250 59 61 57 55
7251 59 61 55 53
7252 59 61 53 51
7253 59 61 51 49
7254 59 61 49 47
7255 59 61 47 45
7256 59 61 45 43
7257 59 61 43 41
7258 59 61 41 39
7259 59 61 39 37
7260 64 67 66 65
7261 64 67 65 61
7262 64 67 61 58
7263 64 67 58 55
7264 64 67 55 52
7265 64 67 52 49
7266 64 67 49 46
7267 64 67 46 43
7268 64 67 43 40
7269 64 67 40 37
7270 49 50 51 52
7271 49 50 52 53
7272 49 50 53 54
7273 49 50 54 55
7274 49 50 55 56
7275 49 50 56 57
7276 49 50 57 58
7277 49 50 58 59
7278 49 50 59 60
7279 49 50 60 61
7280 49 50 48 47
7281 49 50 47 46
7282 49 50 46 45
7283 49 50 45 44
7284 49 50 44 43
7285 49 50 43 42
7286 49 50 42 41
7287 49 50 41 40
7288 49 50 40 39
7289 49 50 39 38
7290 60 62 58 56
7291 60 62 56 54
7292 60 62 54 52
7293 60 62 52 50
7294 60 62 50 48
7295 60 62 48 46
7296 60 62 46 44
7297 60 62 44 42
7298 60 62 42 40
7299 60 62 40 38
7300 65 68 67 66
7301 65 68 66 62
7302 65 68 62 59
7303 65 68 59 56
7304 65 68 56 53
7305 65 68 53 50
7306 65 68 50 47
7307 65 68 47 44
7308 65 68 44 41
7309 65 68 41 38
7310 50 51 52 53
7311 50 51 53 54
7312 50 51 54 55
7313 50 51 55 56
7314 50 51 56 57
7315 50 51 57 58
7316 50 51 58 59
7317 50 51 59 60
7318 50 51 60 61
7319 50 51 61 62
7320 50 51 49 48
7321 50 51 48 47
7322 50 51 47 46
7323 50 51 46 45
7324 50 51 45 44
7325 50 51 44 43
7326 50 51 43 42
7327 50 51 42 41
7328 50 51 41 40
7329 50 51 40 39
7330 61 63 59 57
7331 61 63 57 55
7332 61 63 55 53
7333 61 63 53 51
7334 61 63 51 49
7335 61 63 49 47
7336 61 63 47 45
7337 61 63 45 43
7338 61 63 43 41
7339 61 63 41 39
7340 66 69 68 67
7341 66 69 67 63
7342 66 69 63 60
7343 66 69 60 57
7344 66 69 57 54
7345 66 69 54 51
7346 66 69 51 48
7347 66 69 48 45
7348 66 69 45 42
7349 66 69 42 39
7350 51 52 53 54
7351 51 52 54 55
7352 51 52 55 56
7353 51 52 56 57
7354 51 52 57 58
7355 51 52 58 59
7356 51 52 59 60
7357 51 52 60 61
7358 51 52 61 62
7359 51 52 62 63
7360 51 52 50 49
7361 51 52 49 48
7362 51 52 48 47
7363 51 52 47 46
7364 51 52 46 45
7365 51 52 45 44
7366 51 52 44 43
7367 51 52 43 42
7368 51 52 42 41
7369 51 52 41 40
7370 62 64 60 58
7371 62 64 58 56
7372 62 64 56 54
7373 62 64 54 52
7374 62 64 52 50
7375 62 64 50 48
7376 62 64 48 46
7377 62 64 46 44
7378 62 64 44 42
7379 62 64 42 40
7380 67 70 69 68
7381 67 70 68 64
7382 67 70 64 61
7383 67 70 61 58
7384 67 70 58 55
7385 67 70 55 52
7386 67 70 52 49
7387 67 70 49 46
7388 67 70 46 43
7389 67 70 43 40
7390 52 53 54 55
7391 52 53 55 56
7392 52 53 56 57
7393 52 53 57 58
7394 52 53 58 59
7395 52 53 59 60
7396 52 53 60 61
7397 52 53 61 62
7398 52 53 62 63
7399 52 53 63 64
7400 52 53 51 50
7401 52 53 50 49
7402 52 53 49 48
7403 52 53 48 47
7404 52 53 47 46
7405 52 53 46 45
7406 52 53 45 44
7407 52 53 44 43
7408 52 53 43 42
7409 52 53 42 41
7410 63 65 61 59
7411 63 65 59 57
7412 63 65 57 55
7413 63 65 55 53
7414 63 65 53 51
7415 63 65 51 49
7416 63 65 49 47
7417 63 65 47 45
7418 63 65 45 43
7419 63 65 43 41
7420 68 71 70 69
7421 68 71 69 65
7422 68 71 65 62
7423 68 71 62 59
7424 68 71 59 56
7425 68 71 56 53
7426 68 71 53 50
7427 68 71 50 47
7428 68 71 47 44
7429 68 71 44 41
7430 53 54 55 56
7431 53 54 56 57
7432 53 54 57 58
7433 53 54 58 59
7434 53 54 59 60
7435 53 54 60 61
7436 53 54 61 62
7437 53 54 62 63
7438 53 54 63 64
7439 53 54 64 65
7440 53 54 52 51
7441 53 54 51 50
7442 53 54 50 49
7443 53 54 49 48
7444 53 54 48 47
7445 53 54 47 46
7446 53 54 46 45
7447 53 54 45 44
7448 53 54 44 43
7449 53 54 43 42
7450 64 66 62 60
7451 64 66 60 58
7452 64 66 58 56
7453 64 66 56 54
7454 64 66 54 52
7455 64 66 52 50
7456 64 66 50 48
7457 64 66 48 46
7458 64 66 46 44
7459 64 66 44 42
7460 69 72 71 70
7461 69 72 70 66
7462 69 72 66 63
7463 69 72 63 60
7464 69 72 60 57
7465 69 72 57 54
7466 69 72 54 51
7467 69 72 51 48
7468 69 72 48 45
7469 69 72 45 42
7470 54 55 56 57
7471 54 55 57 58
7472 54 55 58 59
7473 54 55 59 60
7474 54 55 60 61
7475 54 55 61 62
7476 54 55 62 63
7477 54 55 63 64
7478 54 55 64 65
7479 54 55 65 66
7480 54 55 53 52
7481 54 55 52 51
7482 54 55 51 50
7483 54 55 50 49
7484 54 55 49 48
7485 54 55 48 47
7486 54 55 47 46
7487 54 55 46 45
7488 54 55 45 44
7489 54 55 44 43
7490 65 67 63 61
7491 65 67 61 59
7492 65 67 59 57
7493 65 67 57 55
7494 65 67 55 53
7495 65 67 53 51
7496 65 67 51 49
7497 65 67 49 47
7498 65 67 47 45
7499 65 67 45 43
7500 55 56 57 58
7501 55 56 58 59
7502 55 56 59 60
7503 55 56 60 61
7504 55 56 61 62
7505 55 56 62 63
7506 55 56 63 64
7507 55 56 64 65
7508 55 56 65 66
7509 55 56 66 67
7510 55 56 54 53
7511 55 56 53 52
7512 55 56 52 51
7513 55 56 51 50
7514 55 56 50 49
7515 55 56 49 48
7516 55 56 48 47
7517 55 56 47 46
7518 55 56 46 45
7519 55 56 45 44
7520 66 68 64 62
7521 66 68 62 60
7522 66 68 60 58
7523 66 68 58 56
7524 66 68 56 54
7525 66 68 54 52
7526 66 68 52 50
7527 66 68 50 48
7528 66 68 48 46
7529 66 68 46 44
7530 56 57 58 59
7531 56 57 59 60
7532 56 57 60 61
7533 56 57 61 62
7534 56 57 62 63
7535 56 57 63 64
7536 56 57 64 65
7537 56 57 65 66
7538 56 57 66 67
7539 56 57 67 68
7540 56 57 55 54
7541 56 57 54 53
7542 56 57 53 52
7543 56 57 52 51
7544 56 57 51 50
7545 56 57 50 49
7546 56 57 49 48
7547 56 57 48 47
7548 56 57 47 46
7549 56 57 46 45
7550 67 69 65 63
7551 67 69 63 61
7552 67 69 61 59
7553 67 69 59 57
7554 67 69 57 55
7555 67 69 55 53
7556 67 69 53 51
7557 67 69 51 49
7558 67 69 49 47
7559 67 69 47 45
7560 57 58 59 60
7561 57 58 60 61
7562 57 58 61 62
7563 57 58 62 63
7564 57 58 63 64
7565 57 58 64 65
7566 57 58 65 66
7567 57 58 66 67
7568 57 58 67 68
7569 57 58 68 69
7570 57 58 56 55
7571 57 58 55 54
7572 57 58 54 53
7573 57 58 53 52
7574 57 58 52 51
7575 57 58 51 50
7576 57 58 50 49
7577 57 58 49 48
7578 57 58 48 47
7579 57 58 47 46
7580 68 70 66 64
7581 68 70 64 62
7582 68 70 62 60
7583 68 70 60 58
7584 68 70 58 56
7585 68 70 56 54
7586 68 70 54 52
7587 68 70 52 50
7588 68 70 50 48
7589 68 70 48 46
7590 58 59 60 61
7591 58 59 61 62
7592 58 59 62 63
7593 58 59 63 64
7594 58 59 64 65
7595 58 59 65 66
7596 58 59 66 67
7597 58 59 67 68
7598 58 59 68 69
7599 58 59 69 70
7600 58 59 57 56
7601 58 59 56 55
7602 58 59 55 54
7603 58 59 54 53
7604 58 59 53 52
7605 58 59 52 51
7606 58 59 51 50
7607 58 59 50 49
7608 58 59 49 48
7609 58 59 48 47
7610 69 71 67 65
7611 69 71 65 63
7612 69 71 63 61
7613 69 71 61 59
7614 69 71 59 57
7615 69 71 57 55
7616 69 71 55 53
7617 69 71 53 51
7618 69 71 51 49
7619 69 71 49 47
7620 59 60 61 62
7621 59 60 62 63
7622 59 60 63 64
7623 59 60 64 65
7624 59 60 65 66
7625 59 60 66 67
7626 59 60 67 68
7627 59 60 68 69
7628 59 60 69 70
7629 59 60 70 71
7630 59 60 58 57
7631 59 60 57 56
7632 59 60 56 55
7633 59 60 55 54
7634 59 60 54 53
7635 59 60 53 52
7636 59 60 52 51
7637 59 60 51 50
7638 59 60 50 49
7639 59 60 49 48
7640 70 72 68 66
7641 70 72 66 64
7642 70 72 64 62
7643 70 72 62 60
7644 70 72 60 58
7645 70 72 58 56
7646 70 72 56 54
7647 70 72 54 52
7648 70 72 52 50
7649 70 72 50 48
7650 60 61 62 63
7651 60 61 63 64
7652 60 61 64 65
7653 60 61 65 66
7654 60 61 66 67
7655 60 61 67 68
7656 60 61 68 69
7657 60 61 69 70
7658 60 61 70 71
7659 60 61 71 72
7660 60 61 59 58
7661 60 61 58 57
7662 60 61 57 56
7663 60 61 56 55
7664 60 61 55 54
7665 60 61 54 53
7666 60 61 53 52
7667 60 61 52 51
7668 60 61 51 50
7669 60 61 50 49
7670 61 62 60 59
7671 61 62 59 58
7672 61 62 58 57
7673 61 62 57 56
7674 61 62 56 55
7675 61 62 55 54
7676 61 62 54 53
7677 61 62 53 52
7678 61 62 52 51
7679 61 62 51 50
7680 62 63 61 60
7681 62 63 60 59
7682 62 63 59 58
7683 62 63 58 57
7684 62 63 57 56
7685 62 63 56 55
7686 62 63 55 54
7687 62 63 54 53
7688 62 63 53 52
7689 62 63 52 51
7690 63 64 62 61
7691 63 64 61 60
7692 63 64 60 59
7693 63 64 59 58
7694 63 64 58 57
7695 63 64 57 56
7696 63 64 56 55
7697 63 64 55 54
7698 63 64 54 53
7699 63 64 53 52
7700 64 65 63 62
7701 64 65 62 61
7702 64 65 61 60
7703 64 65 60 59
7704 64 65 59 58
7705 64 65 58 57
7706 64 65 57 56
7707 64 65 56 55
7708 64 65 55 54
7709 64 65 54 53
7710 65 66 64 63
7711 65 66 63 62
7712 65 66 62 61
7713 65 66 61 60
7714 65 66 60 59
7715 65 66 59 58
7716 65 66 58 57
7717 65 66 57 56
7718 65 66 56 55
7719 65 66 55 54
7720 66 67 65 64
7721 66 67 64 63
7722 66 67 63 62
7723 66 67 62 61
7724 66 67 61 60
7725 66 67 60 59
7726 66 67 59 58
7727 66 67 58 57
7728 66 67 57 56
7729 66 67 56 55
7730 67 68 66 65
7731 67 68 65 64
7732 67 68 64 63
7733 67 68 63 62
7734 67 68 62 61
7735 67 68 61 60
7736 67 68 60 59
7737 67 68 59 58
7738 67 68 58 57
7739 67 68 57 56
7740 68 69 67 66
7741 68 69 66 65
7742 68 69 65 64
7743 68 69 64 63
7744 68 69 63 62
7745 68 69 62 61
7746 68 69 61 60
7747 68 69 60 59
7748 68 69 59 58
7749 68 69 58 57
7750 69 70 68 67
7751 69 70 67 66
7752 69 70 66 65
7753 69 70 65 64
7754 69 70 64 63
7755 69 70 63 62
7756 69 70 62 61
7757 69 70 61 60
7758 69 70 60 59
7759 69 70 59 58
7760 70 71 69 68
7761 70 71 68 67
7762 70 71 67 66
7763 70 71 66 65
7764 70 71 65 64
7765 70 71 64 63
7766 70 71 63 62
7767 70 71 62 61
7768 70 71 61 60
7769 70 71 60 59
7770 71 72 70 69
7771 71 72 69 68
7772 71 72 68 67
7773 71 72 67 66
7774 71 72 66 65
7775 71 72 65 64
7776 71 72 64 63
7777 71 72 63 62
7778 71 72 62 61
