1	1	2	3	4	-29.9970622289042
2	1	2	4	5	-10.4622381431619
3	1	2	5	6	-5.15975887011535
4	1	2	6	9	-4.30931199471968
5	1	2	9	13	-1.03948904972552
6	1	2	13	15	-0.134680927396978
7	1	2	15	22	-0.13224010290873
8	1	2	22	31	-0.00711824649274578
9	1	2	45	52	0.398333384772905
10	1	2	57	58	-0.0459490906085131
11	1	2	58	66	-0.193447473993788
12	1	2	66	72	-0.0420169780782865
13	1	2	95	106	0.0317305609261348
14	1	2	106	112	-0.0137420219230847
15	1	2	112	115	-0.00921000601431605
16	1	2	115	141	-0.00823056941809574
17	1	4	48	55	1.19068869664295
18	1	4	55	61	-0.722622562291167
19	1	4	61	62	-0.0752246960330315
20	1	4	62	73	-0.393808125015758
21	1	4	95	98	-0.0131827642200682
22	1	4	98	110	0.0910554147661853
23	1	4	110	118	-0.0760022663203278
24	1	46	63	70	0.292641879313393
25	1	46	70	78	0.229724278346861
26	1	46	78	79	0.0399598802987519
27	1	46	79	91	3.87528817329435
28	1	46	94	99	-4.29091140098255
29	1	46	99	118	0.356478881408864
30	1	46	118	122	0.00864287734647176
31	1	46	122	129	0.299146407454942
32	1	46	129	144	1.00842906885961
33	1	47	5	11	15.6902600047003
34	1	47	11	17	1.28331495750418
35	1	47	17	23	0.269762190705485
36	1	47	23	24	0.00658741459103769
37	1	47	24	25	0.00274218964694072
38	1	47	26	33	0.750831137665108
39	1	47	33	41	4.81869458837091
40	1	47	41	48	11.271625705166
41	1	47	48	61	-17.3444958356487
42	1	47	61	64	0.228619691785456
43	1	47	64	75	0.265675668674472
44	1	47	75	78	0.167668989959076
45	1	47	78	88	2.79260758535017
46	1	47	88	96	0.651620865804722
47	1	47	96	97	-4.00158796399113
48	1	47	97	118	0.375316552934537
49	1	47	118	124	0.00892845966202903
50	1	47	124	130	0.377259939701595
51	1	47	130	135	0.537631079928387
52	1	48	3	15	53.2809185955915
53	1	48	15	17	0.168733774746354
54	1	48	17	23	0.270418084532884
55	1	48	23	25	0.00946550157127248
56	1	48	26	30	0.118957742189662
57	1	48	30	39	3.2870318116058
58	1	48	39	52	-6.16781380061987
59	1	48	52	57	1.62796341328765
60	1	48	57	66	0.963307508868096
61	1	48	66	71	0.161304220457337
62	1	48	71	74	0.00644310372063208
63	1	48	74	84	1.27287785555573
64	1	48	84	91	2.15095183284172
65	1	48	91	94	0.0992392073551656
66	1	48	94	97	-3.90610642129616
67	1	48	97	115	0.322820961832865
68	1	48	115	125	0.107704279643661
69	1	48	125	131	0.38990641282932
70	1	48	131	144	0.763306723814013
71	1	49	59	64	-0.7362590039256
72	1	49	64	68	-0.149079565092702
73	1	49	68	74	-0.0654799980898748
74	1	49	95	103	1.52454444313201
75	1	49	103	110	-1.0790334234657
76	1	49	110	114	-0.283955533989054
77	1	49	114	118	-0.149386535240479
78	1	49	118	140	-0.0107121225241532
79	1	57	3	6	44.6685423213377
80	1	57	6	10	8.31967555222566
81	1	57	10	11	0.475788961871908
82	1	57	16	26	-0.935745199836801
83	1	57	43	51	3.06458426014569
84	1	57	51	54	17.7462899816563
85	1	57	54	60	0.311786975112595
86	1	57	60	62	-10.8717225041912
87	1	57	62	70	-9.9797368392952
88	1	57	70	75	-0.300593088027165
89	1	57	96	101	2.23991195394236
90	1	57	101	110	1.18335628466829
91	1	57	110	114	-2.00449245172827
92	1	57	114	123	-1.41513441008156
93	1	49	2	6	105.764073493624
94	1	49	6	9	6.28250669960061
95	1	49	9	14	1.81867703807619
96	1	49	14	15	0.0803402024373085
97	1	49	15	24	0.202098265255053
98	1	49	47	52	20.7194350095974
99	1	49	52	53	-8.90058130794395
100	1	49	53	59	-10.8640586384925
101	1	113	59	60	0.381758250614584
102	1	113	60	62	0.612480012237772
103	1	113	68	75	-2.47541116398974
104	1	113	75	91	-0.0531715060364967
105	1	113	91	96	-0.00519916946837557
106	1	113	98	111	38.9772581743852
107	1	113	111	121	-39.1674942407912
108	1	113	121	144	-0.0526447613434833
109	1	4	2	3	116.8461702787
110	1	4	3	5	40.6839659912031
111	1	4	5	6	-53.4681671841393
112	1	4	6	7	-17.3145683921103
113	1	4	7	10	-15.2323294489984
114	1	4	10	14	-3.63442138697094
115	1	4	14	17	-0.523599559070294
116	1	4	17	25	-0.367395113091653
117	1	46	2	15	115.91115045791
118	1	46	15	19	0.26255209357336
119	1	46	19	22	0.15829091981708
120	1	46	22	24	0.0267917050700294
121	1	46	24	29	0.108872871644463
122	1	46	29	33	0.768061885121653
123	1	46	33	41	5.89898830287457
124	1	46	41	48	4.34009334977088
125	1	46	48	51	-14.2669278854293
126	1	46	51	63	2.8298414165012
127	1	144	10	18	1.98811044754255
128	1	144	18	22	0.217540718443017
129	1	144	22	27	0.0305067932705079
130	1	144	27	37	0.889703270875828
131	1	144	37	41	0.400169006896305
132	1	144	47	51	-4.37900507020689
133	1	144	51	68	3.04853444658933
134	1	144	68	71	0.0938205566662537
135	1	144	71	73	0.0072656294038583
136	1	144	74	78	0.154236283026971
137	1	144	78	88	3.25442217496754
138	1	144	88	96	1.42819048045365
139	1	144	96	101	-5.16319269215261
140	1	144	101	111	0.18331449541668
141	1	144	111	116	0.103976085908673
142	1	144	116	123	0.0429402684810215
143	1	144	123	134	3.56856451054442
144	1	144	134	143	25.5571588316145
145	2	3	47	55	0.371646561103316
146	2	3	55	59	-0.160916441498986
147	2	3	59	63	-0.112000890918292
148	2	3	63	70	-0.0917986755020338
149	2	3	70	72	-0.00664080322753374
150	2	3	90	98	-0.00996920488316881
151	2	3	98	111	0.0305632312169631
152	2	3	111	114	-0.0088287824944098
153	2	3	114	128	-0.0116316589038149
154	2	5	42	50	-0.773527729843021
155	2	5	50	59	1.58726839920638
156	2	5	59	60	-0.108682138781359
157	2	5	60	68	-0.571841718206548
158	2	5	68	72	-0.131726845463644
159	2	5	102	108	0.0621975642187358
160	2	5	108	119	-0.0924102738464882
161	2	47	10	15	2.53225988003618
162	2	47	15	20	0.424113376632456
163	2	47	20	23	0.152456616972821
164	2	47	23	25	0.0117288208369448
165	2	47	25	29	0.0912291422433142
166	2	47	29	34	1.22599556175443
167	2	47	34	36	0.970477649916307
168	2	47	36	43	5.08899948361733
169	2	47	43	52	-10.552782468168
170	2	47	52	63	2.75270846688422
171	1	113	4	12	28.0812883064457
172	1	113	12	23	0.886873371927018
173	1	113	29	46	-0.0493506387660091
174	1	113	46	50	-2.89084164558168
175	1	113	50	55	2.53728005543333
176	1	113	55	56	0.54731104532701
177	1	113	56	57	0.697399264621537
178	1	113	57	58	0.599655758967899
179	1	113	58	59	0.594048996814953
180	2	47	63	67	0.239486649225872
181	2	47	67	73	0.16418276308201
182	2	47	73	85	1.75200310098484
183	2	47	85	90	1.81661750219334
184	2	47	90	96	0.0264842236689025
185	2	47	96	105	-3.87997637088339
186	2	47	105	112	0.149251832185863
187	2	47	112	124	0.134231984010749
188	2	47	124	129	0.265940815015964
189	2	47	129	137	0.916907977089562
190	2	48	59	65	0.645943504834286
191	2	48	65	74	0.247409117286435
192	2	48	74	79	0.188766941793179
193	2	48	79	90	3.14139732172106
194	2	48	90	93	0.186412939993776
195	2	48	93	104	-3.81657673552288
196	2	48	104	114	0.212479584148407
197	2	48	114	123	0.0897741646319063
198	2	48	123	132	0.50483311650022
199	2	48	132	137	0.624576619696558
200	2	48	3	13	102.895377983843
201	2	48	13	19	0.83417738307568
202	2	48	19	24	0.234714617611835
203	2	48	24	25	0.0031017524554202
204	2	48	26	29	0.0819373403773514
205	2	48	29	36	1.97446986020908
206	2	48	36	44	5.09723207907478
207	2	48	44	54	-9.66521148395953
208	2	48	54	59	1.61535158420372
209	2	50	55	60	-5.91963312063265
210	2	50	60	63	-0.575110194456011
211	2	50	63	72	-0.419218106061608
212	2	50	92	102	2.15400437709186
213	2	50	102	107	-1.23157896224985
214	2	50	107	110	-0.341534995903077
215	2	50	110	123	-0.581673753224461
216	2	58	4	6	35.4340950163478
217	2	58	6	8	9.76137207460834
218	2	58	8	12	4.81609156415281
219	2	58	19	21	-0.0167543106435786
220	2	58	21	36	-0.722659050867754
221	2	58	36	44	-0.00370916304839071
222	2	58	44	53	6.78611963338559
223	2	58	53	55	13.9599089676587
224	2	58	55	59	49.0289249385197
225	6	7	1	3	-6.83809336043424
226	6	7	3	4	-10.4856006872239
227	6	7	4	5	-28.9861988787234
228	6	7	5	8	93.6387036002585
229	6	7	8	9	-24.8545059952151
230	6	7	9	10	-8.8003223318046
231	6	7	10	11	-4.65060734509688
232	6	7	11	14	-4.17459462081418
233	6	7	14	17	-0.825279759491569
234	6	7	17	22	-0.429009206942066
235	20	21	1	12	-1.42644522060394
236	20	21	12	16	-4.59421194148767
237	20	21	16	17	-3.63349633524535
238	20	21	17	18	-9.76823228330135
239	20	21	18	19	-45.8175204923854
240	20	21	19	22	105.35950236439
241	20	21	22	23	-31.8414192590407
242	20	21	23	24	-7.07433465569679
243	20	21	24	25	-1.03113425982319
244	20	21	25	26	-0.0576772443023032
245	29	30	17	24	-0.00864730159043961
246	29	30	26	27	-0.0434094592032311
247	29	30	27	28	-3.37486032289113
248	29	30	28	31	57.4552650864078
249	29	30	31	32	-48.2026977647449
250	29	30	32	33	-4.32495523156345
251	29	30	33	34	-0.7581379719041
252	29	30	34	36	-0.427442900325028
253	44	45	23	33	-0.133892326607567
254	44	45	33	37	-0.424572645544624
255	44	45	37	40	-0.647082700863219
256	44	45	40	41	-0.557851105606936
257	44	45	41	42	-1.06469206218588
258	44	45	42	43	-1.22182174888505
259	44	45	43	46	8.16373303242255
260	44	45	46	47	-2.34941852814364
261	44	45	47	48	-0.529615947700411
262	71	72	1	19	-0.235339758914889
263	71	72	19	27	0.242980542937723
264	71	72	31	48	-0.00308638968507719
265	71	72	48	49	-0.00809462068020675
266	71	72	49	66	-1.61216537487858
267	71	72	66	68	-4.0085801628929
268	71	72	68	69	-7.69969270125033
269	71	72	69	70	-31.0691916749808
270	71	72	70	73	50.6264319007749
271	59	60	1	8	-0.116405890800469
272	59	60	8	18	0.611265359371947
273	59	60	18	25	-0.367111726858929
274	59	60	25	48	-0.00368716157791684
275	59	60	48	50	-0.529260357877677
276	59	60	50	56	-6.79156139725744
277	59	60	56	57	-6.90826101449442
278	59	60	57	58	-20.1966025837516
279	59	60	58	61	62.192436215619
280	59	60	61	62	-14.2277183612716
281	5	6	1	2	-5.16015030544316
282	5	6	2	3	-11.7357833354112
283	5	6	3	4	-36.5870457204815
284	5	6	4	7	113.809341783464
285	5	6	7	8	-32.1440162710691
286	5	6	8	9	-10.1477831801739
287	5	6	9	10	-4.57947446672375
288	5	6	10	13	-5.00582105601903
289	5	6	13	18	-1.14436631474581
290	5	6	18	27	-0.306602721742778
291	79	80	24	32	0.0829812558802457
292	79	80	32	41	0.222910304102722
293	79	80	41	46	-0.146057513583527
294	79	80	46	51	-0.14878995061231
295	79	80	51	73	-0.0158771031838104
296	79	80	73	76	-0.182126245847176
297	79	80	76	77	-10.4882396106098
298	79	80	77	78	-90.575325124999
299	79	80	78	81	187.135006755396
300	24	25	1	14	-0.0617168230141602
301	24	25	14	19	-0.384546669042943
302	24	25	19	21	-1.5459460974397
303	24	25	21	22	-4.90438686074314
304	24	25	22	23	-8.16551523861637
305	24	25	23	26	18.1685413383727
306	24	25	26	27	-3.03223484227616
307	24	25	27	28	-0.0670554455372482
308	32	33	1	19	-0.0124044453640572
309	32	33	19	26	-0.00936662351036257
310	32	33	26	29	-0.605306088399548
311	32	33	29	30	-4.28789624437937
312	32	33	30	31	-52.4951406322214
313	32	33	31	34	138.055212422691
314	32	33	34	35	-52.3300200537576
315	32	33	35	36	-14.1396495876994
316	32	33	36	37	-6.89810784541958
317	32	33	37	39	-4.57482407196971
318	90	91	1	27	-0.0019917488499978
319	90	91	27	36	-0.112782162439469
320	90	91	36	41	0.070367705255694
321	90	91	41	48	0.121159167704949
322	90	91	48	49	-0.0768335916188262
323	90	91	49	81	-0.127606709391748
324	90	91	81	82	-0.0908251253883192
325	90	91	82	87	-2.08920305796345
326	90	91	87	88	-1.90174511699672
327	90	91	88	89	-7.4222231906719
328	91	92	1	26	-0.00219121980777405
329	91	92	26	36	-0.213770248891725
330	91	92	36	44	0.0942599262184423
331	91	92	44	48	0.145493660117154
332	91	92	48	49	-0.0238824880600359
333	91	92	49	76	-0.00424929262164754
334	91	92	76	83	-0.349730370100024
335	91	92	83	87	-1.17686679580544
336	91	92	87	88	-0.689140700114535
337	91	92	88	89	-1.40862472242718
338	4	5	1	2	-10.4618595984303
339	4	5	2	3	-31.3940340587536
340	4	5	3	6	103.170514277594
341	4	5	6	7	-28.9717537006777
342	4	5	7	8	-10.4749820292619
343	4	5	8	9	-4.31593551958269
344	4	5	9	11	-3.58582044551251
345	4	5	11	19	-1.9684237327607
346	4	5	19	21	-0.0840072801723685
347	4	5	21	34	-0.0625655997821127
348	80	81	1	29	-0.0428715957564876
349	80	81	30	39	0.679690728786467
350	80	81	46	52	-0.238927202690785
351	80	81	52	73	-0.0143403787972356
352	80	81	73	77	-2.06706351681786
353	80	81	77	78	-10.7206867890955
354	80	81	78	79	-38.0064817800252
355	80	81	79	82	130.405585664625
356	60	61	11	20	0.382762118271726
357	60	61	20	24	-0.183835747677776
358	60	61	24	47	-0.00615028179367475
359	60	61	47	54	-1.58481008331918
360	60	61	54	57	-5.2147248131522
361	60	61	57	58	-6.41458197823512
362	60	61	58	59	-15.8319410548112
363	60	61	59	62	54.6692417472373
364	60	61	62	63	-13.6774244233407
365	25	26	1	15	-0.00679996995015268
366	25	26	15	20	-0.0451744759961521
367	25	26	20	22	-0.255308382241221
368	25	26	22	23	-0.303932760724989
369	25	26	23	24	-5.6367147212894
370	25	26	24	27	12.4467990937908
371	25	26	27	28	-6.1073549628504
372	25	26	28	29	-0.0881233298459524
373	30	31	27	28	-0.413961540218335
374	30	31	28	29	-37.7130378130958
375	30	31	29	32	101.467970754492
376	30	31	32	33	-52.9229400355199
377	30	31	33	34	-6.63884024228007
378	30	31	34	35	-1.97854840222354
379	30	31	35	36	-0.748469080762546
380	46	47	24	33	-0.123873464653992
381	46	47	33	36	-0.281797704336617
382	46	47	36	41	-0.793613864842049
383	46	47	41	42	-0.439453001101714
384	46	47	42	43	-0.203135504707453
385	46	47	43	44	-0.626057584879903
386	46	47	44	45	-2.37644330416907
387	46	47	45	48	10.5890538828796
388	46	47	48	50	-5.72935121725249
389	3	4	1	2	-29.9190997824643
390	3	4	2	5	112.23989497178
391	3	4	5	6	-36.5491991139248
392	3	4	6	7	-10.4693210513017
393	3	4	7	8	-4.90299682674663
394	3	4	8	11	-4.37153462480104
395	3	4	11	15	-1.09554730661054
396	3	4	15	21	-0.247475133693279
397	3	4	21	32	-0.0459826576869023
398	81	82	1	28	-0.0510296836551629
399	81	82	28	33	0.368974028747228
400	81	82	33	37	0.668654631629991
401	81	82	37	48	-0.716494763944695
402	81	82	48	53	-0.274654854397212
403	81	82	74	78	-3.30821403868355
404	81	82	78	79	-5.91473184652282
405	81	82	79	80	-64.4650952893964
406	81	82	80	83	150.687854304494
407	61	62	11	20	0.447596851414333
408	61	62	20	24	-0.3083514635182
409	61	62	24	48	-0.0103431375649158
410	61	62	48	49	-0.213476868899602
411	61	62	49	58	-6.94613023637765
412	61	62	58	59	-5.42973209167489
413	61	62	59	60	-14.2314314136338
414	61	62	60	63	57.6623557646432
415	61	62	63	64	-15.9696176661468
416	77	78	1	26	-0.0128882813589816
417	77	78	26	33	0.299839172826044
418	77	78	33	39	-0.0770833521674534
419	77	78	39	44	-0.12111991854963
420	77	78	44	49	-0.0946127946176109
421	77	78	49	71	-0.0135459473760762
422	77	78	75	76	-4.46445844189892
423	77	78	76	79	111.004697906626
424	120	121	51	67	-0.0111941680581149
425	120	121	67	74	0.0124794588955098
426	120	121	98	114	-0.119085936669423
427	88	89	1	31	-1.01052506278018
428	88	89	31	39	0.530881385037721
429	88	89	39	41	0.411998448851999
430	88	89	41	46	0.381819048277436
431	88	89	46	49	-0.316542101682824
432	88	89	49	80	-0.526681995434094
433	88	89	80	83	-2.55921208880977
434	88	89	83	85	-7.06830524400106
435	88	89	85	86	-25.2015238229253
436	88	89	86	87	-75.8981191501621
437	2	3	1	4	117.063495111202
438	2	3	4	5	-31.495564428095
439	2	3	5	6	-11.7753473001062
440	2	3	6	7	-4.55999982910036
441	2	3	7	11	-4.86062459544851
442	2	3	11	13	-0.48846835532619
443	2	3	13	18	-0.300037625651339
444	2	3	18	24	-0.0997444000398834
445	123	124	28	48	0.0212849124427665
446	103	104	1	10	0.0491250312191934
447	103	104	23	48	-0.00254099855769959
448	103	104	48	50	-0.292332679502363
449	103	104	50	60	0.942171400926219
450	103	104	62	69	-0.450402696204175
451	103	104	69	84	-0.0961402606364187
452	103	104	91	98	-3.13554132319478
453	83	84	1	28	-0.028948291261965
454	83	84	28	35	0.45454814004628
455	83	84	43	44	-0.0325243359273733
456	83	84	44	53	-0.344857052881794
457	83	84	53	78	-0.581227478335704
458	83	84	78	79	-0.415407996461166
459	83	84	79	80	-2.86338715997387
460	83	84	80	81	-8.44542361208974
461	83	84	81	82	-45.6790057703518
462	126	127	1	34	0.0347338076288988
463	126	127	47	49	-0.0217374287440826
464	126	127	74	81	0.122217061529406
465	126	127	81	90	-0.0312469816049197
466	126	127	90	94	-0.021566694370521
467	126	127	94	97	-0.0654470345543254
468	94	95	1	28	-0.00392645879259237
469	94	95	28	36	-0.229191820289836
470	94	95	36	40	-0.107455443258897
471	94	95	40	45	0.156208277852233
472	94	95	45	48	0.247094144249249
473	94	95	48	49	-0.0633057694152468
474	94	95	49	74	-0.00158248796120825
475	94	95	74	81	-0.131883947639412
476	94	95	81	88	-1.19589775311405
477	94	95	88	90	-0.818403011997149
478	127	128	1	26	-0.0215169424271269
479	127	128	26	39	0.146213371813529
480	127	128	39	48	-0.0512718309822167
481	127	128	48	50	-0.0771524412805215
482	127	128	76	81	0.393803021496448
483	127	128	91	92	-0.0165953617451627
484	127	128	92	99	-0.313879593404178
485	127	128	99	118	-0.0120530435970555
486	133	134	1	31	-0.0886022105378078
487	133	134	31	38	0.156283838002839
488	133	134	38	47	0.0637476717508594
489	133	134	47	50	-0.140677859809762
490	133	134	50	75	-0.0196051441231421
491	133	134	75	86	0.0828043323171967
492	133	134	86	89	0.568553519289621
493	133	134	89	96	-0.124293814970968
494	133	134	96	98	-0.508458771165095
495	133	134	98	121	-0.0177587092338967
496	136	137	1	31	-0.0500470340475866
497	136	137	31	39	0.120072961316242
498	136	137	39	48	0.0565969498939971
499	136	137	48	49	-0.128657904884896
500	136	137	49	81	-0.238689674267001
501	136	137	86	89	0.698107139500145
502	136	137	89	93	0.262663231037368
503	136	137	93	110	-0.666957356605845
504	136	137	110	118	-0.00481087664318255
505	95	96	1	27	-0.00236667483872895
506	95	96	27	36	-0.139586006102947
507	95	96	36	38	-0.0479297770221059
508	95	96	44	48	0.193699302677068
509	95	96	48	60	-0.00328672473891382
510	95	96	60	77	-0.0142277361834162
511	95	96	77	79	-0.0120527714140788
512	95	96	79	84	-0.192314061711145
513	95	96	84	88	-0.494118072503641
514	129	130	1	35	0.0771755398207865
515	129	130	35	38	0.0633941098122108
516	129	130	48	50	-0.102331405520729
517	129	130	50	75	-0.011746682726715
518	129	130	75	84	1.0285661207458
519	129	130	86	92	-0.463463076329383
520	129	130	92	97	-0.438044667886566
521	129	130	97	122	-0.013362282758607
522	138	139	1	32	-0.0051843978300727
523	138	139	32	37	0.0277513980764993
524	138	139	37	45	0.031752428379254
525	138	139	45	49	-0.0546181174291592
526	138	139	49	75	-0.00188213948557709
527	138	139	75	86	-0.0171930967784865
528	138	139	86	89	0.162633936569508
529	138	139	89	92	0.0856425248640363
530	138	139	92	97	-0.229139581472835
531	138	139	97	118	-0.00124699885724686
532	2	5	1	3	45.051087990036
533	2	5	3	4	112.261319318924
534	2	5	4	6	23.4626146391847
535	2	5	6	7	-43.9785968376445
536	2	5	7	8	-17.8015790512933
537	2	5	8	12	-16.0874316873491
538	2	5	12	13	-1.1279293423066
539	2	5	13	23	-1.8639653502386
540	2	5	23	28	-0.0116763765253511
541	5	8	1	3	-27.4839888571693
542	5	8	3	4	-51.9126474149728
543	5	8	4	6	42.1652525924993
544	5	8	6	7	93.6157212425654
545	5	8	7	9	31.8945083497049
546	5	8	9	10	-38.9399668801018
547	5	8	10	11	-17.5246752412981
548	5	8	11	12	-7.17937804834297
549	5	8	12	21	-11.3903262814404
550	5	8	21	28	-0.417030147156551
551	14	17	1	9	-5.58045265390524
552	14	17	9	12	-19.7151296464657
553	14	17	12	13	-29.29445639704
554	14	17	13	15	25.5046178742302
555	14	17	15	16	51.063521183867
556	14	17	16	18	30.4122434737585
557	14	17	18	19	-26.5427553804804
558	14	17	19	20	-10.730048706141
559	14	17	20	22	-12.3782131611543
560	14	17	22	23	-1.71492357476568
561	125	126	26	39	0.0707755709788043
562	125	126	39	52	-0.0587715619850575
563	125	126	67	78	0.128484977098591
564	125	126	88	95	-0.035915373935295
565	125	126	95	105	-0.0267205589085225
566	128	129	1	26	-0.0205500663591302
567	128	129	26	39	0.149134611595798
568	128	129	47	49	-0.0908402373424189
569	128	129	77	81	0.351898052845498
570	128	129	81	87	0.302135099124773
571	128	129	87	95	-0.44751938429398
572	128	129	95	97	-0.262264553731102
573	128	129	97	120	-0.0174200919482828
574	142	143	1	29	-0.00724995044578598
575	142	143	42	48	0.0350922166640725
576	142	143	50	78	-0.0183623275971612
577	142	143	78	81	-0.0359988024657183
578	142	143	81	87	-0.207838202850408
579	142	143	92	96	0.349112855295171
580	143	144	1	29	-0.0060241029455585
581	143	144	29	34	-0.0262999868272597
582	143	144	40	47	0.0244782836965924
583	143	144	51	77	-0.0095516987530597
584	143	144	77	82	-0.0582678481280504
585	143	144	82	84	-0.0453498240002509
586	143	144	84	90	-0.217636109145809
587	143	144	90	95	0.204332270811401
588	3	6	1	2	-45.5098904526547
589	3	6	2	4	32.4040755641302
590	3	6	4	5	103.281037120707
591	3	6	5	7	37.7967711958974
592	3	6	7	8	-47.4942876426665
593	3	6	8	9	-16.765589527432
594	3	6	9	12	-15.4086376638055
595	3	6	12	18	-4.15802348699203
596	3	6	18	21	-0.442874888369999
597	3	6	21	36	-0.208055606637777
598	25	28	1	15	-0.0117683077273734
599	25	28	15	21	-0.0953906681979464
600	25	28	21	23	-0.546810078972441
601	25	28	23	24	-5.91099079505422
602	25	28	24	26	3.21268132945065
603	25	28	26	27	8.01146357064716
604	25	28	27	29	-1.9730995637541
605	25	28	29	30	-2.41111438974498
606	25	28	30	31	-0.207297209353904
607	25	28	31	34	-0.050721365535231
608	28	31	1	17	-0.0196825305351435
609	28	31	17	24	-0.035061129403595
610	28	31	24	26	-0.0537961967362029
611	28	31	26	27	-4.88085700179294
612	28	31	27	29	8.65831568453373
613	28	31	29	30	56.2542461347432
614	28	31	30	32	11.0701751607676
615	28	31	32	33	-57.8435833187629
616	28	31	33	34	-7.70790860343778
617	28	31	34	37	-4.08241083993345
618	31	34	1	21	-0.0370258496846906
619	31	34	21	26	-0.0176250721855599
620	31	34	26	29	-5.63467951276293
621	31	34	29	30	-52.8450837471417
622	31	34	30	32	9.95897044126188
623	31	34	32	33	137.762100312088
624	31	34	33	35	41.726130235711
625	31	34	35	36	-75.2347175753784
626	31	34	36	37	-29.8290354389914
627	31	34	37	39	-17.625840549222
628	70	73	1	18	-0.811095318987379
629	70	73	18	27	0.8468056846778
630	70	73	30	48	-0.0123244652589841
631	70	73	48	50	-0.0447368383025793
632	70	73	50	65	-5.13374982355547
633	70	73	65	68	-24.042695196328
634	70	73	68	69	-49.4919307281731
635	70	73	69	71	24.8513734204819
636	70	73	71	72	50.0199394153372
637	73	76	20	30	0.0193445327310186
638	73	76	37	46	-0.0141772872738838
639	73	76	46	50	-0.00625164567655971
640	73	76	50	68	-0.0706034102075923
641	73	76	68	71	-0.703612228282539
642	73	76	71	72	-4.52042748788406
643	73	76	72	74	5.29269833051354
644	73	76	74	75	2.55822557162935
645	4	7	1	2	-17.8854853044332
646	4	7	2	3	-47.6441582237749
647	4	7	3	5	27.1662909507456
648	4	7	5	6	113.64592868659
649	4	7	6	8	22.0397645567296
650	4	7	8	9	-39.2959657379321
651	4	7	9	10	-15.5395348772455
652	4	7	10	13	-15.7565041353665
653	4	7	13	19	-3.65448843364884
654	4	7	19	30	-0.667412552987277
655	89	92	1	30	-0.688836534718066
656	89	92	38	44	1.10109375510774
657	89	92	44	47	0.143225152874484
658	89	92	47	50	-0.400427351994067
659	89	92	50	77	-0.155362389439876
660	89	92	77	83	-2.46275384160567
661	89	92	83	87	-28.7804138168981
662	89	92	87	88	-41.0097884586104
663	89	92	88	90	60.4987798190047
664	76	79	1	22	-0.0458330991629686
665	76	79	22	28	0.0413038865205186
666	76	79	28	40	0.56148647247049
667	76	79	40	48	-0.37892917771589
668	76	79	48	49	-0.182984843609573
669	76	79	49	71	-0.0445572696692252
670	76	79	74	75	-2.58578363574878
671	76	79	75	77	13.6750442491537
672	76	79	77	78	110.614105594579
673	27	30	1	20	-0.0317169597905214
674	27	30	20	23	-0.0208397972019852
675	27	30	23	25	-0.0552009980000646
676	27	30	25	26	-5.97042809823789
677	27	30	28	29	48.5908453178443
678	27	30	29	31	16.0304481842321
679	27	30	31	32	-52.8145120356243
680	27	30	32	33	-4.91997023614577
681	27	30	33	35	-1.50158500300693
682	30	33	1	18	-0.0160991347029149
683	30	33	18	25	-0.016258621259043
684	30	33	25	28	-0.425593984954095
685	30	33	28	29	-42.92072871661
686	30	33	31	32	111.77750819884
687	30	33	32	34	36.8061738708626
688	30	33	34	35	-63.9755280032851
689	30	33	35	36	-18.1306442554155
690	30	33	36	38	-13.1532251674299
691	41	44	1	25	-0.555678195638763
692	41	44	25	34	-1.47283958002945
693	41	44	34	36	-2.20366140436745
694	41	44	36	39	-20.7700614730329
695	41	44	39	40	-45.707881723384
696	41	44	40	42	58.8788726331246
697	41	44	42	43	14.5407322240091
698	41	44	43	45	3.87799596942135
699	41	44	45	46	-2.50193426478099
700	41	44	46	47	-1.26080776223912
701	86	89	1	26	-0.822808021083076
702	86	89	34	43	2.49793137054726
703	86	89	47	49	-1.09754185146283
704	86	89	49	77	-0.565560516489045
705	86	89	77	82	-10.0238752781152
706	86	89	82	84	-28.2643993659922
707	86	89	84	85	-118.098841823947
708	86	89	85	87	1.69926568247595
709	117	120	1	22	0.0351262213211129
710	117	120	47	51	-0.130290394032803
711	117	120	51	68	-1.43408131090513
712	117	120	68	70	1.16221144941483
713	117	120	70	78	0.426212038233942
714	117	120	78	85	-0.0149723266875486
715	117	120	85	93	-0.00917360424588381
716	117	120	93	98	-0.137043010898405
717	117	120	98	113	-14.1176936924362
718	122	125	1	29	0.346937759545846
719	122	125	48	51	-0.045733251748248
720	122	125	51	70	-0.0237351252715023
721	122	125	74	82	0.371978708952377
722	122	125	82	87	-0.12409750828585
723	122	125	87	96	-0.145357769167066
724	122	125	96	105	-0.0687539583897559
725	122	125	105	116	-0.0172750351727616
726	72	75	1	20	-0.0460880272819202
727	72	75	20	27	0.0484660457441004
728	72	75	27	31	0.00796799091964906
729	72	75	31	48	-0.00998678572025134
730	72	75	48	49	-0.00436006381793874
731	72	75	49	67	-0.768087704072544
732	72	75	67	70	-8.963775656366
733	72	75	70	71	-8.53740524171658
734	72	75	71	73	12.5198734439873
735	72	75	73	74	5.74954549188194
736	92	95	1	25	-0.00589964901424417
737	92	95	25	33	-0.248227250514147
738	92	95	33	40	-0.743476543747343
739	92	95	40	43	0.166920942872983
740	92	95	43	48	0.968106457642214
741	92	95	48	51	-0.138027892975543
742	92	95	51	76	-0.0109364746021928
743	92	95	76	84	-1.21026483482912
744	92	95	84	87	-2.2094105185004
745	92	95	87	90	-4.69292468989138
746	75	78	1	21	-0.0341056222983005
747	75	78	21	28	0.0334046643758024
748	75	78	28	37	0.690031485188448
749	75	78	37	44	-0.448915752540103
750	75	78	44	49	-0.245382145548424
751	75	78	49	69	-0.028793528833727
752	75	78	76	77	59.2635768578424
753	87	90	35	39	0.373051697729239
754	87	90	39	46	2.0219838968245
755	87	90	46	50	-1.08593875868547
756	87	90	50	76	-0.0642051483413489
757	87	90	76	81	-3.08873343319976
758	87	90	81	85	-39.5145029131516
759	87	90	85	86	-142.921952135218
760	87	90	86	88	50.4766662304757
761	131	134	1	28	-0.0370373252702816
762	131	134	28	40	0.316259772126262
763	131	134	47	51	-0.293876735018896
764	131	134	51	74	-0.0291739965090145
765	131	134	74	84	0.104281769738024
766	131	134	84	86	0.712543539535725
767	131	134	86	93	0.524591173326123
768	131	134	93	101	-1.312408845303
769	131	134	101	123	-0.0529855867412875
770	136	139	1	32	-0.0821537948497939
771	136	139	32	36	0.118714815472316
772	136	139	36	47	0.240805397755291
773	136	139	47	53	-0.277478869558356
774	136	139	53	80	-0.288137833599621
775	136	139	80	84	-0.609642335838413
776	136	139	84	89	1.66068426139614
777	136	139	89	93	0.616241197704006
778	136	139	93	98	-1.37932934887666
779	136	139	98	117	-0.010254321169152
780	118	121	1	28	0.00924802783197244
781	118	121	44	50	-0.0287572361450532
782	118	121	50	69	-0.338063544102766
783	118	121	69	72	0.365647289561746
784	118	121	72	76	0.00943290978079398
785	118	121	96	101	-0.0832066843612121
786	118	121	101	114	-6.76749201980006
787	140	143	1	32	-0.0442131421057163
788	140	143	42	48	0.10787893241845
789	140	143	49	76	-0.00884919113189096
790	140	143	76	82	-0.31579305840632
791	140	143	91	94	0.684656838221217
792	140	143	94	96	0.486099391450293
793	74	77	1	23	-0.0291973582952921
794	74	77	23	30	0.492413384241764
795	74	77	30	38	-0.0862562716070976
796	74	77	38	48	-0.287357426436499
797	74	77	48	49	-0.0942729625881398
798	74	77	49	69	-0.0156191121887742
799	74	77	73	75	0.178152820611263
800	74	77	75	76	4.94318944661669
801	77	80	1	23	-0.0309061354620626
802	77	80	23	32	0.425157173559969
803	77	80	32	41	0.129746914860438
804	77	80	41	47	-0.30037511837754
805	77	80	47	49	-0.227603986348204
806	77	80	49	71	-0.0256252097350069
807	77	80	75	76	-5.42534889129772
808	77	80	78	79	88.2683545782972
809	91	94	1	26	-0.00626992771926101
810	91	94	26	33	-0.244104643863362
811	91	94	33	40	-0.671758081339514
812	91	94	40	44	0.36897554151993
813	91	94	44	49	0.552576195307873
814	91	94	49	71	-0.00485723547252162
815	91	94	71	83	-1.01525080645574
816	91	94	83	85	-0.746351648422777
817	91	94	85	89	-6.22765045688632
818	91	94	89	90	-4.49914637150798
819	104	107	1	11	0.119016037974044
820	104	107	27	43	-0.00620520628187648
821	104	107	43	56	-0.0759797404433672
822	104	107	56	58	0.855714225117406
823	104	107	58	63	0.535810533757512
824	104	107	63	75	-1.30971905266879
825	104	107	75	93	-0.00566323726203101
826	104	107	93	99	-5.42369863152048
827	104	107	99	102	-23.6170406820248
828	109	112	1	19	0.0730460574453799
829	109	112	19	33	0.00904744070726605
830	109	112	33	43	-0.0149036583923225
831	109	112	43	57	-1.61428181469713
832	109	112	57	62	0.756997968898309
833	109	112	62	70	1.06008787600699
834	109	112	70	75	-0.177471535785448
835	109	112	75	89	-0.0241499780996627
836	109	112	89	100	-1.25087105439564
837	109	112	100	105	-7.2919973501154
838	49	94	1	11	2.62974867711308
839	49	94	11	22	0.614737471782014
840	49	94	22	27	0.0205875302959156
841	49	94	27	34	1.22480150150772
842	49	94	34	44	2.9302986148637
843	49	94	46	55	-9.95818992178799
844	49	94	55	67	5.84273524084239
845	49	94	67	70	0.182119217610227
846	49	94	70	72	0.0327243152403373
847	2	50	1	3	12.2936353165555
848	2	50	3	5	76.3908770849946
849	2	50	5	12	24.3914702330158
850	2	50	12	15	0.952055055346409
851	2	50	23	31	0.00400302228894841
852	2	50	48	51	84.7724511792823
853	2	50	51	52	-46.3622792627733
854	2	50	52	55	-31.5055653880673
855	13	61	1	8	-7.22147440614364
856	13	61	8	12	-59.2282238991247
857	13	61	14	15	33.59535016495
858	13	61	15	19	26.1121907131886
859	13	61	19	31	7.31522223637843
860	13	61	31	38	0.73138669769984
861	13	61	48	51	1.24865217564858
862	13	61	51	60	59.4972010864091
863	25	73	1	14	-0.00247526545915888
864	25	73	14	23	-0.590450445122015
865	25	73	23	24	-5.47418187564355
866	25	73	24	26	2.94741818756436
867	25	73	26	30	3.11477198047632
868	25	73	55	67	0.0344025730204303
869	31	79	24	29	-6.00142444271548
870	31	79	29	32	-64.203472076386
871	31	79	32	33	57.9427037322039
872	31	79	33	39	12.1220700357983
873	31	79	39	47	0.142932412290341
874	141	144	1	26	-0.00511877267168247
875	141	144	26	35	-0.133646499429093
876	141	144	44	47	0.0743135497067901
877	141	144	68	77	-0.0368926040935746
878	141	144	77	82	-0.2405087656323
879	141	144	82	88	-0.718077278983226
880	141	144	92	94	0.484111937458174
881	4	52	1	5	-78.1071689232867
882	4	52	5	7	80.5837936042078
883	4	52	7	8	10.5471817779644
884	4	52	8	16	12.9183076834905
885	4	52	16	23	0.573067169040674
886	4	52	48	49	20.7428022793897
887	4	52	49	53	67.9348138532319
888	4	52	53	54	-49.2813827264382
889	51	99	1	8	1.26250572637704
890	51	99	8	16	1.30950467465934
891	51	99	16	19	0.0920966542544383
892	51	99	19	30	0.110166387098786
893	51	99	43	49	-39.7957720818218
894	51	99	49	54	20.2791419032192
895	51	99	54	56	12.3076196396458
896	51	99	56	61	6.29812010449799
897	51	99	61	65	0.686272866941111
898	93	96	1	25	-0.00581932612619844
899	93	96	25	35	-0.544722055404321
900	93	96	35	41	-0.44196762353873
901	93	96	41	42	0.0314315254722627
902	93	96	42	48	1.01552225767126
903	93	96	48	50	-0.054989448934873
904	93	96	50	75	-0.00718907643274424
905	93	96	75	80	-0.205686457476446
906	93	96	80	86	-1.79668104375335
907	93	96	86	90	-3.92335031610226
908	8	56	1	6	-40.485654958035
909	8	56	6	9	-44.3809218584039
910	8	56	9	11	64.985042747278
911	8	56	11	14	18.0063859497477
912	8	56	14	22	4.72411472580279
913	8	56	22	25	0.286657412815287
914	8	56	46	50	4.88728757219258
915	8	56	50	54	33.134488194835
916	8	56	54	57	34.5519634506491
917	24	72	1	15	-0.0397328736551644
918	24	72	15	19	-0.363354613767772
919	24	72	19	23	-14.9748727531081
920	24	72	25	26	6.39472894189394
921	24	72	26	32	0.121041082339737
922	24	72	50	69	3.42102968535465
923	30	78	23	28	-0.492537190131477
924	30	78	28	31	-59.3955679311724
925	30	78	31	32	52.9698835270537
926	30	78	32	37	6.85293263529369
927	30	78	37	43	0.118916836394934
928	30	78	57	73	0.0269027277167228
929	52	100	1	9	0.819107363729408
930	52	100	9	12	0.765653972524162
931	52	100	12	20	0.721533782036041
932	52	100	20	36	0.104015133283712
933	52	100	45	49	-20.4584119938013
934	52	100	49	54	-19.3256118463659
935	52	100	54	58	34.9643541830374
936	52	100	58	61	3.31419520785054
937	52	100	61	67	1.3183916222556
938	60	108	1	10	-2.5161355177952
939	60	108	10	17	1.1853430501811
940	60	108	17	27	1.71309585036428
941	60	108	38	49	-0.464521045339842
942	60	108	49	55	-5.86729438295669
943	60	108	55	59	-54.1560529220212
944	60	108	61	63	39.9428762172096
945	60	108	63	68	16.7752201143751
946	67	115	1	13	-2.62913269256455
947	67	115	21	32	1.60418436889088
948	67	115	49	63	-15.2529324372808
949	67	115	63	65	-25.8607711649776
950	67	115	65	68	-66.7662251628435
951	67	115	68	71	104.477340849976
952	67	115	71	74	3.50113296928156
953	85	133	23	32	-0.65442316992042
954	85	133	32	40	-2.79432476863847
955	85	133	40	43	1.47437065309511
956	85	133	43	49	1.97240934633393
957	85	133	70	79	-1.54751145357203
958	85	133	79	81	-7.45284842451927
959	85	133	81	86	-151.682834863645
960	85	133	86	87	116.894968161472
961	90	138	25	36	-1.87317609713616
962	90	138	36	40	-1.1292731943848
963	90	138	40	47	0.712483357162716
964	90	138	47	48	0.187398546784943
965	90	138	48	49	2.10474145767909
966	90	138	49	75	-0.00527759592944233
967	90	138	75	81	-0.616158293721848
968	90	138	81	88	-11.7559940004084
969	90	138	88	91	-5.42865758877707
970	38	86	25	32	-1.46340896542667
971	38	86	32	35	-22.067364903611
972	38	86	35	37	-123.417623353525
973	38	86	39	42	157.628092787218
974	38	86	42	48	2.72692415546362
975	38	86	48	54	0.928378048101603
976	38	86	70	78	0.79939654607429
977	3	51	1	4	-50.0609861609134
978	3	51	4	6	77.0550281692299
979	3	51	6	8	15.6404992919056
980	3	51	8	13	7.08467916966018
981	3	51	13	21	1.27887034584418
982	3	51	42	49	40.0764461369187
983	3	51	49	52	38.4195230227302
984	3	51	52	55	-67.3888683772629
985	79	127	24	31	-0.0973504188759725
986	79	127	40	47	0.244982638048178
987	79	127	47	50	0.114165413687297
988	79	127	69	77	-16.2931095272723
989	79	127	77	78	-105.646586580041
990	79	127	78	80	54.4057021314423
991	79	127	80	81	50.6175932837317
992	62	110	1	9	-2.03124881630299
993	62	110	9	21	1.36103652160465
994	62	110	21	30	0.90369066650764
995	62	110	47	49	-0.207950392118916
996	62	110	49	58	-11.7305538599882
997	62	110	58	61	-46.4224251107528
998	62	110	61	63	-3.59832648752577
999	62	110	63	67	52.9738133555102
1000	62	110	67	70	7.86533151166004
1001	86	134	1	26	-0.0107984665152415
1002	86	134	26	31	-0.259703183076499
1003	86	134	31	37	-3.91080496061454
1004	86	134	37	46	2.523232730694
1005	86	134	46	52	1.64861984276817
1006	86	134	52	69	-0.00686422875305931
1007	86	134	69	78	-0.738839382589179
1008	86	134	78	81	-4.54374366438197
1009	86	134	81	85	-157.304621331085
1010	87	135	1	27	-0.0123680361321436
1011	87	135	27	35	-2.82319916657342
1012	87	135	35	39	-1.1298023588156
1013	87	135	39	47	2.30118560703009
1014	87	135	47	49	1.65669481177811
1015	87	135	72	80	-1.52890465426585
1016	87	135	80	84	-15.7495813258116
1017	87	135	84	85	-27.3106557133765
1018	87	135	85	88	-102.287611037326
1019	56	16	1	10	4.10206071975483
1020	56	16	10	11	3.40970761022887
1021	56	16	11	14	23.698276538762
1022	56	16	14	20	-15.2003025866007
1023	56	16	20	26	-14.8668360297562
1024	56	16	26	29	-0.00695115186381981
1025	56	16	29	48	-0.042963913209294
1026	56	16	48	49	-4.19927256235941
1027	56	16	49	58	-31.7137262035977
1028	56	16	58	61	28.7864974614376
1029	26	74	19	24	-0.11233799938771
1030	26	74	24	25	-3.06362802032921
1031	26	74	27	30	5.79954919292431
1032	26	74	37	48	0.0108333289563973
1033	73	33	1	18	-0.0310320599592911
1034	73	33	23	28	0.0809779378813764
1035	73	33	28	30	2.70213460928994
1036	73	33	30	31	10.3694253315377
1037	73	33	31	39	-8.71124666878051
1038	73	33	39	46	-3.49239480924521
1039	73	33	46	49	-0.875540652229436
1040	73	33	49	67	-0.0706228793577601
1041	73	33	67	72	-5.50691437394659
1042	83	43	1	18	-0.0368778994554964
1043	83	43	18	30	-0.41870885883117
1044	83	43	34	37	1.95801544707921
1045	83	43	37	40	5.45208618662593
1046	83	43	40	45	3.69448540389746
1047	83	43	45	47	-3.9242269961143
1048	83	43	47	52	-6.25572061627962
1049	83	43	52	71	-0.061052318452843
1050	83	43	71	78	-2.73530142796437
1051	107	67	1	10	1.2202657159403
1052	107	67	10	20	1.08416833454237
1053	107	67	20	24	-2.11734132070519
1054	107	67	24	31	-0.0444678374158096
1055	107	67	31	48	-0.0570888767028159
1056	107	67	48	50	-0.891415992622286
1057	107	67	59	63	15.3324451849487
1058	107	67	63	68	94.8601323738104
1059	107	67	68	72	-108.40923002754
1060	15	71	1	9	-5.76317789675842
1061	15	71	9	17	-12.3798319769113
1062	15	71	17	20	8.15349337597174
1063	15	71	20	22	8.52687889982163
1064	15	71	22	27	2.02261373592262
1065	15	71	27	34	-0.0725667101652161
1066	15	71	34	46	-0.043272559382485
1067	15	71	46	55	-0.969185147905718
1068	15	71	55	59	-1.17889456856434
1069	58	18	1	10	1.23927045363636
1070	58	18	10	12	4.61129272750978
1071	58	18	12	16	30.7981253395689
1072	58	18	17	23	-2.76593358998263
1073	58	18	23	30	-1.6981389545003
1074	58	18	30	48	-0.171844694256262
1075	58	18	48	54	-13.5339210258309
1076	58	18	54	59	-55.4959166989991
1077	58	18	59	62	55.8731865909432
1078	67	27	1	12	-1.79753367736184
1079	67	27	22	25	0.670344431468771
1080	67	27	25	26	5.67129772484009
1081	67	27	26	35	-5.78318710567699
1082	67	27	35	48	-0.0313468572528131
1083	67	27	48	50	-0.281959963610614
1084	67	27	50	59	-3.74953490456691
1085	67	27	59	65	-40.0763474562173
1086	5	61	1	8	-6.64460894209671
1087	5	61	8	10	15.9559112818038
1088	5	61	10	12	6.2775701463763
1089	5	61	12	19	2.36658310537528
1090	5	61	19	26	-1.20063406521032
1091	5	61	26	31	-0.00309459813739958
1092	5	61	31	48	-0.0154275626164455
1093	5	61	48	51	-1.17747256037017
1094	5	61	51	56	8.03898184363861
1095	5	61	56	59	28.0370858203167
1096	130	90	32	39	3.61657912817965
1097	130	90	39	43	0.880967407362796
1098	130	90	43	48	-1.3714551969909
1099	130	90	48	54	-2.98404078636832
1100	130	90	54	73	-0.0758088867099727
1101	130	90	73	77	-0.281653645273623
1102	130	90	77	82	0.0856929412196051
1103	130	90	82	85	2.85207470696694
1104	134	94	1	21	-0.0409019514962844
1105	134	94	32	36	1.19268023777861
1106	134	94	36	43	2.11914427470059
1107	134	94	47	60	-2.89601692257266
1108	134	94	60	70	-0.0324699750898305
1109	134	94	70	78	-0.420451497973918
1110	134	94	78	82	-0.998733326022172
1111	134	94	82	86	1.61495101675823
1112	135	95	1	24	-0.0367035989731092
1113	135	95	30	35	0.755549892689982
1114	135	95	35	44	2.15382310037376
1115	135	95	44	46	0.0339609432106334
1116	135	95	46	54	-2.82118956950808
1117	135	95	54	73	-0.0294152755945651
1118	135	95	73	80	-0.479066096210948
1119	135	95	80	83	-1.00200450027156
1120	135	95	83	87	1.97215103269859
1121	76	36	1	18	-0.0567201666926477
1122	76	36	18	23	-0.0748311101681202
1123	76	36	57	65	-0.057324821042789
1124	76	36	65	73	-0.0887981904447448
1125	76	124	38	41	0.007868137212322
1126	76	124	41	57	0.0120924544829575
1127	76	124	74	77	-4.90239439057458
1128	76	124	77	78	4.19400168326093
1129	76	124	78	79	0.356291496945401
1130	120	80	18	29	0.57346222937641
1131	120	80	29	31	0.253496226666747
1132	120	80	31	41	-0.0382881402476747
1133	120	80	41	48	-0.46794851680347
1134	120	80	48	49	-0.303867363532727
1135	120	80	72	73	0.0234025442774344
1136	120	80	73	77	5.61173078273503
1137	120	80	77	81	98.4610648886982
1138	17	73	14	16	-28.5602733655783
1139	20	76	1	16	-15.1321236370731
1140	20	76	16	21	-148.522434566601
1141	20	76	21	23	155.211789652882
1142	20	76	23	27	8.63101529704663
1143	20	76	32	42	-0.044539159291112
1144	20	76	42	48	-0.00963609732146785
1145	20	76	48	51	-0.123780519763722
1146	37	93	1	18	-0.0205694601160522
1147	37	93	18	26	-0.0267705759289066
1148	37	93	26	32	-3.25309885999003
1149	37	93	32	40	-13.3226988373897
1150	37	93	40	42	15.433462955402
1151	37	93	43	48	1.43539467849881
1152	37	93	48	56	-1.05087817319802
1153	37	93	56	72	-0.0373801013627188
1154	37	93	72	81	-0.994998733065361
1155	23	79	1	14	-0.461140390001336
1156	23	79	14	21	-16.2248939679636
1157	23	79	21	26	16.6487433226204
1158	23	79	26	29	0.610508422266866
1159	23	79	29	33	0.357842077262675
1160	23	79	36	43	-0.595388468237272
1161	23	79	43	49	-0.334474351366238
1162	23	79	49	65	-0.160711147347237
1163	23	79	65	70	0.0714625416776039
1164	34	90	1	24	-0.165779591499828
1165	34	90	26	33	-101.689326893154
1166	34	90	33	36	46.1997050293966
1167	34	90	36	40	54.1701330703286
1168	34	90	40	43	3.98994416330046
1169	34	90	47	49	-2.25328074078705
1170	34	90	49	70	-0.0602130696686733
1171	34	90	70	75	-0.0206975647107679
1172	58	114	1	13	-1.50617362680737
1173	58	114	13	15	0.685075101690015
1174	58	114	15	26	1.71417289504669
1175	58	114	36	45	-0.0221597879512481
1176	58	114	45	52	-6.10664075228991
1177	58	114	52	61	-14.4557981686819
1178	58	114	61	63	12.8448816504996
1179	58	114	63	66	6.92978399509947
1180	58	114	66	68	1.24259471809495
1181	52	108	1	7	0.055705771751703
1182	52	108	7	17	0.89451066369674
1183	52	108	18	29	0.00370450994370434
1184	52	108	29	46	-0.0156416665858341
1185	52	108	46	51	-80.6736257168327
1186	52	108	51	56	68.9721277653484
1187	52	108	56	59	12.2866951674699
1188	52	108	59	64	1.59020769267587
1189	22	78	1	14	-1.58168266536872
1190	22	78	14	20	-33.6425560363466
1191	22	78	20	26	35.226752873173
1192	22	78	26	27	0.0165623982785277
1193	22	78	27	33	0.829936900377248
1194	22	78	33	38	-0.186677033586103
1195	22	78	38	44	-0.390432015337024
1196	22	78	44	50	-0.270306354955202
1197	22	78	50	61	-0.246098539328944
1198	22	78	61	70	0.0678754006977189
1199	31	87	1	19	-0.0522800754820265
1200	31	87	19	27	-0.0659215062166668
1201	31	87	27	33	-11.467232087256
1202	31	87	33	35	12.1232732164094
1203	31	87	35	37	2.7431119997508
1204	31	87	37	42	0.372414338495963
1205	31	87	46	51	-2.72619787528942
1206	31	87	51	69	-0.0643999667277837
1207	27	83	1	16	-0.0302343565049692
1208	27	83	16	23	-0.0661963079891791
1209	27	83	23	28	-5.12953413873652
1210	27	83	28	33	7.18781961286108
1211	27	83	33	35	1.81789708409686
1212	27	83	42	44	-0.290743007660969
1213	27	83	44	49	-1.67966719058329
1214	27	83	49	69	-0.0652483557215291
1215	62	118	1	15	-3.10145230532938
1216	62	118	15	20	2.08028379557898
1217	62	118	20	24	1.51915782011215
1218	62	118	46	51	-1.40999039701318
1219	62	118	51	61	-61.3439277125419
1220	62	118	61	66	46.7244679996525
1221	62	118	66	67	5.36439626300596
1222	62	118	67	71	10.3999711479667
1223	63	119	1	13	-3.40204297110771
1224	63	119	13	18	0.539395007005268
1225	63	119	18	30	3.2569940980956
1226	63	119	42	47	-0.00513417205375895
1227	63	119	47	51	-1.07658896690728
1228	63	119	51	64	-69.988768149658
1229	63	119	64	67	53.4228864980716
1230	63	119	67	71	17.102110271267
1231	63	119	71	75	0.684935894181398
1232	65	121	1	13	-2.98292577461285
1233	65	121	13	24	3.25242040418857
1234	65	121	43	48	-0.00373443610345083
1235	65	121	48	51	-0.603170246490895
1236	65	121	51	66	-80.510734600818
1237	65	121	66	68	50.8876707963176
1238	65	121	68	70	25.1128157053777
1239	65	121	70	76	5.23264245168492
1240	82	138	1	20	-0.07547811347808
1241	82	138	20	33	-1.37688027742539
1242	82	138	34	45	2.45111828043139
1243	82	138	45	48	0.0938928109955915
1244	82	138	48	66	-0.519678816581681
1245	82	138	66	74	-0.0147140836096733
1246	82	138	74	76	-0.216749772867867
1247	82	138	76	85	-21.8269212909732
1248	82	138	85	86	11.2395072731566
1249	84	140	1	25	-1.13547695555745
1250	84	140	28	35	-3.38373660151362
1251	84	140	35	44	3.02626412780066
1252	84	140	44	48	0.461518259927803
1253	84	140	50	71	-0.0567783575648729
1254	84	140	71	76	-0.144414348527187
1255	84	140	76	85	-115.808627921024
1256	84	140	85	87	99.2720290018615
1257	33	89	1	23	-0.0774642887660264
1258	33	89	23	27	-0.0286180482159473
1259	33	89	27	35	-35.7934169111897
1260	33	89	35	36	18.7671034314589
1261	33	89	36	40	18.6993015971771
1262	33	89	40	43	1.7055920352131
1263	33	89	46	52	-2.80624806188953
1264	33	89	52	69	-0.0628447079862964
1265	33	89	69	75	-0.0203368211099818
1266	24	80	1	18	-0.259724179450801
1267	24	80	18	23	-15.7552020511862
1268	24	80	23	26	15.8430097124122
1269	24	80	26	29	0.725019058132313
1270	24	80	29	31	0.24922212288989
1271	24	80	31	36	0.613403313332233
1272	24	80	36	42	-0.841749792562924
1273	24	80	42	49	-0.577726998496022
1274	24	80	49	63	-0.0226072940250807
1275	61	117	1	12	-2.85237534845571
1276	61	117	12	22	3.15265814901656
1277	61	117	22	29	0.232106769025944
1278	61	117	39	47	-0.0183456737944959
1279	61	117	47	57	-14.3150706311707
1280	61	117	57	60	-49.1096830378018
1281	61	117	60	65	51.039681229163
1282	61	117	65	66	3.39031993714356
1283	61	117	66	71	8.95087239154069
1284	85	141	1	21	-0.0464355150972671
1285	85	141	21	28	-0.0292642796184048
1286	85	141	28	35	-3.74605810562793
1287	85	141	35	44	2.83308669280612
1288	85	141	44	46	0.399742260985544
1289	85	141	46	55	0.586746468100921
1290	85	141	55	70	-0.0466675355277436
1291	85	141	70	79	-2.22893323133385
1292	85	141	79	82	-21.3829731547163
1293	85	141	82	87	-20.9096064302891
1294	108	28	16	22	0.40527167629463
1295	108	28	22	31	0.0891958254072224
1296	108	28	31	44	-0.175346744304391
1297	108	28	44	55	-3.24121250072679
1298	108	28	64	66	1.00702126504589
1299	108	28	66	67	0.47175581729802
1300	108	28	67	68	0.405122876801352
1301	108	28	68	69	0.555193710119678
1302	78	134	1	23	-0.0880186013135212
1303	78	134	23	29	-0.320973955607657
1304	78	134	29	33	0.0328638255292503
1305	78	134	33	42	1.07548961543144
1306	78	134	46	60	-0.647756925638082
1307	78	134	60	69	-0.0525166724078498
1308	78	134	69	77	-57.4181271819018
1309	78	134	77	81	51.3282819313128
1310	78	134	81	83	7.0670649111733
1311	109	29	19	21	0.151531279385547
1312	109	29	21	31	6.57775360026869
1313	109	29	31	45	-6.42280106721012
1314	109	29	45	56	-3.44569435367007
1315	109	29	63	67	2.05139746674575
1316	109	29	67	68	0.429680198086379
1317	109	29	68	69	0.602168931292034
1318	109	29	69	70	0.702603770671503
1319	113	33	23	35	38.5151105302364
1320	113	33	35	44	-37.3896351801403
1321	113	33	44	50	-1.56192192875612
1322	113	33	50	64	-3.25649816199002
1323	113	33	64	70	3.08270514383018
1324	113	33	70	71	0.423562146397577
1325	113	33	71	72	0.147553273842083
1326	113	33	72	73	0.0510878779884813
1327	99	19	1	13	9.09567067743736
1328	99	19	13	22	4.52805280413935
1329	99	19	22	25	-13.3359621527458
1330	99	19	25	40	-0.0999724438165921
1331	99	19	40	53	-2.71438974345498
1332	99	19	53	57	1.66541386271173
1333	99	19	57	58	0.511943058651211
1334	99	19	58	59	0.453914763112343
1335	99	19	59	60	0.503124561296743
1336	99	19	60	61	0.419275142926496
1337	103	23	1	15	0.675062611193445
1338	103	23	15	21	16.1440768327652
1339	103	23	21	34	-16.4740163932154
1340	103	23	34	36	-0.0213019263520597
1341	103	23	36	51	-2.4560476510107
1342	103	23	58	61	0.86972174778669
1343	103	23	61	62	0.411192803799153
1344	103	23	62	63	0.434145332224769
1345	103	23	63	64	0.397592580220801
1346	117	37	21	31	1.48591277996355
1347	117	37	31	32	2.21185929586257
1348	117	37	32	47	-0.821479720332707
1349	117	37	47	57	-3.29372620852227
1350	117	37	57	69	-0.722618187008449
1351	117	37	69	73	1.17613160539088
1352	117	37	73	75	0.0191177075307392
1353	117	37	75	76	0.0196429403325928
1354	117	37	76	77	0.428568187515061
1355	13	125	1	15	-35.7142838605991
1356	13	125	15	24	36.5732357923414
1357	13	125	24	31	0.499842560213149
1358	13	125	41	57	-2.33326876324807
1359	13	125	57	62	-1.42912160277163
1360	13	125	62	67	1.22312820127824
1361	13	125	67	68	0.499769463169254
1362	13	125	68	69	0.756866194409096
1363	13	125	69	70	0.816172303882269
1364	19	131	1	24	-0.345161772242674
1365	19	131	24	28	0.534367054639854
1366	19	131	28	38	0.793136893637658
1367	19	131	43	50	-0.771261363422665
1368	19	131	50	65	-3.06332113633493
1369	19	131	65	72	3.12625840313208
1370	19	131	72	73	0.0620896262665475
1371	19	131	74	75	0.0295710557649675
1372	7	8	2	4	-7.32906262275444
1373	7	8	4	5	-10.4583444188838
1374	7	8	5	6	-32.0780905651505
1375	7	8	6	9	98.9583668374705
1376	7	8	9	10	-25.5543180624488
1377	7	8	10	11	-10.1306282875916
1378	7	8	11	12	-3.89017195961409
1379	7	8	12	14	-3.85219668467131
1380	7	8	14	18	-1.46479313916089
1381	7	8	18	26	-0.599076973598513
1382	36	37	34	35	-59.7983860074617
1383	36	37	35	38	188.613690589355
1384	36	37	38	39	-71.0661182638275
1385	36	37	39	40	-18.9840997861073
1386	36	37	40	41	-5.11273937720718
1387	53	54	2	9	0.637848104253114
1388	53	54	44	50	-9.38352003772385
1389	53	54	50	51	-8.73671762429128
1390	53	54	51	52	-31.3883942395547
1391	53	54	52	55	86.495667942263
1392	53	54	55	56	-20.5042135457883
1393	53	54	56	57	-8.40539751838528
1394	74	75	28	33	0.0125821792371813
1395	74	75	33	46	-0.0103571287074665
1396	74	75	46	49	-0.00300368935654988
1397	74	75	73	76	2.91940501185685
1398	86	87	2	25	-0.0153721522332865
1399	86	87	25	34	-0.487520262427419
1400	86	87	34	43	1.01264828749582
1401	86	87	43	47	-0.0940840946961865
1402	86	87	47	50	-0.416145541498881
1403	86	87	50	77	-0.251419860508725
1404	86	87	77	81	-2.35905178290184
1405	86	87	81	83	-9.70981449396843
1406	86	87	83	84	-12.5318766119722
1407	86	87	84	85	-92.848184222106
1408	27	28	24	25	-0.0682795263381744
1409	27	28	25	26	-6.14714978449681
1410	27	28	26	29	8.97353712758888
1411	27	28	29	30	-2.47380896298641
1412	27	28	30	31	-0.214744410421175
1413	27	28	31	32	-0.0373288263294235
1414	27	28	32	34	-0.00955715234118854
1415	25	137	1	20	-0.152461559390581
1416	25	137	29	37	1.07567785093606
1417	25	137	37	45	0.311626900372556
1418	25	137	45	52	-1.36791629916556
1419	25	137	52	70	-0.141629217849084
1420	25	137	70	76	0.0118599367011603
1421	25	137	76	79	0.410264131809434
1422	25	137	79	80	0.233811863107008
1423	25	137	80	81	0.407137389770569
1424	33	34	2	22	-0.0276119464137824
1425	33	34	26	30	-1.03934314555063
1426	33	34	30	31	-6.61760443540693
1427	33	34	31	32	-41.7257529340237
1428	33	34	32	35	144.086383099766
1429	33	34	35	36	-78.1213484117024
1430	33	34	37	38	-7.47768709970503
1431	33	34	38	39	-3.49666921777927
1432	66	67	2	13	-0.262379229141048
1433	66	67	13	21	0.307971534381831
1434	66	67	31	43	-0.00899119443356644
1435	66	67	43	53	-0.231055097969652
1436	66	67	53	61	-3.05715733171379
1437	66	67	61	63	-5.93761150681142
1438	66	67	63	64	-6.8282986022375
1439	66	67	64	65	-20.6703500852708
1440	66	67	65	68	98.7728225494087
1441	78	79	24	30	0.0444233308617394
1442	78	79	30	35	0.120995855402894
1443	78	79	35	47	-0.125513628723269
1444	78	79	47	51	-0.0344285153007418
1445	78	79	72	75	-0.0123371739046949
1446	78	79	75	76	-0.562764856888805
1447	78	79	76	77	-40.6769020982946
1448	78	79	77	80	88.5893644261816
1449	13	14	2	7	-1.78284389848873
1450	13	14	7	10	-6.10290957723246
1451	13	14	10	11	-7.54220510176079
1452	13	14	11	12	-18.909585040464
1453	13	14	12	15	57.8707866163069
1454	13	14	15	16	-13.3130345072549
1455	13	14	16	17	-28.1968589938281
1456	13	14	18	21	-3.53002616274414
1457	13	14	21	24	-1.27597317189492
1458	85	86	2	26	-0.0159820506461015
1459	85	86	26	35	-0.315242031830847
1460	85	86	35	44	0.851449854818283
1461	85	86	44	48	-0.14843253862765
1462	85	86	48	50	-0.372524217461254
1463	85	86	50	74	-0.0111370112946777
1464	85	86	74	80	-1.71108074189942
1465	85	86	80	82	-8.78988095379032
1466	85	86	82	83	-16.8329198045455
1467	85	86	83	84	-46.49270403486
1468	109	110	2	15	0.0180189472241561
1469	109	110	15	24	0.00651417928788967
1470	109	110	24	48	-0.00504484881870844
1471	109	110	48	49	-0.0916483651400889
1472	109	110	49	62	0.0210426406738769
1473	109	110	62	70	0.120140962668173
1474	109	110	70	77	-0.0450430809136664
1475	109	110	77	93	-0.00458532863796722
1476	109	110	93	98	-0.231730827631631
1477	109	110	98	105	-3.19747427634932
1478	34	35	2	25	-0.0192144308397129
1479	34	35	25	28	-0.0087551134239423
1480	34	35	28	31	-2.48231740288895
1481	34	35	31	32	-9.86598307873957
1482	34	35	32	33	-52.5443529487195
1483	34	35	33	36	87.7872005286644
1484	34	35	37	38	-14.6182718269117
1485	34	35	38	39	-5.8705974858693
1486	34	35	39	40	-2.41365070353083
1487	100	101	2	12	0.0355884610786673
1488	100	101	16	41	-0.0228850310494615
1489	100	101	46	57	0.491523702531984
1490	100	101	57	62	-0.196673919737275
1491	100	101	62	67	-0.202810853019094
1492	100	101	67	74	-0.0917201419165611
1493	100	101	92	98	-16.2291417765632
1494	118	119	2	24	0.0108041183690031
1495	118	119	47	50	-0.0206515700794185
1496	118	119	50	65	-0.356613487287643
1497	118	119	65	69	0.118763243506236
1498	118	119	69	79	0.26232132926954
1499	118	119	79	81	-0.00916204372221308
1500	118	119	96	99	-0.0343397486849354
1501	118	119	99	113	-2.63293005399591
1502	8	9	2	5	-7.84640738721985
1503	8	9	5	6	-10.1565545544904
1504	8	9	6	7	-24.8745955304755
1505	8	9	7	10	84.4318445605823
1506	8	9	10	11	-23.5642104588156
1507	8	9	11	12	-7.01733367533425
1508	8	9	12	13	-4.26878578986181
1509	8	9	13	14	-1.82170824205915
1510	8	9	14	17	-5.44446714129244
1511	32	144	1	19	-0.0671268882040775
1512	32	144	19	33	-71.431377534007
1513	32	144	33	42	72.2769239642449
1514	32	144	46	55	-0.898613689677701
1515	32	144	55	73	-0.113187872345292
1516	32	144	73	82	-0.224872892342925
1517	32	144	82	83	0.284977306266091
1518	32	144	83	86	1.25894312358856
1519	32	144	86	87	0.851832863639211
1520	87	88	2	27	-1.11819228527066
1521	87	88	37	41	0.560618074984027
1522	87	88	41	46	0.182966686913098
1523	87	88	46	49	-0.423744913993386
1524	87	88	49	75	-0.0177416615413421
1525	87	88	75	81	-1.44987246053997
1526	87	88	81	84	-7.88886704901775
1527	87	88	84	85	-18.3763866815907
1528	87	88	85	86	-110.568531172741
1529	82	83	2	25	-0.0186653096779181
1530	82	83	25	35	0.747357277912527
1531	82	83	35	38	0.179199656008205
1532	82	83	46	51	-0.360482422585172
1533	82	83	51	75	-0.0448894644825102
1534	82	83	75	79	-3.50657888870767
1535	82	83	79	80	-15.1281710646566
1536	82	83	80	81	-59.7288873421256
1537	82	83	81	84	171.17885778692
1538	104	105	2	13	0.0483607961324248
1539	104	105	31	49	-0.229768221487417
1540	104	105	49	61	0.733750004384705
1541	104	105	63	74	-0.406714091638371
1542	104	105	95	99	-2.5596482037638
1543	117	118	2	27	0.0500541293544195
1544	117	118	27	44	-0.0272828274374234
1545	117	118	44	55	-0.252861380710426
1546	117	118	55	62	-0.590831570113094
1547	117	118	62	69	0.050218390864132
1548	117	118	69	78	0.81070828760617
1549	117	118	78	85	-0.00891877181520989
1550	117	118	85	93	-0.00885935556944868
1551	117	118	93	97	-0.080557651134361
1552	117	118	97	111	-4.52079625860393
1553	10	11	2	6	-5.49521088191825
1554	10	11	6	7	-4.64519707131883
1555	10	11	7	8	-10.131762165117
1556	10	11	8	9	-23.5523238218243
1557	10	11	9	12	87.314740192309
1558	10	11	12	13	-26.5925163553748
1559	10	11	13	14	-7.54186459453139
1560	10	11	14	15	-3.41195244020941
1561	10	11	15	16	-1.86066766382154
1562	10	11	16	27	-3.08173852834582
1563	35	36	2	24	-0.520895189088297
1564	35	36	24	30	-0.368942683629392
1565	35	36	30	32	-7.67061117052021
1566	35	36	32	33	-24.6365565028643
1567	35	36	33	34	-87.4628642186513
1568	35	36	34	37	93.6615744688942
1569	121	122	28	48	0.00979777541067705
1570	121	122	69	74	0.00242685228624577
1571	121	122	97	116	-0.0118361927470991
1572	131	132	33	43	0.114524119130555
1573	131	132	46	50	-0.0825400322823271
1574	131	132	80	85	0.357315188377365
1575	131	132	90	95	-0.106743827925815
1576	131	132	95	99	-0.247836453859169
1577	131	132	99	124	-0.00798302923006736
1578	114	115	2	20	0.0101699760034443
1579	114	115	20	38	0.0139773202456644
1580	114	115	38	45	-0.00280698253252317
1581	114	115	45	59	-0.521659566364203
1582	114	115	59	67	0.29782957864598
1583	114	115	67	74	0.239919048062945
1584	114	115	76	96	-0.0167399180670263
1585	114	115	96	104	-0.754278520856278
1586	114	115	104	109	-2.78366613298275
1587	124	125	24	46	0.0786413657827386
1588	124	125	46	51	-0.0570367429929639
1589	124	125	51	67	-0.0113006091649588
1590	124	125	67	78	0.322849619274048
1591	124	125	78	79	0.0230234114405728
1592	124	125	79	91	-0.224457678512461
1593	124	125	91	95	-0.0348627139561885
1594	124	125	95	99	-0.0752580864361438
1595	124	125	99	117	-0.0202627968204764
1596	6	9	2	4	-25.870768418436
1597	6	9	4	5	-43.6850928781311
1598	6	9	5	7	26.4450048025608
1599	6	9	7	8	98.9357898766276
1600	6	9	8	10	25.2299436995997
1601	6	9	10	11	-38.3178056732817
1602	6	9	11	12	-12.9345573631207
1603	6	9	12	13	-8.36998957024817
1604	6	9	13	20	-9.07000342751766
1605	6	9	20	25	-0.869426886146072
1606	18	21	2	12	-5.54344358482551
1607	18	21	12	15	-11.559001583358
1608	18	21	15	16	-11.0927645945702
1609	18	21	16	17	-18.8335614227051
1610	18	21	17	19	21.3304470733623
1611	18	21	19	20	148.555254766165
1612	18	21	20	22	-53.7756401786749
1613	18	21	22	23	-53.7583687550687
1614	18	21	23	24	-13.0067701813782
1615	18	21	24	30	-2.04813658559463
1616	34	37	2	24	-0.0368802438104586
1617	34	37	24	29	-0.42786099124072
1618	34	37	29	32	-18.5707954226663
1619	34	37	32	33	-73.4059693414571
1620	34	37	33	35	11.3258375825848
1621	34	37	35	36	96.742835219075
1622	34	37	36	38	118.228775169341
1623	34	37	38	39	-92.2058629736175
1624	34	37	39	40	-26.9264622700267
1625	34	37	40	41	-7.75527478688491
1626	49	52	2	7	1.4936647119654
1627	49	52	7	14	-1.0324618315477
1628	49	52	14	15	-0.0629283981701102
1629	49	52	15	22	-0.240637558851648
1630	49	52	22	42	-0.0172500348170359
1631	49	52	42	51	38.8089331581898
1632	49	52	51	53	39.2567247596657
1633	49	52	53	54	-44.3928514654329
1634	49	52	54	55	-15.7734969168598
1635	49	52	55	56	-6.85443196174731
1636	85	88	2	25	-0.0545930441439353
1637	85	88	25	33	-0.701965382548596
1638	85	88	33	43	2.2521454591631
1639	85	88	46	57	-1.3339688452229
1640	85	88	57	76	-0.094114518351193
1641	85	88	76	81	-7.9597165232231
1642	85	88	81	83	-37.1850039566784
1643	85	88	83	84	-62.922267779519
1644	102	105	2	12	0.159632034534173
1645	102	105	20	47	-0.0506254193997826
1646	102	105	47	54	-0.0283039666075261
1647	102	105	54	58	1.58484085165701
1648	102	105	62	69	-1.2258066062095
1649	102	105	69	87	-0.272965407503545
1650	102	105	94	97	-6.74472958982848
1651	100	103	2	9	0.125804569272879
1652	100	103	19	47	-0.0571631881635255
1653	100	103	47	50	-0.993209731149421
1654	100	103	50	58	2.54692739389246
1655	100	103	58	63	-0.603417835626548
1656	100	103	63	72	-0.943554226697517
1657	100	103	72	83	-0.00445422948373376
1658	100	103	83	95	-0.00180928173217579
1659	100	103	95	98	-31.0632904957735
1660	5	53	2	6	-67.8147897770351
1661	5	53	6	7	49.0548347098008
1662	5	53	7	9	30.5192168715942
1663	5	53	9	13	11.4314473574107
1664	5	53	13	19	1.68343636764739
1665	5	53	19	24	0.295189128803881
1666	5	53	38	50	20.7021652607523
1667	5	53	50	54	58.991743448606
1668	5	53	54	55	-42.0628765656886
1669	130	131	2	34	0.024815181112791
1670	130	131	34	43	0.0884177661830088
1671	130	131	48	55	-0.0826517091440039
1672	130	131	79	82	0.397430957973006
1673	130	131	90	93	-0.0600014506828485
1674	130	131	93	115	-0.344565348049092
1675	130	131	115	121	-0.0115099703617574
1676	39	42	2	29	-4.01164267525493
1677	39	42	35	37	-36.7039608297587
1678	39	42	37	38	-121.848965289158
1679	39	42	38	40	39.4271183761618
1680	39	42	40	41	108.061065415913
1681	39	42	41	43	18.9531945740566
1682	39	42	43	44	-5.19993493302381
1683	39	42	44	45	-1.69717036149489
1684	69	72	27	35	-1.46499025292457
1685	69	72	37	50	-0.110437508137426
1686	69	72	50	64	-10.3958084305811
1687	69	72	64	67	-36.3862881740203
1688	69	72	67	68	-65.966501241559
1689	69	72	68	70	44.639979940029
1690	69	72	70	71	70.7707751298152
1691	78	81	2	24	-0.0243986074350967
1692	78	81	24	34	1.10687123854032
1693	78	81	34	35	0.216035982197024
1694	78	81	35	46	-0.871573872258204
1695	78	81	46	50	-0.430105410221963
1696	78	81	50	74	-0.0223117424843765
1697	78	81	74	76	-0.867997429275762
1698	78	81	76	77	-53.4271073247817
1699	78	81	79	80	185.960543984874
1700	106	109	2	18	0.114028856783513
1701	106	109	30	34	-0.00273909599694422
1702	106	109	34	56	-0.722766491425353
1703	106	109	56	58	0.505583747652508
1704	106	109	58	64	1.19172198850371
1705	106	109	64	76	-0.970659162304661
1706	106	109	76	95	-0.00971683294137122
1707	106	109	95	101	-5.62427181621163
1708	106	109	101	103	-10.4432503933892
1709	121	124	27	46	0.00598266717413784
1710	121	124	97	116	-0.0116458220946262
1711	6	54	2	7	-83.1163358157248
1712	6	54	7	8	52.7739944860868
1713	6	54	8	9	19.6897653437474
1714	6	54	9	14	21.9736921414624
1715	6	54	14	19	1.60541252598274
1716	6	54	19	30	1.47151073501865
1717	6	54	48	50	11.7436904264654
1718	6	54	50	55	62.5448771102999
1719	6	54	55	56	-36.5974349358734
1720	44	47	2	24	-0.00534312784375205
1721	44	47	24	34	-0.83664457650352
1722	44	47	34	38	-1.21091356187467
1723	44	47	38	39	-0.424880818562899
1724	44	47	39	42	-3.55229680541114
1725	44	47	42	43	-2.28443923753366
1726	44	47	43	45	3.67045068848611
1727	44	47	45	46	9.57566485337915
1728	44	47	46	48	4.72848478087818
1729	44	47	48	50	-9.64978213874519
1730	97	142	2	14	0.270610844863814
1731	97	142	14	25	0.116029908072572
1732	97	142	25	33	0.321375986370128
1733	97	142	33	39	0.90179561546958
1734	97	142	39	46	0.151927062651594
1735	97	142	46	53	-3.94279328042938
1736	97	142	53	62	2.04305738717842
1737	97	142	62	68	0.402708035108272
1738	97	142	68	76	0.132241793802221
1739	97	142	76	85	1.9183266848671
1740	28	76	22	26	-0.0797677941557666
1741	28	76	26	29	-2.78304033477391
1742	28	76	29	32	2.84118647969643
1743	28	76	32	38	0.0223967900861492
1744	35	83	27	32	-8.94499993736799
1745	35	83	37	40	40.7739969858113
1746	35	83	40	48	5.02280833316039
1747	35	83	48	51	0.798593509491927
1748	35	83	51	73	0.0199468275299638
1749	35	83	73	77	1.25209223619259
1750	49	97	2	7	1.68714165148806
1751	49	97	7	14	1.02964662731186
1752	49	97	14	20	0.151083571699398
1753	49	97	20	29	0.0422510487396238
1754	49	97	42	51	-39.7985155574648
1755	49	97	51	53	28.1726144568699
1756	49	97	53	56	8.80858595156399
1757	49	97	56	61	2.4315566692794
1758	49	97	61	64	0.243902952457328
1759	54	102	2	9	-0.701912664758328
1760	54	102	9	13	1.88839512499058
1761	54	102	13	25	0.999544548067359
1762	54	102	48	53	-80.1316776038628
1763	54	102	55	58	63.210495290145
1764	54	102	58	60	7.03264350652786
1765	54	102	60	69	4.24750876607153
1766	10	58	2	8	-41.7475945466724
1767	10	58	8	11	-27.1680653236149
1768	10	58	11	12	33.2188881472269
1769	10	58	12	16	33.3100102981727
1770	10	58	16	22	4.14367587619023
1771	10	58	22	29	1.05394559022833
1772	10	58	47	51	3.09038804106795
1773	10	58	51	56	31.3890304302019
1774	10	58	56	59	33.111524052209
1775	42	90	2	20	-0.00352555799689057
1776	42	90	20	31	-0.250376638710918
1777	42	90	31	37	-13.6543180978153
1778	42	90	38	43	-6.43405245019451
1779	42	90	43	44	6.18026722428217
1780	42	90	44	46	3.88948044273796
1781	42	90	46	51	3.99187006460678
1782	42	90	73	78	0.0649310816389008
1783	27	75	21	26	-6.07972773310339
1784	27	75	28	30	4.62298645103815
1785	56	104	2	9	-1.57145386802021
1786	56	104	9	14	1.82820308404081
1787	56	104	14	24	1.24055230124814
1788	56	104	48	51	-7.13194681612605
1789	56	104	51	57	-64.6131224835013
1790	56	104	57	59	54.4514621173975
1791	56	104	59	64	15.3155080604606
1792	56	104	64	69	1.73288314496226
1793	81	84	2	28	-0.0811806839389904
1794	81	84	28	32	0.173021753699642
1795	81	84	32	39	2.31049218910785
1796	81	84	44	49	-1.2397256645107
1797	81	84	49	73	-0.0537262027683329
1798	81	84	73	79	-13.7413724865919
1799	81	84	79	80	-82.2629448321111
1800	81	84	80	82	36.4023344198163
1801	81	84	82	83	171.214280237558
1802	36	84	33	37	-54.4980990745964
1803	36	84	40	48	7.46279499992661
1804	36	84	48	49	0.789721890332961
1805	36	84	49	72	0.0148877634149098
1806	63	111	2	13	-3.19288333120737
1807	63	111	16	30	3.35453497323948
1808	63	111	47	52	-0.473390216262043
1809	63	111	52	59	-11.4238779512138
1810	63	111	59	61	-19.1601520010916
1811	63	111	61	64	-36.589450348461
1812	63	111	64	67	52.3009005207011
1813	63	111	67	73	15.3621315484882
1814	70	118	2	21	-0.409047568257424
1815	70	118	22	37	0.166170014638084
1816	70	118	51	64	-3.00035124046732
1817	70	118	64	67	-10.3366014634406
1818	70	118	67	71	-41.1199679286191
1819	70	118	71	73	53.8546958964372
1820	70	118	73	74	0.584146230481451
1821	78	126	2	22	-0.0162036156436365
1822	78	126	22	32	-0.125146498983502
1823	78	126	40	48	0.207041339886168
1824	78	126	48	49	0.0910742765306754
1825	78	126	71	73	-0.0248633857156604
1826	78	126	73	77	-57.2559832443017
1827	78	126	77	79	-64.7809237231799
1828	78	126	79	82	117.804074239165
1829	88	136	22	31	-0.204282300367233
1830	88	136	31	39	-3.5857423528902
1831	88	136	39	47	1.88357968671506
1832	88	136	47	50	1.90450505075347
1833	88	136	72	77	-0.213367028629338
1834	88	136	77	82	-3.29861884974685
1835	88	136	82	86	-48.1747783521313
1836	88	136	86	89	-26.793810407126
1837	52	12	2	8	15.7835993137679
1838	52	12	8	9	9.27797929609247
1839	52	12	9	11	58.5240207163934
1840	52	12	11	16	-68.9784341257571
1841	52	12	16	25	-13.0201117065947
1842	52	12	25	31	-1.58358868349785
1843	52	12	44	53	-90.8655015502681
1844	52	12	53	56	77.7589504593864
1845	52	12	56	60	13.1904728466458
1846	92	140	23	36	-1.53774870979137
1847	92	140	36	40	-1.09417180312679
1848	92	140	40	45	-0.215972665236352
1849	92	140	45	48	0.701685783469691
1850	92	140	48	64	2.14630231358669
1851	92	140	64	77	-0.0677767882166557
1852	92	140	77	81	-0.383102239510097
1853	92	140	81	89	-7.82964564795262
1854	92	140	89	90	-2.92764692955525
1855	53	13	2	7	5.23423981943679
1856	53	13	7	10	16.2498829706837
1857	53	13	10	15	16.1874549883972
1858	53	13	15	17	-10.1509796996437
1859	53	13	17	21	-22.093849374912
1860	53	13	21	27	-3.62061625203733
1861	53	13	27	48	-0.0262343638416557
1862	53	13	48	50	-22.8961002600909
1863	53	13	50	56	0.166451252152208
1864	53	13	56	60	21.3085261493038
1865	61	21	8	16	6.52760065228765
1866	61	21	20	25	-162.322684931754
1867	61	21	25	32	-0.162385102100555
1868	61	21	32	46	-0.0695035776923975
1869	61	21	46	49	-0.985715181254904
1870	61	21	49	59	-35.1068185759531
1871	61	21	59	63	2.10047842494644
1872	69	29	20	23	1.27459538862933
1873	69	29	23	26	0.156531847308728
1874	69	29	26	28	3.00860980009979
1875	69	29	28	35	-2.32149393039585
1876	69	29	35	47	-0.634521678580368
1877	69	29	47	48	-0.00791313952200923
1878	69	29	48	51	-0.250935054838312
1879	69	29	51	71	-16.7521562544723
1880	139	142	2	27	-0.00549949800539385
1881	139	142	36	45	0.0423950671377005
1882	139	142	49	76	-0.00987501917141017
1883	139	142	76	82	-0.333806868732568
1884	139	142	82	88	-0.555087867820942
1885	139	142	88	91	0.157282921040723
1886	139	142	91	95	0.916017477337552
1887	139	142	95	106	-0.175750949445106
1888	82	42	2	18	-0.0478812419423099
1889	82	42	18	28	-0.0555704366161017
1890	82	42	36	40	7.94712918159903
1891	82	42	40	44	0.63840197732432
1892	82	42	44	48	-6.9619531506931
1893	82	42	48	55	-5.30992716315462
1894	82	42	55	68	-0.0523340599810331
1895	82	42	68	79	-7.49818114822055
1896	94	142	2	27	-0.00294428117611579
1897	94	142	27	36	-1.18243740512104
1898	94	142	36	41	-1.1765065150676
1899	94	142	47	48	0.0879678458630617
1900	94	142	48	52	2.26308635916706
1901	94	142	52	75	-0.00357452708302733
1902	94	142	75	83	-0.766939153045431
1903	94	142	83	88	-2.78080247386746
1904	94	142	88	92	-5.27040316591064
1905	84	44	2	20	-0.0436496359199708
1906	84	44	20	30	-0.392677564953806
1907	84	44	34	39	3.58720274679755
1908	84	44	39	40	2.05230306741677
1909	84	44	40	43	9.34230513858108
1910	84	44	43	48	-7.60742912430874
1911	84	44	48	60	-5.90220122108293
1912	84	44	60	71	-0.0440994017232177
1913	84	44	71	77	-1.29178735495199
1914	97	57	2	10	1.94043024122016
1915	97	57	10	16	-1.78129834747297
1916	97	57	17	32	-13.0302381817804
1917	97	57	32	47	-0.00668482489063989
1918	97	57	47	51	2.80762882780301
1919	97	57	51	54	17.8769637553197
1920	97	57	54	55	17.878248726328
1921	97	57	55	64	-33.6085715252265
1922	97	57	64	68	-3.47775427771125
1923	65	113	2	12	-2.11313260828337
1924	65	113	22	24	0.472971413650681
1925	65	113	24	46	0.0271648901822026
1926	65	113	46	56	-1.01272799913864
1927	65	113	56	62	-17.8061997073784
1928	65	113	62	63	-15.1538318174837
1929	65	113	63	66	-43.6504286467668
1930	65	113	66	69	63.0031151668841
1931	65	113	69	74	14.6343638203144
1932	68	28	2	15	-2.51277691657078
1933	68	28	19	22	2.27771005304782
1934	68	28	22	25	0.549140546123898
1935	68	28	25	29	2.80274834122043
1936	68	28	29	35	-2.82070613720347
1937	68	28	35	39	-0.0192747986203189
1938	68	28	39	48	-0.0249009557039201
1939	68	28	48	52	-0.392214184691041
1940	68	28	52	67	-108.586366670199
1941	108	68	2	11	0.855854553235011
1942	108	68	11	19	1.83755329940151
1943	108	68	23	37	-0.210580243409383
1944	108	68	37	42	-0.0205117853325187
1945	108	68	42	51	-1.02805258633658
1946	108	68	51	61	1.57491671765488
1947	108	68	61	64	15.4399303076127
1948	108	68	64	66	30.0404703047302
1949	108	68	66	73	-45.8285596375101
1950	125	85	25	29	0.0457680067538116
1951	125	85	29	33	1.79207063281337
1952	125	85	33	41	1.89767900336513
1953	125	85	41	47	-1.93918724758615
1954	125	85	47	49	-1.71224343461113
1955	125	85	49	71	-0.0756922382040634
1956	125	85	71	78	1.5946704261919
1957	125	85	78	79	0.571490521966599
1958	125	85	79	83	51.2341043577164
1959	64	24	2	11	-2.20067932579458
1960	64	24	16	19	1.25346259960421
1961	64	24	19	21	3.24888561643147
1962	64	24	21	29	-0.53064078262122
1963	64	24	29	36	-0.0516641216170952
1964	64	24	36	44	-0.0288429429391616
1965	64	24	44	53	-1.54521563860815
1966	64	24	53	60	-13.9234016020287
1967	64	24	60	66	-27.6592699194679
1968	2	58	59	61	-47.4463677227828
1969	2	58	61	70	-22.2017889686564
1970	2	58	70	76	-0.413350805364653
1971	2	58	82	93	-0.00473580440491126
1972	2	58	93	98	0.875185884060378
1973	2	58	98	111	2.38645231726667
1974	2	58	111	116	-2.3805190804972
1975	2	58	116	123	-0.875976093287067
1976	14	15	3	8	-1.70850844975054
1977	14	15	8	11	-5.98864119787705
1978	14	15	11	12	-6.34138840331475
1979	14	15	12	13	-19.5228875593635
1980	14	15	13	16	52.4834026713786
1981	14	15	16	17	-17.1211130539852
1982	14	15	18	19	-2.27284455572332
1983	14	15	19	21	-2.50764464765116
1984	14	15	21	25	-1.53945030233162
1985	28	29	25	26	-0.0606276271885696
1986	28	29	26	27	-4.69428517530195
1987	28	29	27	30	49.1295459721181
1988	28	29	30	31	-37.9137720754669
1989	28	29	31	32	-4.70090025439492
1990	28	29	32	33	-0.59697787438394
1991	28	29	33	36	-0.568631077839319
1992	2	114	60	61	0.393063686082223
1993	2	114	61	62	0.313406935850141
1994	2	114	62	65	0.931249303798083
1995	2	114	65	76	-3.16921779669453
1996	2	114	76	90	-0.0720290342716425
1997	2	114	90	95	-0.00470349647364335
1998	2	114	95	108	7.76642622131959
1999	2	114	108	116	41.8839154721003
2000	2	114	116	122	-49.5657585765831
2001	2	114	122	143	-0.0751916820690045
2002	47	48	23	30	-0.0119207149344121
2003	47	48	30	37	-0.273607455847794
2004	47	48	37	39	-0.12774843923337
2005	47	48	39	42	-0.461012096202566
2006	47	48	42	44	-0.315160124910621
2007	47	48	44	45	-0.528833638559205
2008	47	48	45	46	-2.89178159650329
2009	47	48	46	55	4.60964037995237
2010	21	22	3	16	-6.48285846235478
2011	21	22	16	17	-10.3949202196432
2012	21	22	18	19	-22.3517739666716
2013	21	22	19	20	-90.6203215463695
2014	21	22	20	23	178.567106316976
2015	21	22	23	24	-44.3692638816646
2016	21	22	24	25	-5.29478126383521
2017	21	22	25	26	-0.279897728979592
2018	21	22	26	30	-0.0166076527078427
2019	57	58	3	8	0.149529786149818
2020	57	58	8	18	0.4493459996566
2021	57	58	18	24	-0.265061173362011
2022	57	58	24	40	-0.0035336466608944
2023	57	58	40	51	-1.89378452394139
2024	57	58	51	54	-6.82427485722057
2025	57	58	54	55	-8.77781689065663
2026	57	58	55	56	-20.7737730157024
2027	57	58	56	59	73.2656571421899
2028	57	58	59	60	-20.1826508696289
2029	89	90	3	27	-0.415299187531975
2030	89	90	39	44	0.694199999921474
2031	89	90	44	46	0.0124166134899218
2032	89	90	46	50	-0.346670193460286
2033	89	90	50	78	-0.167166385740328
2034	89	90	78	84	-2.46813459021858
2035	89	90	84	86	-8.91384729307547
2036	89	90	86	87	-16.1326459177732
2037	89	90	87	88	-38.5752801593943
2038	122	123	3	32	0.0146810352468765
2039	122	123	74	79	0.0127005434839487
2040	122	123	87	96	-0.00809097193644994
2041	69	125	27	33	0.37783008045663
2042	69	125	46	52	-0.293440272272675
2043	69	125	52	63	-7.10445716891344
2044	69	125	63	70	-71.4417026714713
2045	69	125	70	72	75.2257485446282
2046	69	125	72	74	3.58862181135532
2047	69	125	74	79	0.345095313849462
2048	25	81	2	15	-0.0181984368403908
2049	25	81	15	23	-0.722210403502182
2050	25	81	23	27	0.615391449857788
2051	25	81	27	31	0.902606360170322
2052	25	81	31	34	1.17707485017002
2053	25	81	38	48	-1.43504279115324
2054	25	81	48	51	-0.495365388195093
2055	25	81	51	65	-0.0187288790874305
2056	98	58	2	11	2.36364378894552
2057	98	58	11	15	-1.31591292136297
2058	98	58	15	22	-1.63802331313057
2059	98	58	22	24	-0.121668465701855
2060	98	58	24	41	-0.00917482399835252
2061	98	58	41	53	6.5384530987526
2062	98	58	53	54	4.62511499504816
2063	98	58	54	59	58.1296886216977
2064	98	58	59	62	-54.4357992429994
2065	98	58	62	65	-10.4887113738503
2066	26	82	2	16	-0.0223409857543222
2067	26	82	16	23	-0.0728222383586168
2068	26	82	23	28	-0.0359060452009745
2069	26	82	28	31	0.858789712481107
2070	26	82	31	35	2.32326448493672
2071	26	82	41	47	-1.05308553798048
2072	26	82	47	49	-0.840449586508525
2073	26	82	49	66	-0.0285987558657256
2074	26	82	66	71	-0.0481599322874458
2075	51	107	2	10	2.39750391998049
2076	51	107	17	18	0.778477382371895
2077	51	107	33	37	-0.00659332260650905
2078	51	107	37	49	-42.2392434762538
2079	51	107	49	56	36.7916293408088
2080	51	107	56	57	3.65775670408506
2081	51	107	57	63	4.19724021914152
2082	71	127	2	20	-0.199998244466063
2083	71	127	20	30	0.889562909462702
2084	71	127	47	50	-0.105551537919677
2085	71	127	50	66	-2.08790121505013
2086	71	127	66	68	-5.07915337984891
2087	71	127	74	76	0.0371575185921117
2088	71	127	76	80	0.561251730232184
2089	132	92	2	20	-0.0456434380629125
2090	132	92	20	34	0.836911175297064
2091	132	92	34	37	1.29615304193425
2092	132	92	37	40	1.13208519935351
2093	132	92	48	52	-2.93375049917647
2094	132	92	52	69	-0.0444571709002401
2095	132	92	69	78	-0.516466556890692
2096	132	92	78	85	0.813805410730109
2097	132	92	85	87	4.48289817142877
2098	70	126	2	19	-0.705240596677966
2099	70	126	19	25	0.716035626830161
2100	70	126	25	36	0.339389767291554
2101	70	126	48	50	-0.108561181297298
2102	70	126	50	62	-1.51632132743717
2103	70	126	62	72	-8.55526269232941
2104	70	126	72	73	9.51322690765981
2105	70	126	73	76	0.608983785176782
2106	70	126	76	79	0.466033148900566
2107	11	67	2	9	-38.6503748379054
2108	11	67	9	13	5.58167597699009
2109	11	67	13	17	11.2487181956199
2110	11	67	17	21	23.8192565683063
2111	11	67	21	23	0.0890130381221663
2112	11	67	23	35	-0.0570742941751961
2113	11	67	35	41	-0.02351389248339
2114	11	67	41	54	-1.05786146043609
2115	11	67	54	58	0.734130598000148
2116	11	67	58	61	4.59828512936383
2117	32	88	2	21	-0.072142799403252
2118	32	88	21	26	-0.035384513804724
2119	32	88	26	33	-70.4006991535115
2120	32	88	33	36	68.3200532784495
2121	32	88	36	40	5.87757012372938
2122	32	88	40	41	0.150249288433487
2123	32	88	48	62	-2.44266764841356
2124	32	88	62	72	-0.0680804443828849
2125	98	18	2	12	8.15341914198035
2126	98	18	12	15	15.7669587374041
2127	98	18	15	31	-23.7965895479651
2128	98	18	31	46	-0.0520638514047643
2129	98	18	46	50	-3.43037947207314
2130	98	18	50	56	2.37244646768796
2131	98	18	56	57	0.490159533218593
2132	98	18	57	58	0.535682362117611
2133	98	18	58	59	0.483044248771326
2134	98	18	59	60	0.541501094136278
2135	101	21	2	12	2.4958351446164
2136	101	21	12	23	14.5490468062937
2137	101	21	23	26	-16.6759009917751
2138	101	21	26	43	-0.119553028410506
2139	101	21	43	49	-2.59135592361983
2140	101	21	49	58	0.785798318551639
2141	101	21	58	59	0.369695566689343
2142	101	21	59	60	0.415988703672712
2143	101	21	60	61	0.340273341160837
2144	101	21	61	62	0.474310106136112
2145	104	24	2	13	0.0443736748548752
2146	104	24	13	23	15.845762336259
2147	104	24	23	33	-15.5046153799573
2148	104	24	33	45	-0.0852176032840251
2149	104	24	45	55	-3.77175291062452
2150	104	24	55	59	0.0071522592772744
2151	104	24	59	62	1.14015533422767
2152	104	24	62	63	0.504946596998033
2153	104	24	63	64	0.470499242696239
2154	104	24	64	65	0.355912660521877
2155	126	46	2	19	-0.0728580844771897
2156	126	46	29	38	4.0735890899312
2157	126	46	38	45	11.3166082304357
2158	126	46	45	54	-14.8872311525284
2159	126	46	54	71	-0.119177978221342
2160	126	46	71	77	-0.178581705158848
2161	126	46	77	83	1.10926312644822
2162	126	46	83	84	0.304193978830988
2163	126	46	84	85	0.48197207934372
2164	2	114	9	11	2.29015820396614
2165	2	114	11	23	1.96857561254738
2166	2	114	28	48	-0.078631893518733
2167	2	114	48	53	-2.21517557959663
2168	2	114	53	56	1.61103064410626
2169	2	114	56	57	0.672327408014869
2170	2	114	57	58	0.577401848421591
2171	2	114	58	59	0.567581340596821
2172	2	114	59	60	0.39552001370971
2173	45	46	3	28	-0.00263061658190792
2174	45	46	28	33	-0.137835090832487
2175	45	46	33	36	-0.314255820307325
2176	45	46	36	39	-0.379825809341929
2177	45	46	39	42	-1.23802563989344
2178	45	46	42	43	-0.353938987503864
2179	45	46	43	44	-1.5144122289928
2180	45	46	44	47	9.52824937686712
2181	45	46	47	48	-2.88105294969621
2182	45	46	48	51	-2.68785109116471
2183	50	51	3	7	0.224394217320826
2184	50	51	7	13	-0.216776504605769
2185	50	51	13	16	-0.0566576876067302
2186	50	51	16	27	-0.0583849403931628
2187	50	51	48	49	-38.031528343562
2188	50	51	49	53	55.0177268593178
2189	50	51	53	54	-8.74539326357946
2190	50	51	54	55	-3.63032994244923
2191	50	51	55	56	-1.67801772125455
2192	55	56	3	9	0.585949692030412
2193	55	56	9	14	0.0364183286746786
2194	55	56	14	26	-0.280713221984622
2195	55	56	48	49	-1.67108131139843
2196	55	56	49	52	-6.84917762722763
2197	55	56	52	53	-7.83731134632762
2198	55	56	53	54	-20.5156960084278
2199	55	56	54	57	72.3309035084807
2200	55	56	57	58	-20.8003584841077
2201	72	73	3	20	-0.0421412770319849
2202	72	73	20	26	0.0449960568797512
2203	72	73	26	32	0.00289230600813689
2204	72	73	48	49	-0.00292001588523044
2205	72	73	49	66	-0.421493150121298
2206	72	73	66	69	-2.71026987262845
2207	72	73	69	70	-6.04532389949654
2208	72	73	70	71	-8.12328137631548
2209	72	73	71	74	18.447635631586
2210	107	108	3	15	0.045825690253113
2211	107	108	27	48	-0.00379295978692961
2212	107	108	48	49	-0.117852188644992
2213	107	108	49	62	0.588914798937767
2214	107	108	66	70	-0.311676333266411
2215	107	108	70	89	-0.0590787271899996
2216	107	108	89	97	-0.412285125147722
2217	107	108	97	103	-4.77909504884537
2218	3	115	2	11	101.954779175092
2219	3	115	31	36	-0.0388771402365662
2220	3	115	36	53	-2.69845653827234
2221	3	115	53	57	2.03632143980315
2222	3	115	57	58	0.559016403252327
2223	3	115	58	59	0.549769395900559
2224	3	115	59	60	0.394150096830261
2225	3	115	60	61	0.387154182897256
2226	5	117	2	15	26.6149643198411
2227	5	117	15	19	0.940957179472476
2228	5	117	19	32	0.472379716495851
2229	5	117	32	48	-0.0846916541821849
2230	5	117	48	53	-3.23842595782759
2231	5	117	53	58	1.78081602973724
2232	5	117	58	59	0.537760397216133
2233	5	117	59	60	0.38483560720359
2234	5	117	60	61	0.384147856419706
2235	5	117	61	62	0.348257914856236
2236	22	134	2	20	-35.2523446179446
2237	22	134	20	29	35.4340516785708
2238	22	134	29	40	0.897060301843155
2239	22	134	42	51	-1.03188446837784
2240	22	134	51	68	-0.571765242430545
2241	22	134	68	74	0.487722971412869
2242	22	134	74	76	0.0484379120575063
2243	22	134	76	77	0.43459140115295
2244	22	134	77	78	0.248517041410408
2245	24	136	2	20	-1.22136172382808
2246	24	136	20	33	1.5649665841321
2247	24	136	33	37	0.674364753993628
2248	24	136	37	47	0.0355444743347697
2249	24	136	47	57	-1.06106007902799
2250	24	136	57	69	-0.119452641603593
2251	24	136	74	78	0.46644260280387
2252	24	136	78	79	0.0705174287048543
2253	24	136	79	80	0.278853693476067
2254	18	130	30	33	0.0824439851193891
2255	18	130	41	52	-0.888181621894173
2256	18	130	52	66	-3.47452950439616
2257	18	130	66	71	3.53876394179865
2258	18	130	71	72	0.180671108856163
2259	18	130	72	73	0.0617162839360019
2260	21	133	2	19	-51.316272169581
2261	21	133	19	30	51.7467525589068
2262	21	133	30	40	0.607678144514048
2263	21	133	44	52	-0.889740695940709
2264	21	133	52	69	-1.03181482265848
2265	21	133	69	73	1.06672756447292
2266	21	133	73	75	0.0238045927737932
2267	21	133	75	76	0.0290403075018456
2268	21	133	76	77	0.499607017469796
2269	31	143	2	26	-0.160872512361709
2270	31	143	26	30	-60.0586238814454
2271	31	143	30	42	61.3106210825317
2272	31	143	42	43	0.0425349265224357
2273	31	143	54	69	-0.0874359433189293
2274	31	143	69	80	-0.501388423844305
2275	31	143	80	83	0.979423800886199
2276	31	143	83	85	0.668490122570083
2277	31	143	85	86	0.698336349084876
2278	3	4	45	53	0.222274057060343
2279	3	4	53	56	0.19943666578493
2280	3	4	56	61	-0.224143921972409
2281	3	4	61	67	-0.140784002533305
2282	3	4	67	75	-0.0567667014497355
2283	3	4	96	97	-0.0166360092850997
2284	3	4	97	108	0.0495546325768426
2285	3	4	114	144	-0.0149797433043909
2286	3	6	46	55	0.914593517260153
2287	3	6	60	68	-0.678431484818607
2288	3	6	68	75	-0.17944004960101
2289	3	6	95	99	-0.0411217749792393
2290	3	6	99	110	0.129941499651814
2291	3	6	117	144	-0.0214327817715799
2292	116	36	44	52	-10.9193314118042
2293	116	36	52	71	-0.0211012703376369
2294	116	36	71	72	0.135578592846745
2295	116	36	72	74	0.0400034517548979
2296	116	36	74	75	0.0129562232476498
2297	116	36	75	76	0.0112213474997171
2298	3	51	55	59	-9.16589228366936
2299	3	51	59	62	-1.16220885461132
2300	3	51	62	67	-0.657499103329947
2301	3	51	67	77	-0.159390183740005
2302	3	51	88	99	3.07137354163098
2303	3	51	99	109	-2.18797708185432
2304	3	51	109	115	-0.685131053285517
2305	3	51	115	124	-0.198200907260129
2306	3	48	10	12	2.30980824482017
2307	3	48	12	21	2.06819297386906
2308	3	48	21	23	0.124708637122839
2309	3	48	23	26	0.0156965755048396
2310	3	48	26	29	0.0816367983281969
2311	3	48	29	35	1.53908384432428
2312	3	48	35	41	3.25970199666105
2313	3	48	41	44	2.27393218500624
2314	3	48	44	54	-10.0256812290193
2315	3	48	54	62	2.24244796744779
2316	3	59	57	61	1.70889635729815
2317	3	59	61	68	-33.0191443646742
2318	3	59	68	72	-2.82002451519676
2319	3	59	72	88	-0.0456340092157136
2320	3	59	88	94	-0.0017849697336112
2321	3	59	94	100	1.17766145764231
2322	3	59	100	110	3.14018010529968
2323	3	59	110	115	-2.80862306563076
2324	3	59	115	122	-1.50038453767129
2325	3	115	61	62	0.372135113589353
2326	3	115	62	63	0.443019339688631
2327	3	115	70	72	-0.539970949585313
2328	3	115	72	83	-0.0931763311976062
2329	3	115	83	93	-0.0410065685751813
2330	3	115	93	110	9.60327233952698
2331	3	115	110	117	45.0508996718391
2332	3	115	117	119	-51.6794378167977
2333	3	115	119	144	-2.99742195631051
2334	9	10	4	6	-6.74718209838359
2335	9	10	6	7	-8.77494969545703
2336	9	10	7	8	-25.5233531688787
2337	9	10	8	11	76.8882650741286
2338	9	10	11	12	-17.2313205868078
2339	9	10	12	13	-8.13787379078184
2340	9	10	13	14	-3.07508694347299
2341	9	10	14	15	-1.57329555317942
2342	9	10	15	19	-1.84825888569318
2343	9	10	19	21	-0.438751623829653
2344	3	48	62	73	0.629104152964047
2345	3	48	73	75	0.00435287620866224
2346	3	48	75	81	0.487128771796044
2347	3	48	81	91	2.91425997790687
2348	3	48	91	94	0.0988161992513522
2349	3	48	94	97	-3.8771827529182
2350	3	48	97	116	0.318511332042455
2351	3	48	116	126	0.117643205094092
2352	3	48	126	130	0.287689931267084
2353	3	48	130	137	0.779440637467944
2354	15	16	4	8	-1.03654566658012
2355	15	16	8	12	-6.41511523622258
2356	15	16	12	13	-7.05667288837075
2357	15	16	13	14	-13.3145476672961
2358	15	16	14	17	28.531691874813
2359	15	16	17	18	-27.421349410998
2360	15	16	18	19	-6.0497452121792
2361	15	16	19	20	-3.07813184912494
2362	15	16	20	22	-3.78855292724832
2363	15	16	22	27	-0.782903438610869
2364	31	32	26	28	-0.0634123137950149
2365	31	32	28	29	-4.70452287684853
2366	31	32	29	30	-47.9548866507168
2367	31	32	30	33	111.831184372775
2368	31	32	33	34	-42.0904804776081
2369	31	32	34	35	-9.77405628075301
2370	31	32	35	36	-3.25093991506484
2371	31	32	36	38	-2.64082614740182
2372	110	111	12	26	0.0464036316726719
2373	110	111	26	44	-0.00845095377057311
2374	110	111	44	53	-0.308386920516799
2375	110	111	62	68	0.586709411778147
2376	110	111	68	78	-0.220927100418255
2377	110	111	78	87	-0.00520004959296191
2378	110	111	87	97	-0.174702607010783
2379	110	111	97	105	-2.56538738925735
2380	115	116	4	26	0.0407465505907755
2381	115	116	26	44	-0.0163978974512647
2382	115	116	44	49	-0.0537154773565183
2383	115	116	49	60	-0.456408098272684
2384	115	116	60	69	0.296289720647985
2385	115	116	69	71	0.211422157237369
2386	115	116	83	95	-0.00759467348554165
2387	115	116	95	107	-1.40156365044688
2388	115	116	107	109	-1.17470770251896
2389	51	52	4	9	0.362018604277705
2390	51	52	45	49	-19.7757324667498
2391	51	52	49	53	71.6019483082971
2392	51	52	53	54	-31.371097928982
2393	51	52	54	55	-10.1177016741022
2394	51	52	55	56	-4.1836037843208
2395	42	43	3	29	-0.014999633798742
2396	42	43	29	33	-0.126810206546708
2397	42	43	33	36	-0.668233988805148
2398	42	43	36	39	-1.18368671137961
2399	42	43	39	40	-2.38998387182361
2400	42	43	40	41	-8.05788571345875
2401	42	43	41	44	14.6564068095315
2402	42	43	44	45	-1.21553019299356
2403	42	43	45	46	-0.353370233520776
2404	42	43	46	47	-0.201308558991759
2405	56	57	3	10	0.609250365093671
2406	56	57	10	15	0.125858336626808
2407	56	57	15	22	-0.281288842244725
2408	56	57	22	47	-0.0279046049865878
2409	56	57	47	50	-1.99857001631742
2410	56	57	50	53	-7.75574738034915
2411	56	57	53	54	-8.39110462055696
2412	56	57	54	55	-27.3440481574857
2413	56	57	55	58	82.7934991605693
2414	56	57	58	59	-22.4422780048966
2415	73	74	3	19	-0.00285128979001318
2416	73	74	19	27	0.00395460158444673
2417	73	74	49	68	-0.0635451559135679
2418	73	74	68	70	-0.330142050741575
2419	73	74	70	71	-0.287606934735761
2420	73	74	71	72	-4.02620711260356
2421	73	74	72	75	4.70128979733341
2422	98	99	3	7	0.0151318430425561
2423	98	99	14	24	-0.0136824510959145
2424	98	99	48	49	-0.238829207788658
2425	98	99	49	55	0.50450640558881
2426	98	99	55	59	-0.0575023028419629
2427	98	99	59	64	-0.125029121122942
2428	98	99	64	71	-0.0810196036109565
2429	101	102	3	13	0.0467071700808767
2430	101	102	19	48	-0.0178903543111406
2431	101	102	48	49	-0.44980996864229
2432	101	102	49	55	0.721018065070493
2433	101	102	64	68	-0.146839371578053
2434	101	102	68	85	-0.0969542822153031
2435	101	102	93	97	-5.78318376429836
2436	49	50	3	5	0.170937999930704
2437	49	50	5	9	-0.229780601950382
2438	49	50	9	16	-0.194883689943302
2439	49	50	16	20	-0.0296431826533778
2440	49	50	20	46	-0.0198702204696584
2441	49	50	48	51	45.0393023319081
2442	49	50	51	53	-35.8429796240127
2443	49	50	53	54	-4.21689029712256
2444	49	50	54	58	-4.12119626658364
2445	43	44	3	28	-0.00263816869738687
2446	43	44	28	35	-0.376190187127585
2447	43	44	35	36	-0.111822784977239
2448	43	44	36	40	-1.24710702790276
2449	43	44	40	41	-1.32471086702372
2450	43	44	41	42	-3.93020704823475
2451	43	44	42	45	10.0909621795845
2452	43	44	45	46	-1.51442195877614
2453	43	44	46	47	-0.620603790647144
2454	43	44	47	48	-0.228554526412176
2455	64	65	3	11	-0.374505443451705
2456	64	65	11	22	0.511052083054412
2457	64	65	22	27	-0.0270978488568004
2458	64	65	27	48	-0.013581883200952
2459	64	65	48	51	-0.212330556112916
2460	64	65	51	59	-3.2745143109905
2461	64	65	59	61	-4.60367755959768
2462	64	65	61	62	-6.76562302110439
2463	64	65	62	63	-18.6864790147497
2464	64	65	63	66	71.4026205460332
2465	7	10	3	5	-25.3663397943416
2466	7	10	5	6	-46.7719405119784
2467	7	10	6	8	39.7585405820971
2468	7	10	8	9	84.3325301507135
2469	7	10	9	11	17.7249393431002
2470	7	10	11	12	-28.137778462392
2471	7	10	12	13	-15.0480006747013
2472	7	10	13	15	-9.38489617058233
2473	7	10	15	20	-4.63946626110243
2474	7	10	20	28	-1.17557501561321
2475	21	24	3	14	-4.83855218394374
2476	21	24	14	17	-15.463530632384
2477	21	24	17	19	-30.4363665573644
2478	21	24	19	20	-111.79079590213
2479	21	24	20	22	95.3588934008922
2480	21	24	22	23	67.1626608810464
2481	21	24	23	25	8.2406822019158
2482	21	24	25	26	-7.98795444647858
2483	21	24	26	27	-0.128256393395097
2484	139	140	3	28	-0.00287726054414703
2485	139	140	37	48	0.0364473140820819
2486	139	140	48	55	-0.00839933882946777
2487	139	140	55	74	-0.0019832187261163
2488	139	140	74	85	-0.165155132122622
2489	139	140	85	90	0.0320437097240027
2490	139	140	90	95	0.259807962019949
2491	139	140	95	96	0.0232088617067327
2492	139	140	96	102	-0.147881631606392
2493	97	98	3	9	0.0150603003949728
2494	97	98	12	26	-0.0138628045282957
2495	97	98	26	47	-0.00112434379791593
2496	97	98	47	49	-0.165535110165258
2497	97	98	49	55	0.419094017770339
2498	97	98	57	61	-0.0930410182251129
2499	97	98	61	68	-0.102090165281804
2500	97	98	68	81	-0.0242712295137776
2501	92	93	3	30	-0.0151849403800339
2502	92	93	30	35	-0.143706089309541
2503	92	93	35	43	0.0264386210067579
2504	92	93	43	48	0.218320480037533
2505	92	93	48	49	-0.0859945797384033
2506	92	93	49	72	-0.00185058332175691
2507	92	93	72	80	-0.0730901449146367
2508	92	93	80	85	-0.461255028465524
2509	92	93	85	89	-1.77588283051451
2510	92	93	89	90	-0.976186118939638
2511	140	141	3	27	-0.00117017758919424
2512	140	141	37	43	0.0177278321349072
2513	140	141	50	73	-0.00161555485948532
2514	140	141	73	80	-0.0443271498229214
2515	140	141	80	87	-0.218249395008658
2516	140	141	87	90	0.0584807788526415
2517	140	141	90	95	0.344729757463813
2518	140	141	95	99	-0.139166594696094
2519	54	55	3	10	0.767590650870906
2520	54	55	15	23	-0.213620968246764
2521	54	55	23	46	-0.0037587072836625
2522	54	55	46	49	-2.94119313291288
2523	54	55	49	51	-5.61472636504484
2524	54	55	51	52	-10.0803856085385
2525	54	55	52	53	-23.6367788234239
2526	54	55	53	56	87.1051040523473
2527	54	55	56	57	-27.3062844040153
2528	75	76	21	29	0.0121494377422461
2529	75	76	38	48	-0.0121501353583161
2530	75	76	74	77	5.19694514529584
2531	8	11	3	6	-29.7323244416883
2532	8	11	6	7	-38.256784622452
2533	8	11	7	9	25.1668126987761
2534	8	11	9	10	76.9052220563014
2535	8	11	10	12	39.4413564514525
2536	8	11	12	13	-38.9686346511447
2537	8	11	13	14	-12.4321967891903
2538	8	11	14	15	-5.98906593753348
2539	8	11	15	20	-7.63047136365089
2540	8	11	20	23	-1.65217960584379
2541	11	14	3	7	-9.4292764242822
2542	11	14	7	9	-20.857374746534
2543	11	14	9	10	-28.4483337861342
2544	11	14	10	12	13.0056346311015
2545	11	14	12	13	80.5639636879826
2546	11	14	13	15	13.1094459469481
2547	11	14	15	16	-23.4004675587775
2548	11	14	16	17	-24.0862931786581
2549	11	14	19	23	-7.86851528659311
2550	141	142	3	29	-0.0097190188309472
2551	141	142	40	42	0.0015506280625905
2552	141	142	42	48	0.0452543426941331
2553	141	142	50	79	-0.0321171499850704
2554	141	142	79	85	-0.208854000345269
2555	141	142	85	89	-0.236243869802344
2556	141	142	89	93	0.141288676400891
2557	141	142	93	96	0.316311530736009
2558	35	38	3	24	-0.0275840732270017
2559	35	38	24	31	-2.03056342445095
2560	35	38	31	33	-29.9554183786591
2561	35	38	33	34	-87.481920447557
2562	35	38	34	36	23.3088810178058
2563	35	38	36	37	190.162245488088
2564	35	38	37	39	57.5772407212591
2565	35	38	39	40	-114.771544945143
2566	35	38	40	41	-26.0954771353585
2567	35	38	41	42	-7.13892222161655
2568	60	63	3	10	-0.381406036200226
2569	60	63	10	15	1.93079496669813
2570	60	63	23	45	-0.0804309999134048
2571	60	63	45	53	-2.68361877245883
2572	60	63	53	58	-22.8417112009385
2573	60	63	58	59	-24.3141346143772
2574	60	63	59	61	20.8053746817389
2575	60	63	61	62	57.5388514216452
2576	60	63	62	64	27.2648908182096
2577	84	87	3	25	-0.360702320840159
2578	84	87	25	34	-0.337124530664992
2579	84	87	34	39	1.6468980977471
2580	84	87	39	48	0.15453537016605
2581	84	87	48	49	-1.10423581520729
2582	84	87	49	75	-0.0682653661347138
2583	84	87	75	80	-5.68143515994776
2584	84	87	80	82	-36.4028883200828
2585	84	87	82	83	-90.3562819614891
2586	84	87	83	85	61.4324707313145
2587	101	104	3	12	0.151486021376042
2588	101	104	48	50	-1.08583609039396
2589	101	104	50	57	2.58326397034641
2590	101	104	64	68	-0.555731609236907
2591	101	104	68	76	-0.378435788852906
2592	101	104	76	96	-0.00344452565976586
2593	101	104	96	97	-11.3775733216273
2594	12	15	3	8	-10.5755394725768
2595	12	15	8	10	-19.903455930054
2596	12	15	10	11	-37.5514319448831
2597	12	15	11	13	35.8389510580817
2598	12	15	13	14	57.9219572512525
2599	12	15	14	16	12.5864042852132
2600	12	15	16	17	-42.9102320841969
2601	12	15	18	20	-8.93864486745497
2602	12	15	20	24	-6.67228010965211
2603	51	54	3	9	1.60789975860962
2604	51	54	11	18	-0.69378961132703
2605	51	54	18	25	-0.247458527464277
2606	51	54	25	46	-0.00365498285919741
2607	51	54	46	50	-74.0744887895723
2608	51	54	50	52	34.830039952968
2609	51	54	52	53	82.1597917040616
2610	51	54	53	55	21.2797986418814
2611	51	54	55	56	-32.4989550917345
2612	36	39	3	23	-0.0819085751717226
2613	36	39	23	31	-1.20108401135833
2614	36	39	31	34	-47.7776199110146
2615	36	39	34	35	-83.2289272346655
2616	36	39	35	37	58.6023880674196
2617	36	39	37	38	188.357644253671
2618	36	39	38	40	1.94637619934909
2619	36	39	40	41	-93.2641024836277
2620	36	39	41	42	-18.7907442675712
2621	36	39	42	43	-1.33801081210482
2622	45	48	3	21	-0.0034449280601707
2623	45	48	21	31	-0.0789495179864196
2624	45	48	31	35	-0.761551224558481
2625	45	48	35	40	-1.67042562614973
2626	45	48	40	42	-2.08194965157664
2627	45	48	42	43	-0.640676683603962
2628	45	48	43	44	-2.37276007226228
2629	45	48	44	46	3.77445425947605
2630	45	48	46	47	10.5610399214173
2631	45	48	47	52	-6.70007307157446
2632	105	108	28	47	-0.00755446215598809
2633	105	108	47	49	-0.470579202242235
2634	105	108	49	60	1.68099849755788
2635	105	108	60	63	0.183888120658567
2636	105	108	63	76	-1.38575821408528
2637	105	108	76	92	-0.00806065112650461
2638	105	108	92	98	-2.5187191974045
2639	105	108	98	103	-27.660045850857
2640	119	122	28	46	0.00826230550514737
2641	119	122	46	52	-0.0121681055197709
2642	119	122	52	67	-0.137247617260517
2643	119	122	67	74	0.155151834323581
2644	119	122	95	104	-0.0548034452088573
2645	119	122	104	115	-2.69745439846967
2646	120	123	47	62	-0.00751040929571363
2647	120	123	62	71	0.00602242877173129
2648	120	123	72	77	0.0058275039003164
2649	120	123	83	94	-0.00493720904113495
2650	120	123	101	114	-0.122220134273025
2651	107	110	3	15	0.0911282353625167
2652	107	110	20	41	-0.0308202867415868
2653	107	110	41	54	-0.815617719765682
2654	107	110	54	62	1.20945728306023
2655	107	110	70	74	-0.140942598730577
2656	107	110	74	91	-0.0119481090689463
2657	107	110	91	99	-1.56424307320274
2658	107	110	99	104	-13.1374067332124
2659	127	130	3	25	-0.0524634185843924
2660	127	130	25	44	0.412292841399576
2661	127	130	44	46	-0.0462857911785645
2662	127	130	46	49	-0.313198550248312
2663	127	130	77	84	2.61033146721604
2664	127	130	89	93	-0.471830488196707
2665	127	130	93	99	-1.02516075087444
2666	127	130	99	121	-0.0833968036996301
2667	61	64	12	21	1.19234061088963
2668	61	64	21	26	-0.690190334780301
2669	61	64	26	48	-0.0301366766318926
2670	61	64	48	52	-1.52797819947938
2671	61	64	52	58	-14.063905891138
2672	61	64	58	59	-10.247333238943
2673	61	64	59	60	-23.0140255022718
2674	61	64	60	62	22.9536803927595
2675	61	64	62	63	61.9385744156882
2676	88	91	3	30	-4.05182706462396
2677	88	91	34	42	1.32331467164441
2678	88	91	42	45	0.224228335559244
2679	88	91	45	49	-0.721002122085817
2680	88	91	49	76	-0.0430887923612361
2681	88	91	76	81	-1.76625633303279
2682	88	91	81	86	-46.2566328031945
2683	88	91	86	87	-93.1987087031289
2684	88	91	87	89	75.490751132087
2685	133	136	3	26	-0.0501538321890172
2686	133	136	26	37	0.164271136554535
2687	133	136	37	44	0.377139875655227
2688	133	136	44	50	-0.492892046475374
2689	133	136	50	77	-0.294621770814816
2690	133	136	83	89	3.45766301917348
2691	133	136	89	92	0.495295432778202
2692	133	136	92	97	-2.202752217032
2693	133	136	97	119	-0.035069998923486
2694	130	133	32	38	0.377681383509856
2695	130	133	47	49	-0.241882017137813
2696	130	133	49	78	-0.0426262640733963
2697	130	133	78	84	1.18736051366918
2698	130	133	84	87	0.345496724648432
2699	130	133	87	96	-0.75900027024981
2700	130	133	96	98	-0.732991242468214
2701	130	133	98	120	-0.03260342183204
2702	135	138	3	34	-0.0745496397852085
2703	135	138	34	38	0.201103061551843
2704	135	138	38	45	0.268736403966424
2705	135	138	45	49	-0.3952723268472
2706	135	138	49	80	-0.464124661416906
2707	135	138	85	90	2.81971897189802
2708	135	138	90	95	0.00450133202436413
2709	135	138	95	100	-1.64345577583897
2710	135	138	100	122	-0.0207593775553929
2711	14	62	3	11	-18.2723019408254
2712	14	62	11	12	-13.3833424824622
2713	14	62	12	15	-24.1939483168391
2714	14	62	15	18	41.392821379857
2715	14	62	18	23	14.5314186558262
2716	14	62	23	30	0.368478413782063
2717	14	62	30	46	0.00317317766444477
2718	14	62	48	54	2.794718158597
2719	14	62	54	60	31.5597655583986
2720	15	63	3	12	-17.6146044846193
2721	15	63	12	13	-14.9345585549814
2722	15	63	13	16	-13.7502216573062
2723	15	63	16	18	25.9085452720201
2724	15	63	18	21	15.362983942519
2725	15	63	21	30	5.31653613542268
2726	15	63	30	45	0.00173167206418374
2727	15	63	47	49	0.378653856653619
2728	15	63	49	61	31.7518398771567
2729	125	128	28	40	0.247068397474273
2730	125	128	40	48	-0.098185803953049
2731	125	128	48	50	-0.115335851627645
2732	125	128	77	83	0.95644541324996
2733	125	128	83	91	-0.698162573354771
2734	125	128	91	96	-0.165039672370501
2735	125	128	96	97	-0.285579527951924
2736	125	128	97	121	-0.0483025563969932
2737	132	135	3	35	0.0151101904611604
2738	132	135	35	40	0.300319289699581
2739	132	135	40	46	0.0924882239057645
2740	132	135	46	49	-0.409233439236821
2741	132	135	49	75	-0.0454640318212654
2742	132	135	75	82	-0.843607367452344
2743	132	135	82	88	2.17461031562185
2744	132	135	96	99	-1.38383955315774
2745	132	135	99	118	-0.0320507828617799
2746	29	77	24	27	-0.0722470385554859
2747	29	77	27	30	-44.0603208413434
2748	29	77	30	31	38.0912321552445
2749	29	77	31	37	5.98162095345431
2750	29	77	37	44	0.0764908588011144
2751	45	93	23	33	-0.213312306120544
2752	45	93	33	36	-0.582532454225105
2753	45	93	36	41	-3.21210249298301
2754	45	93	41	43	-3.03575816511163
2755	45	93	43	46	-3.81384914827245
2756	45	93	46	48	6.00229845616689
2757	45	93	48	61	4.88468223921108
2758	45	93	71	79	0.100279750390907
2759	18	66	3	10	-2.2995950428102
2760	18	66	10	16	-31.3049412361135
2761	18	66	16	19	-40.1028606293405
2762	18	66	19	20	34.9886838139766
2763	18	66	20	23	37.3175449905935
2764	18	66	23	31	1.55719845418723
2765	18	66	47	52	0.383500184444353
2766	18	66	52	62	13.5005440159454
2767	46	94	28	33	-0.173328565860757
2768	46	94	33	36	-0.465113096200187
2769	46	94	36	41	-2.33986531191235
2770	46	94	41	44	-3.67981732676865
2771	46	94	44	47	-5.35830949002375
2772	46	94	47	48	4.46160125436537
2773	46	94	48	51	7.55283222153993
2774	46	94	71	82	0.50481155264357
2775	77	125	41	47	0.0806482936698094
2776	77	125	47	49	0.0553853404846384
2777	77	125	74	78	-57.4218196651344
2778	77	125	78	79	41.2204246813448
2779	77	125	79	82	14.1024954728067
2780	81	129	3	27	-0.0514403792991996
2781	81	129	27	32	-0.333104272432032
2782	81	129	39	47	0.948782693334316
2783	81	129	47	50	0.277595773071077
2784	81	129	74	79	-16.2530952583505
2785	81	129	79	82	-92.3647533494313
2786	81	129	82	84	91.2855416957609
2787	50	98	3	7	1.07277455155936
2788	50	98	7	14	1.60436844494038
2789	50	98	14	21	0.223926737848252
2790	50	98	21	29	0.0372286313759701
2791	50	98	48	49	-77.73569913491
2792	50	98	49	52	39.2596686016209
2793	50	98	52	55	31.5322263533707
2794	50	98	55	62	6.50304055950866
2795	50	98	62	67	0.366929211869025
2796	50	10	3	6	13.2816836470716
2797	50	10	6	7	10.5060014867351
2798	50	10	7	14	-11.9533976055514
2799	50	10	14	19	-10.3394068486307
2800	50	10	19	25	-2.70506050245582
2801	50	10	25	28	-1.8676046483816
2802	50	10	48	49	-80.4515343860627
2803	50	10	49	55	74.0912636875498
2804	50	10	55	57	5.17221198799107
2805	64	112	3	12	-2.57757894765026
2806	64	112	12	19	-0.076186090047211
2807	64	112	19	29	2.90570226375614
2808	64	112	48	54	-0.737681425472227
2809	64	112	54	59	-6.86537414997861
2810	64	112	59	62	-25.9043080361348
2811	64	112	62	65	-27.0458074258569
2812	64	112	65	66	20.4937723896617
2813	64	112	66	71	39.2343738628555
2814	75	123	18	30	-0.0047334271351061
2815	75	123	73	76	-3.32131550515684
2816	75	123	76	78	3.2175315837788
2817	41	89	22	31	-0.170011042915994
2818	41	89	31	37	-6.63699511353113
2819	41	89	37	40	-67.0506359812107
2820	41	89	42	43	12.343159521883
2821	41	89	43	46	5.42022678660692
2822	41	89	46	62	3.06934883906299
2823	41	89	70	77	0.108152226093848
2824	71	31	3	19	-0.246494786654418
2825	71	31	19	23	0.184875566859903
2826	71	31	23	26	0.0578127040513493
2827	71	31	26	28	0.133085687974975
2828	71	31	28	32	70.7187393880459
2829	71	31	32	39	-69.9368689300685
2830	71	31	39	48	-0.638263050252725
2831	71	31	48	58	-0.297899643096795
2832	71	31	58	62	-0.32354059510484
2833	71	31	62	68	-6.75913578191333
2834	114	74	13	20	0.176675586636089
2835	114	74	20	33	0.135524573657337
2836	114	74	33	46	-0.0387659663526776
2837	114	74	46	48	-0.000971843972482864
2838	114	74	48	51	-0.375310599276863
2839	114	74	67	69	1.24961382737647
2840	114	74	69	72	1.77467909966142
2841	113	73	13	25	0.432770411136995
2842	113	73	28	45	-0.101997230988756
2843	113	73	46	55	-1.36303253644507
2844	113	73	64	68	1.18129930354376
2845	113	73	68	70	2.36397252906655
2846	113	73	70	76	0.197031625951543
2847	122	82	25	29	0.506641758956266
2848	122	82	29	32	0.580786393888097
2849	122	82	44	48	-0.462828062835626
2850	122	82	48	49	-0.764217055611109
2851	122	82	49	69	-0.0551059848706762
2852	122	82	69	77	2.52194637836013
2853	122	82	77	78	2.16205116290537
2854	122	82	78	79	3.17658368785939
2855	62	22	12	15	1.17936054608381
2856	62	22	15	18	5.051835551325
2857	62	22	18	21	69.9204464922648
2858	62	22	21	26	-73.3359696087156
2859	62	22	26	30	-0.285205253718649
2860	62	22	41	51	-1.4341451652168
2861	62	22	51	58	-14.4731441531508
2862	62	22	58	63	-49.5746508678241
2863	54	14	3	6	1.39634467792536
2864	54	14	6	10	11.5511464199707
2865	54	14	10	11	8.72517020442302
2866	54	14	11	19	-7.85661128683189
2867	54	14	19	23	-11.5277084030028
2868	54	14	23	34	-0.65304539819481
2869	54	14	42	52	-41.9877792605106
2870	54	14	52	57	21.0043013521863
2871	54	14	57	59	14.4434880115528
2872	74	34	25	29	0.945102725366876
2873	74	34	29	31	4.59738139009837
2874	74	34	31	36	53.11751751214
2875	74	34	36	41	-54.5461934855415
2876	74	34	41	45	-2.27422337972448
2877	74	34	45	53	-1.80003448021622
2878	74	34	53	68	-0.0413920714566844
2879	74	34	68	71	-0.0477805231873328
2880	127	87	31	36	4.06491133841554
2881	127	87	36	40	0.855487525534084
2882	127	87	40	47	-2.13812917212691
2883	127	87	47	53	-2.48336832987553
2884	127	87	53	71	-0.0832150074333888
2885	127	87	71	78	0.551132082405729
2886	127	87	78	80	1.38378237636679
2887	127	87	80	84	18.3280319221422
2888	131	91	29	37	2.67271850334141
2889	131	91	37	44	1.71511841197186
2890	131	91	44	46	-0.536755529742475
2891	131	91	46	52	-3.58730823515616
2892	131	91	52	75	-0.079021926994235
2893	131	91	75	76	-0.0160163478004807
2894	131	91	81	86	4.42421188951936
2895	4	60	3	7	78.4916367224645
2896	4	60	7	10	20.7520558110703
2897	4	60	10	15	5.32998998734755
2898	4	60	18	25	-1.31306149401467
2899	4	60	29	39	-0.0106443299478201
2900	4	60	39	53	1.40650623433798
2901	4	60	53	55	5.24395104590736
2902	4	60	55	57	12.8765814382472
2903	18	74	3	15	-23.451196091707
2904	18	74	15	16	-13.6882850587701
2905	18	74	16	22	31.3867108801229
2906	18	74	22	23	4.53503664090085
2907	18	74	23	26	1.7369314621863
2908	18	74	33	48	-0.037091637026977
2909	18	74	48	58	-1.22093432677789
2910	18	74	58	59	-0.281075755154882
2911	21	77	3	16	-9.05465666810932
2912	21	77	16	19	-42.1712582408198
2913	21	77	19	24	49.0884599678497
2914	21	77	24	28	2.32251255950727
2915	21	77	28	29	0.334812553336622
2916	21	77	29	35	0.137760227707446
2917	21	77	35	38	-0.125009452793759
2918	21	77	38	48	-0.296791975308806
2919	21	77	48	50	-0.160532529805545
2920	77	37	3	20	-0.0690059462581907
2921	77	37	20	25	-0.0266443840833091
2922	77	37	25	31	0.954060991658305
2923	77	37	31	33	9.5074208892391
2924	77	37	33	34	16.728498633942
2925	77	37	34	43	-22.2576210980138
2926	77	37	43	46	-1.70184265143055
2927	77	37	46	49	-3.13444617880615
2928	77	37	49	67	-0.0523606655739473
2929	77	37	67	73	-0.0598081172734563
2930	55	111	10	15	1.68495848101857
2931	55	111	15	25	0.673537378068858
2932	55	111	35	48	-0.0152879191833204
2933	55	111	48	49	-5.57761163815793
2934	55	111	49	57	-31.8181300784
2935	55	111	57	61	34.5443722821286
2936	55	111	61	64	3.70835744626044
2937	59	115	3	9	-1.85701057520286
2938	59	115	9	15	0.828273554142331
2939	59	115	15	23	2.10046337426188
2940	59	115	23	28	0.0448930984012657
2941	59	115	46	56	-20.1943676917853
2942	59	115	56	61	-14.4377509488649
2943	59	115	61	64	26.6447699713146
2944	59	115	64	65	3.8024206991701
2945	59	115	65	72	4.31014646408398
2946	124	44	36	46	7.36250172417642
2947	124	44	46	50	-10.859391338539
2948	73	121	50	69	-0.155481188161515
2949	73	121	69	71	-0.597873028815956
2950	67	123	3	16	-3.26723588705198
2951	67	123	16	24	3.517447004225
2952	67	123	39	50	-0.294870137539966
2953	67	123	50	63	-17.6227258735371
2954	67	123	63	68	-92.3995139396349
2955	67	123	68	70	96.3680774226035
2956	67	123	70	74	14.0227128304746
2957	67	123	74	76	0.0222191650947626
2958	96	144	22	30	-0.0417785473643655
2959	96	144	30	37	-1.04198579512541
2960	96	144	37	41	-0.833093176157099
2961	96	144	41	45	-0.465257123556643
2962	96	144	45	50	2.381856095165
2963	96	144	70	77	-0.0351099689251397
2964	96	144	77	82	-0.312177100228813
2965	96	144	82	87	-1.25518721398366
2966	3	59	4	7	89.0254149647978
2967	3	59	7	9	9.98974126213108
2968	3	59	9	14	5.0557276085655
2969	3	59	16	25	-1.35618068112563
2970	3	59	32	47	-0.0102865152527237
2971	3	59	47	51	-0.325759817445684
2972	3	59	51	55	11.7921632915411
2973	3	59	55	57	22.7081366954841
2974	11	12	4	7	-3.98635498148907
2975	11	12	7	8	-3.89148924656123
2976	11	12	8	9	-7.01821306420139
2977	11	12	9	10	-17.2279561667707
2978	11	12	10	13	65.9936815901619
2979	11	12	13	14	-18.8962037243784
2980	11	12	14	15	-6.34110363438172
2981	11	12	15	16	-3.01598452185136
2982	11	12	16	20	-3.16813477758461
2983	11	12	20	24	-1.14762673928249
2984	52	53	4	10	0.355737971391417
2985	52	53	10	15	-0.218728055497186
2986	52	53	15	19	-0.0740586322289304
2987	52	53	19	35	-0.0617421751273704
2988	52	53	46	49	-9.19689933825785
2989	52	53	49	51	-32.3581126598669
2990	52	53	51	54	82.3004105220523
2991	52	53	54	55	-23.6937438933608
2992	52	53	55	56	-7.85190326274041
2993	76	77	4	23	-0.0250493109185049
2994	76	77	23	31	0.48979639302084
2995	76	77	36	46	-0.332684009636335
2996	76	77	46	49	-0.115253703862236
2997	76	77	49	71	-0.0234148115487525
2998	76	77	73	74	-0.0190342597025532
2999	76	77	74	75	-2.76518549747879
3000	76	77	75	78	59.8254871951623
3001	137	138	4	35	-0.0122471913337186
3002	137	138	35	37	0.0273279258885348
3003	137	138	37	47	0.0796820753253598
3004	137	138	47	55	-0.0948830674260568
3005	137	138	55	78	-0.0699868769902108
3006	137	138	78	86	-0.197209915916445
3007	137	138	86	91	0.688674630965827
3008	137	138	91	95	0.0390291344478084
3009	137	138	95	98	-0.460100247753739
3010	137	138	98	119	-0.00487262072443695
3011	111	112	4	22	0.0468811243910969
3012	111	112	22	28	0.00185452273738574
3013	111	112	28	48	-0.0110405865380137
3014	111	112	48	61	-0.591882406505535
3015	111	112	61	62	0.162850282183237
3016	111	112	62	69	0.643881921670204
3017	111	112	69	78	-0.206185576556341
3018	111	112	78	96	-0.00875042741970656
3019	111	112	96	97	-0.166872605164867
3020	111	112	97	106	-3.27558156859045
3021	76	132	3	20	-0.0699307152479537
3022	76	132	31	37	0.483350552596506
3023	76	132	48	50	-0.503308111558503
3024	76	132	50	71	-0.0909729931176318
3025	76	132	78	80	1.07442003659196
3026	76	132	80	84	3.3071997824068
3027	115	35	3	22	0.0133721979908354
3028	115	35	22	30	1.29243537396678
3029	115	35	30	38	26.4812193762281
3030	115	35	38	46	-25.5915655336532
3031	115	35	46	50	-2.33938246061372
3032	115	35	50	67	-2.6056666798878
3033	115	35	67	72	2.74184943145942
3034	115	35	72	73	0.046987149893071
3035	115	35	74	75	0.0293321683099203
3036	125	45	3	21	-0.113274463981314
3037	125	45	28	36	2.97172996999833
3038	125	45	36	42	7.79950390302892
3039	125	45	42	49	-10.6173498719816
3040	125	45	49	71	-0.12953087619588
3041	125	45	71	80	0.128133379083532
3042	125	45	80	83	1.12480633240461
3043	125	45	83	84	0.335630112659956
3044	125	45	84	85	0.525091410212484
3045	10	122	3	15	-4.29663923983273
3046	10	122	15	26	8.96968527165585
3047	10	122	34	47	-0.066469164960885
3048	10	122	47	50	-0.997711587978399
3049	10	122	50	60	-2.12944548466825
3050	10	122	60	64	1.15917655596677
3051	10	122	64	65	0.423973755368631
3052	10	122	65	66	0.184217645524441
3053	10	122	66	67	0.299251013034506
3054	15	127	3	16	-49.4353206961232
3055	15	127	16	26	50.3375626319778
3056	15	127	26	29	0.507485242384904
3057	15	127	40	53	-0.875671321884524
3058	15	127	53	66	-3.03594243745004
3059	15	127	66	69	2.05237295457604
3060	15	127	69	70	1.08471198598179
3061	15	127	70	71	0.42601969430296
3062	15	127	71	72	0.149533000627116
3063	16	128	3	19	-23.4298089071402
3064	16	128	19	29	24.5881147834089
3065	16	128	48	49	-0.358489113370076
3066	16	128	49	64	-3.81833676711452
3067	16	128	64	70	3.38825928908863
3068	16	128	70	71	0.463272551823753
3069	16	128	71	72	0.164948341057377
3070	16	128	72	73	0.0565094249123029
3071	73	129	3	21	-0.05040864368357
3072	73	129	21	29	0.459333652862788
3073	73	129	29	31	0.166916269805281
3074	73	129	48	50	-0.247849446967891
3075	73	129	50	70	-0.509711205834342
3076	73	129	70	76	0.486750103725401
3077	73	129	76	78	0.720123130216864
3078	73	129	78	83	1.68068749560694
3079	72	128	3	24	-0.0488053058881677
3080	72	128	24	27	0.0211111370694482
3081	72	128	27	35	0.535376570433675
3082	72	128	48	51	-0.164118106593405
3083	72	128	51	71	-18.3306838964189
3084	72	128	71	75	18.3009788619686
3085	72	128	75	77	0.429713682488105
3086	72	128	77	82	0.838605507158243
3087	123	43	24	33	1.36725441071654
3088	123	43	33	35	1.92865630368098
3089	123	43	35	48	3.31300311627697
3090	123	43	48	55	-6.44944642175153
3091	123	43	55	68	-0.103592802988489
3092	123	43	68	77	0.149532000328862
3093	123	43	77	81	0.727763450951343
3094	123	43	81	82	0.49920305426118
3095	123	43	82	83	0.508115393854637
3096	23	135	3	25	-0.909110349529089
3097	23	135	25	29	0.99419279344034
3098	23	135	29	39	1.05942925302335
3099	23	135	47	51	-0.924706154593968
3100	23	135	51	69	-0.209133056401598
3101	23	135	69	75	0.106323099108079
3102	23	135	75	77	0.363062691975551
3103	23	135	77	78	0.200741317038466
3104	23	135	78	79	0.0837045789831803
3105	26	138	3	21	-0.128762908885959
3106	26	138	21	33	0.411638444427988
3107	26	138	33	39	1.02056673463473
3108	26	138	39	45	0.16963127533187
3109	26	138	45	52	-1.47135554003472
3110	26	138	52	74	-0.163371614980104
3111	26	138	74	76	0.0222566936235545
3112	26	138	76	80	0.538574444384172
3113	26	138	80	81	0.340688086772233
3114	26	138	81	82	0.507026167365892
3115	4	5	48	51	-0.233111667358841
3116	4	5	51	59	0.559601723014846
3117	4	5	59	63	-0.155545697930069
3118	4	5	63	75	-0.169941339739728
3119	4	5	102	108	0.0254899995104336
3120	4	5	116	144	-0.010530244328848
3121	4	7	39	53	-0.400586284240503
3122	4	7	53	57	1.35879218154528
3123	4	7	60	73	-0.94118739351806
3124	4	7	96	105	0.0517965571263245
3125	4	7	116	142	-0.0296511015946524
3126	4	52	54	57	-31.6865215206036
3127	4	52	57	63	-6.81651691696109
3128	4	52	63	70	-0.870007889563546
3129	4	52	70	78	-0.0396243359265453
3130	4	52	90	97	2.62604826122421
3131	4	52	97	106	-0.774487821156463
3132	4	52	106	110	-0.783287272230832
3133	4	52	110	119	-1.06111276008444
3134	4	52	119	142	-0.00518562283066708
3135	4	60	57	61	43.888521043391
3136	4	60	61	66	-55.9498613527136
3137	4	60	66	74	-7.51613524203489
3138	4	60	74	81	-0.0096247617405841
3139	4	60	81	94	-0.0040070692885716
3140	4	60	94	98	0.52927316025515
3141	4	60	98	111	3.33194290680136
3142	4	60	111	115	-2.15715950944857
3143	4	60	115	124	-1.69046196707393
3144	4	116	61	62	0.776462504769037
3145	4	116	62	63	0.0338911414249177
3146	4	116	63	66	0.709126726189635
3147	4	116	66	76	-1.95723894441271
3148	4	116	76	92	-0.107074526174697
3149	4	116	92	95	-0.00422791793798939
3150	4	116	95	108	3.30226693285801
3151	4	116	108	117	125.673446969763
3152	4	116	117	124	-128.494445051379
3153	4	116	124	128	-0.0345633902155486
3154	5	8	41	53	-0.864470148508718
3155	5	8	53	56	1.22691356543019
3156	5	8	56	62	0.525917862544652
3157	5	8	62	73	-0.884929525313531
3158	5	8	105	111	0.0394615778348651
3159	5	8	111	141	-0.0752463133940235
3160	5	53	55	59	-32.8763624850529
3161	5	53	59	64	-3.94240634047026
3162	5	53	64	70	-0.836621831707522
3163	5	53	70	81	-0.0485506750291471
3164	5	53	94	97	2.23631399524374
3165	5	53	97	109	-0.632534942316916
3166	5	53	109	110	-0.210341831622565
3167	5	53	110	117	-1.22185523175877
3168	5	53	117	141	-0.16949441493458
3169	5	61	59	65	-21.178685389522
3170	5	61	65	66	-3.34319922557288
3171	5	61	66	77	-10.3975094785531
3172	5	61	77	87	-0.0110805907471914
3173	5	61	87	96	-0.00515695168920973
3174	5	61	96	99	0.573592503468026
3175	5	61	99	111	3.40536379025896
3176	5	61	111	112	-0.550586228197714
3177	5	61	112	122	-3.41041973605337
3178	5	61	122	140	-0.0143940654400196
3179	5	6	48	52	-0.333858397360904
3180	5	6	52	56	0.599646051728393
3181	5	6	63	72	-0.215563425523291
3182	5	6	105	110	0.011881983017187
3183	5	6	110	141	-0.0284862284973333
3184	5	117	62	63	0.425993706087529
3185	5	117	63	64	0.320227850681761
3186	5	117	70	77	-0.395713337864595
3187	5	117	77	87	-0.0824725385558105
3188	5	117	87	96	-0.0260552567791496
3189	5	117	96	104	0.44921821452744
3190	5	117	104	113	13.7815493198583
3191	5	117	113	127	-14.128606722874
3192	5	117	127	144	-0.0949766824212939
3193	12	13	4	7	-2.9864857140652
3194	12	13	7	9	-6.90858726567395
3195	12	13	9	10	-8.13678112409391
3196	12	13	10	11	-26.5757441291319
3197	12	13	11	14	80.5710297835099
3198	12	13	14	15	-19.5226607048118
3199	12	13	15	16	-7.05722438846673
3200	12	13	16	17	-12.7178239423567
3201	12	13	18	26	-4.51034307026652
3202	106	107	4	11	0.0289137536024781
3203	106	107	48	57	-0.0879434100114441
3204	106	107	57	58	0.141981977123889
3205	106	107	58	64	0.304461905104285
3206	106	107	64	76	-0.355505313093548
3207	106	107	76	96	-0.00295759634897078
3208	106	107	96	97	-0.544578307838873
3209	106	107	97	103	-7.75326694587745
3210	102	103	4	10	0.0383423885234626
3211	102	103	21	48	-0.0116159697144891
3212	102	103	48	53	-0.0772687223951162
3213	102	103	53	56	0.463488103474918
3214	102	103	65	72	-0.258214834237171
3215	102	103	72	85	-0.00232799020545189
3216	102	103	94	97	-3.49050573431386
3217	62	63	4	10	-0.16879046132485
3218	62	63	10	19	0.81907461307139
3219	62	63	23	48	-0.0345683519312752
3220	62	63	48	49	-0.196845703947887
3221	62	63	49	58	-4.94483305325948
3222	62	63	58	59	-3.08581021136229
3223	62	63	59	60	-5.88875852767203
3224	62	63	60	61	-13.6576110694117
3225	62	63	61	64	61.8758261494068
3226	23	26	4	16	-0.795037971936474
3227	23	26	16	19	-2.6959015038628
3228	23	26	19	21	-13.0970451411188
3229	23	26	21	22	-49.7265444008339
3230	23	26	22	24	49.928449944554
3231	23	26	24	25	19.5103350510997
3232	23	26	25	27	3.96486281283491
3233	23	26	27	28	-6.84992669859378
3234	23	26	28	29	-0.0756830177576448
3235	50	53	4	8	1.14097659140886
3236	50	53	8	14	-1.0667218854105
3237	50	53	14	20	-0.308986468863117
3238	50	53	20	32	-0.100809281159678
3239	50	53	32	43	-0.0027842776607949
3240	50	53	43	51	-47.8239837560867
3241	50	53	51	52	98.4139212600849
3242	50	53	52	54	18.8055227896618
3243	50	53	54	55	-37.4338013126775
3244	50	53	55	56	-13.7133893277443
3245	9	12	4	7	-28.2852660598939
3246	9	12	7	8	-39.5117159524687
3247	9	12	8	10	29.0932843604202
3248	9	12	10	11	87.2573198628851
3249	9	12	11	13	14.0134377107655
3250	9	12	13	14	-29.5040119314982
3251	9	12	14	15	-11.331158175788
3252	9	12	15	16	-5.80192739586013
3253	9	12	16	21	-7.51864296590901
3254	9	12	21	28	-1.58253584505413
3255	53	56	4	11	1.76555330839506
3256	53	56	13	21	-0.724659208327988
3257	53	56	21	48	-0.133916116163288
3258	53	56	48	49	-9.79249407278786
3259	53	56	49	51	-21.2572041347534
3260	53	56	51	52	-45.6022095396124
3261	53	56	52	54	34.3330952771342
3262	53	56	54	55	87.1853828157879
3263	53	56	55	57	16.1131924830344
3264	80	83	4	25	-0.0451274136675332
3265	80	83	25	33	0.877705208916742
3266	80	83	33	41	0.943482877969346
3267	80	83	41	45	-0.705180369611183
3268	80	83	45	49	-1.07376802113829
3269	80	83	49	76	-0.287657881634249
3270	80	83	76	78	-17.5225060601698
3271	80	83	78	79	-45.7955893362142
3272	80	83	81	82	149.042393919175
3273	98	101	4	13	0.0599567323665651
3274	98	101	13	19	-0.03144209022798
3275	98	101	19	30	-0.0309201711982032
3276	98	101	48	54	0.770377840989054
3277	98	101	54	60	0.0406299645388603
3278	98	101	60	65	-0.506569955345538
3279	98	101	65	68	-0.156162178454484
3280	98	101	68	73	-0.148177109634955
3281	24	27	4	19	-0.475124804128332
3282	24	27	19	20	-0.649988058535905
3283	24	27	20	22	-6.17100612517706
3284	24	27	22	23	-8.56019281546302
3285	24	27	23	25	8.86008517102657
3286	24	27	25	26	12.8889908834888
3287	24	27	28	29	-4.63100834428616
3288	24	27	29	30	-0.0373273411419403
3289	103	106	4	11	0.121021087813552
3290	103	106	23	46	-0.00871322933772304
3291	103	106	46	49	-0.707427158735651
3292	103	106	49	60	2.42139303980142
3293	103	106	66	74	-0.795826201053291
3294	103	106	74	90	-0.00513226293711259
3295	103	106	96	97	-4.10655316357207
3296	129	132	4	26	-0.0462375221984858
3297	129	132	26	42	0.405629822376839
3298	129	132	45	51	-0.324124438151041
3299	129	132	51	76	-0.0306841751484219
3300	129	132	76	84	2.09046369851421
3301	129	132	88	94	-0.715126980749444
3302	129	132	94	97	-0.96208696228217
3303	129	132	97	118	-0.0328878567145625
3304	50	96	4	13	2.54062938653126
3305	50	96	13	19	0.344299185448352
3306	50	96	19	28	0.145953719374412
3307	50	96	28	36	1.62591327098711
3308	50	96	36	45	2.09713769938111
3309	50	96	45	58	-6.83842444338236
3310	50	96	58	62	2.0186822653448
3311	50	96	62	69	0.959427517834504
3312	50	96	69	72	0.128057626966718
3313	50	96	72	73	0.00434006141051926
3314	82	85	4	30	-0.196657272842261
3315	82	85	30	33	0.573905893183587
3316	82	85	33	40	1.72507098797302
3317	82	85	40	48	-1.26211383466071
3318	82	85	48	54	-0.841376333300308
3319	82	85	54	78	-2.82177561516812
3320	82	85	78	79	-2.5875586862367
3321	82	85	79	80	-19.9607761467866
3322	82	85	80	81	-73.2062827390538
3323	82	85	81	83	43.2119842842859
3324	108	111	28	47	-0.0195787287442543
3325	108	111	47	58	-1.37612200114231
3326	108	111	58	63	1.38007678364388
3327	108	111	63	66	0.632166624363353
3328	108	111	66	76	-0.616720044517386
3329	108	111	76	95	-0.0196406004701469
3330	108	111	95	98	-0.785603663553193
3331	108	111	98	105	-11.4872284196136
3332	97	100	4	7	0.0341746769780239
3333	97	100	7	14	0.00942532097463793
3334	97	100	14	24	-0.0427920049752044
3335	97	100	48	53	0.48001221359793
3336	97	100	53	58	0.22052961980481
3337	97	100	58	61	-0.197710223136385
3338	97	100	61	66	-0.334355909132433
3339	97	100	66	76	-0.168834710343767
3340	9	57	4	7	-34.6294154424727
3341	9	57	7	10	-40.5592096211854
3342	9	57	10	11	44.5474949661143
3343	9	57	11	17	43.13000791319
3344	9	57	22	24	0.171980667551688
3345	9	57	48	53	12.6123258665774
3346	9	57	53	56	60.0402034703183
3347	33	81	19	29	-0.668721960530256
3348	33	81	29	31	-11.7452812856323
3349	33	81	31	34	-88.8581240075156
3350	33	81	34	35	64.6454604807925
3351	33	81	35	40	35.0523628475603
3352	33	81	40	45	1.25866565272469
3353	33	81	45	49	0.310525197457188
3354	33	81	67	76	0.29131746024459
3355	54	57	4	12	2.1696282087897
3356	54	57	12	16	-0.414903198210124
3357	54	57	16	27	-0.636800262873725
3358	54	57	48	50	-9.64996414410733
3359	54	57	50	52	-23.2389044774004
3360	54	57	52	53	-35.6324664825097
3361	54	57	53	55	30.8664378203736
3362	54	57	55	56	72.3712906295962
3363	54	57	56	58	25.8938954944876
3364	112	115	4	23	0.12699523554408
3365	112	115	37	47	-0.0114368958274639
3366	112	115	47	49	-0.21697737790958
3367	112	115	49	67	0.239826254018074
3368	112	115	67	74	0.0240775947078342
3369	112	115	75	96	-0.0477377155277268
3370	112	115	96	98	-0.402111178872597
3371	112	115	98	107	-6.7344203583162
3372	16	64	4	12	-10.0782861337744
3373	16	64	12	13	-7.71920173983881
3374	16	64	13	17	-0.9173481643265
3375	16	64	17	20	5.92247879462131
3376	16	64	20	21	5.39029938115672
3377	16	64	21	28	7.67910976498503
3378	16	64	48	50	0.377655775168584
3379	16	64	50	62	33.4877399404666
3380	39	87	27	34	-6.25558802402055
3381	39	87	34	37	-40.3397826878572
3382	39	87	37	40	-77.975120729644
3383	39	87	40	43	121.007578432823
3384	39	87	43	48	2.51576589350862
3385	39	87	48	50	1.0375177931485
3386	39	87	68	80	1.38425510503293
3387	44	92	22	33	-0.27944062842064
3388	44	92	33	37	-1.11054031989114
3389	44	92	37	40	-2.30217193367251
3390	44	92	40	43	-7.28650802748246
3391	44	92	43	45	0.596744522809747
3392	44	92	45	48	6.66369271430214
3393	44	92	48	67	3.73088512666741
3394	44	92	71	80	0.213747453157229
3395	98	144	4	19	0.300359236214542
3396	98	144	19	26	0.0578488037995855
3397	98	144	26	28	0.00328966136815539
3398	98	144	28	36	0.745400487001762
3399	98	144	36	47	0.478676192104691
3400	98	144	47	54	-3.68401291196281
3401	98	144	54	69	2.36485778962994
3402	98	144	69	70	0.0594286551450696
3403	98	144	70	82	0.818334653931614
3404	98	144	82	84	0.525080271507531
3405	7	55	4	6	-73.0812183118818
3406	7	55	8	12	78.6402610795873
3407	7	55	12	14	5.43954312560363
3408	7	55	14	19	2.45653714625011
3409	7	55	19	30	2.44852291970134
3410	7	55	48	50	7.20843947338389
3411	7	55	50	54	67.4963620477076
3412	7	55	54	56	7.730778528622
3413	22	70	4	12	-0.438981664530916
3414	22	70	12	18	-5.05834805916067
3415	22	70	18	21	-68.5728523579041
3416	22	70	23	27	66.6049506596771
3417	22	70	48	50	0.0244655515521717
3418	22	70	50	64	2.96290802615237
3419	48	96	25	29	-0.00544118194735584
3420	48	96	29	33	-0.101081459692935
3421	48	96	33	40	-1.07929782306101
3422	48	96	40	45	-3.46524877042594
3423	48	96	45	46	-2.7058294921708
3424	48	96	46	50	7.35766793997041
3425	48	96	61	77	0.031611151646998
3426	48	96	77	79	0.0300372925372788
3427	89	137	4	28	-0.0133549785759853
3428	89	137	28	30	-0.091347047918611
3429	89	137	30	38	-2.92405813184367
3430	89	137	38	46	0.636931383903173
3431	89	137	46	49	2.3915616804619
3432	89	137	49	67	-0.0046804802027452
3433	89	137	67	75	-0.00753524686676713
3434	89	137	75	83	-3.15481738124014
3435	89	137	83	85	-4.30741975742761
3436	89	137	85	90	-15.9715811416735
3437	49	9	4	5	5.88677709901775
3438	49	9	5	6	11.5935957362198
3439	49	9	12	16	-20.6646352098013
3440	49	9	16	23	-4.0370097241974
3441	49	9	23	33	-0.079474454609313
3442	49	9	33	38	-0.00294524744247684
3443	49	9	38	51	-41.7191949793497
3444	49	9	51	56	40.5775730335298
3445	49	9	56	59	2.54559874311773
3446	59	19	8	14	10.7044309254538
3447	59	19	14	16	12.3982327725964
3448	59	19	16	21	28.5945024113149
3449	59	19	21	26	-50.585186445737
3450	59	19	26	29	-0.0180828408192757
3451	59	19	29	44	-0.0575220822151872
3452	59	19	44	53	-6.2479238046803
3453	59	19	53	57	-28.9171230758775
3454	59	19	57	62	13.3555023276441
3455	109	69	4	11	0.450945077430298
3456	109	69	11	18	1.39053174575296
3457	109	69	18	29	-1.61757949192744
3458	109	69	29	39	-0.0612429690793171
3459	109	69	39	44	-0.015671004753353
3460	109	69	44	52	-1.27268503649879
3461	109	69	52	62	1.48517508380337
3462	109	69	62	65	13.1613975926186
3463	109	69	65	66	8.73911643482741
3464	104	64	4	8	0.776585094244515
3465	104	64	8	15	2.91442872237888
3466	104	64	15	26	-3.82115286867353
3467	104	64	26	34	-0.017923927635145
3468	104	64	34	44	-0.0222292065196071
3469	104	64	44	51	-1.35263346824454
3470	104	64	51	58	5.01012403535672
3471	104	64	58	61	15.5853651464215
3472	104	64	61	62	15.2894800266481
3473	104	64	62	70	-31.1501129751205
3474	32	80	27	30	-6.88639286429009
3475	32	80	30	33	-64.1510427282643
3476	32	80	33	34	49.964205841415
3477	32	80	34	39	20.4534135492289
3478	32	80	39	48	0.617681575791709
3479	32	80	68	75	0.154844792394098
3480	91	139	22	33	-0.565227498040845
3481	91	139	33	37	-1.52478974252452
3482	91	139	37	47	-0.223260525147999
3483	91	139	47	48	0.183189259108891
3484	91	139	48	51	2.1320942282817
3485	91	139	51	76	-0.00866248300491913
3486	91	139	76	81	-0.520156732412452
3487	91	139	81	88	-7.56564915436968
3488	91	139	88	90	-9.54057984836894
3489	128	131	33	44	0.436088480051042
3490	128	131	46	49	-0.31946310550161
3491	128	131	49	76	-0.0237186402281193
3492	128	131	76	83	2.55066329329742
3493	128	131	87	96	-1.40338636603286
3494	128	131	96	102	-0.781811984377992
3495	128	131	102	121	-0.0687925265893592
3496	53	101	4	7	0.0911524086448147
3497	53	101	7	14	2.30334973972595
3498	53	101	14	19	0.409589794527523
3499	53	101	19	36	0.201827042558376
3500	53	101	43	49	-11.5586278441015
3501	53	101	49	54	-68.5143890629827
3502	53	101	54	58	72.6887370569567
3503	53	101	58	60	4.35279399707592
3504	53	101	60	68	2.85825032837098
3505	55	103	4	9	-0.580355744586283
3506	55	103	9	13	1.88463774869868
3507	55	103	13	26	1.26517736661278
3508	55	103	48	54	-74.5347931846865
3509	55	103	54	56	-7.67201837543333
3510	55	103	56	59	71.3528225397823
3511	55	103	59	62	7.68501046481314
3512	55	103	62	68	2.82099984568462
3513	68	116	4	14	-2.20194910857757
3514	68	116	21	28	1.43709674040556
3515	68	116	46	50	-0.0654413459073926
3516	68	116	50	62	-6.55706323504766
3517	68	116	62	66	-39.3734146951418
3518	68	116	66	69	-66.828044932999
3519	68	116	69	70	83.9046177337917
3520	68	116	70	74	28.9337965755753
3521	71	119	23	38	0.0245869100295411
3522	71	119	52	65	-1.29378664034311
3523	71	119	65	69	-15.2182733654878
3524	71	119	69	72	-1.66439441691606
3525	71	119	72	74	18.1924991258414
3526	87	47	4	22	-0.0345950250516481
3527	87	47	22	27	-0.00223241432076334
3528	87	47	27	35	-1.81571283683481
3529	87	47	37	42	4.9291055884644
3530	87	47	42	45	3.8766837460877
3531	87	47	45	48	7.61372832621742
3532	87	47	48	49	-14.4466189614456
3533	87	47	49	73	-0.0344340177271793
3534	87	47	73	80	-2.143577514611
3535	102	62	4	12	2.72923416788791
3536	102	62	12	13	0.245899797733627
3537	102	62	13	22	-3.07395645204089
3538	102	62	22	32	-0.325569948146078
3539	102	62	32	46	-0.0187628142235179
3540	102	62	46	52	-0.988858872671293
3541	102	62	52	57	8.60573704122419
3542	102	62	57	59	13.9265785310404
3543	102	62	59	64	14.6217031693352
3544	102	62	64	67	-25.3831597837744
3545	117	77	4	22	0.0360219579962155
3546	117	77	22	26	0.0255415224304731
3547	117	77	35	40	-0.223507485606091
3548	117	77	40	53	-0.523167851339967
3549	117	77	53	63	-1.17846249909081
3550	117	77	63	70	0.96866078081339
3551	117	77	70	72	0.412504739265921
3552	117	77	72	75	0.250165462664034
3553	117	77	75	78	57.4319398459724
3554	100	60	4	7	1.17018111699889
3555	100	60	7	14	0.987303327167683
3556	100	60	14	22	-2.74500612241776
3557	100	60	22	34	-0.21437396920456
3558	100	60	34	44	-0.00811748233407745
3559	100	60	44	51	-0.860380422777537
3560	100	60	51	55	7.81100104874441
3561	100	60	55	59	57.2216193997361
3562	100	60	59	64	-49.2726041857734
3563	100	60	64	67	-9.67935687803268
3564	6	62	4	7	-52.0528773089982
3565	6	62	7	11	91.4648395995778
3566	6	62	11	16	8.85309983855353
3567	6	62	20	26	-0.962541152430561
3568	6	62	27	48	-0.0251937643520469
3569	6	62	48	52	-0.887546704701284
3570	6	62	52	56	4.87659825185767
3571	6	62	56	59	17.9625422358005
3572	12	68	4	10	-36.8510612498547
3573	12	68	10	15	21.3305334795152
3574	12	68	15	18	13.2512024635345
3575	12	68	18	22	5.06857578804307
3576	12	68	22	27	0.263887459138975
3577	12	68	27	35	-0.0509908492540811
3578	12	68	35	46	-0.0337931591611112
3579	12	68	46	55	-1.08055771509193
3580	12	68	55	59	0.837154686450055
3581	12	68	59	63	9.91218661437741
3582	19	75	4	15	-15.9704323695465
3583	19	75	15	20	-100.080373751801
3584	19	75	20	22	103.111487814966
3585	19	75	22	26	13.4494444863256
3586	19	75	36	41	-0.0186629196101227
3587	19	75	41	49	-0.122764790801223
3588	19	75	49	61	-1.65648807493852
3589	35	91	4	25	-0.0679805298567767
3590	35	91	25	30	-1.04507544807512
3591	35	91	30	32	-8.84770665207678
3592	35	91	38	40	19.6164143432031
3593	35	91	40	42	5.79137675978866
3594	35	91	42	48	0.428695764880131
3595	35	91	48	50	-1.78966832407241
3596	35	91	50	74	-0.0527153493953023
3597	35	91	74	78	-0.465127959017816
3598	40	96	4	23	-0.0240044881086058
3599	40	96	23	28	-0.0152838395649961
3600	40	96	28	36	-10.8415312922003
3601	40	96	36	38	-32.6373428590183
3602	40	96	38	43	37.7041038226258
3603	40	96	43	45	2.99015846262107
3604	40	96	45	48	2.3611968088673
3605	40	96	48	56	0.464759446348244
3606	40	96	56	74	-0.0197809449735448
3607	40	96	74	79	-0.330288325532186
3608	18	19	5	11	-1.37481908692401
3609	18	19	11	15	-5.92671824995505
3610	18	19	15	16	-6.04814121582872
3611	18	19	17	20	26.727519468292
3612	18	19	20	21	-45.6823593663383
3613	18	19	21	22	-22.3151294513095
3614	18	19	22	23	-5.34393917973596
3615	18	19	23	24	-1.55777133152851
3616	18	19	24	29	-0.26336422133448
3617	4	116	6	10	40.5784813210457
3618	4	116	10	20	6.51380170428769
3619	4	116	20	31	0.186751003178642
3620	4	116	31	42	-0.0725919368462088
3621	4	116	42	49	-2.53257098304204
3622	4	116	49	57	1.17664143798928
3623	4	116	57	58	0.542165435452814
3624	4	116	58	59	0.537830525138269
3625	4	116	59	60	0.389360740873933
3626	4	116	60	61	0.38182782246143
3627	26	27	5	20	-0.00623423667385041
3628	26	27	21	23	-0.0117916313713036
3629	26	27	23	24	-0.112499935065767
3630	26	27	24	25	-3.39114754200552
3631	26	27	25	28	8.37369647557763
3632	26	27	28	29	-4.80351856963218
3633	26	27	29	30	-0.0385378135414369
3634	63	64	5	15	0.3585199774491
3635	63	64	22	29	-0.0818418544508985
3636	63	64	29	41	-0.0086796353882928
3637	63	64	41	55	-1.04001050466723
3638	63	64	55	59	-3.9707212681798
3639	63	64	59	60	-2.86417679993591
3640	63	64	60	61	-5.02834250610639
3641	63	64	61	62	-15.9017740379221
3642	63	64	62	65	55.2516147948689
3643	39	40	5	23	-0.0831578495926687
3644	39	40	23	30	-0.0185616665000782
3645	39	40	30	35	-6.0013504151598
3646	39	40	35	36	-5.36312088492334
3647	39	40	36	37	-19.162163452158
3648	39	40	37	38	-90.3609027237354
3649	39	40	38	41	167.920206430473
3650	39	40	41	42	-42.4032045873438
3651	39	40	42	43	-2.36804456684555
3652	39	40	43	44	-0.610156024306334
3653	119	120	5	25	0.00396824481862419
3654	119	120	47	51	-0.00856216118440823
3655	119	120	51	65	-0.125882533726693
3656	119	120	65	74	0.137336021734345
3657	119	120	96	98	-0.00892926748631371
3658	119	120	98	113	-0.805406816540137
3659	61	109	4	12	-2.62872236495618
3660	61	109	12	19	1.79251436085908
3661	61	109	19	25	1.52377262759549
3662	61	109	37	49	-0.330630979648872
3663	61	109	49	55	-3.88804483286897
3664	61	109	55	60	-55.1340584072232
3665	61	109	60	62	0.851950616519582
3666	61	109	62	65	47.3065246672753
3667	61	109	65	72	11.1843189709044
3668	7	63	4	8	-62.9703798256361
3669	7	63	8	12	81.607211769705
3670	7	63	12	15	8.09860197544627
3671	7	63	15	19	0.765890601645536
3672	7	63	23	30	-0.0830022055005223
3673	7	63	30	43	-0.0284245973530045
3674	7	63	43	50	-1.02169438515503
3675	7	63	50	56	2.82375053557924
3676	7	63	56	60	19.4605623135086
3677	49	105	4	8	1.50455846170089
3678	49	105	8	14	0.83424103515514
3679	49	105	14	19	0.0401143322670409
3680	49	105	25	46	-0.00765696344362037
3681	49	105	46	52	-20.9941805881149
3682	49	105	52	54	15.3004970022036
3683	49	105	54	58	7.74613802124435
3684	49	105	64	67	-0.734080112392811
3685	129	89	22	33	0.605399632886215
3686	129	89	33	35	1.57510053228157
3687	129	89	35	40	2.03591083036364
3688	129	89	40	47	-1.1491386214602
3689	129	89	47	60	-2.99630362897888
3690	129	89	60	73	-0.0748921570129829
3691	129	89	73	80	0.207816163814186
3692	129	89	80	84	4.31153998022595
3693	129	89	84	85	3.70123076791903
3694	30	142	4	20	-0.0910686880472335
3695	30	142	20	28	-0.511979790222666
3696	30	142	28	40	1.47471792440213
3697	30	142	40	46	0.35475151765776
3698	30	142	46	55	-1.22613189488649
3699	30	142	55	70	-0.106455788395495
3700	30	142	70	77	-0.376379403827614
3701	30	142	77	83	1.13066485682778
3702	30	142	83	84	0.281554546463629
3703	30	142	84	85	0.434734902304955
3704	9	65	4	11	-29.7825382161973
3705	9	65	11	12	16.5940323065927
3706	9	65	12	16	22.286639875449
3707	9	65	16	18	1.30255633301357
3708	9	65	23	35	-0.105201599694559
3709	9	65	35	45	-0.0232936661789002
3710	9	65	45	53	-1.13179973349362
3711	9	65	53	56	0.51888227950814
3712	9	65	56	60	7.92336994138517
3713	38	39	5	22	-0.0170411097158306
3714	38	39	22	33	-2.2692398677345
3715	38	39	33	34	-3.79022756689627
3716	38	39	34	35	-6.78058941321667
3717	38	39	35	36	-14.8474152464474
3718	38	39	36	37	-72.0728218367724
3719	38	39	37	40	183.824810682523
3720	38	39	40	41	-69.3382207806541
3721	38	39	41	42	-12.4643512173427
3722	38	39	42	43	-0.902622867957377
3723	54	110	4	12	1.38957886169052
3724	54	110	12	17	0.842300021620619
3725	54	110	17	24	0.771240826713495
3726	54	110	32	46	-0.02301493769347
3727	54	110	46	53	-81.6914054634939
3728	54	110	53	58	71.5948450979704
3729	54	110	58	59	5.41171835347151
3730	54	110	59	63	6.06491029149145
3731	54	110	63	67	0.0562487555409951
3732	102	22	4	12	0.827673157443037
3733	102	22	12	18	5.64673946266569
3734	102	22	18	34	-6.11409031028394
3735	102	22	34	44	-0.0615704587255762
3736	102	22	44	53	-3.22616518311784
3737	102	22	53	58	0.629224710597864
3738	102	22	58	60	0.647362312921357
3739	102	22	60	61	0.290438851494293
3740	102	22	61	62	0.391917428461981
3741	102	22	62	63	0.41408657304893
3742	7	119	4	14	22.1639471366211
3743	7	119	14	20	3.66840803408405
3744	7	119	20	34	0.699717885246638
3745	7	119	34	46	-0.0677444431599592
3746	7	119	46	49	-1.50235414814657
3747	7	119	58	61	1.03543299089807
3748	7	119	61	62	0.265749869162406
3749	7	119	62	63	0.300546343436004
3750	7	119	63	64	0.240257517633913
3751	71	74	5	19	-0.445779362630109
3752	71	74	19	26	0.470497854094065
3753	71	74	47	56	-0.0668634186101343
3754	71	74	56	66	-1.97730277383002
3755	71	74	66	69	-14.7828897095103
3756	71	74	69	70	-37.6554536036624
3757	71	74	70	72	35.311315461462
3758	71	74	72	73	18.2348910273462
3759	106	66	4	9	0.994020062633224
3760	106	66	9	15	2.38244411177336
3761	106	66	15	26	-3.32656849673625
3762	106	66	26	35	-0.0357849624727246
3763	106	66	35	44	-0.0258955264416726
3764	106	66	44	52	-1.4998146314999
3765	106	66	52	61	8.09637922970073
3766	106	66	61	62	6.30879639688595
3767	106	66	62	65	65.7892695960407
3768	106	66	65	72	-78.1644011414782
3769	8	120	4	11	-9.99731399282098
3770	8	120	11	20	24.6135114591811
3771	8	120	20	32	1.03288912967616
3772	8	120	39	57	-3.26491334770651
3773	8	120	57	59	0.509767603255072
3774	8	120	59	62	0.864409979403076
3775	8	120	62	63	0.320142725549554
3776	8	120	63	64	0.261884990829834
3777	8	120	64	65	0.313026539941336
3778	59	62	9	19	1.83839267263873
3779	59	62	19	29	-1.02639323127969
3780	59	62	29	44	-0.0128564708569068
3781	59	62	44	51	-1.64249664056562
3782	59	62	51	57	-23.6297266569492
3783	59	62	57	58	-29.5699035797571
3784	59	62	58	60	26.6107807297147
3785	59	62	60	61	54.7252301378449
3786	59	62	61	63	23.8377440346096
3787	15	18	5	9	-2.67549359771353
3788	15	18	9	13	-20.3168340127361
3789	15	18	13	14	-18.4142586747738
3790	15	18	14	16	29.5369999863018
3791	15	18	16	17	64.3742342114402
3792	15	18	17	19	9.17332465244903
3793	15	18	19	20	-30.3280455897784
3794	15	18	20	21	-15.3635990946232
3795	15	18	21	22	-11.0509085806794
3796	15	18	22	25	-4.17609717796423
3797	99	100	5	7	0.00915216737543357
3798	99	100	7	16	0.00701134410002945
3799	99	100	16	28	-0.0130295043297338
3800	99	100	48	49	-0.444070935152325
3801	99	100	49	58	0.722986011048444
3802	99	100	58	64	-0.163302804399366
3803	99	100	64	69	-0.0874712600479915
3804	99	100	69	75	-0.0282775365098072
3805	88	144	4	24	-0.273335226296681
3806	88	144	24	34	-1.75101554596149
3807	88	144	34	39	-1.87700331902324
3808	88	144	39	40	0.173897487597396
3809	88	144	40	45	1.33373131312745
3810	88	144	45	54	2.39390977292202
3811	88	144	54	74	-0.0208750026436988
3812	88	144	74	78	-0.624454765244608
3813	88	144	78	83	-6.70312061082717
3814	88	144	83	89	-71.8023053645275
3815	105	25	4	17	4.90456352654337
3816	105	25	35	47	-0.0603368501575866
3817	105	25	47	51	-1.91136417663912
3818	105	25	61	63	1.06705198160251
3819	105	25	63	64	0.537116634503358
3820	105	25	64	65	0.406573284139806
3821	105	25	65	66	0.317446864319216
3822	99	102	5	8	0.0464064791379641
3823	99	102	19	37	-0.0420340647027682
3824	99	102	43	57	1.2503298997576
3825	99	102	58	65	-0.80722400939743
3826	99	102	65	76	-0.435382455930891
3827	99	102	93	97	-29.6556413718668
3828	67	70	5	14	-2.29653531887855
3829	67	70	14	23	2.51146133406109
3830	67	70	31	48	-0.0335640855491325
3831	67	70	48	49	-0.181444339384622
3832	67	70	49	62	-9.51760359171318
3833	67	70	62	65	-29.2054421204391
3834	67	70	65	66	-30.4183277585955
3835	67	70	68	69	111.834921483485
3836	97	48	4	15	0.255534975280358
3837	97	48	15	20	0.0624580389754689
3838	97	48	20	28	0.0405141755134493
3839	97	48	28	35	1.61504751718789
3840	97	48	35	45	6.75939861485189
3841	97	48	45	46	2.69253279618113
3842	97	48	46	63	-11.4862598777225
3843	97	48	63	65	0.164046714682571
3844	97	48	65	71	0.242810325280606
3845	97	48	71	73	0.00884661591573944
3846	10	13	5	7	-13.1045378469812
3847	10	13	7	8	-16.6403585064923
3848	10	13	8	9	-34.7860215829178
3849	10	13	9	11	35.2963256417588
3850	10	13	11	12	65.9361120013308
3851	10	13	12	14	27.5685619014201
3852	10	13	14	15	-29.2711826645473
3853	10	13	15	16	-11.9429748460406
3854	10	13	16	20	-11.6018222994608
3855	10	13	20	26	-4.08213357196084
3856	16	19	5	12	-6.94987275088585
3857	16	19	12	14	-11.7830740960238
3858	16	19	14	15	-14.5870236192331
3859	16	19	15	17	83.435325267371
3860	16	19	18	20	61.5728696587261
3861	16	19	20	21	-59.107472265157
3862	16	19	21	22	-31.5416358032492
3863	16	19	22	23	-7.83562715201193
3864	16	19	23	26	-2.73482629999339
3865	123	126	25	47	0.101321737807247
3866	123	126	47	49	-0.0680967674356055
3867	123	126	49	71	-0.0375590119541437
3868	123	126	71	73	0.00466045457803212
3869	123	126	73	80	0.496695047884212
3870	123	126	80	90	-0.309410452031293
3871	123	126	90	95	-0.0543677662696385
3872	123	126	95	101	-0.100647373340621
3873	123	126	101	118	-0.0346220421025024
3874	134	137	5	26	-0.0498768924733633
3875	134	137	26	36	0.0790555358264232
3876	134	137	36	44	0.449770011720497
3877	134	137	44	55	-0.479038063516344
3878	134	137	55	74	-0.0287974932153073
3879	134	137	74	83	-1.7633823901241
3880	134	137	83	87	1.71567776334502
3881	134	137	87	94	2.12929956386447
3882	134	137	94	107	-2.05463947988162
3883	134	137	107	120	-0.0296160967690861
3884	99	144	5	15	0.228050023989248
3885	99	144	15	23	0.119350180224529
3886	99	144	23	30	0.0730472674852922
3887	99	144	30	42	1.32974878332253
3888	99	144	47	49	-4.5980180007419
3889	99	144	49	65	3.00083983335276
3890	99	144	65	72	0.363711600313496
3891	99	144	72	77	0.10167675715305
3892	99	144	77	82	0.689279223950374
3893	137	140	5	32	-0.0517365252947032
3894	137	140	32	41	0.15753547533885
3895	137	140	41	48	0.0448658436840183
3896	137	140	48	50	-0.150559263206647
3897	137	140	50	75	-0.0113254903921807
3898	137	140	75	83	-0.554368921203734
3899	137	140	83	88	0.45803009550087
3900	137	140	88	92	0.742999085296626
3901	137	140	92	104	-0.636108892195919
3902	137	140	104	117	-0.00584915531049479
3903	20	68	5	15	-7.9105243846851
3904	20	68	17	21	-52.474000081799
3905	20	68	21	22	127.123048753959
3906	20	68	22	26	34.7018860587897
3907	20	68	48	52	0.231937505253763
3908	20	68	52	63	10.8381831904608
3909	115	118	19	48	0.122736506147301
3910	115	118	48	51	-0.237345915541153
3911	115	118	51	60	-1.28825613628505
3912	115	118	67	73	2.28210675117394
3913	115	118	73	80	-0.021179287728065
3914	115	118	80	94	-0.0348889378156171
3915	115	118	94	103	-1.1622439087712
3916	115	118	103	110	-7.53035660340133
3917	11	59	5	8	-17.9722741724069
3918	11	59	8	12	-57.0747197866064
3919	11	59	12	13	45.3370703738468
3920	11	59	13	17	20.0788209749606
3921	11	59	17	19	11.5025774224516
3922	11	59	19	27	2.98069072066083
3923	11	59	27	46	0.131258009532799
3924	11	59	46	51	1.97810544918849
3925	11	59	51	56	16.2709745797763
3926	11	59	56	60	43.8583050415377
3927	51	11	5	6	4.15570342275319
3928	51	11	6	9	32.3450447670333
3929	51	11	9	15	-26.5838209622228
3930	51	11	17	25	-20.9620875347862
3931	51	11	25	27	-1.33233124651572
3932	51	11	47	50	-87.328993573711
3933	51	11	50	56	80.7173080169738
3934	51	11	56	57	3.40132418901008
3935	99	59	5	10	1.72407166733694
3936	99	59	10	17	-0.788416271844459
3937	99	59	17	22	-2.12420255374352
3938	99	59	22	28	-0.166448687405988
3939	99	59	28	48	-0.00926642805737633
3940	99	59	48	54	6.51673085191006
3941	99	59	54	55	5.07966066890721
3942	99	59	55	58	57.7397935351642
3943	99	59	58	64	-59.0440326532033
3944	99	59	64	66	-4.96125119408119
3945	116	76	5	21	0.0379042130682506
3946	116	76	21	24	0.080043424933798
3947	116	76	34	44	-0.0400240104983134
3948	116	76	44	54	-0.410162691565231
3949	116	76	54	61	-1.04062876910457
3950	116	76	61	70	0.930707678574226
3951	116	76	70	71	0.377331988991617
3952	116	76	71	73	0.184061885226639
3953	116	76	73	77	5.03717828492733
3954	111	71	29	40	-0.485964481699142
3955	111	71	40	44	-0.0114384300983108
3956	111	71	44	57	-2.88581225772145
3957	111	71	62	66	2.83382131328211
3958	111	71	66	70	54.8414111414244
3959	10	66	5	9	-75.3040268623764
3960	10	66	9	13	66.4958441362105
3961	10	66	25	33	-0.0254283705429863
3962	10	66	33	43	-0.0393324816723621
3963	10	66	43	50	-0.627134865168464
3964	10	66	50	58	1.40697023525467
3965	10	66	58	61	7.18140260006931
3966	13	69	5	12	-66.2086401326326
3967	13	69	14	18	58.0469301523226
3968	13	69	18	20	6.22337568007375
3969	13	69	20	24	4.59972901810969
3970	13	69	30	45	-0.0717351743935684
3971	13	69	45	52	-0.552163987374374
3972	13	69	52	58	-0.768861206206268
3973	13	69	58	62	2.41667849466449
3974	14	70	5	11	-19.4710120868
3975	14	70	11	17	3.09190232455912
3976	14	70	17	19	6.84674581522943
3977	14	70	19	22	10.2318672876741
3978	14	70	22	28	1.43379790819429
3979	14	70	28	31	-0.039324619491011
3980	14	70	31	42	-0.0689023106792852
3981	14	70	42	56	-1.3092290163992
3982	14	70	60	62	0.157361733202488
3983	83	139	5	21	-0.0632491530365462
3984	83	139	21	29	-0.369287591284531
3985	83	139	29	34	-2.18666328058745
3986	83	139	34	44	2.5261740563277
3987	83	139	44	47	0.274076767641527
3988	83	139	51	72	-0.0630205558758008
3989	83	139	72	79	-4.02375360247604
3990	83	139	79	81	-26.214784879948
3991	83	139	81	86	7.27625456443894
3992	128	88	29	39	4.9752934296276
3993	128	88	40	48	-1.98910208995966
3994	128	88	48	50	-2.56888888380988
3995	128	88	50	73	-0.0873821058042732
3996	128	88	73	76	0.0115697108684073
3997	128	88	76	82	4.20519642017235
3998	128	88	82	85	14.9594840510597
3999	81	137	5	25	-0.116065206460737
4000	81	137	25	29	-0.406258131819111
4001	81	137	38	43	1.35482625514286
4002	81	137	43	47	0.0475109005668493
4003	81	137	47	50	-0.651642231119693
4004	81	137	50	75	-0.224320928186334
4005	81	137	75	76	-0.161881865578707
4006	81	137	76	82	-108.282238357695
4007	81	137	82	86	103.899955504376
4008	55	15	5	10	7.96774372006296
4009	55	15	10	11	5.31506687389182
4010	55	15	11	16	37.972812643653
4011	55	15	16	21	-43.0700228650801
4012	55	15	21	26	-6.37252727790127
4013	55	15	26	34	-0.908208505816223
4014	55	15	38	54	-76.8536840479571
4015	55	15	54	57	38.1403578159449
4016	55	15	57	61	34.7504512187484
4017	16	72	5	10	-4.89752143381793
4018	16	72	10	19	-17.9512420760901
4019	16	72	19	20	8.81762059018521
4020	16	72	20	23	14.4136500234955
4021	16	72	23	25	0.815271285960476
4022	16	72	32	41	-0.0552519859521549
4023	16	72	41	51	-0.308494271056546
4024	16	72	51	60	-2.0266056491658
4025	81	41	5	21	-0.081755203747562
4026	81	41	21	29	-0.311631643464679
4027	81	41	29	33	1.1004483371972
4028	81	41	33	35	2.87638956098468
4029	81	41	35	38	11.0365877259086
4030	81	41	44	46	-3.07240154921219
4031	81	41	46	59	-6.14480361952705
4032	81	41	59	70	-0.0730414307238618
4033	81	41	70	79	-16.5681915932981
4034	53	109	5	9	1.31148140507417
4035	53	109	9	13	1.29961012163642
4036	53	109	13	21	0.555378089519611
4037	53	109	21	33	0.00971306654011203
4038	53	109	33	48	-0.0160584380716725
4039	53	109	48	51	-39.2768940829867
4040	53	109	51	56	17.9791274014833
4041	53	109	56	58	16.0861444187507
4042	53	109	58	61	6.45723713792919
4043	53	109	61	66	0.397538766494028
4044	56	112	9	18	2.51320987808324
4045	56	112	18	22	0.442419744122355
4046	56	112	22	28	0.0504323199197517
4047	56	112	45	50	-5.8875165553086
4048	56	112	50	59	-11.9999996558819
4049	56	112	59	61	11.6903035638088
4050	56	112	61	66	7.35051122192596
4051	86	142	5	21	-1.2684749461517
4052	86	142	32	38	-3.38594802974403
4053	86	142	38	40	0.778570771012067
4054	86	142	40	48	2.70416805375276
4055	86	142	48	49	0.72885308800455
4056	86	142	49	71	-0.0382888246486659
4057	86	142	71	77	-0.780653505587242
4058	86	142	77	82	-12.6628844995392
4059	86	142	82	87	-174.889586319293
4060	93	94	6	31	-0.0274619153782306
4061	93	94	31	38	-0.354928353454859
4062	93	94	38	40	-0.0437578623091544
4063	93	94	40	43	0.0325990022702859
4064	93	94	43	48	0.38281003023396
4065	93	94	51	77	-0.0278141204277051
4066	93	94	77	85	-0.567287022482957
4067	93	94	85	88	-0.969384741343159
4068	93	94	88	90	-1.10683840468509
4069	68	124	5	19	-2.84894884366347
4070	68	124	19	27	3.17086644154871
4071	68	124	47	49	-0.166119185451906
4072	68	124	49	61	-5.3871463569488
4073	68	124	61	69	-107.693705265277
4074	68	124	69	72	111.736273049554
4075	68	124	72	74	1.59448418086243
4076	6	7	22	45	-0.0424459760061638
4077	6	7	45	51	-0.40848353247876
4078	6	7	51	55	0.367822618727215
4079	6	7	55	61	0.334154702807525
4080	6	7	61	67	-0.176700393090763
4081	6	7	67	81	-0.117047684257376
4082	6	7	90	100	-0.0203003151065865
4083	6	7	100	116	0.0308938771983733
4084	6	7	116	141	-0.0108379988736621
4085	6	118	5	15	94.0259023511993
4086	6	118	15	18	1.12675203205194
4087	6	118	18	34	1.02804393396362
4088	6	118	34	47	-0.0661860820866106
4089	6	118	47	53	-3.20776535940182
4090	6	118	53	58	0.910478434273909
4091	6	118	58	60	0.780447981289557
4092	6	118	60	61	0.336321854589779
4093	6	118	61	62	0.275597967038409
4094	6	118	62	63	0.314774902617158
4095	9	121	5	12	-9.65292776177346
4096	9	121	12	20	24.0222495869577
4097	9	121	20	35	1.36805857487076
4098	9	121	35	46	-0.0563142661240782
4099	9	121	46	53	-2.26525718020426
4100	9	121	59	63	1.13303244591179
4101	9	121	63	64	0.291319046089632
4102	9	121	64	65	0.373703545011094
4103	9	121	65	66	0.166875864303326
4104	127	47	5	24	-0.129763587946101
4105	127	47	31	37	3.01479721276261
4106	127	47	37	48	14.3278163759111
4107	127	47	48	50	-16.7300959212624
4108	127	47	50	72	-0.121580975887712
4109	127	47	72	79	-0.313666522535989
4110	127	47	79	83	0.8485421392391
4111	127	47	83	85	0.710036139956252
4112	127	47	85	86	0.478119151517126
4113	7	8	46	54	-0.287919771599138
4114	7	8	54	59	0.646681437980886
4115	7	8	59	61	0.0177734002041297
4116	7	8	61	70	-0.346687335623335
4117	7	8	70	83	-0.0286785276581611
4118	7	8	96	102	-0.0101578161121982
4119	7	8	102	117	0.0212830507245535
4120	7	8	117	144	-0.0112404588676228
4121	6	54	56	59	-30.5998179641996
4122	6	54	59	62	-4.63877195848517
4123	6	54	62	68	-2.20831746910226
4124	6	54	68	76	-0.330145941542235
4125	6	54	95	97	1.89892555046476
4126	6	54	97	106	0.88176141809924
4127	6	54	106	115	-2.31451456201612
4128	6	54	115	119	-0.451340282240831
4129	6	54	119	144	-0.0133142728884383
4130	7	10	28	39	-0.00566974716756121
4131	7	10	39	49	-0.708733585594458
4132	7	10	49	59	1.53987936417309
4133	7	10	65	68	-0.322674465659311
4134	7	10	68	74	-0.46989858774405
4135	7	10	74	95	-0.00579215804875604
4136	7	10	104	111	0.073860299023688
4137	7	10	111	144	-0.0727635124370796
4138	7	55	56	58	-62.2698971816196
4139	7	55	58	62	-16.3488228115203
4140	7	55	62	69	-3.4999964215503
4141	7	55	69	79	-0.27306100066517
4142	7	55	85	101	2.71418056448068
4143	7	55	107	114	-2.19021057195209
4144	7	55	114	120	-0.826612980551395
4145	7	63	60	62	43.2049507980288
4146	7	63	62	70	-62.1586595760587
4147	7	63	70	75	-2.31859826479521
4148	7	63	75	83	-0.0165351989567177
4149	7	63	83	96	-0.0168840210966544
4150	7	63	96	105	2.18626492705699
4151	7	63	105	107	0.909517969983453
4152	7	63	118	126	-0.388540453951917
4153	7	63	126	137	-0.0238567877303605
4154	6	62	59	64	14.3881311165206
4155	6	62	64	67	-25.5214421108998
4156	6	62	67	73	-10.8549897996393
4157	6	62	73	81	-0.0174670532785035
4158	6	62	81	96	-0.0115222244621037
4159	6	62	97	107	3.49325508223351
4160	6	62	114	121	-2.65003483059695
4161	6	62	121	127	-0.00243490393231472
4162	7	119	64	65	0.275828753405294
4163	7	119	65	66	0.120810614413471
4164	7	119	66	68	0.295652252529232
4165	7	119	68	78	0.30522242612773
4166	7	119	78	92	-0.112623147582677
4167	7	119	92	95	-0.00473759320517907
4168	7	119	95	104	-0.322295613734389
4169	7	119	104	116	5.9537707893306
4170	7	119	116	128	-5.52518068932413
4171	7	119	128	144	-0.104667501817475
4172	12	124	5	16	-8.76764487646084
4173	12	124	16	27	13.5077060720792
4174	12	124	34	47	-0.0602705545521748
4175	12	124	47	54	-1.60477101986509
4176	12	124	54	61	-1.82304211518436
4177	12	124	61	66	1.14970672855554
4178	12	124	66	67	0.430456071447323
4179	12	124	67	68	0.40826089793586
4180	12	124	68	69	0.597522718934712
4181	8	9	45	52	-0.335683458770896
4182	8	9	52	56	0.235666034644563
4183	8	9	56	64	0.436034641018101
4184	8	9	64	68	-0.175309691027913
4185	8	9	68	79	-0.160508679926449
4186	8	9	95	100	-0.0181703099651352
4187	8	9	100	113	0.0432902699354276
4188	8	9	113	144	-0.0251595068886589
4189	8	11	23	46	-0.113475570685417
4190	8	11	48	49	-0.572142093121117
4191	8	11	49	60	1.51618702439343
4192	8	11	72	79	-0.0139928989824498
4193	8	11	94	101	-0.0558573585287422
4194	8	11	101	118	0.0712887892305752
4195	8	11	118	142	-0.0158371582538188
4196	6	9	47	49	-0.875947534091471
4197	6	9	49	58	1.67600609886695
4198	6	9	58	63	0.124986631540465
4199	6	9	63	68	-0.541491044366854
4200	6	9	68	79	-0.380659263088719
4201	6	9	93	100	-0.059249630028476
4202	6	9	100	116	0.0980946514004399
4203	6	9	116	121	-0.0351524563582721
4204	6	118	63	64	0.247001894241901
4205	6	118	64	65	0.285352276487171
4206	6	118	65	69	0.344939280849419
4207	6	118	69	78	-0.17115823062335
4208	6	118	78	91	-0.111393854014713
4209	6	118	91	96	-0.00676594221525097
4210	6	118	96	110	0.801936888397047
4211	6	118	110	117	57.1512870403753
4212	6	118	117	127	-57.8791334959633
4213	6	118	127	133	-0.0692155541686559
4214	19	20	7	13	-2.72623046809931
4215	19	20	13	15	-2.64617818366558
4216	19	20	15	16	-3.0815293335267
4217	19	20	18	21	148.006391589554
4218	19	20	21	22	-90.1690286424669
4219	19	20	22	23	-16.6898145930967
4220	19	20	23	24	-4.41587742806901
4221	19	20	24	28	-0.687540410750218
4222	70	71	21	25	0.526490151402099
4223	70	71	25	31	-0.00458405292527393
4224	70	71	48	52	-0.0564751078017164
4225	70	71	52	64	-2.43797355312597
4226	70	71	64	67	-7.7784037612185
4227	70	71	67	68	-11.8982937319533
4228	70	71	68	69	-39.4604045023411
4229	70	71	69	72	70.6551066550811
4230	135	136	7	27	-0.0159118977395512
4231	135	136	27	42	0.161183577860424
4232	135	136	47	51	-0.13318360059597
4233	135	136	51	75	-0.0143394897542129
4234	135	136	75	84	-0.590734668012307
4235	135	136	84	88	0.782197329969058
4236	135	136	88	94	0.474202967682255
4237	135	136	94	99	-0.652122573913129
4238	33	36	7	23	-0.0424745141046269
4239	33	36	27	31	-10.6361002890749
4240	33	36	31	32	-52.5888761835372
4241	33	36	32	34	20.3364021817225
4242	33	36	34	35	153.446605542794
4243	33	36	35	37	5.42189421644098
4244	33	36	37	38	-69.3232233841108
4245	33	36	38	39	-25.3791409905191
4246	33	36	39	41	-14.1262339191942
4247	37	85	7	24	-0.066479834803535
4248	37	85	29	34	-23.8668592092479
4249	37	85	34	38	-121.130450166945
4250	37	85	38	39	98.9199327381871
4251	37	85	39	40	30.00820069273
4252	37	85	40	44	14.3663617801472
4253	37	85	44	50	1.80984812173992
4254	37	85	69	79	1.63364157584103
4255	58	59	6	10	0.323355419512915
4256	58	59	10	15	0.463365632001808
4257	58	59	15	25	-0.36664228750832
4258	58	59	48	50	-0.844313356917196
4259	58	59	50	55	-8.05393026594466
4260	58	59	55	56	-7.50644215542977
4261	58	59	56	57	-22.3940446936301
4262	58	59	57	60	68.1170518278161
4263	58	59	60	61	-15.839460692299
4264	116	117	6	23	0.0331850889405194
4265	116	117	45	49	-0.0362153557103244
4266	116	117	49	66	-0.525285603887875
4267	116	117	66	69	0.25445604357104
4268	116	117	69	77	0.31818534253114
4269	116	117	77	86	-0.00832293982948548
4270	116	117	86	96	-0.00324196450796174
4271	116	117	96	105	-0.492137592969897
4272	116	117	105	110	-1.58683291003408
4273	13	16	6	8	-3.74817981775609
4274	13	16	8	11	-21.8204959517025
4275	13	16	11	12	-28.2288870708382
4276	13	16	12	14	17.9354235901487
4277	13	16	14	15	52.4887793043135
4278	13	16	17	18	-55.4613628587843
4279	13	16	18	19	-9.88900784851567
4280	13	16	19	21	-9.53331962891255
4281	13	16	21	28	-5.43722914956799
4282	114	117	6	19	0.00656138102691443
4283	114	117	19	43	0.0828181893450159
4284	114	117	47	54	-0.519052053965676
4285	114	117	68	75	1.00616001267934
4286	114	117	75	80	-0.0179133117573279
4287	114	117	80	93	-0.0296793277677078
4288	114	117	93	98	-0.271118803526468
4289	114	117	98	109	-7.414999620549
4290	132	133	6	29	-0.0365191112350223
4291	132	133	29	36	0.0684427912639164
4292	132	133	36	47	0.0408372756521136
4293	132	133	47	50	-0.0772785543604053
4294	132	133	50	80	-0.041806090930118
4295	132	133	80	83	0.0874836698509873
4296	132	133	83	87	0.33164968277721
4297	132	133	94	99	-0.318961332371797
4298	132	133	99	121	-0.0109584269180985
4299	32	35	6	21	-0.046971052544865
4300	32	35	21	27	-0.021543595679713
4301	32	35	27	30	-6.4039166551856
4302	32	35	30	31	-61.2364776222206
4303	32	35	31	33	34.3584618542032
4304	32	35	33	34	145.416706648046
4305	32	35	34	36	29.6207814076564
4306	32	35	36	37	-88.1724896928227
4307	32	35	37	38	-28.10470354754
4308	32	35	38	40	-17.7604257849826
4309	56	59	6	9	0.825753652165759
4310	56	59	9	15	1.43516379330175
4311	56	59	15	28	-1.05527993842806
4312	56	59	28	48	-0.00956671365015891
4313	56	59	48	51	-6.20583360673421
4314	56	59	51	54	-25.5578528294734
4315	56	59	54	55	-40.0671831526282
4316	56	59	55	57	31.965493644942
4317	56	59	57	58	73.1882993757323
4318	56	59	58	60	18.6834996918118
4319	113	116	6	23	0.155308098408112
4320	113	116	38	48	-0.0116063295082413
4321	113	116	48	58	-1.46007518941249
4322	113	116	58	67	0.723417096526127
4323	113	116	67	75	0.79002576724073
4324	113	116	75	83	-0.0296447886400517
4325	113	116	83	94	-0.0238742059445958
4326	113	116	94	100	-0.640290228231345
4327	113	116	100	108	-7.77833765357735
4328	40	88	6	25	-0.00718215664629156
4329	40	88	25	31	-0.233451781068689
4330	40	88	31	33	-1.38030717086352
4331	40	88	33	38	-39.3994118004741
4332	40	88	38	41	-32.5177595361159
4333	40	88	41	42	64.1197428638081
4334	40	88	42	48	8.12505302443513
4335	40	88	48	57	1.3170637572198
4336	40	88	72	77	0.188127840451708
4337	103	63	6	11	1.84031375530615
4338	103	63	11	16	1.01120808893772
4339	103	63	16	23	-3.36005004091193
4340	103	63	23	30	-0.122030032498573
4341	103	63	30	48	-0.0293084961070245
4342	103	63	48	50	-1.29529446554935
4343	103	63	50	57	5.16762259095757
4344	103	63	57	60	16.7186652194028
4345	103	63	60	65	16.001555484564
4346	103	63	65	68	-24.1800726601205
4347	37	40	6	23	-0.0260612717853938
4348	37	40	23	31	-0.780377078881553
4349	37	40	31	34	-21.0091719251872
4350	37	40	34	35	-26.5700804504261
4351	37	40	35	36	-64.6181036400871
4352	37	40	36	38	8.34230260283658
4353	37	40	38	39	183.541738334518
4354	37	40	41	42	-59.517506449811
4355	37	40	42	43	-3.65698326916045
4356	52	55	6	10	0.659274555212728
4357	52	55	13	26	-0.751582402929556
4358	52	55	44	49	-17.322755132197
4359	52	55	49	51	-50.8292937902577
4360	52	55	51	53	17.0780976713194
4361	52	55	53	54	86.347092203151
4362	52	55	54	56	35.1071746305795
4363	52	55	56	57	-39.8070113694982
4364	55	58	6	12	1.89898642116336
4365	55	58	12	13	0.121744518344747
4366	55	58	13	27	-1.08216301990615
4367	55	58	27	45	-0.00355863000603098
4368	55	58	45	49	-3.83517722964967
4369	55	58	49	53	-27.4858303696838
4370	55	58	53	54	-32.3964388607708
4371	55	58	54	56	15.5000700341565
4372	55	58	56	57	82.5955735613212
4373	55	58	57	59	22.470445770169
4374	19	67	6	13	-6.24513985061499
4375	19	67	13	16	-14.0423551211932
4376	19	67	16	20	-93.6388755352059
4377	19	67	20	21	64.6157029878785
4378	19	67	21	24	49.1867719228864
4379	19	67	24	28	0.564374417068098
4380	19	67	48	54	0.507064099967925
4381	19	67	54	65	40.4610799821812
4382	23	71	6	16	-0.721157639700094
4383	23	71	16	21	-15.6028647959625
4384	23	71	21	22	-49.8547215198221
4385	23	71	24	25	16.0264475816134
4386	23	71	25	32	0.696883393622952
4387	23	71	48	57	0.0617199654528674
4388	23	71	57	66	1.8358165570431
4389	65	25	16	20	1.67272290402631
4390	65	25	20	22	1.96247373494295
4391	65	25	22	27	0.330512927468041
4392	65	25	27	35	-0.140988554044239
4393	65	25	35	47	-0.0373449599556292
4394	65	25	47	51	-0.603652626247944
4395	65	25	51	63	-37.0098521788782
4396	65	25	63	64	-26.3885416949265
4397	88	48	6	22	-0.0222999841626831
4398	88	48	22	29	-0.127543804111987
4399	88	48	29	32	-0.238802155924883
4400	88	48	40	42	2.51495761988463
4401	88	48	42	45	3.00671635196857
4402	88	48	45	49	-4.64613926331477
4403	88	48	49	59	-0.00349596659997343
4404	88	48	59	73	-0.0199618216441577
4405	88	48	73	77	-0.389186701953652
4406	105	65	6	13	2.49501002239324
4407	105	65	13	16	0.802343711610341
4408	105	65	16	24	-3.49237870542971
4409	105	65	24	32	-0.0349602383844259
4410	105	65	32	47	-0.0403406089082516
4411	105	65	47	52	-1.56134384307249
4412	105	65	52	57	0.96329717273424
4413	105	65	57	61	11.2192348264923
4414	105	65	61	62	8.54915777250072
4415	105	65	62	70	-14.0647517027217
4416	50	106	6	9	1.06297934828585
4417	50	106	9	12	0.576679639386434
4418	50	106	12	22	0.242152625458565
4419	50	106	31	43	-0.00941678281295308
4420	50	106	43	53	-20.7161127530919
4421	50	106	53	55	15.3380089602961
4422	50	106	55	56	3.06942842111001
4423	50	106	56	60	5.09644859784384
4424	57	60	6	12	1.89941836701328
4425	57	60	19	21	-0.406172169631374
4426	57	60	21	47	-0.350372189250758
4427	57	60	47	52	-6.41340875896497
4428	57	60	52	55	-24.3736947659843
4429	57	60	55	56	-31.2062915910466
4430	57	60	56	58	23.6757025872052
4431	57	60	58	59	68.0687597901969
4432	57	60	59	61	19.7261928921017
4433	49	96	6	11	1.2200246965462
4434	49	96	11	18	0.487910193094441
4435	49	96	18	26	0.147343888257925
4436	49	96	26	35	1.33770105918591
4437	49	96	35	38	0.923150786234945
4438	49	96	38	46	1.45478076504042
4439	49	96	46	52	-27.1301124342249
4440	49	96	52	67	23.2473345051879
4441	49	96	67	70	0.178477351981877
4442	49	96	70	73	0.0374063513170311
4443	12	60	6	9	-17.2084274351205
4444	12	60	9	11	-57.2597755714544
4445	12	60	13	16	55.6986280006437
4446	12	60	16	20	8.10558881385571
4447	12	60	20	25	2.93554550647952
4448	12	60	25	47	0.0449949840624005
4449	12	60	47	53	3.42845978437446
4450	12	60	53	58	29.8852709389359
4451	12	60	58	59	29.0102080181768
4452	57	105	6	9	-0.42261176058886
4453	57	105	9	19	2.33208464563426
4454	57	105	19	27	0.577136270218331
4455	57	105	44	55	-36.6168010106941
4456	57	105	55	58	-33.8459014535657
4457	57	105	58	59	38.800382140841
4458	57	105	59	62	24.1553726674384
4459	57	105	62	69	7.1058897105967
4460	95	143	24	36	-0.978529560615869
4461	95	143	36	40	-0.835540196907599
4462	95	143	40	43	-0.630517369568185
4463	95	143	48	52	2.33992582194515
4464	95	143	52	79	-0.0809052762838511
4465	95	143	79	82	-0.323799636193377
4466	95	143	82	88	-2.10416717725056
4467	95	143	88	91	-2.06549978169939
4468	60	20	8	14	6.45710954301553
4469	60	20	14	17	46.4220525796202
4470	60	20	18	28	-39.2913627728325
4471	60	20	28	30	-0.0283476197321638
4472	60	20	30	48	-0.0740432883418536
4473	60	20	48	55	-9.26213811221123
4474	60	20	55	58	-26.517271116519
4475	63	23	13	16	0.460689565876245
4476	63	23	16	19	3.68569190507683
4477	63	23	19	22	64.868711398005
4478	63	23	22	28	-65.6425921518988
4479	63	23	28	32	-1.41850995571439
4480	63	23	46	50	-0.819475586481739
4481	63	23	50	58	-10.0064944261783
4482	63	23	58	64	-59.9737523129626
4483	101	61	6	8	0.700759326550105
4484	101	61	8	17	0.513952795426226
4485	101	61	17	24	-2.32252402168783
4486	101	61	24	31	-0.0112708459255719
4487	101	61	31	47	-0.0150076389207832
4488	101	61	47	54	1.75200569414107
4489	101	61	54	56	5.27108244229582
4490	101	61	56	59	27.6413761816454
4491	101	61	59	65	-21.0285649547926
4492	101	61	65	67	-6.50634588713756
4493	121	81	26	36	2.19572350085344
4494	121	81	36	45	-1.43504464171824
4495	121	81	45	48	-0.219494016260306
4496	121	81	48	49	-0.492317239305624
4497	121	81	72	75	0.157157607795765
4498	121	81	75	78	7.86839330283015
4499	121	81	78	80	95.9768577802315
4500	115	75	19	21	0.108091259582377
4501	115	75	21	32	0.0930684754099967
4502	115	75	32	41	-0.0390539031138845
4503	115	75	41	57	-1.10666414076254
4504	115	75	64	68	0.332410418864584
4505	115	75	68	70	1.82483840201724
4506	115	75	70	73	0.641767444253187
4507	115	75	73	76	3.10468054389684
4508	106	26	6	17	26.2843141447907
4509	106	26	18	33	0.278785702009412
4510	106	26	33	37	-0.0502270463981613
4511	106	26	37	50	-1.41679915393917
4512	106	26	62	64	1.22540364122555
4513	106	26	64	65	0.46530528039345
4514	106	26	65	66	0.381476925697987
4515	106	26	66	67	0.369476771025397
4516	118	78	20	25	0.015938410073521
4517	118	78	25	35	0.864377870880194
4518	118	78	35	47	-0.67118985596991
4519	118	78	47	51	-0.20867885436535
4520	118	78	51	65	-0.505938475685581
4521	118	78	65	68	0.0281921455823219
4522	118	78	68	73	0.513827127144326
4523	118	78	73	76	1.10912474237361
4524	118	78	76	77	56.3723887474659
4525	112	72	16	23	0.352251966163455
4526	112	72	23	29	-0.0226267556215199
4527	112	72	29	42	-0.0794645410996167
4528	112	72	42	48	-0.00564187778640242
4529	112	72	48	58	-2.72149380594991
4530	112	72	62	67	1.59060624494167
4531	112	72	67	69	3.79982871734551
4532	112	72	69	73	3.82434485505616
4533	8	64	6	7	-43.4694124864903
4534	8	64	7	12	75.9968686496201
4535	8	64	12	16	14.3054195426112
4536	8	64	16	19	0.696996031857646
4537	8	64	19	27	-1.6000087882227
4538	8	64	27	34	-0.0201850624754526
4539	8	64	34	40	-0.0172668525748532
4540	8	64	40	49	-0.736923875805018
4541	8	64	49	56	1.09090004390723
4542	8	64	56	60	12.6305502342378
4543	57	113	6	9	-0.380846913066309
4544	57	113	9	18	2.39471318481996
4545	57	113	18	20	0.350807948002439
4546	57	113	20	31	0.343294658466356
4547	57	113	46	53	-13.9904069490303
4548	57	113	53	58	-58.380737874649
4549	57	113	58	62	65.2421314051315
4550	57	113	62	65	7.28973192147551
4551	57	113	65	70	0.254541564992446
4552	110	30	13	27	0.550525659975027
4553	110	30	27	29	44.3359256333857
4554	110	30	29	38	-43.7824230253354
4555	110	30	38	52	-1.98455748928258
4556	110	30	52	65	-1.88034329653708
4557	110	30	65	68	1.43856931091633
4558	110	30	68	69	0.651903690961129
4559	110	30	69	70	0.782726747490995
4560	110	30	70	71	0.284875789894808
4561	20	23	7	11	-1.93089507161022
4562	20	23	18	19	-73.3250830813896
4563	20	23	21	22	177.648534251818
4564	20	23	24	25	-14.9866020655571
4565	20	23	25	26	-0.708603243913149
4566	20	23	26	29	-0.0197501397853049
4567	40	43	7	24	-0.947878835397191
4568	40	43	32	36	-7.77397998158563
4569	40	43	36	38	-31.3296523333943
4570	40	43	38	39	-82.9889848804241
4571	40	43	39	41	57.5271535364874
4572	40	43	41	42	71.9671740466473
4573	40	43	42	44	1.28027621592731
4574	40	43	44	45	-2.83897143535839
4575	40	43	45	46	-1.36049361601045
4576	20	132	6	24	-0.723151677407244
4577	20	132	24	29	1.53717780561046
4578	20	132	29	38	0.605690154747002
4579	20	132	44	49	-0.768360979692661
4580	20	132	49	68	-1.96507352207001
4581	20	132	68	72	1.9476378087473
4582	20	132	72	74	0.0478286639949163
4583	20	132	74	75	0.026883033237267
4584	20	132	75	76	0.029449077507783
4585	29	141	6	19	-0.0735542516588738
4586	29	141	19	31	-6.38211557920162
4587	29	141	31	42	7.8953906496502
4588	29	141	47	64	-1.29040160114132
4589	29	141	64	70	-0.0779252270878894
4590	29	141	70	81	0.177954516206575
4591	29	141	81	83	0.941011379214675
4592	29	141	83	84	0.301065683616488
4593	29	141	84	85	0.457862769418242
4594	68	71	19	26	3.05380235133171
4595	68	71	26	31	-0.026109378283071
4596	68	71	31	48	-0.0292168633059492
4597	68	71	48	49	-0.156361895183854
4598	68	71	49	63	-12.0630022308938
4599	68	71	63	66	-34.0136314597952
4600	68	71	66	67	-60.201283134789
4601	68	71	67	69	9.10580345773447
4602	68	71	69	70	122.418188385798
4603	120	40	25	30	0.464065889277277
4604	120	40	30	37	20.2868943782745
4605	120	40	37	48	-16.5671385771691
4606	120	40	48	49	-4.05281599954088
4607	120	40	49	69	-0.114467036231291
4608	120	40	69	76	0.00598610410708447
4609	120	40	76	78	0.495904393574989
4610	120	40	78	79	0.102525632080562
4611	120	40	79	80	0.363665388848798
4612	138	141	7	33	-0.0363566694538032
4613	138	141	37	47	0.0997933146977733
4614	138	141	47	49	-0.0580473512639118
4615	138	141	49	78	-0.0654491593504332
4616	138	141	78	83	-0.297124713430446
4617	138	141	88	95	0.878090538217927
4618	138	141	95	96	0.0490553690633308
4619	138	141	96	98	-0.541015774646348
4620	97	144	7	14	0.16160382700642
4621	97	144	14	21	0.0905152433853574
4622	97	144	21	33	0.305463727029489
4623	97	144	33	39	0.825087803556352
4624	97	144	39	43	0.298200271009628
4625	97	144	43	58	-2.47018296350702
4626	97	144	58	66	0.862292278076641
4627	97	144	66	70	0.176772427882385
4628	97	144	70	78	0.17921558685601
4629	97	144	78	81	0.342355469951196
4630	22	25	7	13	-1.03914476158379
4631	22	25	13	18	-5.05242647554807
4632	22	25	18	20	-28.9456172812546
4633	22	25	20	21	-39.1715103487579
4634	22	25	21	23	8.47929465769761
4635	22	25	23	24	65.0125474449719
4636	22	25	24	26	4.56629338747389
4637	22	25	26	27	-3.59496849949533
4638	22	25	27	28	-0.0755998417848714
4639	58	61	7	12	1.24460727552215
4640	58	61	12	20	0.306045862568985
4641	58	61	20	26	-0.545022717662431
4642	58	61	26	48	-0.0111656755703335
4643	58	61	48	54	-9.16604335195125
4644	58	61	54	56	-18.470511784906
4645	58	61	56	57	-32.1971068950383
4646	58	61	57	59	25.6701508180961
4647	58	61	59	60	62.0630147683848
4648	58	61	60	62	19.1541892619417
4649	47	95	27	30	-0.0127949716512453
4650	47	95	30	38	-0.775247249284583
4651	47	95	38	39	-0.260013455379998
4652	47	95	39	44	-3.39218801481262
4653	47	95	44	48	-8.7827117754944
4654	47	95	48	49	13.2335705581213
4655	47	95	71	78	0.0585913486818731
4656	49	95	7	15	1.25710749287835
4657	49	95	15	20	0.170769207968265
4658	49	95	20	28	0.0835566099961655
4659	49	95	28	35	1.45050118296587
4660	49	95	35	40	1.61364468649117
4661	49	95	40	53	-17.2760693517662
4662	49	95	53	62	13.3830487704803
4663	49	95	62	68	0.656106205393026
4664	49	95	68	72	0.16314672680811
4665	49	95	72	73	0.00366206416345572
4666	85	45	7	21	-0.0418052877497985
4667	85	45	21	31	-0.421154127298949
4668	85	45	35	39	2.52466760447055
4669	85	45	39	41	4.04852675315249
4670	85	45	41	43	4.42464486054192
4671	85	45	43	48	-2.082740978658
4672	85	45	48	51	-6.7970954098755
4673	85	45	51	71	-0.0450835931699859
4674	85	45	71	81	-10.5006585312288
4675	110	70	7	10	0.148661239683575
4676	110	70	10	20	0.538619849451165
4677	110	70	20	28	-0.335829024966336
4678	110	70	28	41	-0.10947672034257
4679	110	70	41	46	-0.0100601107801936
4680	110	70	46	55	-2.34250737965178
4681	110	70	55	63	0.638308027032415
4682	110	70	63	65	3.73533838043719
4683	110	70	65	69	75.1587287169283
4684	110	70	69	74	-77.0038479127699
4685	58	106	13	18	1.40373745944467
4686	58	106	18	22	0.874239107785906
4687	58	106	22	41	0.10875475935263
4688	58	106	48	56	-33.4918440197782
4689	58	106	56	59	-32.6375915541895
4690	58	106	59	60	34.167847547775
4691	58	106	60	62	19.6141774154751
4692	58	106	62	68	11.1714912200989
4693	124	84	7	21	1.27137807683971
4694	124	84	27	38	4.52208538625222
4695	124	84	38	39	-0.314039360893423
4696	124	84	39	48	-2.86278389981698
4697	124	84	48	51	-1.26259168323183
4698	124	84	51	72	-0.0986938345554263
4699	124	84	72	75	0.0616851880917808
4700	124	84	75	79	5.60280689787748
4701	124	84	79	83	141.215279968246
4702	78	38	7	18	-0.04548994473025
4703	78	38	18	28	-0.0606506464200153
4704	78	38	28	32	1.69238752372514
4705	78	38	32	33	4.21231294064084
4706	78	38	33	36	45.1101184302099
4707	78	38	36	44	-45.9442677801547
4708	78	38	44	47	-1.87868670224087
4709	78	38	47	61	-3.09271309264331
4710	78	38	61	71	-0.0777880891680513
4711	60	116	7	9	-0.890023121411256
4712	60	116	9	17	1.6112641709367
4713	60	116	17	23	1.33317924588947
4714	60	116	23	32	0.0267114432322696
4715	60	116	46	54	-6.17716583339727
4716	60	116	54	61	-56.7360480891007
4717	60	116	61	64	49.5696539125177
4718	60	116	64	67	10.2229909493334
4719	60	116	67	72	3.23334794706362
4720	74	130	7	19	-0.0401714726653224
4721	74	130	19	31	0.529673917226689
4722	74	130	31	36	0.185687896017266
4723	74	130	48	49	-0.351120318331613
4724	74	130	49	69	-0.0595439985371171
4725	74	130	76	79	0.913464943783007
4726	74	130	79	82	1.70981072034116
4727	50	95	28	37	0.912752807364225
4728	50	95	37	40	0.00995793418484021
4729	50	95	40	47	0.0097821475382027
4730	50	95	47	49	-84.2391760895431
4731	50	95	49	67	80.1488676541741
4732	50	95	67	70	0.232620629270093
4733	50	95	70	73	0.0479366092281322
4734	79	135	7	23	-0.0822517363212212
4735	79	135	23	33	-0.449510637543141
4736	79	135	33	37	0.673979908022185
4737	79	135	37	41	0.553121100645597
4738	79	135	41	47	0.0158020864415144
4739	79	135	47	58	-0.717334521310559
4740	79	135	58	69	-0.058764053325432
4741	79	135	69	76	-0.60069917119809
4742	79	135	82	85	6.75624752214938
4743	111	31	16	23	0.373402623620979
4744	111	31	23	37	1.38225139866537
4745	111	31	37	48	-1.27200097326522
4746	111	31	48	56	-2.6213414215029
4747	111	31	67	69	1.18882113250509
4748	111	31	69	70	0.885024978645283
4749	111	31	70	71	0.325670418707345
4750	111	31	71	72	0.112835096408438
4751	86	46	7	20	-0.0337288610284716
4752	86	46	20	28	-0.0227065308404137
4753	86	46	36	38	0.562861886174032
4754	86	46	38	42	6.57325362679792
4755	86	46	42	43	0.814816155112771
4756	86	46	43	48	3.20249025052846
4757	86	46	48	49	-9.10383247885267
4758	86	46	49	71	-0.0375497660053538
4759	86	46	71	80	-3.32855254142226
4760	59	107	7	13	-0.675019421741381
4761	59	107	13	18	1.42684844050498
4762	59	107	18	23	1.20371756840401
4763	59	107	23	41	0.039797901638297
4764	59	107	48	57	-31.5217618074324
4765	59	107	57	60	-29.4474746172603
4766	59	107	60	61	28.8843474509757
4767	59	107	61	63	19.7528546329393
4768	59	107	63	70	11.9998159697279
4769	51	96	7	18	1.9539553261537
4770	51	96	18	21	0.146571987250259
4771	51	96	21	25	0.0791485012636328
4772	51	96	25	32	0.26335270739176
4773	51	96	32	45	3.46745005837388
4774	51	96	47	57	-9.8102283341207
4775	51	96	57	68	5.93174992178423
4776	51	96	68	70	0.216930547066043
4777	51	96	70	74	0.0595353426739006
4778	77	133	7	20	-0.0569255442756285
4779	77	133	20	32	-0.0745489635712614
4780	77	133	32	38	0.676188936067625
4781	77	133	38	39	0.0530368501714027
4782	77	133	47	58	-0.516670062511314
4783	77	133	58	73	-0.0940608029681161
4784	77	133	73	78	-56.6071990968748
4785	77	133	78	80	52.4413345745209
4786	77	133	80	84	7.41036046773711
4787	72	120	23	28	0.00741996329838754
4788	72	120	49	67	-0.758837416562551
4789	72	120	67	70	-8.86163455548051
4790	72	120	73	74	5.69615247173156
4791	123	83	18	31	0.727188714374878
4792	123	83	31	34	2.48865180945395
4793	123	83	34	45	-1.6679466541083
4794	123	83	45	47	-0.36300391486725
4795	123	83	47	62	-1.16012757988035
4796	123	83	62	71	-0.0786399359855337
4797	123	83	71	78	3.05513927033169
4798	123	83	78	79	1.33078137723932
4799	123	83	79	84	140.350022566286
4800	126	86	28	35	3.9007366922693
4801	126	86	35	39	1.18472409479356
4802	126	86	39	48	-3.06403693843123
4803	126	86	48	62	-1.93094980152181
4804	126	86	62	70	-0.0654668643688104
4805	126	86	70	79	1.37189477086108
4806	126	86	79	81	5.38933836349395
4807	126	86	81	84	38.5421314236382
4808	23	24	8	15	-0.532755397798499
4809	23	24	15	18	-0.893099913054395
4810	23	24	18	20	-5.9833987899146
4811	23	24	20	21	-7.03430363579984
4812	23	24	21	22	-44.2798107927079
4813	23	24	22	25	66.0510527381577
4814	23	24	25	26	-7.07393570898215
4815	23	24	26	27	-0.10568735400514
4816	23	24	27	28	-0.00693574110030424
4817	65	66	8	12	-0.0661273583481319
4818	65	66	12	19	0.40297517225137
4819	65	66	19	31	-0.198271959415271
4820	65	66	31	48	-0.00790235737588125
4821	65	66	48	58	-1.13928116796757
4822	65	66	58	60	-1.21332591136754
4823	65	66	60	62	-3.3137443012724
4824	65	66	62	63	-4.84051884105243
4825	65	66	63	64	-10.3474434776966
4826	65	66	64	67	53.599838328069
4827	119	39	26	37	51.3379257245677
4828	119	39	37	43	-43.819176008127
4829	119	39	43	59	-7.46823702198298
4830	119	39	59	71	-0.0813677072265239
4831	119	39	71	74	0.0103082438015697
4832	119	39	74	77	0.391003578296941
4833	119	39	77	78	0.220989686537382
4834	119	39	78	79	0.123404638967506
4835	28	140	7	22	-0.16449781175071
4836	28	140	22	30	-0.145981950680239
4837	28	140	30	40	1.71536926392197
4838	28	140	40	45	0.119621745133432
4839	28	140	45	51	-1.52060213072107
4840	28	140	51	74	-0.16107381543077
4841	28	140	74	79	0.296615822279703
4842	28	140	79	82	0.940632841949236
4843	28	140	82	83	0.488940355903634
4844	28	140	83	84	0.298385025756719
4845	108	109	8	11	0.00716620455523303
4846	108	109	11	29	0.0216657799973066
4847	108	109	47	57	-0.408677801439629
4848	108	109	57	60	0.205679604362559
4849	108	109	60	67	0.401670031560193
4850	108	109	67	71	-0.18196586325032
4851	108	109	71	93	-0.0165590577995547
4852	108	109	93	102	-1.61431051193494
4853	108	109	102	104	-2.34915404172657
4854	79	82	8	24	-0.0387537550277699
4855	79	82	24	35	2.1002317522211
4856	79	82	35	36	0.0923550245093571
4857	79	82	36	46	-1.42161480347149
4858	79	82	46	54	-0.736512080577216
4859	79	82	54	72	-0.0372842546477529
4860	79	82	72	77	-14.1141946670506
4861	79	82	77	78	-103.515012922778
4862	79	82	78	80	79.7719402793754
4863	79	82	80	81	129.169093332353
4864	63	66	8	11	-0.297832202170948
4865	63	66	11	19	1.67745638121455
4866	63	66	19	29	-0.672456930319924
4867	63	66	29	48	-0.0308642180847157
4868	63	66	48	50	-0.45206377884827
4869	63	66	50	60	-15.0649529049429
4870	63	66	60	61	-8.92600355919821
4871	63	66	61	62	-24.9508352545777
4872	63	66	62	64	21.3263938452329
4873	63	66	64	65	71.4568199011838
4874	37	38	23	31	-0.366624595949419
4875	37	38	31	34	-12.1232303428641
4876	37	38	34	35	-16.8902589947935
4877	37	38	35	36	-44.4173107035492
4878	37	38	36	39	189.142820904026
4879	37	38	39	40	-90.3725279907476
4880	37	38	40	41	-19.2235795295719
4881	37	38	41	42	-4.50884791427053
4882	37	38	42	43	-0.385248737402624
4883	98	143	8	16	0.171231304891304
4884	98	143	16	23	0.0895828229728152
4885	98	143	23	27	0.00505364217847255
4886	98	143	27	42	1.46010092522114
4887	98	143	46	50	-4.96284658551341
4888	98	143	50	67	3.42335772410916
4889	98	143	67	70	0.156321220106217
4890	98	143	70	74	0.030797787495691
4891	98	143	74	84	1.42483714345282
4892	21	69	8	13	-2.18718603258332
4893	21	69	13	17	-13.9801127789613
4894	21	69	17	22	-57.6705621416161
4895	21	69	22	23	57.4885004640725
4896	21	69	23	25	16.499682623827
4897	21	69	25	30	0.125681917618717
4898	21	69	48	54	0.237551980741755
4899	21	69	54	65	14.5440034566081
4900	8	56	57	60	-61.3144540285329
4901	8	56	60	65	-9.67123534525863
4902	8	56	65	67	-0.78770817753876
4903	8	56	67	78	-0.814805522912883
4904	8	56	90	100	2.05887614246197
4905	8	56	109	114	-1.93738774267017
4906	8	56	114	119	-0.981887559694419
4907	8	56	119	144	-0.023446403730887
4908	112	113	34	48	-0.00671969643428828
4909	112	113	48	58	-0.363085096507233
4910	112	113	58	64	0.428640311999557
4911	112	113	64	70	0.0226102657944132
4912	112	113	70	75	-0.0757429382705615
4913	112	113	75	95	-0.0123477157987748
4914	112	113	95	105	-1.26463169445896
4915	112	113	105	107	-1.22650941046247
4916	8	64	60	63	56.681256972793
4917	8	64	63	68	-50.9826924675804
4918	8	64	68	71	-17.7077395259203
4919	8	64	71	86	-1.00312593725079
4920	8	64	86	92	-0.00744628652723836
4921	8	64	92	104	1.32321007571256
4922	8	64	104	109	1.76233497407354
4923	8	64	117	121	-1.4807338644356
4924	8	64	121	133	-0.0233401668895411
4925	105	106	46	50	-0.211456378679661
4926	105	106	50	60	0.776205130976123
4927	105	106	66	70	-0.269082761878563
4928	105	106	70	95	-0.0458187348335249
4929	105	106	95	97	-0.850315528178124
4930	105	106	97	102	-7.96902813391363
4931	9	12	28	30	-0.00346319965916
4932	9	12	30	48	-0.00945447087934525
4933	9	12	48	50	-0.578036786574401
4934	9	12	50	61	1.47242577523975
4935	9	12	71	80	-0.0600473858809509
4936	9	12	80	91	-0.00785742572130937
4937	9	12	91	97	-0.0680518428483869
4938	9	12	97	111	0.12534138166984
4939	9	12	111	144	-0.0583734921491559
4940	49	9	65	66	-0.0873847352414391
4941	49	9	66	78	-0.867152970881844
4942	49	9	78	91	-0.00504619308812827
4943	49	9	96	100	-2.64979332290188
4944	49	9	100	109	2.35500646373138
4945	49	9	109	116	0.297466072538551
4946	49	9	116	123	0.00263513163025965
4947	49	9	123	137	-0.00601419759036832
4948	40	41	10	23	-0.0972095714547859
4949	40	41	23	31	-0.0524159228501263
4950	40	41	31	35	-2.81735319036658
4951	40	41	35	37	-7.03295246488151
4952	40	41	37	38	-19.2472430857109
4953	40	41	38	39	-69.6431879812266
4954	40	41	39	42	110.491633541474
4955	40	41	42	43	-7.99986648223897
4956	40	41	43	44	-1.33287399342812
4957	40	41	44	45	-0.556969895689395
4958	8	120	65	66	0.14118064185526
4959	8	120	66	67	0.210133631351347
4960	8	120	67	71	0.737610579285779
4961	8	120	71	73	0.0406698690377077
4962	8	120	73	92	-0.156654234895498
4963	8	120	92	95	-0.00471658001260017
4964	8	120	108	113	0.267521015475852
4965	8	120	113	121	4.71958785606582
4966	8	120	121	138	-4.59933332733545
4967	9	57	58	61	-59.0356235122487
4968	9	57	61	64	-8.69411067427752
4969	9	57	64	71	-3.56081808686877
4970	9	57	71	78	-0.0444358070630236
4971	9	57	95	99	1.52874915056697
4972	9	57	99	108	2.42134248171904
4973	9	57	108	111	-1.30738939946295
4974	9	57	111	124	-2.64333879939054
4975	9	65	60	66	72.5934490968895
4976	9	65	66	69	-63.9676923353443
4977	9	65	69	72	-15.5822141458277
4978	9	65	72	86	-0.369771474501013
4979	9	65	86	96	-0.0152691109946964
4980	9	65	96	105	1.25416679843748
4981	9	65	105	110	1.60059816418958
4982	9	65	119	122	-0.145008477141495
4983	9	65	122	138	-0.0515104272126099
4984	9	121	66	67	0.253108475620351
4985	9	121	67	68	0.211881960888099
4986	9	121	68	72	0.767218357708496
4987	9	121	72	78	-0.0265650690630575
4988	9	121	78	91	-0.113840938386362
4989	9	121	91	93	-0.00278320181056071
4990	9	121	93	99	-0.261222567672497
4991	9	121	99	113	0.0536923013456013
4992	9	121	113	125	0.377544516296392
4993	9	121	125	141	-0.169538924686674
4994	10	11	27	38	-0.00375092756789735
4995	10	11	48	49	-0.164006995796484
4996	10	11	49	63	0.69147619748644
4997	10	11	63	67	-0.148271613588581
4998	10	11	67	78	-0.375968354333993
4999	10	11	107	112	0.0169379986799388
5000	10	11	112	144	-0.0281178959796079
5001	9	10	21	40	-0.317823255931458
5002	9	10	47	59	0.153801052300046
5003	9	10	59	60	0.106216469293191
5004	9	10	71	77	-0.013526049235327
5005	9	10	96	102	-0.0164416900328494
5006	9	10	102	112	0.0355691610028658
5007	9	10	112	144	-0.0190935826175538
5008	43	46	8	28	-0.00724372698635589
5009	43	46	28	31	-0.0911962211069014
5010	43	46	31	38	-2.08207016274463
5011	43	46	38	40	-1.84408589485361
5012	43	46	40	41	-2.26219053033414
5013	43	46	41	42	-5.64753239911556
5014	43	46	42	44	7.06907239508701
5015	43	46	44	45	8.22322980575164
5016	43	46	45	47	4.98119781035176
5017	43	46	47	48	-3.6424751931494
5018	65	68	31	44	-0.0252224356776929
5019	65	68	44	52	-0.461415870404851
5020	65	68	52	61	-8.23813359358475
5021	65	68	61	63	-16.0621434255476
5022	65	68	63	64	-20.1044972538847
5023	65	68	64	66	12.2094897376709
5024	65	68	66	67	98.7220831110923
5025	66	114	8	13	-2.11018440396932
5026	66	114	21	29	1.60298796187074
5027	66	114	47	49	-0.0491770464708666
5028	66	114	49	60	-5.44818317327664
5029	66	114	60	64	-34.4726901484502
5030	66	114	64	67	-34.066990563159
5031	66	114	67	70	67.0105908333508
5032	66	114	70	75	7.05640624110843
5033	100	20	8	15	9.8124192793447
5034	100	20	15	18	30.6061055869748
5035	100	20	18	32	-41.1085298441888
5036	100	20	32	47	-0.0741062676955202
5037	100	20	47	52	-3.02865845460647
5038	100	20	52	57	1.46119723358245
5039	100	20	57	58	0.449573765542081
5040	100	20	58	59	0.393018334135771
5041	100	20	59	60	0.433776726527293
5042	100	20	60	61	0.357946592360198
5043	10	58	59	61	-47.2801819322529
5044	10	58	61	64	-14.7811568661012
5045	10	58	64	70	-5.33245735722142
5046	10	58	70	76	-0.246459765064085
5047	10	58	88	102	2.42154663701884
5048	10	58	102	108	1.93501719123507
5049	10	58	108	112	-1.91747728717586
5050	10	58	112	121	-2.4407259730885
5051	62	65	11	18	2.02501958170825
5052	62	65	29	48	-0.0314030235579856
5053	62	65	48	55	-3.29609587900659
5054	62	65	55	59	-13.4623793899407
5055	62	65	59	60	-10.5704122764694
5056	62	65	60	61	-21.5311113427724
5057	62	65	61	63	20.5069508309683
5058	62	65	63	64	55.3100800344895
5059	83	86	8	30	-0.204838704987766
5060	83	86	30	36	0.946188943522313
5061	83	86	36	43	0.75494069088729
5062	83	86	43	44	-0.0960431937742408
5063	83	86	44	49	-1.40052991211214
5064	83	86	49	75	-0.0763883157089894
5065	83	86	75	80	-8.33981080811363
5066	83	86	80	81	-15.4950481008403
5067	83	86	81	82	-70.4661875966538
5068	28	84	27	31	5.39355188844006
5069	28	84	31	33	1.48984139941097
5070	28	84	33	37	2.48011018948978
5071	28	84	43	47	-0.831889213085821
5072	28	84	47	61	-1.39192376381186
5073	28	84	61	69	-0.0656865368201753
5074	28	84	69	75	0.0402009947967135
5075	69	117	8	18	-1.5658425480346
5076	69	117	23	32	0.119598263496715
5077	69	117	49	64	-9.15357330470598
5078	69	117	64	66	-13.6658322014989
5079	69	117	66	70	-55.2900314356467
5080	69	117	70	72	74.5975069974964
5081	69	117	72	76	3.54900330917008
5082	29	85	8	19	-0.0417761930033851
5083	29	85	19	25	-0.0404903778736278
5084	29	85	25	32	-0.672007687647455
5085	29	85	32	34	3.49242605613194
5086	29	85	34	37	1.99648687332503
5087	29	85	41	47	-1.86185151801173
5088	29	85	47	55	-1.666908994275
5089	29	85	55	66	-0.0346359735169836
5090	29	85	66	74	-0.0387878687485708
5091	80	40	8	22	-0.084930597531656
5092	80	40	22	27	-0.0153569392874674
5093	80	40	27	32	0.384231814242075
5094	80	40	32	35	6.95944058306797
5095	80	40	35	39	121.843671204464
5096	80	40	41	46	-72.4902171349831
5097	80	40	46	58	-5.10074564705653
5098	80	40	58	68	-0.0580745366217353
5099	80	40	68	74	-0.0238718468767174
5100	64	67	8	12	-0.638186137236552
5101	64	67	12	20	1.4400988039763
5102	64	67	20	30	-0.15057985565736
5103	64	67	30	48	-0.0295031714426802
5104	64	67	48	59	-6.73977827662186
5105	64	67	59	60	-3.20806884857591
5106	64	67	60	62	-15.9225867851427
5107	64	67	62	63	-27.5002592530607
5108	64	67	63	65	33.4827666099699
5109	64	67	65	66	53.7573715275431
5110	30	86	8	18	-0.037150887355616
5111	30	86	18	25	-0.0485991033398592
5112	30	86	25	33	-0.77247391666783
5113	30	86	33	34	2.42832483449576
5114	30	86	34	35	1.35824501436069
5115	30	86	35	43	0.194771787496495
5116	30	86	43	47	-1.09743664570188
5117	30	86	47	65	-2.05617835251546
5118	30	86	65	72	-0.041179307815251
5119	30	86	72	76	0.0423872492483424
5120	39	95	9	19	-0.0169490961663382
5121	39	95	19	28	-0.0301427024767813
5122	39	95	28	34	-7.95763292208244
5123	39	95	34	41	-19.882936130775
5124	39	95	41	42	22.3507554369123
5125	39	95	42	44	3.16686215165445
5126	39	95	44	48	2.52622757662365
5127	39	95	48	51	-0.16951283446991
5128	39	95	51	73	-0.0314970554377147
5129	39	95	73	77	-0.212509345163184
5130	14	126	9	18	-8.28451719249194
5131	14	126	18	27	17.6543037526579
5132	14	126	27	32	0.592433775663573
5133	14	126	44	51	-0.579637456687344
5134	14	126	51	62	-3.24718611107342
5135	14	126	62	68	1.40209760656441
5136	14	126	68	69	0.888814921107782
5137	14	126	69	70	0.97368075718454
5138	14	126	70	71	0.380056673526061
5139	22	23	10	12	-0.318513020546336
5140	22	23	17	19	-12.510462209838
5141	22	23	19	20	-16.6857280951798
5142	22	23	20	21	-31.0332785999022
5143	22	23	21	24	66.6890438560142
5144	22	23	24	25	-8.67289663105501
5145	22	23	25	26	-0.396762357980343
5146	82	130	8	21	-0.0179228367786268
5147	82	130	21	35	-2.38402173460803
5148	82	130	36	47	1.94690647645282
5149	82	130	47	59	0.465748107866854
5150	82	130	68	78	-3.8403677765416
5151	82	130	78	80	-25.6701161567395
5152	82	130	80	83	-75.5490341164831
5153	82	130	83	84	57.6472791395492
5154	119	79	25	34	1.04102329070949
5155	119	79	34	38	-0.234289081968553
5156	119	79	38	55	-0.80097073501162
5157	119	79	55	62	-0.0681106921211117
5158	119	79	62	71	0.035856197004398
5159	119	79	74	76	0.613241195301653
5160	119	79	76	80	67.6365740279095
5161	64	120	8	12	-1.71125939937749
5162	64	120	19	30	3.16811192695057
5163	64	120	44	51	-0.820172538033263
5164	64	120	51	62	-36.3733559871635
5165	64	120	62	68	18.0160737867612
5166	64	120	68	70	15.780658121446
5167	64	120	70	74	3.52005630456201
5168	38	41	9	25	-0.495110459054406
5169	38	41	25	33	-3.98544015154128
5170	38	41	33	35	-17.4501638594303
5171	38	41	35	36	-22.0560978189641
5172	38	41	36	37	-96.4330300624148
5173	38	41	37	39	4.98404872999222
5174	38	41	39	40	168.185260381095
5175	38	41	42	43	-11.2723023072925
5176	38	41	43	44	-2.26613209303077
5177	11	123	9	17	82.4778346496968
5178	11	123	33	48	-0.100975776771223
5179	11	123	48	49	-0.634974077299866
5180	11	123	49	63	-2.17368737975725
5181	11	123	63	65	0.782734292930151
5182	11	123	65	66	0.207725280030666
5183	11	123	66	67	0.371016747253067
5184	11	123	67	68	0.33527209737328
5185	34	82	22	28	-0.0222650894394777
5186	34	82	28	31	-4.7476061693862
5187	34	82	31	35	-126.915022513821
5188	34	82	35	36	76.115848914899
5189	34	82	36	40	51.989665858811
5190	34	82	40	48	3.1615869450554
5191	34	82	48	50	0.425572490592422
5192	34	82	66	76	0.201075705576626
5193	68	69	16	21	0.58922097282093
5194	68	69	21	30	0.417778641790615
5195	68	69	47	59	-1.23623569028574
5196	68	69	59	62	-2.27490422315179
5197	68	69	62	65	-10.3429239612602
5198	68	69	65	66	-9.8925729040733
5199	68	69	66	67	-38.5834777453463
5200	68	69	67	70	111.241982691495
5201	80	136	9	22	-0.0871528930963438
5202	80	136	22	28	-0.0381423342486875
5203	80	136	28	39	0.224162369113204
5204	80	136	39	45	0.68595129305536
5205	80	136	47	49	-0.718301429300781
5206	80	136	49	73	-0.118113425611895
5207	80	136	73	79	-67.7025923465456
5208	80	136	79	83	58.4780259447019
5209	80	136	83	86	9.59938370630928
5210	10	13	26	42	-0.0174476641620355
5211	10	13	42	48	-0.00129695944568097
5212	10	13	48	56	-1.14074578448265
5213	10	13	56	64	2.73284529606485
5214	10	13	66	76	-1.50284717048738
5215	10	13	76	93	-0.0168931789524814
5216	10	13	93	98	-0.0734020317782746
5217	10	13	98	119	0.0934181715137122
5218	10	13	119	144	-0.0209460204057959
5219	50	10	57	64	2.60137975038594
5220	50	10	64	70	-1.23938369436516
5221	50	10	70	74	-0.150812700139205
5222	50	10	74	88	-0.00516919858978426
5223	50	10	88	94	-0.0019363759889102
5224	50	10	94	106	-0.94030709142391
5225	50	10	106	111	0.665139294898245
5226	50	10	111	115	0.238439967950198
5227	50	10	115	124	0.0436155689298615
5228	50	10	124	144	-0.00966554344934385
5229	11	59	60	61	-28.9178563611721
5230	11	59	61	63	-20.4624160088542
5231	11	59	63	71	-12.9115808996727
5232	11	59	71	78	-0.0938131582362539
5233	11	59	96	99	1.05648854950333
5234	11	59	99	108	3.65556611961445
5235	11	59	108	114	-2.85994721719816
5236	11	59	114	123	-1.85475623298096
5237	51	11	57	61	4.62128519572706
5238	51	11	61	66	0.00383133700048554
5239	51	11	66	77	-1.38992601287974
5240	51	11	81	90	-0.00932995014851373
5241	51	11	90	103	-2.10448892948056
5242	51	11	103	111	1.68978930295539
5243	51	11	111	115	0.346760648203238
5244	51	11	115	125	0.0772712911454593
5245	51	11	125	144	-0.0132061767785969
5246	10	66	61	63	16.8988107033157
5247	10	66	63	68	22.6912690718099
5248	10	66	68	76	-47.5240416046016
5249	10	66	76	81	-0.021372715737429
5250	10	66	81	92	-0.04221260908482
5251	10	66	97	109	2.10579747552493
5252	10	66	118	127	-0.517567918558105
5253	10	66	127	142	-0.0512145303391238
5254	122	42	18	29	0.111957321337986
5255	122	42	29	36	4.4375358138565
5256	122	42	36	46	4.12411781352158
5257	122	42	46	55	-8.61323189993111
5258	122	42	55	68	-0.0939970084191323
5259	122	42	76	80	0.616838553807018
5260	122	42	80	81	0.363332455073874
5261	122	42	81	82	0.527094873906894
5262	10	122	67	68	0.256402094180223
5263	10	122	68	69	0.366476255254607
5264	10	122	69	72	0.578365437072562
5265	10	122	77	89	-0.114514822324096
5266	10	122	89	96	-0.0129838304799819
5267	10	122	96	108	-0.429029821641112
5268	10	122	108	118	0.5482207838829
5269	10	122	120	142	-0.153273994201296
5270	11	14	23	41	-0.319571465410866
5271	11	14	41	46	-0.00222684301182594
5272	11	14	46	58	-0.958427886187792
5273	11	14	58	61	1.07433762725013
5274	11	14	61	68	1.07757895300956
5275	11	14	68	82	-1.18062144794788
5276	11	14	82	96	-0.0132400826412093
5277	11	14	96	97	-0.0653410926767896
5278	11	14	97	116	0.120320565755707
5279	11	14	116	144	-0.0551007674383496
5280	11	12	24	41	-0.0134790076452908
5281	11	12	46	59	-0.080689542995661
5282	11	12	59	60	0.143813175822302
5283	11	12	60	68	0.267636432477214
5284	11	12	68	77	-0.327397412296163
5285	11	12	96	101	-0.0227546532854296
5286	11	12	101	113	0.0429528184987235
5287	11	12	113	138	-0.0199947941579439
5288	11	123	68	69	0.482633501528648
5289	11	123	69	70	0.499493204541033
5290	11	123	70	71	0.192828070925426
5291	11	123	71	73	0.0867656725450969
5292	11	123	73	87	-0.122835816235611
5293	11	123	87	96	-0.0285889936140218
5294	11	123	96	98	-0.196114964419606
5295	11	123	98	118	0.311115348683057
5296	11	123	118	121	0.0814864751273473
5297	11	123	121	143	-0.194580696525538
5298	11	67	61	64	20.2643941944823
5299	11	67	64	66	50.7144105390443
5300	11	67	66	73	-75.1402239622579
5301	11	67	73	80	-0.0726549818758663
5302	11	67	80	90	-0.0501035783698455
5303	11	67	104	108	0.907206211132714
5304	11	67	108	114	1.41779882086261
5305	11	67	114	124	-2.74177761938897
5306	11	67	124	144	-0.0758447898494827
5307	12	13	26	38	-0.00927934092399729
5308	12	13	41	50	-0.161267508556806
5309	12	13	50	61	0.164675615166751
5310	12	13	61	70	0.111894395215588
5311	12	13	70	74	-0.107540928640983
5312	12	13	74	96	-0.00876817856784021
5313	12	13	96	97	-0.0262391965125162
5314	12	13	97	118	0.0371885303465226
5315	12	13	118	141	-0.0106197812427938
5316	67	68	15	19	0.131617083325854
5317	67	68	19	26	0.479582464000536
5318	67	68	46	49	-0.0506973979418149
5319	67	68	49	62	-2.9755883168015
5320	67	68	62	64	-4.79248797512382
5321	67	68	64	65	-6.12019846191445
5322	67	68	65	66	-14.7234063768459
5323	67	68	66	69	94.3425577357712
5324	116	119	10	20	0.0566472573553829
5325	116	119	20	43	0.0649166423816327
5326	116	119	43	51	-0.179465716470585
5327	116	119	51	62	-1.36307148345404
5328	116	119	62	72	1.55212858627261
5329	116	119	72	76	0.0385857198096248
5330	116	119	76	79	-0.0174457251553755
5331	116	119	79	95	-0.0329263710940657
5332	116	119	95	108	-3.36762769667347
5333	116	119	108	111	-5.61688709443385
5334	124	127	10	28	0.0229945837681149
5335	124	127	28	46	0.0802194521783593
5336	124	127	46	48	-0.0187881726387186
5337	124	127	48	55	-0.0831839115053151
5338	124	127	55	74	-0.046685558156791
5339	124	127	74	80	0.609089710815007
5340	124	127	87	93	-0.241977693759167
5341	124	127	93	97	-0.200076375410065
5342	124	127	97	118	-0.0364863571512845
5343	70	30	10	16	-0.483846550213168
5344	70	30	16	20	0.105270723714202
5345	70	30	20	25	0.558835653944834
5346	70	30	25	28	0.478926651225133
5347	70	30	28	32	7.25803724475961
5348	70	30	32	38	-7.09241918660546
5349	70	30	38	42	-0.393304293605163
5350	70	30	42	50	-0.279925521916182
5351	70	30	50	61	-1.02986488005777
5352	70	30	61	69	-76.9791772696401
5353	19	22	10	11	-1.15115889369416
5354	19	22	11	16	-17.5759795139938
5355	19	22	16	17	-33.728496887198
5356	19	22	17	18	-16.0558328319998
5357	19	22	20	21	104.205146654221
5358	19	22	21	23	40.0212679138123
5359	19	22	23	24	-55.7489107728219
5360	19	22	24	25	-6.97972721923174
5361	19	22	25	27	-0.367616048655396
5362	72	32	10	15	-0.0374820848339099
5363	72	32	24	27	0.0401800590827248
5364	72	32	27	29	1.81643598298432
5365	72	32	29	34	20.6482580455736
5366	72	32	34	40	-21.181576615483
5367	72	32	40	45	-0.813639972965517
5368	72	32	45	60	-0.507496999365194
5369	72	32	60	65	-0.284134440880418
5370	72	32	65	71	-18.2215970437488
5371	66	69	18	23	1.7681474640655
5372	66	69	31	48	-0.0300046724788694
5373	66	69	48	52	-0.444184763215815
5374	66	69	52	62	-11.4153948127385
5375	66	69	62	64	-20.5719120729703
5376	66	69	64	65	-32.1414137105637
5377	66	69	65	67	35.3012615605414
5378	66	69	67	68	94.9732884377023
5379	38	94	10	20	-1.22372841268714
5380	38	94	27	33	-5.96771116732499
5381	38	94	33	39	-156.077180028903
5382	38	94	39	42	159.137604224854
5383	38	94	42	44	1.88575944848719
5384	38	94	44	47	1.4427342135567
5385	38	94	47	54	-0.396006955188371
5386	38	94	54	71	-0.031899005850561
5387	38	94	71	79	-0.458942880533198
5388	90	93	11	28	-0.00586468680741295
5389	90	93	28	34	-0.335149098831309
5390	90	93	34	43	0.0825407668925407
5391	90	93	43	48	0.445901560816569
5392	90	93	48	53	-0.186874921100819
5393	90	93	53	75	-0.00711714238590594
5394	90	93	75	83	-0.98718664068261
5395	90	93	83	87	-4.04959319119145
5396	90	93	87	88	-3.02049177960921
5397	90	93	88	89	-9.44364038688269
5398	12	15	24	40	-0.0786349647756606
5399	12	15	40	44	-0.00206823567734773
5400	12	15	44	55	-0.945896673821599
5401	12	15	55	61	0.598344785196794
5402	12	15	61	71	0.460332822200461
5403	12	15	71	73	-0.0876026737035051
5404	12	15	73	96	-0.026204923533125
5405	12	15	96	104	-0.0861252078714752
5406	12	15	104	115	0.128684085186802
5407	12	15	115	144	-0.0426353086446271
5408	83	131	22	34	-2.52104645200187
5409	83	131	37	46	2.35643672575489
5410	83	131	46	52	0.817771608259604
5411	83	131	68	77	-1.20779872270756
5412	83	131	77	81	-27.8045305207533
5413	83	131	81	84	-112.428737760279
5414	83	131	84	86	118.691260433908
5415	112	32	10	19	0.0987887585588276
5416	112	32	19	26	0.291593991999961
5417	112	32	26	30	7.6453290940246
5418	112	32	30	48	-7.42436867584091
5419	112	32	48	59	-3.47842507840085
5420	112	32	59	67	0.396153305691992
5421	112	32	67	70	2.2838140521736
5422	112	32	70	71	0.377030233700354
5423	112	32	71	72	0.132073896387781
5424	112	32	72	73	0.0457278086252613
5425	66	26	10	11	-0.446220071271549
5426	66	26	19	21	1.71337085386031
5427	66	26	21	23	1.56929538690524
5428	66	26	23	27	6.47058979127044
5429	66	26	27	35	-6.35827302445104
5430	66	26	35	47	-0.0358485190206597
5431	66	26	47	49	-0.288671939169352
5432	66	26	49	59	-5.36586490658345
5433	66	26	59	69	-18.8937040728437
5434	97	143	11	19	0.128556747140857
5435	97	143	19	25	0.0519898418888916
5436	97	143	25	34	0.506004478893209
5437	97	143	34	42	0.955500311373154
5438	97	143	47	50	-4.92054468367006
5439	97	143	50	68	3.53230428334723
5440	97	143	68	74	0.12064467773852
5441	97	143	74	78	0.166921969290482
5442	97	143	78	89	4.14944146223637
5443	93	141	24	36	-1.38263999573194
5444	93	141	36	38	-0.562974960709387
5445	93	141	38	46	-0.679564602214501
5446	93	141	46	48	0.399596118065235
5447	93	141	48	58	2.22797224871236
5448	93	141	58	76	-0.0079622424922697
5449	93	141	76	81	-0.388194782517845
5450	93	141	81	89	-5.78005926380395
5451	93	141	89	90	-1.91236383754232
5452	12	60	61	64	-48.4363245003097
5453	12	60	64	68	-9.87102390254414
5454	12	60	68	75	-2.57990711163858
5455	12	60	96	104	3.06527615259149
5456	12	60	104	105	0.469463883420899
5457	12	60	111	124	-3.67877715823814
5458	12	124	69	70	0.632271159151824
5459	12	124	70	71	0.247313005695741
5460	12	124	71	72	0.0833609985594082
5461	12	124	80	89	-0.0828842303981668
5462	12	124	89	94	-0.0096247803094151
5463	12	124	94	98	-0.173661075192494
5464	12	124	98	118	0.274586639717212
5465	12	124	126	136	-0.0916084409973764
5466	66	122	10	19	-2.0053150917809
5467	66	122	19	21	1.78664480862252
5468	66	122	21	32	1.69256984228682
5469	66	122	48	63	-27.1512168117792
5470	66	122	63	68	-21.2458944419147
5471	66	122	68	69	23.8289984919323
5472	66	122	69	72	24.1831832939903
5473	66	122	72	77	0.4578999726259
5474	128	48	10	25	-0.117509972800899
5475	128	48	32	38	2.90588378620696
5476	128	48	38	51	-2.46043117810571
5477	128	48	54	73	-0.115257244360037
5478	128	48	73	77	-0.315605964215309
5479	128	48	77	84	0.167350888715467
5480	128	48	84	86	0.996566364811327
5481	128	48	86	87	0.551179499256408
5482	84	132	11	23	-0.0667274336314937
5483	84	132	23	32	-0.583793216325768
5484	84	132	32	38	-2.92800238233694
5485	84	132	38	42	1.95613750593531
5486	84	132	42	50	1.62377808689997
5487	84	132	67	77	-0.913048667106462
5488	84	132	77	81	-15.6245832775091
5489	84	132	81	85	-98.2736710316554
5490	84	132	85	86	73.3040962322526
5491	12	68	63	65	18.0503123118603
5492	12	68	71	75	-7.21868603251054
5493	12	68	75	85	-0.0559844339896272
5494	12	68	85	96	-0.0296205732302328
5495	12	68	96	107	0.781444881346578
5496	12	68	107	112	1.20781594922737
5497	12	68	112	115	0.27677880183248
5498	12	68	115	126	-2.19732324277544
5499	12	68	126	144	-0.0674096762978502
5500	52	12	60	65	1.63164778667769
5501	52	12	65	70	-1.42829619403117
5502	52	12	70	74	-0.259064601973258
5503	52	12	74	83	-0.00616975195041234
5504	52	12	83	93	-0.0105086392963895
5505	52	12	93	102	-2.79533263128425
5506	52	12	102	110	1.91635837253904
5507	52	12	110	116	0.801121800737038
5508	52	12	116	126	0.0920993431684348
5509	52	12	126	140	-0.016932178990351
5510	13	14	24	39	-0.0247777877146896
5511	13	14	46	53	-0.194282398102666
5512	13	14	53	62	0.273680039959188
5513	13	14	62	67	0.397599026450878
5514	13	14	67	80	-0.471942805635079
5515	13	14	80	92	-0.00485012031940877
5516	13	14	92	100	-0.0214878600066375
5517	13	14	100	111	0.0206204439040258
5518	114	34	11	21	0.142140850401
5519	114	34	21	28	0.163849937819023
5520	114	34	28	30	1.66392946664332
5521	114	34	41	50	-4.37699017447784
5522	114	34	50	66	-2.93011547953373
5523	114	34	66	71	3.02060201189647
5524	114	34	71	72	0.157338141887994
5525	114	34	72	73	0.0514586190185853
5526	27	139	11	19	-0.0791393995426431
5527	27	139	19	28	-4.50415640533249
5528	27	139	28	37	5.67637901202372
5529	27	139	37	47	0.247564437405665
5530	27	139	47	66	-1.39786472077916
5531	27	139	66	69	-0.0534891296264124
5532	27	139	78	81	0.574354566226921
5533	27	139	81	82	0.48578247979569
5534	27	139	82	83	0.52833924812094
5535	13	16	28	37	-0.0208240862228379
5536	13	16	37	48	-0.00758460138731254
5537	13	16	48	55	-0.721563220479724
5538	13	16	55	64	1.15390876710464
5539	13	16	64	69	0.173910822032894
5540	13	16	69	78	-0.584581574932531
5541	13	16	78	96	-0.0213755907918737
5542	13	16	96	109	-0.074059751338483
5543	13	16	109	116	0.0994081342683244
5544	13	16	116	143	-0.0250759989498989
5545	53	13	60	61	1.20659657055564
5546	53	13	61	69	1.18751709129634
5547	53	13	69	73	-0.928486316118065
5548	53	13	73	79	-0.00497780782886631
5549	53	13	79	93	-0.0214805366018484
5550	53	13	93	103	-2.900777640693
5551	53	13	103	109	1.4352629965088
5552	53	13	109	113	0.9304275896796
5553	53	13	113	123	0.559123828382333
5554	53	13	123	142	-0.027519097596565
5555	133	93	28	36	1.46948204483761
5556	133	93	36	45	2.19555697262483
5557	133	93	45	48	-0.654350503775606
5558	133	93	48	49	-2.9467319338417
5559	133	93	49	73	-0.0526266612305053
5560	133	93	73	79	-0.549087677172784
5561	133	93	79	81	-0.552247040877657
5562	133	93	81	87	4.31485246206508
5563	107	27	10	14	0.0589444916903574
5564	107	27	14	21	0.37749251808869
5565	107	27	35	45	-0.0609316141102274
5566	107	27	45	50	-1.18149693037166
5567	107	27	63	65	1.13907221302283
5568	107	27	65	66	0.431246148780092
5569	107	27	66	67	0.416127913384967
5570	107	27	67	68	0.344757138165177
5571	75	131	12	22	-0.0794382580220516
5572	75	131	22	31	0.490441128922265
5573	75	131	31	33	0.122767505666096
5574	75	131	33	45	0.0307125327433249
5575	75	131	48	50	-0.433495229250065
5576	75	131	50	71	-0.0889382491123033
5577	75	131	78	79	0.124439820590171
5578	75	131	79	83	3.15858645890852
5579	13	125	70	71	0.310223775580828
5580	13	125	71	72	0.10901377814753
5581	13	125	72	73	0.0376055013625231
5582	13	125	73	78	0.304782717792994
5583	13	125	78	89	-0.267068873817848
5584	13	125	89	96	-0.0817622071596949
5585	13	125	96	109	-0.493008513534566
5586	13	125	109	114	0.193884017617028
5587	13	125	114	127	8.87362477110378
5588	13	125	127	139	-8.47148048923134
5589	110	113	12	16	0.0751251748111477
5590	110	113	16	34	0.0410371080310265
5591	110	113	34	47	-0.0160761775733901
5592	110	113	47	49	-0.286213539374634
5593	110	113	49	66	0.980715020912106
5594	110	113	72	77	-0.0206801442483983
5595	110	113	77	91	-0.0273400364352461
5596	110	113	91	98	-0.566656506807065
5597	110	113	98	106	-8.72961229698525
5598	41	42	14	25	-0.412198362698154
5599	41	42	25	34	-1.08615406811364
5600	41	42	34	36	-1.65163142688992
5601	41	42	36	38	-6.24708256632523
5602	41	42	38	39	-12.5092710903255
5603	41	42	39	40	-42.6803461775907
5604	41	42	40	43	72.0885864489632
5605	41	42	43	44	-3.93798453312859
5606	41	42	44	45	-1.06460929912877
5607	41	42	45	46	-0.618546367299054
5608	69	70	15	23	1.07977778770363
5609	69	70	33	47	-0.0117225432390826
5610	69	70	47	51	-0.111866456852582
5611	69	70	51	64	-7.11193275847544
5612	69	70	64	66	-9.68699513589032
5613	69	70	66	67	-16.7495760936614
5614	69	70	67	68	-50.7158235497243
5615	69	70	68	71	121.859120433621
5616	26	29	12	18	-0.0128517422763152
5617	26	29	18	22	-0.027957429318625
5618	26	29	22	24	-0.122705252002717
5619	26	29	24	25	-3.46117949637475
5620	26	29	27	28	9.68186360542034
5621	26	29	28	30	41.3651676924631
5622	26	29	30	31	-38.0615685024531
5623	26	29	31	32	-4.73980338315834
5624	26	29	32	33	-0.600411869914252
5625	111	114	11	14	0.0405964159315444
5626	111	114	14	32	0.117264004729578
5627	111	114	32	48	-0.0292444394242854
5628	111	114	48	56	-1.25540529516041
5629	111	114	56	67	1.79994396184418
5630	111	114	67	68	0.0253076493195977
5631	111	114	68	75	-0.525611138304876
5632	111	114	75	93	-0.0438841654937129
5633	111	114	93	98	-0.504066907705549
5634	111	114	98	107	-9.74913359952348
5635	121	41	19	30	0.311988226172412
5636	121	41	30	40	78.2211088005816
5637	121	41	40	46	-71.7257618210054
5638	121	41	46	64	-6.79753131193681
5639	121	41	64	74	-0.108722016030852
5640	121	41	74	75	0.0136860014920185
5641	121	41	75	79	0.515676907731647
5642	121	41	79	80	0.304048761334054
5643	121	41	80	81	0.461328484242595
5644	14	15	25	36	-0.00679805780673425
5645	14	15	47	50	-0.0761273741168272
5646	14	15	50	64	0.189086722807396
5647	14	15	64	68	0.151207416800681
5648	14	15	68	79	-0.257647366974964
5649	14	15	96	108	-0.0299900802427731
5650	14	15	108	113	0.0250616289798159
5651	14	15	113	144	0.00490632085260761
5652	14	62	60	63	27.7450284184118
5653	14	62	63	64	-28.9806873717583
5654	14	62	64	72	-33.2029254854003
5655	14	62	72	78	-0.0629380805617728
5656	14	62	96	102	1.40141921059092
5657	14	62	102	112	1.91157566836006
5658	14	62	112	120	-3.31509805383793
5659	87	143	13	21	-1.00266647218252
5660	87	143	29	35	-2.75519921804369
5661	87	143	35	40	-0.607579287941237
5662	87	143	40	47	2.29270735449324
5663	87	143	47	55	1.30286109672061
5664	87	143	55	72	-0.0285788333567202
5665	87	143	72	79	-1.10897895307678
5666	87	143	79	83	-11.8886844293054
5667	87	143	83	88	-134.427588964846
5668	14	126	71	72	0.13474227959885
5669	14	126	72	73	0.0435308200667758
5670	14	126	74	81	0.462120272958404
5671	14	126	81	82	-0.0270550005806558
5672	14	126	82	96	-0.433199077743997
5673	14	126	96	108	-0.51129762228167
5674	14	126	108	118	0.468590373380567
5675	14	126	118	128	7.30411737538642
5676	14	126	128	135	-6.66965211053073
5677	54	14	59	63	7.71964780540474
5678	54	14	63	66	1.10534755756375
5679	54	14	66	77	-2.24879327617957
5680	54	14	77	84	-0.0137364009906628
5681	54	14	84	90	-0.0137356119283666
5682	54	14	90	101	-3.04625306615492
5683	54	14	101	109	1.13647516968232
5684	54	14	109	116	1.71937352777199
5685	54	14	116	121	0.220378369635228
5686	29	32	15	22	-0.0166106691499594
5687	29	32	24	27	-0.0478976667846268
5688	29	32	27	28	-3.36579587015899
5689	29	32	30	31	101.481272517355
5690	29	32	31	33	6.78304863588863
5691	29	32	33	34	-49.475269041253
5692	29	32	34	35	-12.0164081800459
5693	29	32	35	38	-7.63746733942491
5694	15	71	65	67	2.74985405842775
5695	15	71	67	68	4.0987616225051
5696	15	71	74	83	-0.0719179591864416
5697	15	71	83	96	-0.0464466023067376
5698	15	71	96	104	-0.22421548905686
5699	15	71	110	120	0.375631304897637
5700	15	71	120	128	-0.0449604909492749
5701	15	71	128	132	-0.0299263305626172
5702	13	69	62	66	20.6171632050755
5703	13	69	66	70	56.4622645682
5704	13	69	70	75	-78.0821611379678
5705	13	69	75	80	-0.0312138907075318
5706	13	69	80	95	-0.0668454513669199
5707	13	69	95	99	-0.0496662844275031
5708	13	69	99	109	0.667353737673315
5709	13	69	109	114	0.947408366236538
5710	13	69	114	127	-1.49228110649013
5711	13	69	127	135	-0.0535131135947148
5712	13	61	60	62	-1.57821278279916
5713	13	61	62	65	-48.2935479741004
5714	13	61	65	70	-10.513825170118
5715	13	61	70	75	-0.628461132436831
5716	13	61	96	101	1.28500475080238
5717	13	61	101	114	1.01397811302093
5718	13	61	114	118	-2.05638898133414
5719	13	61	118	143	-0.240581713448487
5720	14	70	62	67	13.3110065498729
5721	14	70	67	68	16.0741509605662
5722	14	70	68	75	-27.120136666896
5723	14	70	75	83	-0.0665618944436953
5724	14	70	83	96	-0.0494092209956758
5725	14	70	96	101	-0.122180575057954
5726	14	70	101	108	0.0207598215326419
5727	14	70	108	118	0.315398590381929
5728	14	70	118	124	-0.0979237054578109
5729	14	70	124	144	-0.11420793769452
5730	15	16	27	34	-0.00647178575778414
5731	15	16	34	48	-0.00524940701261889
5732	15	16	48	58	-0.346234321288091
5733	15	16	58	65	0.389129228689823
5734	15	16	65	67	0.15294613866429
5735	15	16	67	79	-0.187487973673169
5736	15	16	79	96	-0.00825325276798294
5737	15	16	96	106	-0.0383884331549766
5738	15	16	106	116	0.0408262877413125
5739	15	127	72	73	0.0514428212547633
5740	15	127	74	75	0.021200157805469
5741	15	127	75	76	0.0182256627600984
5742	15	127	76	87	0.343008077139393
5743	15	127	87	96	-0.314609818034015
5744	15	127	96	103	-0.372708298753741
5745	15	127	103	119	0.295887909188217
5746	16	128	74	75	0.0231986933905978
5747	16	128	75	76	0.0218683141963584
5748	16	128	76	81	0.962675240468826
5749	16	128	81	91	-0.501023576964296
5750	16	128	91	96	-0.207887211072979
5751	16	128	96	99	-0.454683291755335
5752	16	128	99	121	0.21106467763376
5753	16	128	121	130	30.310309170013
5754	16	128	130	143	-30.1334048995509
5755	15	63	61	64	34.9705121818987
5756	15	63	64	66	-43.7591008421083
5757	15	63	66	72	-23.345270680237
5758	15	63	72	77	-0.113498122545972
5759	15	63	94	97	0.317229635955854
5760	15	63	97	114	2.50050235206421
5761	15	63	114	122	-2.82452546762157
5762	113	114	14	18	0.0183009229457079
5763	113	114	18	38	0.0355098685461303
5764	113	114	47	51	-0.142744028601773
5765	113	114	51	67	0.0911647265296374
5766	113	114	67	72	0.0710295720439092
5767	113	114	72	77	-0.00384881927514307
5768	113	114	77	96	-0.0160037239838108
5769	113	114	96	103	-0.811711203450437
5770	113	114	103	108	-3.13971318168071
5771	79	39	14	21	-0.0552451629003621
5772	79	39	21	25	-0.0172145917191306
5773	79	39	25	33	3.49140058597053
5774	79	39	33	34	4.62891699768213
5775	79	39	34	38	157.781529820201
5776	79	39	38	43	-158.779367871341
5777	79	39	43	47	-3.45319695564017
5778	79	39	47	50	-3.61654373643535
5779	79	39	50	67	-0.0576793122505739
5780	79	39	67	78	-120.017362480425
5781	16	19	26	33	-0.02048288571155
5782	16	19	33	48	-0.0161880334393415
5783	16	19	48	54	-0.274453594988209
5784	16	19	64	70	0.953099348066361
5785	16	19	70	78	-0.057667275773763
5786	16	19	78	96	-0.0244639414662705
5787	16	19	96	108	-0.108298768120629
5788	16	19	108	116	0.0954351804469369
5789	16	19	116	142	0.0135180897257675
5790	56	16	61	64	7.4556914761608
5791	56	16	64	66	1.44280368375042
5792	56	16	71	82	-0.163908130541061
5793	56	16	82	93	-0.0291402341542868
5794	56	16	93	98	-1.7243504999152
5795	56	16	98	107	-1.79730429397179
5796	56	16	107	118	3.49061063979499
5797	56	16	118	123	0.0789796053747392
5798	75	35	25	29	0.755438391278187
5799	75	35	29	32	9.66808284002133
5800	75	35	32	37	46.6094183180684
5801	75	35	37	40	-48.2187448791127
5802	75	35	40	46	-6.63518371234649
5803	75	35	46	61	-2.12400545470704
5804	75	35	61	69	-0.0656848974396193
5805	75	35	69	71	-0.0273065456645838
5806	43	91	23	33	-0.347236619610328
5807	43	91	33	36	-0.973768316292366
5808	43	91	36	40	-3.86310965953587
5809	43	91	40	44	-5.83827686105831
5810	43	91	44	45	3.80172128348211
5811	43	91	45	48	4.20101594274008
5812	43	91	48	54	3.02919306800786
5813	43	91	73	77	0.0644032845587864
5814	80	128	15	22	-0.0082108192026249
5815	80	128	22	29	-0.0586569413187405
5816	80	128	40	46	0.398719624763933
5817	80	128	46	50	0.1900418259649
5818	80	128	67	77	-5.22116668684461
5819	80	128	77	78	-14.8751460340501
5820	80	128	78	81	-82.626492843468
5821	80	128	81	82	73.3799400583462
5822	15	18	25	36	-0.0303045080158319
5823	15	18	36	47	-0.00868404653783603
5824	15	18	47	49	-0.102284040622001
5825	15	18	49	62	-0.745845917565455
5826	15	18	62	70	0.996532593011679
5827	15	18	70	79	-0.127843079559459
5828	15	18	79	94	-0.0201865237376994
5829	15	18	94	100	-0.0456059998030381
5830	15	18	100	120	0.0739118800733145
5831	15	18	120	142	-0.0282789674570262
5832	55	15	61	62	2.25086891261538
5833	55	15	62	70	2.19422603861575
5834	55	15	70	76	-0.430846279893171
5835	55	15	76	87	-0.0309241939340494
5836	55	15	87	90	-0.00715951499595889
5837	55	15	90	104	-3.5016681217164
5838	55	15	104	108	0.677122416374255
5839	55	15	108	113	1.81758403346196
5840	55	15	113	121	1.04426573757134
5841	16	64	62	65	26.3361367080661
5842	16	64	65	67	-36.6700191542951
5843	16	64	67	69	-14.7420664511967
5844	16	64	69	79	-8.90865954501809
5845	16	64	95	101	0.632750276835138
5846	16	64	101	113	2.71443012447064
5847	16	64	113	124	-3.354624151031
5848	16	72	63	68	2.2973768419304
5849	16	72	68	71	19.7968333600563
5850	16	72	71	77	-18.4737191609976
5851	16	72	77	84	-0.0523451046218933
5852	16	72	84	86	-0.013587538091032
5853	16	72	86	104	-0.247177601690636
5854	16	72	104	114	0.0375719454148197
5855	16	72	114	121	0.295821946286711
5856	16	72	121	127	-0.0342864158091222
5857	16	72	127	143	-0.0748482557658832
5858	136	96	15	21	-0.0206369888609141
5859	136	96	31	36	0.768470187132369
5860	136	96	36	43	1.67465632942399
5861	136	96	43	47	0.178066718924157
5862	136	96	47	50	-2.56048039080301
5863	136	96	50	71	-0.0152397650812077
5864	136	96	71	79	-0.238949200088445
5865	136	96	79	82	-0.557107080386529
5866	136	96	82	87	0.803405234133286
5867	118	38	25	32	2.48014767134831
5868	118	38	32	37	148.773924356616
5869	118	38	37	43	-145.164119816165
5870	118	38	43	61	-6.33189102687473
5871	118	38	61	66	-0.293765945395988
5872	118	38	66	74	0.474577902832
5873	118	38	74	76	0.045518934025258
5874	118	38	76	77	0.395736848081135
5875	118	38	77	78	0.235433367219898
5876	84	85	18	27	-0.00795267241812889
5877	84	85	27	36	0.483656619137259
5878	84	85	36	40	0.300425963749772
5879	84	85	40	48	-0.435272853091984
5880	84	85	48	53	-0.337617933866251
5881	84	85	53	75	-0.0228999454530003
5882	84	85	75	80	-2.7656898343667
5883	84	85	80	81	-4.73536641570776
5884	84	85	81	82	-18.3108708192715
5885	84	85	82	83	-66.6937523755288
5886	18	66	62	67	59.7417994115696
5887	18	66	67	68	-28.1614905649412
5888	18	66	68	69	-22.8302516858463
5889	18	66	69	78	-22.6954028064767
5890	18	66	78	80	-0.00163158176293584
5891	18	66	91	98	0.173574467887222
5892	18	66	98	113	2.95850462558619
5893	18	66	113	122	-3.13013529074716
5894	18	130	74	75	0.0305778575442119
5895	18	130	75	76	0.0256068430757614
5896	18	130	76	77	0.503381109409295
5897	18	130	77	79	0.379425156854508
5898	18	130	79	90	0.526082822954364
5899	18	130	90	94	-0.362941972069103
5900	18	130	94	102	-1.24107354314688
5901	18	130	102	121	0.172175257045765
5902	18	130	121	127	7.44992718489361
5903	18	130	127	142	-5.75197723401073
5904	18	19	29	36	-0.00879564785090972
5905	18	19	36	48	-0.00428115049332173
5906	18	19	48	57	-0.209097678191616
5907	18	19	65	72	0.443881271683826
5908	18	19	73	96	-0.0170009329147915
5909	18	19	96	102	-0.0254307605654152
5910	18	19	102	116	0.015428307642903
5911	18	19	116	143	0.0102177556034147
5912	18	74	67	70	2.7978200662155
5913	18	74	70	71	0.506155819537862
5914	18	74	78	83	-0.0281499688957133
5915	18	74	83	96	-0.0341732113712534
5916	18	74	96	98	-0.0701115795123671
5917	18	74	110	120	0.384106917089623
5918	18	74	126	143	-0.0640668230947575
5919	58	18	62	66	13.0081636508061
5920	58	18	66	71	0.455749578175934
5921	58	18	71	77	-0.117274462846863
5922	58	18	77	84	-0.0283273306607177
5923	58	18	84	93	-0.0259473056742569
5924	58	18	93	99	-1.41212823130636
5925	58	18	111	114	1.61956448385401
5926	58	18	114	127	1.5461239650395
5927	18	21	30	38	-0.0249280618284419
5928	18	21	38	46	-0.00964876647720611
5929	18	21	46	54	-0.308977839003904
5930	18	21	66	73	2.09172923491441
5931	18	21	76	87	-0.0449997144916415
5932	18	21	87	97	-0.0482197647048406
5933	18	21	97	117	0.0106696138814831
5934	18	21	117	144	0.029619521906719
5935	98	18	60	61	0.433239321658064
5936	98	18	61	63	1.32143983726365
5937	98	18	70	77	-0.709445275043821
5938	98	18	77	92	-0.059102154592717
5939	98	18	92	95	-0.00330826740506029
5940	98	18	95	100	-39.9876292735699
5941	98	18	100	118	40.0604547164476
5942	98	18	126	141	-0.0608908071228165
5943	19	22	27	31	-0.0252737340517975
5944	19	22	31	48	-0.038738503056066
5945	19	22	48	50	-0.118783679844055
5946	19	22	50	64	-2.51125794841384
5947	19	22	64	72	2.65027754129065
5948	19	22	80	96	-0.0383251635186153
5949	19	22	96	109	-0.203693627177557
5950	19	22	109	115	0.0847549789510149
5951	19	22	115	144	0.119597427150549
5952	59	19	62	65	17.715789427424
5953	59	19	65	67	3.31978806129259
5954	59	19	67	74	0.814411194868971
5955	59	19	74	83	-0.0430534587969506
5956	59	19	83	94	-0.0350830528296059
5957	59	19	94	100	-1.46269130390835
5958	59	19	111	119	3.63951051563298
5959	59	19	119	123	0.0516545469070874
5960	36	92	17	24	-5.01161263707582
5961	36	92	24	30	-0.165036565687373
5962	36	92	30	32	-0.788175237229465
5963	36	92	32	38	-8.62417723181388
5964	19	75	65	70	2.51826101455093
5965	19	75	70	72	0.67145698589679
5966	19	75	82	95	-0.0880311960630798
5967	19	75	115	120	0.218220312392678
5968	19	75	126	144	-0.0585778058532153
5969	20	21	26	37	-0.0182121881732855
5970	20	21	47	53	-0.0670444841812912
5971	20	21	66	72	0.678244237190249
5972	20	21	79	89	-0.00708697823194845
5973	20	21	96	100	-0.0162717655875086
5974	20	21	100	144	0.0164728848796941
5975	19	20	28	33	-0.00920480840385929
5976	19	20	33	48	-0.0149296591438216
5977	19	20	48	49	-0.0349388894286841
5978	19	20	49	63	-0.822175298049655
5979	19	20	63	68	0.0988691698264646
5980	19	20	68	74	0.778453935945539
5981	19	20	74	93	-0.0196126564745722
5982	19	20	96	98	-0.0169553332216869
5983	19	20	98	144	0.0172118383626094
5984	20	68	63	67	96.7332100499588
5985	20	68	69	72	-111.150989310501
5986	20	68	72	78	-1.55613194251141
5987	20	68	95	100	0.172908713591638
5988	20	68	100	114	2.26021634820273
5989	20	68	114	120	-2.42569383184695
5990	20	76	67	70	1.78514480833489
5991	20	76	70	74	0.564043475765354
5992	20	76	74	77	5.13153020089813
5993	20	76	77	81	-4.94063317373916
5994	20	76	81	94	-0.235702632717234
5995	20	76	96	100	-0.0576547428385478
5996	20	76	100	122	0.105783846810389
5997	20	76	129	140	-0.0485692138646919
5998	99	19	61	62	0.618246053842512
5999	99	19	62	63	0.652945405015184
6000	99	19	63	67	0.942180308172241
6001	99	19	67	78	-3.00007605935354
6002	99	19	78	92	-0.0670331505696636
6003	99	19	93	110	-1.2071302281964
6004	99	19	110	111	0.296516538368538
6005	99	19	111	123	0.994579002745734
6006	99	19	123	135	-0.0720887671163017
6007	20	23	47	49	-0.0715545648513603
6008	20	23	49	64	-1.93323817119641
6009	20	23	64	73	2.05442224449034
6010	20	23	78	93	-0.0304008602766246
6011	20	23	96	98	-0.035745443840024
6012	20	23	98	144	0.0364057717608404
6013	100	20	61	62	0.512438330104866
6014	100	20	62	63	0.542045777558816
6015	100	20	70	72	-0.454232572356835
6016	100	20	72	83	-0.104080693415085
6017	100	20	83	93	-0.0467514358766243
6018	100	20	93	97	-24.7780555327202
6019	100	20	97	117	24.7120669332152
6020	100	20	117	127	0.145313302222849
6021	100	20	127	141	-0.0837143906903599
6022	134	135	35	44	0.194338563849776
6023	134	135	47	53	-0.158159216305822
6024	134	135	53	77	-0.116930473349858
6025	134	135	83	87	0.837099546655861
6026	134	135	87	93	0.668434035367196
6027	134	135	93	97	-0.786539491148128
6028	134	135	97	125	-0.248802330023066
6029	21	24	30	37	-0.0195158020343185
6030	21	24	37	48	-0.00688990524164709
6031	21	24	48	53	-0.128105619501515
6032	21	24	53	68	-1.33080633066696
6033	21	24	68	71	1.33356075043567
6034	21	24	71	80	0.148816864790226
6035	21	24	80	87	-0.0170534679211076
6036	21	24	87	96	-0.00615989443197312
6037	21	24	96	101	-0.0398851656888751
6038	21	24	101	144	0.0402820512864073
6039	19	67	65	68	66.3478986167241
6040	19	67	68	69	-61.5220736063546
6041	19	67	69	72	-44.9837647636387
6042	19	67	72	76	-0.776429616700829
6043	19	67	92	98	0.131450721770047
6044	19	67	98	113	2.71590132276514
6045	19	67	113	123	-2.84763140646494
6046	19	131	75	76	0.0302051158556425
6047	19	131	76	77	0.519781082720298
6048	19	131	77	78	0.300086727467241
6049	19	131	78	84	3.29523567599964
6050	19	131	84	93	-2.59153343689608
6051	19	131	93	94	-0.145010556243536
6052	19	131	94	110	-1.67301203230016
6053	19	131	110	120	0.243651025455037
6054	19	131	120	127	4.90352158527814
6055	19	131	127	142	-2.63186596886174
6056	60	20	62	65	28.0554733661812
6057	60	20	65	68	5.90615950700207
6058	60	20	68	76	2.13356450016798
6059	60	20	76	85	-0.0632968879095968
6060	60	20	85	95	-0.0316750679437669
6061	60	20	95	103	-2.68512112935624
6062	60	20	113	115	1.24990110312545
6063	60	20	115	122	1.69136050107073
6064	20	132	76	77	0.513329779739695
6065	20	132	77	78	0.302593275136541
6066	20	132	78	79	0.117490444136704
6067	20	132	79	82	2.2941342669106
6068	20	132	89	95	-1.18059105726554
6069	20	132	95	105	-1.60949323790417
6070	20	132	105	119	0.0691325057388752
6071	20	132	119	126	1.59939238905957
6072	21	22	30	36	-0.0125214407687977
6073	21	22	42	51	-0.0529369302742866
6074	21	22	51	63	-0.790121584801606
6075	21	22	63	69	0.175188408287373
6076	21	22	69	76	0.691495227148466
6077	21	22	76	84	-0.0163813349133063
6078	21	22	84	96	-0.00804654089951085
6079	21	22	96	97	-0.0152639085585195
6080	21	22	97	143	0.0156352740352882
6081	21	69	65	68	97.6006149538556
6082	21	69	70	73	-77.7215486610138
6083	21	69	73	78	-0.212918968720437
6084	21	69	94	99	0.081153338708893
6085	21	69	99	117	1.05569653011529
6086	21	69	117	123	-1.14038981926309
6087	61	21	63	66	24.9048590014897
6088	61	21	66	68	5.08465594471642
6089	61	21	68	72	4.05812053362275
6090	61	21	72	84	-0.0375019233575654
6091	61	21	84	95	-0.0403907584503528
6092	61	21	95	100	-1.10888368975152
6093	61	21	100	112	-2.3579345740526
6094	61	21	112	118	3.29135287480178
6095	61	21	118	126	0.256783624439043
6096	21	77	68	72	1.4675135810138
6097	21	77	72	74	0.0389281898734143
6098	21	77	74	76	5.65778615490427
6099	21	77	76	83	-3.97248769224786
6100	21	77	83	92	-1.48752376710712
6101	21	77	92	96	-0.0803822009206907
6102	21	77	96	97	-0.15070090657296
6103	21	77	97	121	0.0373575355381182
6104	21	77	121	125	0.219342113289389
6105	21	77	125	137	-0.0243931163425532
6106	22	23	31	33	-0.00857958719273345
6107	22	23	47	49	-0.0117728953157993
6108	22	23	49	68	-0.356060695628765
6109	22	23	68	73	0.37624717460687
6110	22	23	76	87	-0.00584980236711052
6111	22	23	96	98	-0.00616515807561726
6112	22	23	98	144	0.00638632572376952
6113	42	45	40	41	-9.95958800405007
6114	42	45	41	43	8.47370963459817
6115	42	45	43	44	10.1147931943937
6116	42	45	44	46	5.06984958785444
6117	42	45	46	47	-3.18513446110957
6118	42	45	47	48	-0.84399022119463
6119	22	25	30	37	-0.0113948313893932
6120	22	25	37	46	-0.00542889103431985
6121	22	25	46	52	-0.0349910220158092
6122	22	25	52	65	-0.496941912996235
6123	22	25	65	72	0.524407266201193
6124	22	25	72	80	0.0180683820302929
6125	22	25	80	89	-0.00969929546816575
6126	22	25	95	99	-0.0104414344365945
6127	22	25	99	144	0.010347291345962
6128	101	21	62	63	0.357579125783038
6129	101	21	63	64	0.606201224046812
6130	101	21	64	69	0.24508554892806
6131	101	21	71	92	-0.262691879090888
6132	101	21	92	95	-0.00462466559008127
6133	101	21	95	100	-79.6908988468538
6134	101	21	100	117	79.5898389896122
6135	101	21	117	124	0.281086693289036
6136	101	21	124	143	-0.126775913458032
6137	22	70	64	68	25.966004140916
6138	22	70	68	71	25.6780832285312
6139	22	70	71	74	-54.6567479076757
6140	22	70	91	98	0.0225639878674962
6141	22	70	98	116	0.506326766738896
6142	22	70	116	121	-0.530671681405142
6143	21	133	77	78	0.297860315550616
6144	21	133	78	79	0.0995221990956689
6145	21	133	79	80	0.448834719766591
6146	21	133	80	84	3.26273533079377
6147	21	133	87	96	-2.48504718795266
6148	21	133	96	116	-1.74231238367169
6149	21	133	116	124	0.0467750590208738
6150	21	133	124	131	67.569480776685
6151	21	133	131	139	-61.2048447520606
6152	62	22	63	67	54.9473859498669
6153	62	22	67	69	6.37653472621623
6154	62	22	69	76	4.37242370220578
6155	62	22	76	79	-0.0365205693569934
6156	62	22	79	96	-0.0905752769855408
6157	62	22	96	104	-2.63113926631906
6158	62	22	104	110	-1.78727394782695
6159	62	22	110	119	4.44936888387039
6160	62	22	119	125	0.0719241828743664
6161	102	22	63	64	0.375423839491282
6162	102	22	64	65	0.255097196581962
6163	102	22	65	69	0.481378284574437
6164	102	22	73	89	-0.137305190152848
6165	102	22	89	94	-0.0109564986467398
6166	102	22	94	98	-14.4485945834186
6167	102	22	98	115	13.6133250453174
6168	102	22	115	124	0.980415788069065
6169	102	22	124	143	-0.150858684764024
6170	23	24	32	48	-0.00635527936286475
6171	23	24	48	50	-0.00531055093208876
6172	23	24	50	69	-0.0980732427358096
6173	23	24	69	71	0.085147694166051
6174	23	24	71	76	0.022030158831521
6175	23	24	83	95	-0.00271558812336699
6176	23	24	95	111	-0.00972355131203644
6177	23	24	111	144	0.00965731824040852
6178	23	26	38	41	-0.0112361003695613
6179	23	26	41	57	-0.0344054469912379
6180	23	26	57	66	-0.140567449316646
6181	23	26	66	71	0.150328495182478
6182	23	26	71	80	0.0344656526401364
6183	23	26	80	87	-0.00870866361121223
6184	23	26	87	94	-0.00310633229674624
6185	23	26	94	97	-0.00341155267360457
6186	23	26	97	144	0.00296551257738574
6187	22	78	70	72	0.157128056100448
6188	22	78	72	75	0.222652963329819
6189	22	78	75	80	20.6250784766994
6190	22	78	80	84	-18.3744919381242
6191	22	78	84	95	-2.20045388530861
6192	22	78	95	97	-0.236993697220894
6193	22	78	113	120	0.0184345716230602
6194	22	78	120	132	0.87469752338143
6195	22	78	132	140	-0.614583789374542
6196	63	23	64	68	58.496153227034
6197	63	23	68	71	12.1383420984072
6198	63	23	71	76	0.673646896685007
6199	63	23	76	82	-0.0627087311755593
6200	63	23	82	89	-0.0495552576509922
6201	63	23	89	107	-3.46676498716568
6202	63	23	107	113	-0.16969635550536
6203	63	23	113	117	2.32473712002034
6204	63	23	117	126	1.39315742781787
6205	103	23	64	65	0.295945121565524
6206	103	23	65	66	0.228398783712215
6207	103	23	66	71	0.765503766199488
6208	103	23	71	73	0.0132945973535541
6209	103	23	73	86	-0.117979958263874
6210	103	23	86	96	-0.0398313593179726
6211	103	23	96	106	-23.5643546273666
6212	103	23	106	117	23.0926484139818
6213	103	23	117	124	0.635451757445263
6214	103	23	124	144	-0.161066487750196
6215	23	135	79	80	0.34180826158847
6216	23	135	80	81	0.591939551450913
6217	23	135	81	82	0.845460061827146
6218	23	135	82	83	0.905391369515906
6219	23	135	83	92	0.677375386178912
6220	23	135	92	95	-0.914755536029116
6221	23	135	95	97	-2.9971949765738
6222	23	135	97	125	0.428472544636146
6223	23	135	125	133	59.6837045408117
6224	23	135	133	141	-52.1682051975077
6225	24	25	32	37	-0.00349106300469649
6226	24	25	37	43	-0.00252803351321494
6227	24	25	50	67	-0.0231841297847288
6228	24	25	67	71	0.0208786569516323
6229	24	25	71	75	0.00380756330877877
6230	24	27	33	35	-0.00931350010364361
6231	24	27	35	48	-0.00944547482728578
6232	24	27	51	67	-0.0242699388939325
6233	24	27	67	76	0.0271313247030538
6234	24	27	76	82	0.00787281935199771
6235	24	27	82	91	-0.00814570166073029
6236	22	134	78	79	0.106353500267894
6237	22	134	79	80	0.395405981611205
6238	22	134	80	81	0.741331607117921
6239	22	134	81	82	1.00335043467112
6240	22	134	82	91	0.315386101624448
6241	22	134	91	96	-1.06257348180824
6242	22	134	96	102	-2.14695211489048
6243	22	134	102	126	0.923715471800006
6244	22	134	126	129	12.0519238638345
6245	22	134	129	144	-9.40020688957252
6246	23	71	66	69	14.7097894077083
6247	23	71	69	72	1.82228417370795
6248	23	71	72	73	-17.4855999428059
6249	23	71	73	78	-0.987938371584549
6250	23	71	96	97	0.00528883317675078
6251	23	79	70	74	0.0476894213496315
6252	23	79	74	77	16.4765458900668
6253	23	79	77	78	105.699340551257
6254	23	79	78	83	-117.953277317113
6255	23	79	83	91	-3.88594262920664
6256	23	79	91	97	-0.453477239466296
6257	23	79	115	125	0.359675171046101
6258	23	79	133	142	-0.700493066543406
6259	24	72	69	70	6.30163396400981
6260	24	72	73	75	-5.65858795797776
6261	24	72	96	98	0.00214714094523993
6262	24	72	119	128	-0.00582578926566441
6263	64	24	66	68	23.9798355219533
6264	64	24	68	69	8.51441908878457
6265	64	24	69	76	10.7394192178966
6266	64	24	76	83	-0.0678826209124705
6267	64	24	83	91	-0.0426681164489448
6268	64	24	91	104	-1.7107905429167
6269	64	24	104	112	-1.87537538722656
6270	64	24	112	116	1.54592603701102
6271	64	24	116	128	2.10765353884465
6272	104	24	65	66	0.268701115129338
6273	104	24	66	67	0.263476735603489
6274	104	24	67	70	0.764381577709952
6275	104	24	70	78	0.110760734509164
6276	104	24	78	89	-0.106909021347902
6277	104	24	89	93	-0.00969252990872069
6278	104	24	93	98	-5.91551280845595
6279	104	24	98	118	5.84014157839391
6280	104	24	118	125	0.202053855645894
6281	126	129	29	44	0.329351330151904
6282	126	129	44	48	-0.0660249591951731
6283	126	129	48	63	-0.190328169448001
6284	126	129	77	82	1.2797955569194
6285	126	129	90	94	-0.203582641080301
6286	126	129	94	97	-0.62666036551421
6287	126	129	97	118	-0.0286217880461044
6288	24	136	80	81	0.51003526644816
6289	24	136	81	82	0.675243208505738
6290	24	136	82	83	0.752755532932764
6291	24	136	83	86	1.22259190778972
6292	24	136	94	96	-0.748301488649865
6293	24	136	96	106	-3.30259560086593
6294	24	136	106	125	0.266041556825995
6295	24	136	125	134	65.4218809906191
6296	24	136	134	142	-57.1552756185726
6297	25	26	32	38	-0.00577784805398945
6298	25	26	73	77	0.00360235444953528
6299	24	80	72	75	0.177608894789363
6300	24	80	75	77	5.45358428991934
6301	24	80	77	83	6.42667377842663
6302	24	80	83	87	-9.54171267940566
6303	24	80	87	94	-1.92669701406067
6304	24	80	94	99	-0.54113741667164
6305	24	80	121	134	1.22671206219931
6306	24	80	134	141	-0.777840927277245
6307	25	73	67	71	0.70989017461647
6308	25	73	82	96	-0.00540935511623711
6309	65	25	64	69	47.8570102303564
6310	65	25	69	71	14.8850389168841
6311	65	25	71	78	1.47232145126569
6312	65	25	78	83	-0.0310810461077699
6313	65	25	83	85	-0.0140765802931878
6314	65	25	85	101	-0.637158395822724
6315	65	25	101	113	-3.13515167256824
6316	65	25	113	121	3.84416359926569
6317	105	25	66	67	0.309054063483395
6318	105	25	67	68	0.245393610150801
6319	105	25	68	71	0.824955997023001
6320	105	25	71	75	0.0585175589619684
6321	105	25	75	86	-0.118297287464759
6322	105	25	86	93	-0.0368125043759292
6323	105	25	93	110	-11.2145368457102
6324	105	25	110	119	11.2890792617033
6325	105	25	119	126	0.0447061754479852
6326	25	137	81	82	0.572469311756201
6327	25	137	82	83	0.636870492219951
6328	25	137	83	84	0.313950863946217
6329	25	137	84	86	1.09877123707769
6330	25	137	86	93	1.45158143061616
6331	25	137	93	96	-1.16245816831116
6332	25	137	96	101	-3.84611495385773
6333	25	137	101	127	0.511217777810256
6334	25	137	127	132	8.32263755958325
6335	25	137	132	142	1.26231824914776
6336	26	29	33	39	-0.842838551863736
6337	26	29	39	47	-0.236961343931945
6338	26	29	47	51	-0.0883511592904742
6339	26	29	51	70	-0.0320094958415816
6340	26	29	70	75	0.0135182205931453
6341	26	29	75	82	0.487539271706841
6342	26	29	82	95	-0.388000736035325
6343	26	29	95	96	-0.0065046159496709
6344	26	29	96	97	-0.0756350847778363
6345	26	29	97	139	0.0763615399386256
6346	25	28	34	41	-0.0265044878585335
6347	25	28	70	77	0.0142382109443432
6348	25	28	77	80	0.00955455508597529
6349	25	28	80	84	-0.00836914670042434
6350	25	28	84	96	-0.0126740799498278
6351	25	81	73	75	0.141030965808359
6352	25	81	75	78	7.84397744358404
6353	25	81	78	83	23.2359906127271
6354	25	81	83	85	-19.940050725558
6355	25	81	85	92	-10.0449369341341
6356	25	81	92	99	-1.19553520698606
6357	25	81	124	133	2.23257552399265
6358	25	81	133	144	-1.66806067130976
6359	26	27	32	40	-0.00993508954603036
6360	26	27	74	80	0.00524653603982774
6361	26	74	117	130	-0.0071382444970055
6362	66	26	69	70	16.9187203949256
6363	66	26	70	73	7.6799205074104
6364	66	26	73	77	0.0161290397515208
6365	66	26	77	84	-0.0414413459453094
6366	66	26	84	92	-0.0326186638011467
6367	66	26	92	98	-0.248136194131889
6368	66	26	98	111	-2.68783940161427
6369	66	26	111	121	3.02293205872238
6370	26	82	71	75	0.114157658805881
6371	26	82	75	79	7.80737640772529
6372	26	82	79	84	42.7975277905174
6373	26	82	84	90	-48.2463582956605
6374	26	82	90	95	-1.13293392426857
6375	26	82	95	107	-1.26503875111926
6376	26	82	124	133	3.31083771029432
6377	26	82	133	142	-2.2887506642789
6378	106	26	67	68	0.301428390906559
6379	106	26	68	69	0.397475531591395
6380	106	26	69	70	0.448186125544206
6381	106	26	70	77	0.214589697818358
6382	106	26	77	90	-0.128249410100549
6383	106	26	90	96	-0.00826563238938776
6384	106	26	96	100	-6.03692373079369
6385	106	26	100	120	6.18284056146637
6386	27	28	34	39	-0.0192177946687415
6387	27	28	39	45	-0.00629080480328864
6388	27	28	72	77	0.00944656351752154
6389	27	28	77	80	0.00636863946550643
6390	27	28	80	92	-0.0138631763577606
6391	27	30	35	39	-0.724407809375476
6392	27	30	39	48	-0.383374909298867
6393	27	30	48	49	-0.119486011623663
6394	27	30	49	70	-0.0437536246845625
6395	27	30	70	76	0.0393958014587779
6396	27	30	76	85	0.515819677290587
6397	27	30	85	89	-0.275437457021739
6398	27	30	89	97	-0.236633978146958
6399	27	30	97	128	0.642945460388514
6400	27	75	73	76	3.27499532484968
6401	27	75	76	78	-3.17356518274845
6402	27	75	78	81	-0.0343905978836418
6403	27	75	81	87	-0.0645162639466672
6404	27	75	87	92	-0.00935121351113256
6405	27	83	73	78	3.03792175862867
6406	27	83	78	80	9.10838252118904
6407	27	83	80	84	134.720599068015
6408	27	83	84	91	-141.233186268023
6409	27	83	91	93	-0.664532075519205
6410	27	83	93	102	-2.451033793963
6411	27	83	119	126	0.485289409504386
6412	27	83	126	130	2.96787167554215
6413	27	83	130	142	-2.03747511858451
6414	67	27	65	70	30.1423779328442
6415	67	27	70	74	14.0391735029217
6416	67	27	78	82	-0.0168295619574582
6417	67	27	82	88	-0.0348959758759988
6418	67	27	88	96	-0.00964010884134198
6419	67	27	96	104	-0.864534917101155
6420	67	27	119	128	0.143553675168828
6421	28	29	36	40	-0.274232829901749
6422	28	29	40	48	-0.181222797150829
6423	28	29	48	51	-0.0784447144858768
6424	28	29	51	69	-0.0221440613305133
6425	28	29	69	78	0.517946247165333
6426	28	29	85	94	-0.257776826289334
6427	28	29	94	96	-0.0169411951874674
6428	28	29	96	97	-0.073833344326522
6429	28	29	97	138	0.077911831035851
6430	28	31	37	42	-1.37115846849078
6431	28	31	42	48	-0.164396604001089
6432	28	31	48	52	-0.16675383481073
6433	28	31	52	71	-0.0522722921373049
6434	28	31	71	79	0.803761003348491
6435	28	31	87	95	-0.292793489834215
6436	28	31	95	97	-0.160946378865991
6437	28	31	123	136	0.224885644833461
6438	108	28	69	70	0.627913122839105
6439	108	28	70	71	0.225237017035246
6440	108	28	71	73	0.100862743728279
6441	108	28	77	87	-0.108615900162631
6442	108	28	87	94	-0.0309092261999266
6443	108	28	94	113	-11.9514149642799
6444	108	28	113	120	12.0760317387234
6445	108	28	120	123	0.0196831439763796
6446	107	27	68	69	0.470820197022242
6447	107	27	69	70	0.52082350735128
6448	107	27	70	72	0.257043226917289
6449	107	27	72	75	0.0234820406106895
6450	107	27	75	89	-0.141901813932171
6451	107	27	89	93	-0.00991645036513997
6452	107	27	93	100	-4.3424501645981
6453	107	27	100	117	2.65103980638633
6454	107	27	117	121	1.83846260630962
6455	26	138	82	83	0.527361295282389
6456	26	138	83	84	0.321519647558354
6457	26	138	84	85	0.425890342870941
6458	26	138	85	88	2.2425346739762
6459	26	138	88	94	0.424081037549007
6460	26	138	94	96	-0.901130109883912
6461	26	138	96	100	-4.28454104974593
6462	26	138	124	134	10.6094441529691
6463	26	138	134	144	-1.7934538787793
6464	27	139	83	84	0.301190241013313
6465	27	139	84	85	0.450895405603639
6466	27	139	85	86	0.798449711427692
6467	27	139	86	88	1.56572202664798
6468	27	139	88	91	1.0811029190261
6469	27	139	91	96	-1.41855604814601
6470	27	139	96	101	-4.49882541486191
6471	27	139	122	131	3.94196077382329
6472	27	139	131	144	5.52555807540714
6473	28	76	70	75	2.95184890062621
6474	28	76	75	77	2.39470809063543
6475	28	76	77	80	-5.09421952964662
6476	28	76	80	82	-0.116147069600975
6477	28	76	82	89	-0.123267078684946
6478	28	76	89	95	-0.0101269332571047
6479	28	76	130	140	-0.00942244896959894
6480	68	28	67	71	102.920751797952
6481	68	28	71	73	7.2526011019517
6482	68	28	73	78	0.106387997126651
6483	68	28	81	92	-0.0606782921894991
6484	68	28	95	114	-2.56524605246443
6485	68	28	114	121	2.62228375820135
6486	68	28	121	127	0.00671710549365627
6487	28	84	75	79	3.29171820090671
6488	28	84	79	81	15.4503870302129
6489	28	84	81	83	127.950526637661
6490	28	84	83	90	-142.348996688936
6491	28	84	90	96	-2.30463897704516
6492	28	84	96	101	-1.94977433821717
6493	28	84	124	135	3.66186582401334
6494	28	84	135	143	-2.13376229242356
6495	29	30	36	41	-0.237949319694483
6496	29	30	41	45	-0.0526381532804164
6497	29	30	45	49	-0.0553227828919447
6498	29	30	49	70	-0.0110254346663947
6499	29	30	70	78	0.189854175927987
6500	29	30	82	94	-0.139266044552322
6501	29	30	94	100	-0.0419515952171755
6502	29	30	100	129	0.145664013194281
6503	29	32	38	44	-1.67615648032263
6504	29	32	44	48	-0.159493235902517
6505	29	32	48	51	-0.225865860972048
6506	29	32	51	71	-0.021977819496593
6507	29	32	71	78	0.253165588930608
6508	29	32	78	86	0.402436422263941
6509	29	32	86	89	-0.245644925079961
6510	29	32	89	98	-0.38810192428035
6511	29	32	124	134	0.177294915084828
6512	29	77	74	78	56.8958232611457
6513	29	77	78	79	-41.0507278805772
6514	29	77	79	86	-15.330947586727
6515	29	77	86	91	-0.443047057639224
6516	29	77	91	95	-0.0461106302838466
6517	29	77	95	98	-0.0573089854716796
6518	29	77	132	143	-0.195656714407411
6519	69	29	71	72	13.4149267099059
6520	69	29	72	74	3.58057683158085
6521	69	29	74	79	0.573391535790581
6522	69	29	80	89	-0.405446206852063
6523	69	29	89	95	-0.0849066516454467
6524	69	29	95	99	-0.193049431871597
6525	69	29	119	131	0.448504371073745
6526	109	29	70	71	0.252768799025915
6527	109	29	71	72	0.0869602579757379
6528	109	29	72	74	0.0236136187002271
6529	109	29	74	79	0.546545624158337
6530	109	29	79	89	-0.477724976385514
6531	109	29	89	93	-0.0670754015243193
6532	109	29	93	98	-1.47876560960673
6533	109	29	98	119	1.25689074214143
6534	109	29	119	126	0.696896287675307
6535	28	140	84	85	0.416490575832796
6536	28	140	85	86	0.791160119142334
6537	28	140	86	87	0.927805098717781
6538	28	140	87	88	0.634463218606808
6539	28	140	88	91	1.18114733348988
6540	28	140	96	98	-4.65069557019928
6541	28	140	98	128	0.821022109550536
6542	28	140	128	132	3.16191458451033
6543	28	140	132	144	7.10327672362627
6544	29	85	74	78	1.37664671072484
6545	29	85	78	82	22.9192656542878
6546	29	85	82	84	94.2204478113124
6547	29	85	84	90	-112.723881141103
6548	29	85	90	93	-1.79068946369336
6549	29	85	93	98	-3.81299348959643
6550	29	85	119	129	1.78238959296291
6551	29	85	129	135	1.84463520176441
6552	29	85	135	143	-1.83486275305046
6553	30	31	36	40	-0.715074111371411
6554	30	31	40	46	-0.15001001517748
6555	30	31	46	49	-0.0639986266043241
6556	30	31	74	80	0.0589536663932843
6557	30	31	80	83	0.0707080007539288
6558	30	31	83	96	-0.0864890463676578
6559	30	31	96	97	-0.0398859888726739
6560	30	31	97	128	0.0126785938921594
6561	30	31	128	133	0.0121684031076203
6562	30	33	38	41	-4.31631910754866
6563	30	33	41	46	-1.13192509547981
6564	30	33	46	49	-0.768329260077514
6565	30	33	49	73	-0.0237996616110527
6566	30	33	73	79	0.175631688397129
6567	30	33	79	86	1.35180832012172
6568	30	33	86	92	-0.790890852492654
6569	30	33	92	97	-0.712893922322683
6570	30	33	125	138	0.368136699529096
6571	30	78	73	76	1.05590171181366
6572	30	78	76	79	120.91306544483
6573	30	78	79	80	-101.947975438156
6574	30	78	80	84	-18.2297158966272
6575	30	78	84	87	-1.17114441990519
6576	30	78	87	94	-0.553269340959963
6577	30	78	132	143	-0.361985391747923
6578	70	30	69	73	77.2796458839113
6579	70	30	73	76	0.63283381193451
6580	70	30	76	77	0.463735804223383
6581	70	30	86	96	-0.336180570625382
6582	70	30	96	99	-0.149336680940476
6583	70	30	99	113	-0.586341931309336
6584	70	30	120	128	0.703048469021226
6585	30	86	76	79	1.04067300385546
6586	30	86	79	82	12.467365653307
6587	30	86	82	84	31.5873748416515
6588	30	86	84	93	-39.8134210012159
6589	30	86	93	94	-0.837113791798385
6590	30	86	94	97	-4.4179042182893
6591	30	86	119	131	3.18211290390255
6592	30	86	131	137	0.338461655826144
6593	30	86	137	143	-1.14859553526133
6594	110	30	71	72	0.100340333460444
6595	110	30	72	73	0.0344506353836006
6596	110	30	74	81	0.721589489631859
6597	110	30	81	91	-0.620936842973162
6598	110	30	91	95	-0.0672492669641753
6599	110	30	95	107	-22.4224397081255
6600	110	30	107	121	22.3941888939275
6601	110	30	121	128	0.649878385620646
6602	31	34	39	43	-6.40541458615565
6603	31	34	43	48	-0.983715460640471
6604	31	34	48	51	-1.02443245520069
6605	31	34	51	75	-0.0359720356872287
6606	31	34	75	84	2.80278481533288
6607	31	34	89	95	-0.816459818243179
6608	31	34	95	97	-0.926084769906529
6609	31	34	127	136	0.692591804748211
6610	31	79	74	76	0.553786335843676
6611	31	79	76	80	67.0551529897483
6612	31	79	80	82	-60.524586719462
6613	31	79	82	83	-3.50656304711238
6614	31	79	83	94	-3.45511042793356
6615	31	79	94	95	-0.0221511491623724
6616	31	79	95	104	-0.112071680262104
6617	31	79	130	139	-0.234799449521167
6618	71	31	68	74	7.21501289324107
6619	71	31	74	76	0.0528785303154177
6620	71	31	76	80	0.805970682436157
6621	71	31	85	88	-0.271674744796308
6622	71	31	88	98	-0.404202160001025
6623	71	31	98	115	-0.212824929459175
6624	71	31	115	122	0.168878775668752
6625	71	31	122	130	0.571221349669045
6626	32	33	39	45	-2.09556592799998
6627	32	33	45	47	-0.197321600149612
6628	32	33	47	49	-0.414260625698909
6629	32	33	78	81	0.403519522108972
6630	32	33	81	85	0.65114105110287
6631	32	33	85	96	-0.789295389611792
6632	32	33	96	97	-0.307753917428458
6633	32	33	128	138	0.238049819304388
6634	29	141	85	86	0.773377948451118
6635	29	141	86	87	0.957692880344756
6636	29	141	87	88	0.6800342087092
6637	29	141	88	89	0.779445597789385
6638	29	141	89	95	0.0967467196890804
6639	29	141	95	96	-0.295113685128731
6640	29	141	96	102	-4.74914350881685
6641	29	141	126	133	4.18832743661898
6642	29	141	133	143	13.1087172418792
6643	30	142	85	86	0.721700344178525
6644	30	142	86	87	0.902375594802489
6645	30	142	87	88	0.657502620486452
6646	30	142	88	89	0.754198920087946
6647	30	142	89	94	0.809748139694298
6648	30	142	94	96	-0.509921696988678
6649	30	142	96	115	-4.76644235409163
6650	30	142	123	134	4.4940875274432
6651	30	142	134	143	21.3293040691041
6652	31	32	38	44	-1.17417276729208
6653	31	32	44	48	-0.0994427335136931
6654	31	32	48	49	-0.137541907931846
6655	31	32	76	81	0.181091778811813
6656	31	32	81	86	0.194260598151136
6657	31	32	86	96	-0.25884113069125
6658	31	32	96	99	-0.114036138990923
6659	31	32	125	144	0.0804538217563853
6660	111	31	72	73	0.041994177596569
6661	111	31	74	75	0.0313971421645011
6662	111	31	75	79	0.772387491210942
6663	111	31	79	92	-0.646238193013991
6664	111	31	92	96	-0.0813816152033392
6665	111	31	96	101	-2.36911272973343
6666	111	31	101	122	2.29272070786061
6667	111	31	122	123	0.0234214556275473
6668	32	35	40	43	-4.94490233498085
6669	32	35	43	48	-1.29651265583554
6670	32	35	48	50	-1.32155847981653
6671	32	35	79	85	3.33039789559959
6672	32	35	86	94	-1.91293661728052
6673	32	35	94	97	-1.3322956058846
6674	32	35	127	144	0.782302453072386
6675	72	32	71	75	18.5274169040725
6676	72	32	75	78	0.779399856088446
6677	72	32	78	81	0.224535169910704
6678	72	32	81	85	0.100991080646556
6679	72	32	85	96	-0.813614371344401
6680	72	32	96	99	-0.26616474973592
6681	72	32	99	119	-0.0595269741299398
6682	72	32	119	123	0.0224046197490564
6683	72	32	123	128	0.687261522747042
6684	31	87	76	79	0.492089141422499
6685	31	87	79	83	12.7517591518957
6686	31	87	83	88	139.041688364766
6687	31	87	88	90	-140.185125469916
6688	31	87	90	94	-6.17552423401327
6689	31	87	94	97	-5.90176887075802
6690	31	87	120	131	2.83889902067025
6691	31	87	131	136	1.52407536648035
6692	31	87	136	141	-0.621474291876646
6693	32	80	75	78	19.903701110497
6694	32	80	78	81	82.9648976659724
6695	32	80	81	83	-92.0435801650426
6696	32	80	83	85	-6.64192706990312
6697	32	80	85	91	-4.01070301138042
6698	32	80	91	96	-0.189640843128997
6699	32	80	96	103	-0.15708751913041
6700	32	80	123	130	0.712066371743731
6701	32	80	130	141	-0.490460790882456
6702	112	32	74	75	0.030234477514576
6703	112	32	75	76	0.0248677805852767
6704	112	32	76	78	0.733721542619829
6705	112	32	78	91	-0.404242921574228
6706	112	32	91	94	-0.115209730386557
6707	112	32	94	98	-1.02490196754831
6708	112	32	98	123	0.777266939942696
6709	112	32	123	125	0.447791188339544
6710	33	34	39	46	-4.03152652622971
6711	33	34	46	47	-0.0953336125581729
6712	33	34	47	58	-0.568760856214944
6713	33	34	79	83	1.10893085108043
6714	33	34	90	95	-0.283853272548934
6715	33	34	95	97	-0.46705587449006
6716	33	34	127	135	0.321154466283893
6717	33	81	76	79	15.9218503693491
6718	33	81	79	82	92.0084505084424
6719	33	81	82	83	-79.0499942955134
6720	33	81	83	88	-27.4789678419949
6721	33	81	88	95	-1.55662177242989
6722	33	81	95	96	-0.0226651205723021
6723	33	81	96	98	-0.136126961764203
6724	33	81	123	130	1.27508459469513
6725	33	81	130	140	-0.906650207437864
6726	31	143	86	87	0.83490741692256
6727	31	143	87	88	0.657082592361003
6728	31	143	88	89	0.741022086055554
6729	31	143	89	90	0.529902362925199
6730	31	143	90	92	0.346077389733738
6731	31	143	96	109	-4.74991125749609
6732	31	143	127	136	7.22076406221787
6733	31	143	136	142	19.0418782175326
6734	32	88	74	83	7.36507081114623
6735	32	88	83	84	3.0401069021747
6736	32	88	84	87	141.418349885276
6737	32	88	87	92	-141.278256230877
6738	32	88	92	95	-4.40377172905845
6739	32	88	95	99	-5.89582113691652
6740	32	88	124	131	2.25521019474857
6741	32	88	131	137	2.35665219148581
6742	32	88	137	144	-1.26838867465331
6743	33	89	75	80	0.0824641977917654
6744	33	89	80	84	4.72228986693173
6745	33	89	84	86	13.3791306719679
6746	33	89	92	95	-5.85878553241438
6747	33	89	95	102	-6.91322782396867
6748	33	89	122	129	0.635141433415285
6749	33	89	129	138	4.47018432807916
6750	33	89	138	142	-0.698625249264953
6751	34	35	40	46	-2.00412236131649
6752	34	35	46	47	-0.164690062337712
6753	34	35	47	62	-0.63028097390608
6754	34	35	62	78	-0.0390197600466526
6755	34	35	78	83	0.597667937597453
6756	34	35	83	86	0.287398708787519
6757	34	35	86	96	-0.461260490700641
6758	34	35	96	97	-0.38237166870493
6759	34	35	97	131	0.0510671223160745
6760	34	35	131	137	0.129984630204027
6761	34	37	99	128	-0.261143254116706
6762	34	82	76	80	29.1625525617776
6763	34	82	80	83	75.8046832420005
6764	34	82	83	85	-84.1109404470517
6765	34	82	85	87	-15.5019670409164
6766	34	82	87	95	-5.4052731891167
6767	34	82	95	97	-0.173478617326205
6768	34	82	117	129	1.33545867117449
6769	34	82	131	138	-1.68920832124937
6770	35	38	42	44	-1.09432550937
6771	35	38	44	48	-1.1142705935786
6772	35	38	48	56	-1.28082983130677
6773	35	38	56	80	-0.281695045941946
6774	35	38	80	86	1.38508726366418
6775	35	38	86	92	0.234832974661826
6776	35	38	92	96	-0.411121451473172
6777	35	38	96	98	-0.926532015078318
6778	35	38	98	135	0.275271657987663
6779	35	38	135	140	0.164760155877037
6780	73	33	72	75	5.57261593149455
6781	73	33	75	78	0.826389597646065
6782	73	33	78	81	0.637368261388534
6783	73	33	81	88	0.0179237945107246
6784	73	33	88	91	-0.482325490621212
6785	73	33	91	101	-0.949663526567714
6786	73	33	101	117	-0.0549122876405781
6787	73	33	124	133	0.613308730534961
6788	32	144	87	88	0.638279370245684
6789	32	144	88	89	0.753011374294291
6790	32	144	89	90	0.54872847278982
6791	32	144	90	91	0.116457225156363
6792	32	144	91	92	0.269619240323021
6793	32	144	92	101	-4.38992889417836
6794	32	144	101	120	-0.102546270372992
6795	32	144	120	129	0.311524758946349
6796	32	144	129	134	2.94565656809941
6797	32	144	134	142	15.462394074845
6798	74	34	76	80	1.41388136355653
6799	74	34	80	83	1.80358456079788
6800	74	34	88	95	-1.39598841169015
6801	74	34	95	111	-1.10292024839493
6802	74	34	111	122	-0.0819456028375627
6803	74	34	122	123	0.0177927722778181
6804	74	34	123	134	0.764385643308512
6805	34	90	75	83	0.260912034851459
6806	34	90	83	85	1.86669664819738
6807	34	90	85	88	12.629537936575
6808	34	90	88	91	7.19190200511839
6809	34	90	91	96	-15.1026716691099
6810	34	90	96	98	-6.76902460638888
6811	34	90	125	131	1.42472250519707
6812	34	90	131	135	2.25734622042223
6813	34	90	135	142	1.17017607937652
6814	35	36	49	77	-0.267106037829454
6815	35	36	82	87	1.35627433291678
6816	35	36	93	97	-1.75172614013284
6817	35	36	133	143	0.519820095984671
6818	75	35	78	81	1.40029278426403
6819	75	35	81	85	2.43659047620151
6820	75	35	88	95	-1.76534634390751
6821	75	35	95	103	-1.47024264352663
6822	75	35	103	121	-0.09843305931234
6823	75	35	121	128	0.549016196339379
6824	75	35	128	132	0.29312712016108
6825	75	35	132	140	0.0490605458882336
6826	35	91	81	86	3.9153594682838
6827	35	91	86	88	6.66746155148972
6828	35	91	88	94	0.549273547801296
6829	35	91	94	96	-3.35777961911393
6830	35	91	96	97	-6.87364271701238
6831	35	91	121	130	0.739617784876527
6832	35	91	130	135	2.47600672995949
6833	35	91	135	143	1.04680707704286
6834	36	92	81	86	2.65486754497625
6835	36	92	86	89	6.26960949303181
6836	36	92	95	96	-1.37744795271671
6837	36	92	96	97	-5.91548592427432
6838	36	92	123	132	1.32683168060316
6839	36	92	132	134	0.836232052286444
6840	36	92	134	142	1.83543993780179
6841	35	83	77	79	2.11977971534614
6842	35	83	79	84	138.262782610826
6843	35	83	84	85	-92.8740098598222
6844	35	83	85	90	-47.6875167334134
6845	35	83	90	93	-0.554320776257182
6846	35	83	93	98	-0.521892861653323
6847	35	83	98	118	0.0120213691371981
6848	35	83	118	125	0.0671343394335374
6849	35	83	125	135	2.37515320672864
6850	35	83	135	143	-1.92575655951214
6851	36	84	74	81	16.8681384070715
6852	36	84	81	85	98.0526343684974
6853	36	84	85	86	-73.7753596501167
6854	36	84	86	90	-40.1228511059382
6855	36	84	90	94	-0.918874753280145
6856	36	84	121	130	2.78411665726633
6857	36	84	130	133	0.928063179662719
6858	36	84	133	138	-2.66142536576
6859	113	33	74	75	0.0283190019295032
6860	113	33	75	76	0.0277560469629696
6861	113	33	76	79	0.878856762457322
6862	113	33	89	95	-0.574440346969857
6863	113	33	95	99	-1.43658880752559
6864	113	33	123	125	0.380237805367291
6865	113	33	125	133	0.147485454077163
6866	115	35	75	76	0.0291850500717644
6867	115	35	76	77	0.489056302855084
6868	115	35	77	78	0.31415123436628
6869	115	35	78	82	2.24972199462094
6870	115	35	82	85	1.47332146903306
6871	115	35	85	96	-3.19800067564919
6872	115	35	96	100	-1.84838133491109
6873	115	35	122	127	0.439427443302394
6874	115	35	127	140	0.390352424778034
6875	36	39	43	45	-0.380592251465327
6876	36	39	45	62	-2.56367581488582
6877	36	39	62	75	-0.019278043465293
6878	36	39	75	80	-0.284299595986472
6879	36	39	80	87	0.984190174277166
6880	36	39	87	91	0.432417419310642
6881	36	39	91	96	-0.331268319686956
6882	36	39	96	126	-0.888864592258415
6883	36	39	126	129	0.0445105514116149
6884	36	39	129	136	0.301232885767889
6885	114	34	74	75	0.0335556867747646
6886	114	34	75	76	0.020538300123948
6887	114	34	76	77	0.506206054641576
6888	114	34	77	83	2.64605022315242
6889	114	34	83	89	-1.07321326479707
6890	114	34	89	96	-1.06337026492734
6891	114	34	96	101	-2.01177646056627
6892	114	34	120	125	0.475176731955151
6893	114	34	125	141	0.279855453701901
6894	76	36	130	136	0.547677992122375
6895	37	40	43	46	-2.7831426993318
6896	37	40	97	135	0.209434873022345
6897	37	85	79	83	48.1890983101961
6898	37	85	83	86	111.938591927105
6899	37	85	86	87	-117.99078230156
6900	37	85	87	91	-41.7907088235019
6901	37	85	91	96	-1.26540090572243
6902	37	85	96	97	-0.422044854371706
6903	37	85	97	125	0.106987523168198
6904	37	85	125	128	0.819040964918732
6905	37	85	128	134	2.26493804441627
6906	37	85	134	138	-1.7756872945418
6907	37	93	95	96	-2.14763188454051
6908	37	93	129	136	2.98642077769416
6909	37	93	136	143	0.905325053202321
6910	117	37	77	78	0.242086316907214
6911	117	37	78	79	0.146645540118589
6912	117	37	79	80	0.467075355038883
6913	117	37	80	84	3.10689092838053
6914	117	37	92	95	-0.838091796958883
6915	117	37	95	99	-2.48417444083125
6916	117	37	124	128	0.461891359963382
6917	117	37	128	142	0.666079050010073
6918	38	39	43	47	-1.1007034422031
6919	38	39	47	51	-0.85494344577353
6920	38	39	87	90	0.344608216336664
6921	38	39	96	97	-0.474632862953169
6922	38	39	97	128	-0.0579513794627846
6923	38	41	44	48	-3.10419195340347
6924	38	41	48	60	-2.35559047585234
6925	38	41	60	72	-0.0270692616048863
6926	38	41	72	80	-0.439417107410603
6927	38	41	87	90	1.23641707324363
6928	38	41	95	102	-1.38345340918535
6929	38	41	133	142	0.448921376711082
6930	78	38	74	81	-6.08718656133804
6931	78	38	81	83	6.58086750559062
6932	78	38	83	84	1.07681835774681
6933	78	38	84	92	0.767290980244267
6934	78	38	92	96	-0.735831414658674
6935	78	38	96	100	-1.53399676471756
6936	78	38	100	123	-0.0699388804946873
6937	78	38	129	134	0.399534721395207
6938	78	38	134	142	0.51107236546121
6939	77	37	73	80	-4.17351620106574
6940	77	37	80	82	4.5631288567968
6941	77	37	82	85	3.10665300526481
6942	77	37	91	94	-0.634868665684407
6943	77	37	94	101	-1.96710987240179
6944	77	37	101	120	-0.0819053512229618
6945	77	37	120	129	0.12677037029692
6946	77	37	129	136	0.620404818509418
6947	77	37	136	138	0.144785485492401
6948	38	94	82	86	1.40807281436091
6949	38	94	86	90	7.92000086400903
6950	38	94	90	91	0.99279846224393
6951	38	94	91	96	4.51131649325735
6952	38	94	96	97	-13.625393585363
6953	38	94	122	133	1.1951289511831
6954	38	94	133	137	2.54808827425428
6955	38	94	137	141	0.884454074817469
6956	39	42	46	52	-6.74966271306861
6957	39	42	52	76	-0.0402534764692899
6958	39	42	76	79	-0.34666098250804
6959	39	42	79	89	0.310387618537214
6960	39	42	89	95	1.20844338086638
6961	39	42	96	97	-1.14249996306137
6962	39	42	97	130	-0.187601230463043
6963	39	42	130	140	0.436141209573531
6964	39	87	80	83	9.09352781320299
6965	39	87	83	86	179.365115680812
6966	39	87	88	92	-142.959644446391
6967	39	87	92	95	-2.46417459823556
6968	39	87	95	99	-2.30535147127012
6969	39	87	121	131	2.4736342178133
6970	39	87	131	133	0.682385127381014
6971	39	87	133	141	-0.683038135562422
6972	119	39	79	80	0.417656516029361
6973	119	39	80	81	0.638449634109335
6974	119	39	81	82	0.906655714089762
6975	119	39	82	84	1.4956265997816
6976	119	39	92	96	-1.17956497111717
6977	119	39	96	99	-2.55120390747313
6978	119	39	125	134	0.961230276800102
6979	119	39	134	140	0.31165528738977
6980	40	41	45	46	-3.04053379413846
6981	40	41	46	49	-1.38616809686523
6982	40	41	49	74	-0.00799045047932637
6983	40	41	74	81	-0.249765725210006
6984	40	41	86	93	0.89730320451032
6985	40	41	96	100	-0.356240724289854
6986	40	41	134	137	0.0786654877772093
6987	39	95	77	83	-1.48438367576796
6988	39	95	83	90	6.47349785784573
6989	39	95	90	91	0.720805882095569
6990	39	95	91	92	1.69064064252478
6991	39	95	92	100	-7.15602341753162
6992	39	95	100	116	-0.0234529297542437
6993	39	95	123	132	0.633697296063454
6994	39	95	132	138	2.70547422015313
6995	39	95	138	144	0.530585178691897
6996	79	39	78	80	54.4872303598577
6997	79	39	80	84	68.0412636527287
6998	79	39	84	85	1.67244827053223
6999	79	39	85	91	1.12939795413936
7000	79	39	94	101	-2.75054747491975
7001	79	39	101	121	-0.0816385279353783
7002	79	39	121	129	-0.272788414517962
7003	79	39	129	133	0.34839373073761
7004	79	39	133	143	0.967477374811956
7005	40	88	77	82	2.99374280832392
7006	40	88	82	86	47.6757456018769
7007	40	88	86	89	28.3835235414895
7008	40	88	89	91	-70.6125129961963
7009	40	88	91	93	-3.36137513684181
7010	40	88	93	99	-5.25982436369258
7011	40	88	124	129	0.991113936903062
7012	40	88	129	137	2.42443562815863
7013	80	40	74	83	-8.99070268373175
7014	80	40	83	85	7.98968436888158
7015	80	40	85	87	3.43319549524239
7016	80	40	87	93	0.866232069451107
7017	80	40	93	96	-0.768533039741008
7018	80	40	96	102	-2.44360322502202
7019	80	40	102	126	-0.382985418777261
7020	80	40	126	127	-0.0425015301960133
7021	80	40	127	135	0.62847843133609
7022	80	40	135	140	0.786572610787862
7023	38	86	78	83	22.0992774905333
7024	38	86	83	85	139.615544381731
7025	38	86	87	91	-186.743654611391
7026	38	86	91	94	-1.96265790353596
7027	38	86	94	98	-2.43960839109727
7028	38	86	119	127	0.148533653200677
7029	38	86	127	133	3.31892634119052
7030	38	86	133	139	-1.13002637607562
7031	41	89	77	85	6.51152386244234
7032	41	89	85	87	29.1336178212826
7033	41	89	90	92	-14.8837700543598
7034	41	89	92	94	-3.76061115122181
7035	41	89	94	97	-5.48799880342229
7036	41	89	123	131	1.56648684520172
7037	41	89	131	139	2.44988148929153
7038	41	89	139	144	-1.28628705656804
7039	39	40	44	48	-0.8803044756744
7040	39	40	48	50	-0.681530836029622
7041	39	40	50	74	-0.00689401513158542
7042	39	40	74	82	-0.359174099898705
7043	39	40	82	87	0.150689704768742
7044	39	40	87	94	0.555810705821032
7045	39	40	94	95	-0.00985802767547181
7046	39	40	95	99	-0.330447690371055
7047	39	40	99	136	0.0487895008260968
7048	39	40	136	139	0.0455727327822743
7049	116	36	77	78	2.27382831660028
7050	116	36	96	115	-102.940001506459
7051	116	36	115	126	101.637595577371
7052	116	36	126	131	0.463834215838271
7053	40	43	46	48	-1.38935545765272
7054	40	43	48	52	-2.40760420108256
7055	40	43	52	75	-0.0209942463513834
7056	40	43	75	82	-0.905531333801971
7057	40	43	82	88	0.321006153199351
7058	40	43	88	95	1.45682614751862
7059	40	43	96	97	-0.850820138644695
7060	40	43	97	130	-0.129157457649071
7061	40	43	130	138	0.290725283036118
7062	118	38	78	79	0.121305922143491
7063	118	38	79	80	0.43367804914835
7064	118	38	80	81	0.609628695534193
7065	118	38	81	82	0.829041623378157
7066	118	38	82	87	1.3894403609936
7067	118	38	87	96	-2.30029009170897
7068	118	38	96	99	-1.78103387630161
7069	118	38	125	132	0.600044833991898
7070	118	38	132	142	0.101692804912187
7071	120	40	80	81	0.550507368903337
7072	120	40	81	82	0.793128582181544
7073	120	40	82	83	0.771047573334497
7074	120	40	83	84	0.573688160665001
7075	120	40	84	88	1.34470025853887
7076	120	40	88	96	-2.02870361845335
7077	120	40	96	102	-2.86477810383008
7078	120	40	102	124	-0.137961699156749
7079	120	40	124	129	0.537736290348973
7080	120	40	129	143	0.860893431803554
7081	41	42	46	47	-2.02998985771218
7082	41	42	47	53	-2.98183006008011
7083	41	42	53	78	-0.146462023872773
7084	41	42	78	82	-0.480166117648263
7085	41	42	88	93	0.922197261525405
7086	41	42	93	96	0.210103013476785
7087	41	42	96	97	-0.479389945369303
7088	41	42	97	137	0.00708170546437799
7089	41	42	137	142	0.0642173282736609
7090	41	44	47	48	-0.498342681955799
7091	41	44	48	51	-2.18706897694926
7092	41	44	51	80	-0.289736660447385
7093	41	44	80	83	-0.571772779321387
7094	41	44	83	86	-0.246084991071794
7095	41	44	86	92	1.32065477161724
7096	41	44	92	96	0.299517002653957
7097	41	44	96	98	-0.512455776984544
7098	41	44	98	134	-0.0844997159665842
7099	41	44	134	142	0.167198403503016
7100	40	96	79	82	-0.801211177453964
7101	40	96	82	88	1.72201500788912
7102	40	96	88	91	3.34851128352004
7103	40	96	91	93	3.42909535444565
7104	40	96	93	100	-7.34311755566406
7105	40	96	100	116	-0.0204935562402417
7106	40	96	116	128	0.0076248101685413
7107	40	96	128	131	0.382302004975555
7108	40	96	131	138	2.5004507570097
7109	40	96	138	143	0.765535030834673
7110	43	46	48	55	-4.60900762648351
7111	43	46	55	73	-0.00530876214464667
7112	43	46	73	82	-0.372464230769334
7113	43	46	82	84	-0.232232546554759
7114	43	46	90	95	0.746168490225959
7115	43	46	100	130	-0.101465187072142
7116	43	46	138	140	0.00808209758399501
7117	42	90	78	86	4.82660790811458
7118	42	90	86	88	7.816630609878
7119	42	90	88	91	5.87939317826023
7120	42	90	91	93	-9.51443601710618
7121	42	90	93	94	-2.26682521866518
7122	42	90	94	109	-6.85285796205518
7123	42	90	120	132	1.47756310324914
7124	42	90	132	135	1.42279814143459
7125	42	90	135	140	1.26726905867581
7126	44	45	48	55	-0.441267086606487
7127	44	45	81	88	-0.375173476000792
7128	44	45	92	93	0.0300001182097602
7129	44	47	50	66	-0.00299191669489369
7130	44	47	66	75	-0.00414061760103985
7131	44	47	75	83	-0.528596073374757
7132	44	47	83	88	-0.557207620639836
7133	44	47	88	92	0.152217438863753
7134	44	47	92	95	0.674751504309235
7135	44	47	110	127	-0.0390157055328394
7136	44	47	136	143	0.0551040677860095
7137	121	41	81	82	0.659596107512548
7138	121	41	82	83	0.676488579019889
7139	121	41	83	84	0.502221616617716
7140	121	41	84	85	0.713892723309171
7141	121	41	95	96	-0.22337888151934
7142	121	41	96	102	-3.21714685968878
7143	121	41	127	130	0.465040434877265
7144	121	41	130	142	0.902255040794174
7145	82	42	79	81	-100.83393131088
7146	82	42	81	86	97.7600417168776
7147	82	42	86	87	6.29396168390319
7148	82	42	87	92	7.20644283439576
7149	82	42	96	102	-2.4907349855988
7150	82	42	102	125	-0.333322814078494
7151	82	42	125	131	-2.13001108458584
7152	82	42	131	136	1.85179513785585
7153	82	42	136	144	1.22123858183659
7154	43	44	48	55	-0.717489745051991
7155	43	44	63	75	-0.00147027362794433
7156	43	44	75	84	-0.19152653263714
7157	43	44	89	94	0.170986072322773
7158	43	44	94	96	0.0764076304552287
7159	43	44	96	97	-0.0157892399038835
7160	43	44	97	133	-0.0399715306920811
7161	81	41	79	84	0.888828256947745
7162	81	41	84	85	8.30624848971885
7163	81	41	85	89	10.042027107516
7164	81	41	89	90	0.702078993041257
7165	81	41	96	97	-2.50575836573837
7166	81	41	97	125	-0.31649947559615
7167	81	41	132	136	1.47368159278215
7168	81	41	136	144	0.763494993892344
7169	43	91	77	84	1.53587986924871
7170	43	91	84	87	4.58527582902419
7171	43	91	87	92	9.19612069276088
7172	43	91	92	93	-4.86673407579444
7173	43	91	93	96	-5.9579660056249
7174	43	91	96	98	-4.55526691853022
7175	43	91	122	128	0.313070987462401
7176	43	91	128	137	3.49501006846421
7177	43	91	137	141	0.220153146197596
7178	123	43	83	84	0.378737775737346
7179	123	43	84	85	0.591335828651581
7180	123	43	85	86	0.553042837443103
7181	123	43	86	88	0.982619945449661
7182	123	43	88	92	0.446892797623116
7183	123	43	92	96	-1.04491699714663
7184	123	43	96	111	-3.72766511423972
7185	123	43	128	136	1.19938657934462
7186	123	43	136	141	0.301296314841116
7187	83	43	78	85	-48.1327368649236
7188	83	43	85	86	27.9558109156488
7189	83	43	86	89	22.1865877683015
7190	83	43	89	93	2.97984604261325
7191	83	43	96	97	-2.0991305660926
7192	83	43	97	121	-0.0634348055997013
7193	83	43	121	133	-3.53473884747869
7194	83	43	133	137	2.85173218285717
7195	83	43	137	139	0.577328734197863
7196	42	43	47	48	-0.083924380807196
7197	42	43	48	50	-0.348338574447118
7198	42	43	50	78	-0.0217313336873191
7199	42	43	78	82	-0.0725721289221494
7200	42	43	82	89	0.0183655445813697
7201	42	43	89	92	0.0747284697397632
7202	42	43	92	96	0.0644318206228074
7203	42	43	96	114	-0.0641666896635074
7204	42	43	114	133	-0.0180024688191506
7205	42	43	133	141	0.0213814767289426
7206	45	48	76	79	-0.0956445722145044
7207	45	48	79	87	-0.602688098430006
7208	45	48	88	94	0.477247573176088
7209	45	48	94	96	0.279864367301448
7210	45	48	97	128	-0.060435236750929
7211	45	48	139	144	0.072637554504868
7212	84	44	77	81	-16.6403676778113
7213	84	44	81	87	0.735745902624427
7214	84	44	87	89	14.6920421135874
7215	84	44	89	92	3.76351262656848
7216	84	44	92	96	0.562611999348641
7217	84	44	96	98	-1.76603950946599
7218	84	44	98	124	-0.0526017382327098
7219	84	44	124	129	-2.06361107276853
7220	84	44	129	137	1.02449888704208
7221	84	44	137	140	0.730025602401572
7222	85	45	81	82	-13.097730858331
7223	85	45	82	88	6.88362393698303
7224	85	45	88	90	15.3088644895058
7225	85	45	90	92	1.24432509840385
7226	85	45	92	96	1.28471552269684
7227	85	45	96	106	-1.121795054617
7228	85	45	106	124	-0.0400588314613296
7229	85	45	124	134	-3.25645475448768
7230	85	45	134	138	2.17780358569255
7231	85	45	138	141	0.43875990638748
7232	47	48	75	81	-0.0471003141115244
7233	47	48	81	89	-0.181860736814168
7234	47	48	89	92	0.0151681073014654
7235	47	48	92	95	0.147169632602834
7236	47	48	95	101	0.0672707136816253
7237	47	48	124	130	-0.0229283925928733
7238	47	48	140	143	0.017106472097714
7239	45	46	51	64	-0.00280360173186417
7240	45	46	64	76	-0.0093342728413089
7241	45	46	76	83	-0.431584073210622
7242	45	46	88	94	0.494517813503919
7243	45	46	94	95	0.125736011519989
7244	45	46	97	130	-0.075964915517589
7245	45	46	138	140	0.00942548218320139
7246	45	93	79	83	0.629391508033187
7247	45	93	83	91	10.0430627193014
7248	45	93	91	92	4.37753653195584
7249	45	93	92	94	0.543864437504804
7250	45	93	94	96	-7.97688272741199
7251	45	93	96	103	-7.6385772718419
7252	45	93	103	128	0.234130673939029
7253	45	93	128	132	0.94614734169173
7254	45	93	132	139	3.03280674210537
7255	47	95	78	87	2.40723556537083
7256	47	95	87	88	0.760511913911318
7257	47	95	88	92	4.000203601733
7258	47	95	92	96	13.8602668466677
7259	47	95	96	98	-21.0860941850611
7260	47	95	123	134	1.56051932791238
7261	47	95	134	139	1.96399337184457
7262	47	95	139	144	0.172773540509092
7263	127	47	86	87	0.47959528553727
7264	127	47	87	88	0.480000318170213
7265	127	47	88	89	0.364441409248095
7266	127	47	89	90	0.383556338770465
7267	127	47	90	91	0.0865705098863098
7268	127	47	91	96	0.0441370404001996
7269	127	47	96	111	-3.47741108606524
7270	127	47	111	131	-4.44614139562338
7271	127	47	131	132	1.23062997311754
7272	127	47	132	144	4.27927575870908
7273	86	46	80	85	-161.298832930806
7274	86	46	85	89	148.315500943982
7275	86	46	89	91	13.2596643581581
7276	86	46	91	94	2.47067866756469
7277	86	46	94	96	0.969545294772625
7278	86	46	96	101	-0.312148437411416
7279	86	46	101	125	-0.228204763621768
7280	86	46	125	129	-1.51861377381981
7281	86	46	138	144	1.05558366045532
7282	128	48	87	88	0.519679429452438
7283	128	48	88	89	0.477916948168272
7284	128	48	89	90	0.453383226435095
7285	128	48	90	91	0.106975227595529
7286	128	48	91	92	0.0549428885786201
7287	128	48	92	105	-2.90620044713448
7288	128	48	105	121	-0.154136456906013
7289	128	48	121	129	-76.7270368882035
7290	128	48	129	138	76.9338625602657
7291	128	48	138	141	0.513434320174221
7292	44	92	80	84	1.1298626595523
7293	44	92	84	91	14.0433013936645
7294	44	92	91	93	-0.519102019875597
7295	44	92	93	94	-4.8144574730698
7296	44	92	94	96	-4.43370693643021
7297	44	92	96	97	-5.61202072682551
7298	44	92	123	130	0.836543909663479
7299	44	92	130	138	3.36302894022623
7300	44	92	138	143	-0.547850406189882
7301	46	47	50	71	-0.00136722694942826
7302	46	47	71	81	-0.088339804735647
7303	46	47	81	84	-0.13640591213184
7304	46	47	84	89	-0.205631728269728
7305	46	47	89	95	0.256862311940088
7306	46	47	95	96	0.0588636789084312
7307	46	47	98	129	-0.0334595550632669
7308	46	47	138	143	0.027799271494627
7309	97	48	74	81	0.498992459418288
7310	97	48	81	87	1.86862977137596
7311	97	48	87	94	1.12717139769251
7312	97	48	94	99	-42.8637573721608
7313	97	48	99	115	39.2199492323516
7314	97	48	115	119	0.226423521637048
7315	97	48	119	125	0.057659168194456
7316	97	48	125	132	0.457763811820333
7317	97	48	132	143	0.719507449383752
7318	63	64	65	66	-10.3356569136585
7319	63	64	66	67	-6.84923332612303
7320	63	64	67	68	-2.86392836013666
7321	63	64	68	72	-6.23022196658078
7322	63	64	72	83	-0.0767677145364191
7323	63	64	83	94	-0.00506139580633111
7324	63	64	94	100	-0.167499572798462
7325	63	64	100	115	0.357631811331027
7326	63	64	120	127	-0.00383718930042734
7327	122	42	82	83	0.545362545572199
7328	122	42	83	84	0.405660134567232
7329	122	42	84	85	0.590835811195774
7330	122	42	85	86	0.489210461765036
7331	122	42	95	96	-0.210755251635117
7332	122	42	96	98	-3.49267828351907
7333	122	42	125	130	0.496622279534772
7334	122	42	130	141	1.0888376767341
7335	125	45	85	86	0.491675392530722
7336	125	45	86	87	0.516188537948911
7337	125	45	87	88	0.458105489183151
7338	125	45	88	89	0.304867081054023
7339	125	45	95	96	-0.148551611744189
7340	125	45	96	101	-3.56493333933906
7341	125	45	101	129	-2.14829364247228
7342	125	45	129	131	1.24842051535843
7343	125	45	131	140	2.24942998676618
7344	46	94	82	84	0.435304325175222
7345	46	94	84	88	3.19918659618528
7346	46	94	88	92	5.98551541479513
7347	46	94	92	95	7.05808801172666
7348	46	94	95	96	-5.56360673393484
7349	46	94	96	99	-11.6125276522348
7350	46	94	99	127	0.0743110025490954
7351	46	94	127	131	0.826439184902052
7352	46	94	131	136	1.98187520813308
7353	46	94	136	142	1.0700501261035
7354	87	47	80	82	-5.4066148597018
7355	87	47	82	88	-142.112645461409
7356	87	47	88	92	144.884037672609
7357	87	47	92	93	1.25629548638867
7358	87	47	93	112	3.57556505239856
7359	87	47	112	115	-0.00733746602589512
7360	87	47	115	124	-0.00816140712568847
7361	87	47	124	132	-3.18792027556461
7362	87	47	132	136	-0.230493009864809
7363	87	47	136	144	1.79579768357066
7364	48	96	79	86	1.3526459855429
7365	48	96	86	91	3.40476819639851
7366	48	96	91	93	2.82305017863401
7367	48	96	93	95	13.4567279516362
7368	48	96	95	101	-21.1033898762247
7369	48	96	123	127	0.0596886848381809
7370	48	96	127	133	0.975038711372975
7371	48	96	133	138	2.01332409435428
7372	48	96	138	144	0.564801849013469
7373	70	71	72	73	-8.25074586886691
7374	70	71	73	74	-0.419709720276931
7375	70	71	77	85	-0.004961825100424
7376	70	71	85	95	-0.00193990691224458
7377	70	71	95	98	-0.0220495717943115
7378	70	71	118	126	0.0951216528462525
7379	70	71	126	144	-0.00553547897368781
7380	57	60	61	62	-22.5613786512254
7381	57	60	62	63	-10.8967252104166
7382	57	60	63	66	-11.0052548344121
7383	57	60	66	72	-4.89347356083561
7384	57	60	72	82	-0.0347433851598646
7385	57	60	82	91	-0.00403770606283469
7386	57	60	91	97	-0.565688065920253
7387	57	60	97	112	1.61667545256505
7388	57	60	112	121	-1.04508747331711
7389	57	60	121	138	-0.00591988698368014
7390	88	48	77	85	-18.4273002324773
7391	88	48	85	91	9.3269738465768
7392	88	48	91	92	2.24903825127311
7393	88	48	92	95	4.6625530178208
7394	88	48	95	98	2.60628872849363
7395	88	48	98	115	-0.0147956325003358
7396	88	48	115	125	-0.132338884193872
7397	88	48	125	131	-2.14063658015954
7398	88	48	131	137	-1.337963146255
7399	88	48	137	142	0.915939812678692
7400	70	73	72	74	4.77096533877823
7401	70	73	79	84	-0.0170076557274463
7402	70	73	84	95	-0.0104467869128968
7403	70	73	95	101	-0.0622648480642261
7404	70	73	101	116	-0.47983441608834
7405	70	73	116	122	0.558023854146552
7406	70	73	122	144	-0.0163460362594371
7407	49	94	72	75	0.00913560392685179
7408	49	94	75	77	0.164065360644258
7409	49	94	77	86	4.37142319869252
7410	49	94	86	92	9.63611485177242
7411	49	94	92	99	-17.5469925277254
7412	49	94	99	112	2.98163020093209
7413	49	94	112	118	0.365834202165805
7414	49	94	118	123	0.0264436163992681
7415	49	94	123	129	0.740362582239487
7416	49	94	129	142	4.58813632123401
7417	72	73	78	85	-0.00908202992507377
7418	72	73	85	96	-0.0041052072404476
7419	72	73	96	97	-0.0019680696414303
7420	72	73	120	127	0.00188146474151659
7421	72	73	127	144	-0.00366935248786428
7422	72	75	74	76	3.07772365507904
7423	72	75	76	77	-2.93383285973847
7424	72	75	77	78	-0.0355695278972895
7425	72	75	78	81	-0.0302792788506339
7426	72	75	81	83	-0.0407896583987776
7427	72	75	83	96	-0.0363958691254457
7428	72	75	96	98	-0.00438524940385519
7429	72	75	119	128	0.0134059288853028
7430	72	75	128	143	-0.00922266388032178
7431	72	120	97	115	0.164859243081358
7432	72	120	115	118	2.49276096879876
7433	72	120	118	121	1.67426028678445
7434	72	120	121	122	-4.33169655289674
7435	72	120	125	132	-0.014040071322156
7436	72	120	132	142	-0.00332731670165198
7437	126	46	85	86	0.503287793858296
7438	126	46	86	87	0.535221014456099
7439	126	46	87	88	0.481255586327319
7440	126	46	88	89	0.362155458399578
7441	126	46	89	90	0.388036613637408
7442	126	46	96	97	-3.63314347257608
7443	126	46	97	124	-0.122231242038346
7444	126	46	132	141	2.30004580860894
7445	49	50	58	61	-0.519853947735134
7446	49	50	61	63	-0.150071427299073
7447	49	50	63	71	-0.197402914519125
7448	49	50	71	96	-0.00269378956639655
7449	49	50	98	104	0.297711658423302
7450	49	50	104	107	-0.0711228872305826
7451	49	50	107	114	-0.17333150684586
7452	49	50	114	116	-0.0311291539913375
7453	49	50	116	144	-0.0302080193729578
7454	53	54	57	58	-3.50666053946241
7455	53	54	58	59	-1.81123506956676
7456	53	54	59	63	-1.99985782428396
7457	53	54	63	71	-0.679122855909747
7458	53	54	71	86	-0.00981095953329348
7459	53	54	96	97	-0.369434041686192
7460	53	54	97	112	0.618625124564285
7461	53	54	112	119	-0.244034323574857
7462	53	54	119	143	-0.00515252701187515
7463	112	72	73	79	-6.54859883019274
7464	112	72	94	96	-0.00166521014384824
7465	112	72	96	97	-0.551401757922188
7466	112	72	97	113	-72.5662649926782
7467	112	72	113	116	58.6870438362115
7468	112	72	116	118	12.114734480571
7469	112	72	118	124	2.45139648785426
7470	112	72	129	144	-0.0651298380264284
7471	71	72	73	74	-4.70631776116334
7472	71	72	83	96	-0.00320795138706414
7473	71	72	96	101	-0.0142206142573995
7474	71	72	101	117	-0.0948668331497177
7475	71	72	117	123	0.113877673500732
7476	71	74	73	75	0.810867806447785
7477	71	74	92	101	-0.0181364918240922
7478	71	74	101	118	-0.0269756343234826
7479	71	74	118	123	0.0501388930329447
7480	71	74	123	144	-0.0049735523855529
7481	72	128	82	84	0.227575785430379
7482	72	128	84	94	-1.03456838176848
7483	72	128	94	102	-0.443041608444385
7484	72	128	102	115	-0.0633199861891048
7485	72	128	115	120	0.0345548636343488
7486	72	128	120	121	0.0354081821390789
7487	72	128	121	125	3.35422121710412
7488	72	128	125	126	3.96887707658336
7489	72	128	132	143	-12.4040902389102
7490	61	62	64	65	-6.75771160862693
7491	61	62	65	66	-2.2440062552297
7492	61	62	66	67	-2.01852645518843
7493	61	62	67	70	-3.25427503055618
7494	61	62	70	83	-0.498465990519081
7495	61	62	83	94	-0.0035738576580928
7496	61	62	94	102	-0.311569708905624
7497	61	62	102	110	0.0626861175667417
7498	61	62	110	121	0.25548744546374
7499	61	62	121	144	-0.00706514206072233
7500	52	55	57	58	-14.2155698090298
7501	52	55	58	59	-6.88153783727239
7502	52	55	59	65	-8.19586107842202
7503	52	55	65	70	-1.05272422565777
7504	52	55	70	86	-0.102442043722762
7505	52	55	96	101	-0.219700848653442
7506	52	55	101	110	1.42821687124581
7507	52	55	110	117	-1.03427388820604
7508	52	55	117	136	-0.173140055716649
7509	71	119	97	112	0.441306641316406
7510	71	119	112	117	10.6714670046701
7511	71	119	120	121	-7.40059545137129
7512	71	119	121	122	-0.239319010328402
7513	71	119	130	143	-0.00297364921675298
7514	53	56	57	58	-32.9981022559528
7515	53	56	58	59	-13.2929097629808
7516	53	56	59	64	-12.3755645471255
7517	53	56	64	70	-2.04627540309726
7518	53	56	70	76	-0.133104974252789
7519	53	56	93	97	-1.00159976537218
7520	53	56	97	111	2.08709510407287
7521	53	56	111	120	-1.08382366535475
7522	53	56	120	142	-0.00205296177227676
7523	62	63	64	65	-18.7022643944021
7524	62	63	65	66	-4.84442147793498
7525	62	63	66	67	-3.9485536267126
7526	62	63	67	70	-5.73411994393905
7527	62	63	70	74	-0.837697071057995
7528	62	63	74	96	-0.00928386942315203
7529	62	63	96	104	-0.490281798310392
7530	62	63	104	115	0.821673720376606
7531	62	63	116	144	-0.293170229624378
7532	68	71	72	73	-16.0981125311768
7533	68	71	73	74	-0.865879691592753
7534	68	71	76	81	-0.0265424083975168
7535	68	71	81	95	-0.027482262492511
7536	68	71	95	97	-0.113863435125909
7537	68	71	118	125	0.442732934995682
7538	68	71	125	144	-0.0397950945235066
7539	49	97	64	72	0.150049854037423
7540	49	97	93	99	36.17303449021
7541	49	97	99	104	-33.4084514820106
7542	49	97	104	107	-1.98109581147433
7543	49	97	107	111	-0.577078007579741
7544	49	97	111	117	-0.188414523650155
7545	49	97	117	121	-0.0274282761619403
7546	59	107	70	72	0.372560415819526
7547	59	107	96	105	30.5604809687682
7548	59	107	105	108	17.5558679975929
7549	59	107	108	109	-21.5789997735078
7550	59	107	109	110	-8.76034798085703
7551	59	107	110	118	-17.4892293409863
7552	59	107	118	125	-0.273978514220365
7553	71	127	80	84	0.0872869702071166
7554	71	127	84	95	-0.498712464453047
7555	71	127	95	98	-0.166753832031788
7556	71	127	98	115	-0.204816672299911
7557	71	127	115	117	0.0435605870686267
7558	71	127	117	122	0.131370961145556
7559	71	127	124	128	63.2147008816319
7560	71	127	128	133	-60.1896866398995
7561	71	127	133	137	-2.37927488154557
7562	60	63	64	65	-28.3083724878132
7563	60	63	65	66	-8.16493824786836
7564	60	63	66	67	-6.96546321120865
7565	60	63	67	70	-10.7195104794975
7566	60	63	70	84	-1.61690760286202
7567	60	63	84	95	-0.0105994715427891
7568	60	63	95	103	-1.06679316810095
7569	60	63	103	110	0.53250819597692
7570	60	63	110	117	1.05732712744204
7571	60	63	117	144	-0.523858360255907
7572	110	70	74	80	-0.065116790384829
7573	110	70	93	95	-0.00229062198999923
7574	110	70	95	98	-1.10525364918597
7575	110	70	98	111	-54.1499429556972
7576	110	70	111	114	41.06447710258
7577	110	70	114	115	5.11727163621327
7578	110	70	115	122	9.21533396429472
7579	110	70	122	128	-0.0416482530550058
7580	110	70	128	139	-0.0799140514511895
7581	103	63	68	72	-12.4659161999738
7582	103	63	87	94	-0.00860756215462993
7583	103	63	94	104	-73.1282835412426
7584	103	63	104	106	52.629236632148
7585	103	63	106	111	19.9141655673227
7586	103	63	111	113	1.61055573246149
7587	103	63	120	128	-0.013060846234766
7588	103	63	128	139	-0.0261799792481446
7589	106	66	72	79	-0.488683506035407
7590	106	66	79	90	-0.0476868670702093
7591	106	66	90	93	-0.00207719352808315
7592	106	66	93	97	-2.07572912209942
7593	106	66	97	108	-27.5461090122199
7594	106	66	108	111	20.8013187043634
7595	106	66	111	116	9.17769340815477
7596	106	66	118	129	-0.181707203298263
7597	106	66	129	143	-0.0417652897293194
7598	111	71	72	77	-19.5517398778678
7599	111	71	77	92	-0.10016590057252
7600	111	71	92	96	-0.00344482146708367
7601	111	71	96	107	-16.0892092590433
7602	111	71	107	113	-22.9575934504592
7603	111	71	113	115	24.2749224902295
7604	111	71	115	119	14.5633630187166
7605	111	71	119	123	0.396520540793613
7606	111	71	123	129	-0.0478647134953689
7607	111	71	129	144	-0.0702984062276875
7608	107	67	72	78	-0.829555810025098
7609	107	67	78	90	-0.0541353768872789
7610	107	67	90	95	-0.00411953919379402
7611	107	67	95	97	-1.57581000609933
7612	107	67	97	109	-27.7343138964306
7613	107	67	109	112	20.9249943955962
7614	107	67	112	115	7.17154690885994
7615	107	67	115	122	1.29863805203378
7616	107	67	122	127	-0.0163939054075052
7617	107	67	127	130	-0.0202255263599368
7618	70	126	86	95	-0.239272275818319
7619	70	126	95	98	-0.132466768523419
7620	70	126	98	115	-0.605202431345814
7621	70	126	115	117	0.176207958850533
7622	70	126	117	120	0.460922268925688
7623	70	126	129	133	-2.29837824006438
7624	70	126	133	142	-1.18073240676546
7625	60	116	75	91	-2.09244368030216
7626	60	116	91	93	-0.00165343962278427
7627	60	116	93	97	-0.586447173510717
7628	60	116	97	110	2.14193928063074
7629	60	116	110	112	9.75214169951606
7630	60	116	112	117	117.8050400422
7631	60	116	117	118	-103.045549001742
7632	60	116	118	128	-25.9028377211912
7633	60	116	128	144	-0.067824594550559
7634	58	61	62	63	-22.6390825795149
7635	58	61	63	64	-9.61988506985202
7636	58	61	64	65	-5.75095525923156
7637	58	61	65	69	-7.10637440471403
7638	58	61	69	83	-1.91858398369737
7639	58	61	83	95	-0.00620542706507152
7640	58	61	95	97	-0.430472878982365
7641	58	61	97	113	1.3481222623098
7642	58	61	113	122	-0.908353724270919
7643	58	61	122	139	-0.00879646006996963
7644	54	102	69	76	1.37380187250784
7645	54	102	94	99	19.7807402931464
7646	54	102	99	103	58.9324355593724
7647	54	102	103	106	-67.2949078652304
7648	54	102	106	112	-10.4292030360024
7649	54	102	112	114	-0.524159710906155
7650	54	102	114	125	-0.543672789456009
7651	69	70	71	72	-30.6998952972518
7652	69	70	72	73	-6.25780340568224
7653	69	70	73	74	-0.379657885503731
7654	69	70	77	82	-0.00948006786436903
7655	69	70	82	96	-0.00967795432498624
7656	69	70	96	105	-0.337742636484539
7657	69	70	105	118	0.12334142352747
7658	69	70	118	125	0.232217607673949
7659	69	70	125	144	-0.0174853416152514
7660	69	72	71	73	4.23400201950899
7661	69	72	73	74	-5.56340250872255
7662	69	72	76	79	-0.0126917245465374
7663	69	72	79	96	-0.0302394897003558
7664	69	72	96	101	-0.177190009876223
7665	69	72	117	125	1.16231127567553
7666	69	72	125	144	-0.0324805063820112
7667	59	60	62	63	-5.88492571203434
7668	59	60	63	64	-2.86200671561432
7669	59	60	64	65	-1.79529358965434
7670	59	60	65	71	-2.84599351544784
7671	59	60	71	76	-0.0604884307842931
7672	59	60	76	95	-0.00389359758784435
7673	59	60	95	101	-0.273500132564509
7674	59	60	101	110	0.403321185289635
7675	59	60	121	144	-0.00393489410530436
7676	51	99	65	71	0.228116975892579
7677	51	99	71	82	0.00624617647446226
7678	51	99	93	97	36.0951085471893
7679	51	99	101	107	-35.0917423243944
7680	51	99	107	110	-1.08787080053665
7681	51	99	110	116	-0.431769877673436
7682	51	99	116	118	-0.052404450601916
7683	51	99	118	134	-0.00930136737164583
7684	58	106	68	71	1.14919736099074
7685	58	106	71	92	0.0317843530124056
7686	58	106	96	98	1.76173677890029
7687	58	106	98	107	54.5805645117484
7688	58	106	107	109	-39.5182202033434
7689	58	106	109	112	-11.2616430025803
7690	58	106	112	114	-2.86863127552481
7691	58	106	114	121	-2.70582221213508
7692	58	106	121	140	-0.00302578395149871
7693	58	59	61	62	-5.41465962532239
7694	58	59	62	63	-3.08441987321801
7695	58	59	63	64	-1.71753623489622
7696	58	59	64	71	-3.14450856392476
7697	58	59	71	83	-0.0461991053461942
7698	58	59	83	96	-0.00130729826005423
7699	58	59	96	102	-0.252382518823629
7700	58	59	102	110	0.720979943505494
7701	58	59	119	136	-0.0121775573683763
7702	62	65	64	66	37.4031671217202
7703	62	65	66	67	-31.4677765817305
7704	62	65	67	68	-10.910720346155
7705	62	65	68	71	-20.8717398397254
7706	62	65	71	82	-1.05305260999614
7707	62	65	82	95	-0.0208126966446866
7708	62	65	95	102	-0.816392599600776
7709	62	65	102	113	1.13060859853067
7710	62	65	123	144	-0.036986497860213
7711	67	68	69	70	-50.5359613494394
7712	67	68	70	71	-11.9038909669521
7713	67	68	71	72	-2.82418714122967
7714	67	68	72	73	-0.722342140299708
7715	67	68	73	81	-0.052185099232262
7716	67	68	81	96	-0.00671256771569072
7717	67	68	96	97	-0.036077419186977
7718	67	68	116	123	0.278588213717748
7719	67	68	123	141	-0.0124705833568135
7720	67	70	69	71	19.9693201566282
7721	67	70	71	72	-41.3386870997428
7722	67	70	72	73	-9.04439597856066
7723	67	70	73	76	-0.520217982199009
7724	67	70	76	84	-0.0427974937376752
7725	67	70	84	96	-0.019187129313613
7726	67	70	96	97	-0.129844905016798
7727	67	70	97	114	-2.23280201198867
7728	67	70	114	123	2.42349525712487
7729	67	70	123	144	-0.0606790424048132
7730	61	109	72	79	0.73944492319886
7731	61	109	96	99	0.859671260839737
7732	61	109	99	107	25.9480596757254
7733	61	109	107	108	20.7168406968882
7734	61	109	110	112	-31.0995974621991
7735	61	109	112	119	-18.1987184393388
7736	61	109	119	127	-0.140191144413488
7737	59	115	77	86	-2.14595863311965
7738	59	115	86	94	-0.0204458288432885
7739	59	115	94	97	-0.657047736720933
7740	59	115	97	110	5.90365271284359
7741	59	115	110	112	15.6711055337491
7742	59	115	112	116	80.2639992580161
7743	59	115	116	119	-98.2879912361906
7744	59	115	119	126	-2.90918113156039
7745	59	115	126	141	-0.0659272392411764
7746	64	112	71	81	2.7903033136306
7747	64	112	93	98	0.310431705328594
7748	64	112	98	107	8.0612309570349
7749	64	112	107	110	20.0639908061171
7750	64	112	110	113	41.1500744474423
7751	64	112	113	114	-32.4896641007489
7752	64	112	114	117	-29.2151041794384
7753	64	112	117	124	-7.91646363686852
7754	52	108	69	76	-0.692986843802572
7755	52	108	76	87	-0.00680676378903962
7756	52	108	87	94	-0.00304552645480639
7757	52	108	94	99	-1.01734107687057
7758	52	108	99	104	12.9611562296765
7759	52	108	104	105	6.38323555653497
7760	52	108	105	111	3.79507485770184
7761	52	108	111	119	-21.9518246412109
7762	52	108	119	128	-0.156540509701898
7763	52	108	128	138	-0.0102866673491459
7764	53	101	68	73	0.214920101496275
7765	53	101	96	97	13.0859862927028
7766	53	101	97	103	22.6354930559579
7767	53	101	103	106	-29.2843368142071
7768	53	101	106	110	-5.30757700237474
7769	53	101	110	113	-0.688664536969027
7770	53	101	113	126	-0.462056823384464
7771	68	69	70	71	-39.2315290368107
7772	68	69	71	72	-7.71801713024913
7773	68	69	72	73	-1.87414489186239
7774	68	69	73	74	-0.119235354848033
7775	68	69	74	84	-0.015022158711119
7776	68	69	84	96	-0.00826651400680794
7777	68	69	96	99	-0.0654990315883761
7778	68	69	118	120	0.115743306240996
7779	68	69	120	143	-0.0199722541205919
7780	101	61	67	72	-7.05067002797911
7781	101	61	72	87	-0.0801259346262927
7782	101	61	87	91	-0.00379729501484898
7783	101	61	91	97	-15.0236536320318
7784	101	61	97	106	10.1189496530198
7785	101	61	106	110	6.80478069269251
7786	101	61	110	111	0.0886096406689609
7787	101	61	120	126	-0.00641530599316618
7788	101	61	126	144	-0.0157985760368065
7789	54	57	58	59	-33.7695747947048
7790	54	57	59	60	-11.5673257771424
7791	54	57	60	62	-8.21248890625944
7792	54	57	62	72	-6.84693976379272
7793	54	57	72	79	-0.0121138871925916
7794	54	57	79	96	-0.00363380282993965
7795	54	57	96	106	1.34189885780985
7796	54	57	113	121	-0.919402572876936
7797	54	57	121	144	-0.00372536721790429
7798	109	69	71	81	-16.8827804892219
7799	109	69	81	92	-0.0712363985388668
7800	109	69	92	95	-0.00299552592738121
7801	109	69	95	99	-1.67929828844496
7802	109	69	99	112	-18.6965014931078
7803	109	69	112	114	11.3982822111219
7804	109	69	114	117	7.13307152001558
7805	109	69	117	120	1.94872299262368
7806	109	69	120	129	-0.0333931668718979
7807	109	69	129	139	-0.0591382613211069
7808	55	111	71	73	-0.0349550745690057
7809	55	111	73	87	-0.0756824220557081
7810	55	111	87	94	-0.0058087298084674
7811	55	111	94	97	-1.13681811774189
7812	55	111	97	106	9.25983389621194
7813	55	111	106	108	11.8912959311918
7814	55	111	108	112	38.5723561015128
7815	55	111	112	121	-58.4407632950464
7816	55	111	121	123	-0.00513847257666424
7817	55	111	123	144	-0.0276396440604584
7818	61	117	71	75	0.174608267658243
7819	61	117	75	88	-0.100051582363139
7820	61	117	88	96	-0.0139518287592276
7821	61	117	96	97	-0.526618927375446
7822	61	117	97	112	6.40608888647971
7823	61	117	112	113	5.15493449053998
7824	61	117	113	115	41.4172355071419
7825	61	117	115	123	-52.2794401380607
7826	61	117	123	127	-0.0257015556808067
7827	61	117	127	140	-0.0864791245846235
7828	66	69	68	70	5.48981528721823
7829	66	69	70	71	-55.872520879096
7830	66	69	71	72	-11.8064982192175
7831	66	69	72	74	-3.12227059607221
7832	66	69	74	83	-0.0285152959543442
7833	66	69	83	94	-0.0196020533221112
7834	66	69	94	98	-0.154951282703104
7835	66	69	114	124	1.45455113404641
7836	66	69	124	144	-0.0488047109452428
7837	70	118	96	107	0.221922761235311
7838	70	118	107	112	1.68184125428134
7839	70	118	112	114	4.4392954529173
7840	70	118	114	119	40.7278197888735
7841	70	118	119	120	-44.0295759931547
7842	70	118	120	122	-2.99122403436429
7843	70	118	131	142	-0.0042339462257113
7844	69	125	86	95	-0.188651999515824
7845	69	125	95	99	-0.184467238786794
7846	69	125	99	112	-1.43337987257806
7847	69	125	115	120	1.7616857055475
7848	69	125	122	127	8.57614090954815
7849	69	125	127	133	-7.57464421265962
7850	69	125	133	143	-0.917878576303801
7851	62	118	71	81	0.383573061952304
7852	62	118	81	92	-0.0964218635392708
7853	62	118	92	95	-0.00297965318855126
7854	62	118	95	97	-0.495743320583795
7855	62	118	109	113	3.89249864242932
7856	62	118	113	119	46.6938985020824
7857	62	118	119	122	-46.7741230973424
7858	62	118	124	141	-0.125134419554745
7859	55	103	68	73	0.586933833427108
7860	55	103	93	97	4.5375718447086
7861	55	103	97	104	66.9851312667488
7862	55	103	104	108	-64.6741345461326
7863	55	103	108	110	-3.45908721990882
7864	55	103	110	116	-3.02764969271772
7865	55	103	116	122	-0.383661846922503
7866	108	68	73	77	-0.105799342176907
7867	108	68	77	81	-0.0228579019642218
7868	108	68	81	96	-0.0553491730616731
7869	108	68	96	98	-1.5575179960532
7870	108	68	98	110	-29.9075295822231
7871	108	68	110	113	22.1066513487126
7872	108	68	113	115	6.40380014347917
7873	108	68	115	120	3.04838242574362
7874	108	68	120	128	-0.0245457397374258
7875	108	68	128	143	-0.0652626661950636
7876	50	51	56	59	-2.09690013727993
7877	50	51	59	63	-0.561607566195725
7878	50	51	63	67	-0.179370577699419
7879	50	51	67	84	-0.0818741564020353
7880	50	51	94	97	-0.256360842906304
7881	50	51	97	105	0.585206418768078
7882	50	51	105	111	-0.164597777022152
7883	50	51	111	121	-0.16589609123566
7884	105	65	70	77	-6.10944679958702
7885	105	65	85	96	-0.022635743414426
7886	105	65	96	104	-70.1917554993413
7887	105	65	104	107	37.7085232023469
7888	105	65	107	110	24.4961663536879
7889	105	65	110	116	8.90887094834308
7890	105	65	120	126	-0.014294531382011
7891	105	65	126	144	-0.0510016076615478
7892	65	68	67	69	31.5491947505613
7893	65	68	69	70	-73.1409284869717
7894	65	68	70	71	-18.4475157309035
7895	65	68	71	72	-4.59572852396773
7896	65	68	72	79	-1.28068259037919
7897	65	68	79	89	-0.0318220403929004
7898	65	68	89	111	-1.35744024699338
7899	65	68	111	113	0.177444751161555
7900	65	68	113	123	1.21833908057286
7901	65	68	123	144	-0.041512999720747
7902	56	112	71	76	-0.0948913539715572
7903	56	112	76	82	-0.0192777797197793
7904	56	112	82	93	-0.0237466002164272
7905	56	112	93	102	-0.830922027308597
7906	56	112	102	107	8.20525448030982
7907	56	112	107	109	11.2473996588013
7908	56	112	109	114	20.5348886492875
7909	56	112	114	117	-30.0875200016835
7910	56	112	117	125	-9.0497753106897
7911	56	112	125	141	-0.0407987362036063
7912	104	64	70	78	-3.37374864207082
7913	104	64	78	88	-0.0237337061352562
7914	104	64	88	96	-0.00790303106674597
7915	104	64	96	102	-37.8403666328586
7916	104	64	102	107	17.6860038310486
7917	104	64	107	111	17.4528385866578
7918	104	64	111	114	3.41500331540675
7919	104	64	120	125	-0.0180398551426396
7920	104	64	125	139	-0.0303212449657816
7921	62	110	70	80	1.60790511504845
7922	62	110	95	98	0.504068202610191
7923	62	110	98	107	17.6781978812642
7924	62	110	107	108	10.5297439502687
7925	62	110	108	111	22.9293234795665
7926	62	110	111	113	-31.9147041709045
7927	62	110	113	119	-19.6061377170904
7928	62	110	119	123	-0.193513494155135
7929	68	116	74	83	1.78586438309757
7930	68	116	92	98	0.0531524373936374
7931	68	116	98	108	2.01271677660207
7932	68	116	108	114	44.7674329306458
7933	68	116	114	117	81.5804683060221
7934	68	116	117	118	-102.754691262464
7935	68	116	118	122	-25.6697288579732
7936	68	116	124	143	-0.0120049338521586
7937	50	98	67	74	0.0924853270118774
7938	50	98	96	99	67.6893625712099
7939	50	98	99	101	-46.7435265803162
7940	50	98	101	105	-18.3137167512886
7941	50	98	105	111	-2.37525532678079
7942	50	98	111	113	-0.125406576091668
7943	50	98	113	122	-0.154826014101837
7944	55	56	58	59	-7.49240717238905
7945	55	56	59	60	-2.92076672321765
7946	55	56	60	65	-3.53640184006185
7947	55	56	65	69	-0.48206585298766
7948	55	56	69	77	-0.159984028660929
7949	55	56	95	101	-0.22579911938107
7950	55	56	101	108	0.725750823199449
7951	55	56	108	118	-0.479281618312494
7952	55	56	118	144	-0.0207918669147698
7953	61	64	63	65	13.8593803909268
7954	61	64	65	66	-17.4626115966411
7955	61	64	66	67	-12.843362940363
7956	61	64	67	69	-12.0304061818337
7957	61	64	69	83	-7.50647353188577
7958	61	64	83	95	-0.0147146908898757
7959	61	64	95	107	-1.73568899589186
7960	61	64	107	111	1.15409900519796
7961	61	64	111	122	0.609601595270717
7962	61	64	122	143	-0.0287041098838282
7963	56	104	69	74	0.273547900619631
7964	56	104	94	102	35.6846921345686
7965	56	104	102	105	31.7317680449154
7966	56	104	105	108	-56.5272951581892
7967	56	104	108	112	-8.20558663374193
7968	56	104	112	115	-1.77763633460985
7969	56	104	115	122	-0.915872836554971
7970	69	117	89	105	0.532173667701437
7971	69	117	105	112	7.39263724779264
7972	69	117	112	113	4.62688146810978
7973	69	117	113	118	45.0944098564355
7974	69	117	118	119	-46.0694651975508
7975	69	117	119	121	-11.5592153998135
7976	69	117	121	125	-0.0360440095892189
7977	57	113	70	77	-0.302499712391872
7978	57	113	77	86	-0.0333969908540615
7979	57	113	86	96	-0.0164011422785173
7980	57	113	96	99	-1.05662024957042
7981	57	113	99	106	3.10366914539998
7982	57	113	106	110	17.5721233067836
7983	57	113	110	116	2.38848661826691
7984	57	113	116	118	-18.4529433938249
7985	57	113	118	125	-3.50052307963441
7986	57	113	125	143	-0.0498542530510939
7987	60	108	68	76	3.10070778225577
7988	60	108	90	99	1.17128637713811
7989	60	108	99	103	6.14423861724993
7990	60	108	103	107	41.0727736688119
7991	60	108	109	111	-28.3886552881009
7992	60	108	111	119	-19.0285519418847
7993	60	108	119	126	-0.100154711996629
7994	68	124	85	95	-0.00354560326838474
7995	68	124	95	97	-0.121869110316758
7996	68	124	97	110	-1.68728241003233
7997	68	124	114	118	2.10069441638356
7998	68	124	118	122	0.51694825139013
7999	68	124	133	144	-0.0132384379775814
8000	100	60	67	73	-5.22197947317541
8001	100	60	73	88	-0.0145051750549386
8002	100	60	88	94	-0.00325283227869788
8003	100	60	94	98	-39.2044809323552
8004	100	60	98	105	34.2276195879347
8005	100	60	105	106	3.43638354518593
8006	100	60	106	112	3.75778419853236
8007	100	60	112	120	-2.19170715395042
8008	100	60	120	127	-0.00556306371157525
8009	100	60	127	139	-0.0121458807615014
8010	49	52	56	61	-9.38214150381592
8011	49	52	61	62	-0.387778078298825
8012	49	52	62	67	-0.968349031618911
8013	49	52	67	84	-0.288899420017297
8014	49	52	87	101	0.627873625083979
8015	49	52	101	106	0.444822659779721
8016	49	52	106	109	-0.273896665909491
8017	49	52	109	115	-0.605230123347417
8018	49	52	115	137	-0.193629463736664
8019	67	115	74	77	2.35937378579052
8020	67	115	96	99	0.143881881948781
8021	67	115	99	107	2.37764530278774
8022	67	115	107	112	18.743312479249
8023	67	115	112	116	78.4473293011893
8024	67	115	116	117	-47.0420475577121
8025	67	115	117	120	-52.350772567964
8026	67	115	120	129	-0.230896181792557
8027	67	115	129	139	-0.00575318397992603
8028	67	123	81	95	-0.0811004298725031
8029	67	123	95	97	-0.155626463797835
8030	67	123	97	109	-1.89265000317118
8031	67	123	113	117	1.34151530416624
8032	67	123	117	121	1.85919392941733
8033	67	123	126	132	-0.0939920661510636
8034	67	123	132	144	-0.0478098582059767
8035	57	105	69	74	0.442040612994722
8036	57	105	95	98	2.70251295522817
8037	57	105	98	106	55.3989888866288
8038	57	105	106	108	-41.7265427738432
8039	57	105	108	112	-12.6447160635367
8040	57	105	112	117	-3.22687451074662
8041	57	105	117	126	-0.522727905576766
8042	66	67	68	69	-38.6831506956728
8043	66	67	69	70	-16.6553057528461
8044	66	67	70	71	-4.73271879834356
8045	66	67	71	74	-1.61486231682309
8046	66	67	74	83	-0.011635581063371
8047	66	67	83	95	-0.004265362700968
8048	66	67	95	104	-0.246942439620322
8049	66	67	113	121	0.333238116966192
8050	66	67	121	144	-0.0163469308822741
8051	58	114	68	79	0.943354839216233
8052	58	114	79	87	-1.34460214200164
8053	58	114	87	96	-0.0138397280383272
8054	58	114	96	99	-0.971898768074668
8055	58	114	99	109	7.34533376132939
8056	58	114	109	111	14.003901245841
8057	58	114	111	113	54.6077091006049
8058	58	114	113	120	-74.8166491687081
8059	58	114	120	126	-0.154815976422843
8060	58	114	126	131	-0.0237522007425183
8061	66	122	82	92	-0.0282948929185782
8062	66	122	92	101	-0.492803543596722
8063	66	122	101	108	-1.81517554139632
8064	66	122	108	116	0.0343774034523739
8065	66	122	116	117	0.569613442384352
8066	66	122	117	119	1.63463997880089
8067	66	122	126	132	-0.0332251773851536
8068	66	122	132	144	-0.0290525392441806
8069	66	114	75	81	4.39844138530034
8070	66	114	91	99	0.221216437349586
8071	66	114	99	108	5.45551297306582
8072	66	114	108	111	15.1923726577615
8073	66	114	111	115	79.8679635834152
8074	66	114	115	116	-53.5953241464693
8075	66	114	116	118	-40.7143284312527
8076	66	114	118	126	-6.49893812533751
8077	66	114	126	139	-0.00388252986033733
8078	98	58	65	76	-5.96626976926646
8079	98	58	84	94	-0.00545372543434428
8080	98	58	94	99	-69.6929896164037
8081	98	58	99	103	63.9770037515782
8082	98	58	103	106	7.37083392070447
8083	98	58	106	113	0.189997424904199
8084	98	58	113	116	-1.09016037340535
8085	98	58	116	128	-0.720414696659775
8086	98	58	128	140	-0.00536330612300474
8087	97	57	68	70	-1.1776915506946
8088	97	57	70	86	-0.302354368051216
8089	97	57	86	93	-0.00353142892502411
8090	97	57	93	99	-37.7599390329486
8091	97	57	99	105	39.0161028472532
8092	97	57	105	108	1.89532765646365
8093	97	57	111	117	-1.84068081686624
8094	97	57	117	125	-0.421948049595054
8095	134	135	125	128	-2.42131738830765
8096	134	135	128	131	-15.1807832641807
8097	134	135	131	132	-18.7216308678705
8098	134	135	132	133	-101.466394238115
8099	134	135	133	136	270.87843565946
8100	134	135	136	137	-111.426134445062
8101	134	135	137	138	-16.3946295418401
8102	134	135	138	139	-1.65093653625109
8103	134	135	139	140	-0.885625152258575
8104	134	135	140	143	-1.56602896356758
8105	65	66	67	68	-14.7088058151675
8106	65	66	68	69	-9.91317294735745
8107	65	66	69	70	-5.78480701779634
8108	65	66	70	74	-2.4469630961249
8109	65	66	74	84	-0.00746527265851847
8110	65	66	84	95	-0.00537902749863828
8111	65	66	95	99	-0.0687768892286187
8112	65	66	99	111	-0.380433495467147
8113	65	66	111	118	0.461454398809135
8114	65	66	118	143	-0.0127279344367808
8115	102	62	67	75	-10.7528349392514
8116	102	62	75	89	-0.0171542498959994
8117	102	62	89	91	-0.00148764992633762
8118	102	62	91	99	-21.7358301040907
8119	102	62	99	106	10.7907679789745
8120	102	62	106	110	11.3089359595005
8121	102	62	110	112	0.944654988763076
8122	102	62	120	127	-0.0085015682935633
8123	102	62	127	144	-0.0211310110099418
8124	49	105	76	87	-0.849802348442718
8125	49	105	87	96	-0.00271358323797098
8126	49	105	96	99	2.54446380123688
8127	49	105	99	104	67.3542722156516
8128	49	105	104	109	-55.9505609639857
8129	49	105	109	111	-5.97875267770073
8130	49	105	111	117	-7.02842349288514
8131	49	105	117	128	-0.962178695421309
8132	49	105	128	136	-0.00295809717782188
8133	63	119	81	92	-0.0767682283522261
8134	63	119	92	96	-0.00338860992126962
8135	63	119	96	99	-0.593829398408134
8136	63	119	112	114	1.72471431849021
8137	63	119	114	117	11.3880485434077
8138	63	119	117	122	-9.86570235309133
8139	63	119	122	131	-0.0759056685409061
8140	63	119	131	143	-0.0508272152491276
8141	65	113	74	77	0.00908201329255375
8142	65	113	95	98	0.269908076319742
8143	65	113	98	106	4.23994929830877
8144	65	113	106	111	31.2830037945273
8145	65	113	111	114	39.3040315911304
8146	65	113	114	115	-37.9130895501525
8147	65	113	115	118	-34.1010281101927
8148	65	113	118	126	-3.11598802687651
8149	128	131	124	126	-5.47302131545451
8150	128	131	126	127	-52.6890839613059
8151	128	131	127	129	18.8767874965824
8152	128	131	129	130	106.650718083664
8153	128	131	130	132	39.8796353698846
8154	128	131	132	133	-49.5765358168994
8155	128	131	133	134	-26.7471461584287
8156	128	131	134	136	-22.0095698885675
8157	128	131	136	143	-7.24032232346732
8158	65	121	82	89	-0.0482198922123641
8159	65	121	89	96	-0.00748172538547835
8160	65	121	96	97	-0.250930769550994
8161	65	121	112	116	1.23330196339536
8162	65	121	116	118	1.95508625977193
8163	65	121	118	124	0.468794752623698
8164	65	121	129	138	-0.0721867397426884
8165	64	67	66	68	57.0964641732648
8166	64	67	68	69	-54.0563464330091
8167	64	67	69	70	-26.3546571337808
8168	64	67	70	75	-10.5631933023166
8169	64	67	75	84	-0.0271210517287795
8170	64	67	84	89	-0.0126160055120171
8171	64	67	89	99	-0.244826240628225
8172	64	67	99	116	0.486099787088629
8173	64	67	120	139	-0.0448035151015165
8174	51	52	56	59	-4.59633701509214
8175	51	52	59	60	-0.4328714040632
8176	51	52	60	66	-0.90005068305462
8177	51	52	66	77	-0.192689240771731
8178	51	52	95	99	-0.188455856809353
8179	51	52	99	107	0.64634711767672
8180	51	52	107	109	-0.0776498716801627
8181	51	52	109	118	-0.368751182820648
8182	51	52	118	143	-0.0114787237401664
8183	50	106	66	74	-1.28830192228014
8184	50	106	98	104	36.2032979597168
8185	50	106	108	114	-26.6968022511598
8186	50	106	114	115	-1.2986439518079
8187	50	106	115	127	-2.88934581053329
8188	50	106	127	141	-0.00665154877660072
8189	56	57	59	60	-6.91493372380572
8190	56	57	60	61	-2.91092782238956
8191	56	57	61	63	-2.73100438486094
8192	56	57	63	66	-1.45522087642588
8193	56	57	66	77	-0.822833585918691
8194	56	57	77	95	-0.00430469599580661
8195	56	57	95	98	-0.286103750421546
8196	56	57	98	107	0.848572063166353
8197	56	57	118	136	-0.0350203738823937
8198	99	59	66	75	-5.35117834875465
8199	99	59	80	95	-0.0102366918703103
8200	99	59	95	101	-37.8186602855731
8201	99	59	101	105	36.1501292144419
8202	99	59	105	109	4.7693899340171
8203	99	59	114	119	-1.53277113755991
8204	99	59	119	126	-0.0498417488772737
8205	99	59	126	134	-0.00382482697209911
8206	131	132	124	126	-0.337507154261751
8207	131	132	126	128	-4.60478838357806
8208	131	132	128	129	-6.93214093813574
8209	131	132	129	130	-31.1627860796894
8210	131	132	130	133	141.274358926126
8211	131	132	133	134	-69.2026708635978
8212	131	132	134	135	-18.6330555947072
8213	131	132	135	136	-6.0113456360558
8214	131	132	136	137	-2.38814761340433
8215	131	132	137	141	-1.41165828692477
8216	57	58	60	61	-6.41547552253982
8217	57	58	61	62	-2.96147273621604
8218	57	58	62	65	-3.85025346733821
8219	57	58	65	66	-0.352929566030843
8220	57	58	66	84	-1.1733696979866
8221	57	58	96	102	-0.301432382144287
8222	57	58	102	108	0.728267201747588
8223	63	66	65	67	15.9206655887645
8224	63	66	67	68	-23.7613030583416
8225	63	66	68	69	-18.2314511590615
8226	63	66	69	74	-17.2757854658
8227	63	66	74	80	-0.0112341262709987
8228	63	66	80	95	-0.0282328840179313
8229	63	66	95	98	-0.253637938543643
8230	63	66	98	115	0.616060128769082
8231	63	66	123	141	-0.0390310357173747
8232	52	100	67	76	0.214702462916188
8233	52	100	76	88	0.00239510234171547
8234	52	100	95	97	21.7831858188592
8235	52	100	97	102	14.6507257602387
8236	52	100	102	107	-34.0363580519456
8237	52	100	107	108	-1.02941911812493
8238	52	100	108	114	-1.20054610394431
8239	52	100	114	124	-0.189776738293534
8240	51	107	67	74	-1.17538199800166
8241	51	107	74	88	-0.00858082678276544
8242	51	107	88	95	-0.00216126430271407
8243	51	107	95	102	7.10504126515989
8244	51	107	102	104	13.7075668963055
8245	51	107	104	109	9.41928912147999
8246	51	107	109	112	-19.6636118016496
8247	51	107	112	118	-10.1508695405438
8248	51	107	118	127	-0.452117228435912
8249	51	107	127	140	-0.00784205886486821
8250	54	110	67	76	-0.928237266650286
8251	54	110	76	88	-0.474537052044271
8252	54	110	88	90	-0.00226209298288557
8253	54	110	90	102	0.741058805078429
8254	54	110	102	105	7.13499258119222
8255	54	110	105	109	43.8935010258225
8256	54	110	109	114	-37.693379406386
8257	54	110	114	118	-13.0614158143288
8258	54	110	118	126	-1.02326847194283
8259	54	110	126	144	-0.0206369786850155
8260	130	131	121	125	-0.379645920786969
8261	130	131	125	127	-2.23466232639502
8262	130	131	127	128	-10.056173367463
8263	130	131	128	129	-28.7764697614664
8264	130	131	129	132	106.82283029762
8265	130	131	132	133	-36.084776536526
8266	130	131	133	134	-15.2989860325733
8267	130	131	134	135	-7.57614281536872
8268	130	131	135	136	-3.13541457456634
8269	130	131	136	139	-2.35470014757416
8270	56	59	60	61	-25.1001364902154
8271	56	59	61	62	-9.98024581240933
8272	56	59	62	65	-12.1416234696859
8273	56	59	65	67	-2.14581016645695
8274	56	59	67	77	-2.49880217565208
8275	56	59	77	94	-0.0072392230039701
8276	56	59	94	99	-0.812167618244198
8277	56	59	99	112	2.0663932654277
8278	56	59	112	120	-1.24462738145452
8279	56	59	120	143	-0.00991426268226059
8280	64	120	78	94	-0.081799547348401
8281	64	120	95	97	-0.323313590989183
8282	64	120	111	115	1.10240689118138
8283	64	120	115	118	4.76442688974674
8284	64	120	118	124	-2.17842968867116
8285	64	120	124	126	-0.0145763954028506
8286	64	120	126	136	-0.0880265572965521
8287	64	65	66	67	-20.7086638898381
8288	64	65	67	68	-6.13358823511303
8289	64	65	68	69	-5.37003385350126
8290	64	65	69	74	-5.60830585750744
8291	64	65	74	83	-0.00942829861401785
8292	64	65	83	96	-0.00668874506666657
8293	64	65	96	106	-0.449091703806562
8294	64	65	106	116	0.746429707546259
8295	64	65	119	140	-0.0391758639189022
8296	50	95	73	75	0.00436201725753579
8297	50	95	75	81	0.779770586859618
8298	50	95	81	87	4.24911612817722
8299	50	95	87	92	5.82392474947098
8300	50	95	92	102	-13.3493700028393
8301	50	95	102	109	1.60513487546381
8302	50	95	109	119	0.882007000244086
8303	50	95	119	124	0.00759881536361961
8304	50	95	124	133	1.76630571932165
8305	50	95	133	137	2.39766621445199
8306	63	111	73	80	0.42748796057018
8307	63	111	90	97	0.30691709050213
8308	63	111	97	107	12.3873219972936
8309	63	111	107	109	17.4627039008075
8310	63	111	109	112	26.3486605118512
8311	63	111	112	114	-35.7965290935877
8312	63	111	114	119	-20.4773864013521
8313	63	111	119	128	-0.306209985238045
8314	49	96	73	75	0.00366180647420212
8315	49	96	75	77	0.129007184191279
8316	49	96	77	88	5.32607544321445
8317	49	96	88	91	2.76042457531171
8318	49	96	91	105	-9.51487421882971
8319	49	96	105	115	1.12057619609146
8320	49	96	115	121	0.173509125861514
8321	49	96	121	123	0.00179158791347465
8322	49	96	123	131	1.13110582268257
8323	49	96	131	144	3.691877193738
8324	95	96	88	92	-0.841053086775749
8325	95	96	92	93	-0.757417612014844
8326	95	96	93	94	-3.35254653297728
8327	95	96	94	99	5.6633202558184
8328	95	96	101	122	-0.00186850598217514
8329	95	96	122	130	-0.081798343623532
8330	95	96	130	134	-0.11031143389558
8331	95	96	134	139	-0.167754724913779
8332	95	96	139	143	0.192723995265967
8333	51	96	74	75	0.00535786374289461
8334	51	96	75	80	0.417945755621162
8335	51	96	80	87	4.04820338635729
8336	51	96	87	99	-7.91860844690622
8337	51	96	99	103	1.00972488432651
8338	51	96	103	110	1.46101523993487
8339	51	96	110	120	0.976132511863534
8340	51	96	120	128	0.357709575516521
8341	51	96	128	132	1.00394938353808
8342	51	96	132	141	3.46096134456172
8343	127	130	121	123	-0.0630834401134273
8344	127	130	123	125	-6.73788903153573
8345	127	130	125	126	-52.5008726093157
8346	127	130	126	128	26.796825420028
8347	127	130	128	129	97.4327228718281
8348	127	130	129	131	28.1368305322351
8349	127	130	131	132	-41.9261000520639
8350	127	130	132	133	-15.7554653316806
8351	127	130	133	137	-30.8231449864514
8352	127	130	137	140	-2.28774901441111
8353	96	144	87	90	-1.68350966994803
8354	96	144	90	94	-7.00280868091242
8355	96	144	94	98	10.2906805130029
8356	96	144	122	129	0.295527740366584
8357	96	144	129	134	1.12866816588814
8358	96	144	134	136	1.31499374698613
8359	96	144	136	140	3.6722932549665
8360	96	144	140	143	17.7641316339954
8361	136	96	87	90	3.02990963725009
8362	136	96	90	94	8.29805704421728
8363	136	96	94	98	-11.3198591096718
8364	136	96	98	113	-0.00875831408759297
8365	136	96	113	124	-0.00840876707248803
8366	136	96	124	126	-0.385289058489239
8367	136	96	126	131	-9.85592192525374
8368	136	96	131	138	-8.83983079127155
8369	136	96	138	141	13.6255779805983
8370	136	96	141	142	2.08003131977759
8371	60	61	63	64	-5.02319214310317
8372	60	61	64	65	-2.81090751841961
8373	60	61	65	66	-1.06551123547677
8374	60	61	66	68	-1.53286719717953
8375	60	61	68	76	-1.43926769215445
8376	60	61	76	94	-0.00604574325992963
8377	60	61	94	97	-0.104936644693817
8378	60	61	97	111	0.245485256345135
8379	60	61	121	142	-0.00604563881488824
8380	59	62	63	64	-23.811717575146
8381	59	62	64	65	-11.4009267747562
8382	59	62	65	66	-4.04680611761074
8383	59	62	66	68	-5.72466918962532
8384	59	62	68	76	-5.23938629214432
8385	59	62	76	86	-0.0123774380616875
8386	59	62	86	107	-0.859547641809537
8387	59	62	107	109	0.526422761960325
8388	59	62	109	118	0.463927024175919
8389	59	62	118	140	-0.134538513138407
8390	53	109	66	74	-1.60888758823506
8391	53	109	74	88	-0.0159958803529762
8392	53	109	88	95	-0.00337304960784961
8393	53	109	95	97	-1.50474686024925
8394	53	109	97	105	13.2587196427615
8395	53	109	105	110	40.7233810290908
8396	53	109	110	113	-36.9181153092266
8397	53	109	113	115	-8.80702928096673
8398	53	109	115	123	-6.79117114997637
8399	53	109	123	141	-0.0202141369548649
8400	50	96	74	76	0.0136575842328118
8401	50	96	76	83	1.5851843297123
8402	50	96	83	95	23.0593384071897
8403	50	96	95	98	-28.2944298812392
8404	50	96	98	114	3.32905279085735
8405	50	96	114	121	0.2966668397093
8406	50	96	121	127	0.147090558418699
8407	50	96	127	134	1.97948800510923
8408	50	96	134	140	2.5152239996161
8409	49	95	74	80	0.467582866220669
8410	49	95	80	84	1.68855307160726
8411	49	95	84	88	4.01664417274717
8412	49	95	88	101	-8.81808357933664
8413	49	95	101	111	2.14313501407083
8414	49	95	111	116	0.382783304660607
8415	49	95	116	123	0.121591453102093
8416	49	95	123	131	1.2362133465284
8417	49	95	131	143	3.82397080958812
8418	76	79	80	81	-51.2092187045803
8419	76	79	81	82	-9.23237973922297
8420	76	79	82	84	-4.46922854088043
8421	76	79	84	90	-2.76588034636184
8422	76	79	90	94	-0.16845490786849
8423	76	79	94	100	-0.313756435997256
8424	76	79	100	126	0.437736870465533
8425	76	79	126	128	0.21245540268542
8426	76	79	128	144	-0.472855263796462
8427	80	83	82	84	60.7795869315205
8428	80	83	84	85	-90.3453579132896
8429	80	83	85	86	-25.5831161377984
8430	80	83	86	87	-11.0518096300984
8431	80	83	87	93	-9.660745610155
8432	80	83	93	94	-0.266985032067157
8433	80	83	94	98	-1.55362928244572
8434	80	83	98	125	-0.0507067878130624
8435	80	83	125	133	3.06414888431132
8436	80	83	133	143	-2.12790994108757
8437	55	58	59	60	-29.9252659722788
8438	55	58	60	61	-10.714766824074
8439	55	58	61	64	-11.3170629341791
8440	55	58	64	66	-2.31032539609278
8441	55	58	66	85	-2.49709356069679
8442	55	58	85	89	-0.00515249942121713
8443	55	58	89	106	0.996752063448634
8444	55	58	106	111	0.364604993843855
8445	55	58	111	119	-1.32979863617709
8446	55	58	119	142	-0.0307688565925123
8447	125	126	122	123	-0.0265777067157887
8448	125	126	124	127	53.4477663961
8449	125	126	127	128	-49.4018168357113
8450	125	126	128	129	-2.8069248110576
8451	125	126	129	130	-0.518203624009933
8452	125	126	130	131	-0.21091408762446
8453	125	126	131	134	-0.266309299544475
8454	125	126	134	142	-0.20326158105436
8455	52	53	56	57	-4.1224174125536
8456	52	53	57	60	-3.6717959416626
8457	52	53	60	63	-0.799158378584248
8458	52	53	63	74	-0.542057038097013
8459	52	53	94	98	-0.351182548994091
8460	52	53	98	107	0.819129800135793
8461	52	53	107	109	-0.0670818921175928
8462	52	53	109	113	-0.21153685050908
8463	52	53	113	142	-0.189228484158494
8464	82	83	84	85	-67.2138155906301
8465	82	83	85	86	-16.7646647635939
8466	82	83	86	87	-6.48416445474515
8467	82	83	87	88	-2.58240243049977
8468	82	83	88	89	-1.24578062525904
8469	82	83	89	96	-1.28419979187097
8470	82	83	96	97	-0.461956322265651
8471	82	83	97	130	0.757028727308775
8472	82	83	130	133	0.371463375105314
8473	82	83	133	144	-0.808094001861199
8474	50	53	56	57	-7.72049397941182
8475	50	53	57	62	-8.73087234297655
8476	50	53	62	64	-0.814319579329599
8477	50	53	64	74	-0.923916208485347
8478	50	53	95	98	-0.812700357980919
8479	50	53	98	104	2.07269924464313
8480	50	53	104	111	-0.531955406539575
8481	50	53	111	120	-0.728122313002073
8482	51	54	56	57	-14.9747096821698
8483	51	54	57	61	-13.507947711676
8484	51	54	61	62	-0.789816754767558
8485	51	54	62	75	-2.34725828969278
8486	51	54	95	97	-1.19820557828474
8487	51	54	97	105	2.61246142163169
8488	51	54	105	111	-0.532365425009748
8489	51	54	111	118	-0.840578626273695
8490	51	54	118	143	-0.0420078100868192
8491	76	77	78	79	-40.6072131381628
8492	76	77	79	80	-10.7542715242131
8493	76	77	80	81	-2.01521546896405
8494	76	77	81	84	-1.94060379948862
8495	76	77	84	88	-0.888578274463373
8496	76	77	88	96	-0.322928829497502
8497	76	77	96	98	-0.117756395107995
8498	76	77	98	123	-0.0145682528756651
8499	76	77	123	130	0.510168668870045
8500	76	77	130	144	-0.410222829878284
8501	120	121	114	117	-0.644180013159307
8502	120	121	117	118	-1.91020396263446
8503	120	121	118	119	-4.80573821327619
8504	120	121	119	122	7.48246949704413
8505	120	121	123	124	-0.045826176179335
8506	120	121	126	129	-0.00994034851726712
8507	120	121	129	141	-0.011769739416233
8508	54	55	57	58	-8.71702337543897
8509	54	55	58	59	-3.95859893737942
8510	54	55	59	62	-3.23387663156108
8511	54	55	62	65	-0.981308854797246
8512	54	55	65	85	-0.521010874432561
8513	54	55	95	106	0.498197150943425
8514	54	55	112	113	-0.0424741384713264
8515	54	55	113	143	-0.265001828850347
8516	85	86	84	87	220.857475066276
8517	85	86	87	88	-111.911690131375
8518	85	86	88	89	-25.4280672062344
8519	85	86	89	90	-7.00281806501929
8520	85	86	90	91	-0.582287845509561
8521	85	86	91	96	-1.2404804122457
8522	85	86	96	98	-0.885378760510797
8523	85	86	98	132	-0.165830673004761
8524	85	86	132	135	0.617058859898033
8525	85	86	135	144	0.10892296228581
8526	88	89	87	90	123.821941297406
8527	88	89	90	91	-7.30300785180001
8528	88	89	91	92	-1.39268584384394
8529	88	89	92	93	-0.691869970120625
8530	88	89	93	95	-0.887000782783568
8531	88	89	95	96	-0.191412175106848
8532	88	89	96	99	-1.15181240579337
8533	88	89	99	129	-0.257524931154113
8534	88	89	129	136	0.423446578138598
8535	88	89	136	141	0.56480040908168
8536	92	93	90	91	-1.698372464787
8537	92	93	91	94	10.3313078873469
8538	92	93	94	95	-2.72845130422918
8539	92	93	95	96	-0.757263349692227
8540	92	93	96	97	-1.84695521217443
8541	92	93	108	127	-0.018675394708536
8542	92	93	127	134	-0.189977092896788
8543	92	93	134	136	-0.0443784371529379
8544	92	93	136	143	0.295154131163162
8545	141	142	103	125	-0.0194905283073388
8546	141	142	125	131	-0.427739943910884
8547	141	142	131	135	-1.09479941247226
8548	141	142	135	137	-1.2640187732741
8549	141	142	137	138	-0.931788508539539
8550	141	142	138	139	-0.84726270991303
8551	141	142	139	140	-4.69766768693215
8552	141	142	140	143	18.1761200892219
8553	141	142	143	144	-3.9839959584886
8554	73	74	78	79	-0.00235564152539521
8555	75	76	77	78	-4.37249917138155
8556	75	76	78	79	-0.378837848092433
8557	75	76	79	80	-0.124744027768894
8558	75	76	80	83	-0.100907582512953
8559	75	76	83	87	-0.0418710895024219
8560	75	76	87	96	-0.0179243537230408
8561	75	76	96	97	-0.00764217041428742
8562	75	76	125	130	0.0141755843849761
8563	75	76	130	143	-0.0115101768791467
8564	128	129	124	125	-0.944796582328274
8565	128	129	125	126	-2.81096862153037
8566	128	129	126	127	-44.766030792219
8567	128	129	127	130	97.4270014023046
8568	128	129	130	131	-28.8084617566996
8569	128	129	131	132	-6.94021147239917
8570	128	129	132	133	-3.46848724025289
8571	128	129	133	135	-6.06680308079103
8572	128	129	135	144	-3.1833594567129
8573	120	80	81	87	-101.167224872774
8574	120	80	87	96	-2.06270529389781
8575	120	80	96	97	-0.420929532820169
8576	120	80	97	114	-0.150790274371954
8577	120	80	114	117	-0.693273948944246
8578	120	80	117	123	0.80936091183311
8579	120	80	123	126	0.478789249780931
8580	120	80	126	130	0.793740575901183
8581	120	80	130	131	0.116589097647034
8582	117	120	113	115	-40.0164505200559
8583	117	120	115	116	-75.2136407364845
8584	117	120	116	118	74.5355930703063
8585	117	120	118	119	51.5503754778463
8586	117	120	119	121	8.74465386536033
8587	117	120	121	122	-5.30333453944283
8588	117	120	127	143	-0.04738140968385
8589	79	80	81	82	-63.8993118860424
8590	79	80	82	83	-15.0664279542811
8591	79	80	83	84	-2.87338247105832
8592	79	80	84	85	-1.92855715997801
8593	79	80	85	89	-2.4179555226732
8594	79	80	89	96	-0.365251309311759
8595	79	80	96	110	-0.175304872641402
8596	79	80	126	132	0.433960012466016
8597	79	80	132	143	-0.302655109419697
8598	83	84	82	85	124.043039223041
8599	83	84	85	86	-46.6952376183494
8600	83	84	86	87	-12.5670197797035
8601	83	84	87	88	-3.85948571914679
8602	83	84	88	92	-2.41629743027105
8603	83	84	92	96	-0.282666854348815
8604	83	84	96	99	-0.341841214405335
8605	83	84	99	127	-0.0312600244696418
8606	83	84	127	133	0.24363391530236
8607	83	84	133	139	0.0889679478242706
8608	86	87	85	88	215.561092293391
8609	86	87	88	89	-76.8072853732843
8610	86	87	89	90	-16.2706378834285
8611	86	87	90	91	-1.09006793534793
8612	86	87	91	94	-1.27488455591364
8613	86	87	94	96	-0.450294280515514
8614	86	87	96	98	-1.08244170796697
8615	86	87	98	127	-0.0848828882282043
8616	86	87	133	141	1.07832526496071
8617	89	90	88	91	73.0874775696007
8618	89	90	91	92	-2.91197448543446
8619	89	90	92	93	-0.975791241765075
8620	89	90	93	94	-0.610890152853151
8621	89	90	94	95	-0.431081000477835
8622	89	90	95	96	-0.20423527859943
8623	89	90	96	99	-1.13302228698719
8624	89	90	99	130	-0.333169250411622
8625	89	90	130	135	0.0897087754935029
8626	89	90	135	144	0.691236701294137
8627	142	143	96	99	-0.0815234533239479
8628	142	143	119	126	-0.0166495689517821
8629	142	143	126	131	-0.295391206115792
8630	142	143	131	135	-0.706646852788136
8631	142	143	135	138	-1.20577589315262
8632	142	143	138	139	-0.337602616103623
8633	142	143	139	140	-1.37087272082676
8634	142	143	140	141	-3.68009363507774
8635	142	143	141	144	17.9393712019442
8636	97	142	85	88	2.02156173606147
8637	97	142	88	96	0.845434957177565
8638	97	142	96	104	-9.08994724839405
8639	97	142	104	111	3.5721537430189
8640	97	142	111	118	0.688098771408226
8641	97	142	118	120	0.029793891072771
8642	97	142	120	123	0.00500628061950233
8643	97	142	124	135	6.49860635237266
8644	97	142	135	139	6.83266164804475
8645	122	82	85	94	-23.299704910782
8646	122	82	94	96	-0.339441682570102
8647	122	82	96	99	-1.13709500376406
8648	122	82	99	117	-0.0573470789674132
8649	122	82	125	127	0.299220576140266
8650	122	82	127	132	2.63281798366016
8651	122	82	137	140	-0.412708583863441
8652	123	83	84	85	-93.2358683422728
8653	123	83	85	95	-51.886310763772
8654	123	83	95	96	-0.176347388325632
8655	123	83	96	107	-1.60695877814117
8656	123	83	107	120	-0.0891925476684869
8657	123	83	124	128	1.49466971575342
8658	123	83	128	130	1.93837680860306
8659	123	83	137	141	-0.705907242617189
8660	127	87	84	85	27.5269466834027
8661	127	87	85	92	-39.3959052134012
8662	127	87	92	96	-3.92634624686824
8663	127	87	96	98	-4.3419832616982
8664	127	87	98	121	-0.1612365158237
8665	127	87	121	129	-12.8602495876513
8666	127	87	129	130	8.07747982632369
8667	127	87	130	134	7.26999703777471
8668	127	87	134	139	1.53497319973736
8669	127	87	139	144	-1.17262143106602
8670	87	90	88	89	124.184292270183
8671	87	90	89	91	24.98156639483
8672	87	90	91	92	-5.00218431701626
8673	87	90	92	93	-2.09407109420482
8674	87	90	93	95	-2.58806779155556
8675	87	90	95	96	-0.547628596986989
8676	87	90	96	110	-3.28049168536502
8677	87	90	110	132	-1.51353639440653
8678	87	90	132	135	1.03419600943819
8679	87	90	135	141	2.31025584636982
8680	90	93	89	91	9.09848218795853
8681	90	93	91	92	10.825340285717
8682	90	93	92	94	6.12795623429394
8683	90	93	94	95	-3.90867730280312
8684	90	93	95	96	-1.2035844200404
8685	90	93	96	106	-3.42030154731232
8686	90	93	106	126	-0.0312336195320342
8687	90	93	126	134	-0.395098990837858
8688	90	93	134	136	0.0367138622932548
8689	90	93	136	144	0.792638402870359
8690	143	144	95	96	0.0569816935786637
8691	143	144	104	124	-0.00131751848544873
8692	143	144	124	131	-0.196869514279685
8693	143	144	131	135	-0.419040249930405
8694	143	144	135	136	-0.186114649620371
8695	143	144	136	139	-0.625941521053533
8696	143	144	139	140	-0.53345614034699
8697	143	144	140	141	-1.06006752723901
8698	143	144	141	142	-3.9737885649808
8699	129	89	85	86	9.89248069699548
8700	129	89	92	96	-6.70124078374551
8701	129	89	96	97	-6.02897018505986
8702	129	89	97	122	-0.0764507366802483
8703	129	89	122	125	-2.31290781077861
8704	129	89	125	131	-33.4473850969292
8705	129	89	131	134	26.5329934617639
8706	129	89	134	137	11.2677591770663
8707	129	89	137	141	1.80323685978312
8708	78	81	80	82	22.0970818846379
8709	78	81	82	83	-76.8568398633945
8710	78	81	83	84	-11.7613093781395
8711	78	81	84	85	-7.03717479222198
8712	78	81	85	88	-6.98811426706852
8713	78	81	88	96	-1.86185343354594
8714	78	81	96	97	-0.507534318556456
8715	78	81	126	130	1.01063573936196
8716	78	81	130	142	-0.610903330033578
8717	114	115	109	111	-5.18616717138561
8718	114	115	111	112	-7.47416403718684
8719	114	115	112	113	-21.5583121666955
8720	114	115	113	116	90.5763711808181
8721	114	115	116	117	-27.4306122525247
8722	114	115	117	118	-19.9538976302916
8723	114	115	118	119	-4.15254024567833
8724	114	115	119	121	-1.21706203647996
8725	114	115	121	128	-0.00959421912559319
8726	114	115	128	139	-0.00935936898207839
8727	90	138	91	92	6.58265375423824
8728	90	138	92	96	7.78126695457653
8729	90	138	96	97	3.48396539279593
8730	90	138	97	117	0.0288293397365164
8731	90	138	117	127	0.161684396846676
8732	90	138	127	130	1.68492107127943
8733	90	138	130	136	16.7629671025352
8734	90	138	136	139	7.10904145735283
8735	90	138	139	140	-9.34486409122703
8736	90	138	140	142	-9.35114874695553
8737	131	91	86	88	6.60885764108603
8738	131	91	88	94	0.275120512143261
8739	131	91	94	96	-3.38466099474157
8740	131	91	96	109	-7.11837093706413
8741	131	91	109	122	-0.0528388933763623
8742	131	91	122	128	-17.4959302645868
8743	131	91	134	136	27.6038625217174
8744	131	91	136	137	5.16940225625771
8745	131	91	137	142	4.50413387955371
8746	130	90	85	88	12.4052551062356
8747	130	90	88	93	-2.51437443065271
8748	130	90	93	96	-5.59545791743214
8749	130	90	96	105	-6.87272972584896
8750	130	90	105	123	-0.134839357688417
8751	130	90	123	125	-1.63647832832023
8752	130	90	125	133	-33.9767931586878
8753	130	90	133	135	26.5196107791547
8754	130	90	135	137	9.47706553722269
8755	130	90	137	142	3.12577304640893
8756	82	85	83	84	123.456815912829
8757	82	85	84	86	83.8671282807
8758	82	85	86	87	-112.652113205122
8759	82	85	87	88	-24.8768590903703
8760	82	85	88	92	-12.4973387608954
8761	82	85	92	96	-1.14470251625186
8762	82	85	96	98	-1.37366963886065
8763	82	85	98	125	-0.0884649799649252
8764	82	85	125	132	1.00794166770619
8765	84	85	83	86	214.137044034705
8766	84	85	86	87	-93.6835294764325
8767	84	85	87	88	-18.4663749120543
8768	84	85	88	89	-5.53846432001526
8769	84	85	89	94	-2.68382976445284
8770	84	85	94	96	-0.202551507243608
8771	84	85	96	97	-0.571736597409496
8772	84	85	97	127	-0.0764781597425241
8773	84	85	133	144	0.57484629442818
8774	90	91	89	92	14.6038741480763
8775	90	91	92	93	-1.66785605854445
8776	90	91	93	94	-0.512758492823709
8777	90	91	94	95	-0.285982258906552
8778	90	91	95	96	-0.117995201755148
8779	90	91	96	115	-0.481792779912696
8780	90	91	115	127	-0.0128881721985227
8781	90	91	127	129	-0.037139975639584
8782	90	91	129	135	-0.051184450350434
8783	90	91	135	143	0.188742317258227
8784	124	84	83	86	-100.62212206451
8785	124	84	86	92	-42.0863806227252
8786	124	84	92	96	-1.42847173002035
8787	124	84	96	100	-1.94147678488341
8788	124	84	100	120	-0.0983676088670273
8789	124	84	125	129	2.13280634399272
8790	124	84	129	132	2.0967324395527
8791	124	84	137	141	-0.743051179808445
8792	113	73	76	81	-0.0727996763313791
8793	113	73	81	92	-0.0331205285203629
8794	113	73	92	96	-0.00356866493854385
8795	113	73	96	101	-1.34352162078948
8796	113	73	101	115	-38.6749084523204
8797	113	73	115	117	25.7067188585436
8798	113	73	117	120	14.342053950063
8799	113	73	120	123	0.080919213954261
8800	113	73	131	143	-0.0490146942125468
8801	140	143	96	97	-0.237829302244272
8802	140	143	97	128	-0.374862544468356
8803	140	143	128	130	-0.641632661559864
8804	140	143	130	136	-5.47433187393696
8805	140	143	136	137	-2.38633907823351
8806	140	143	137	138	-3.34618471160474
8807	140	143	138	139	-3.80284419117153
8808	140	143	139	141	6.70330221660966
8809	140	143	141	142	18.182961382955
8810	124	125	121	122	-0.087496926535317
8811	124	125	123	126	46.1344260314475
8812	124	125	126	127	-37.6772863859645
8813	124	125	127	128	-5.2369122395069
8814	124	125	128	129	-0.923592326564066
8815	124	125	129	130	-0.62069828488517
8816	124	125	130	131	-0.376774786649019
8817	124	125	131	139	-1.23660089383124
8818	75	131	92	96	-0.554706356457931
8819	75	131	96	98	-1.13300085020071
8820	75	131	98	118	-0.0847211176114009
8821	75	131	118	126	1.93264138016898
8822	75	131	126	127	3.01789730328308
8823	75	131	127	132	114.766036440976
8824	75	131	132	133	-52.2752612133408
8825	75	131	133	142	-64.9436272049343
8826	74	130	82	85	0.969245878869468
8827	74	130	85	95	-2.60792424173384
8828	74	130	95	96	-0.0817990551858096
8829	74	130	96	97	-0.89002537477354
8830	74	130	97	120	-0.0728570316985112
8831	74	130	120	123	0.0643539255643584
8832	74	130	123	126	2.45783560457114
8833	74	130	126	129	77.0113480831259
8834	74	130	129	134	-55.981387264788
8835	74	130	134	141	-21.3700837392501
8836	93	96	90	91	-0.921318044172258
8837	93	96	91	92	-3.19298291525226
8838	93	96	92	94	5.85871179993813
8839	93	96	94	95	15.3761837167515
8840	93	96	95	98	-11.1805711921419
8841	93	96	98	121	-0.00415348363929719
8842	93	96	121	127	-0.0555995434777984
8843	93	96	127	136	-0.99284852208718
8844	93	96	138	141	0.352787645485975
8845	77	78	79	80	-90.9879878557299
8846	77	78	80	81	-10.8084550158704
8847	77	78	81	82	-2.24910473573306
8848	77	78	82	83	-0.930533145326856
8849	77	78	83	88	-0.997952874183958
8850	77	78	88	95	-0.210072965362546
8851	77	78	95	98	-0.0821134045171956
8852	77	78	98	126	0.146403513533946
8853	77	78	126	132	0.156787342558903
8854	77	78	132	144	-0.251695909022074
8855	78	79	80	81	-38.487530045679
8856	78	79	81	82	-5.95880810764953
8857	78	79	82	83	-1.89907758015926
8858	78	79	83	84	-0.423570225919934
8859	78	79	84	89	-0.789992643427986
8860	78	79	89	95	-0.0822339476455655
8861	78	79	95	97	-0.0421140305801109
8862	78	79	123	128	0.0510086902883182
8863	78	79	128	144	-0.0322656837585011
8864	80	81	82	83	-59.8911914959296
8865	80	81	83	84	-8.48115947736247
8866	80	81	84	85	-4.79142707788813
8867	80	81	85	86	-2.28715401877161
8868	80	81	86	90	-2.90341901893993
8869	80	81	90	95	-0.288432363714662
8870	80	81	95	100	-0.326349927813724
8871	80	81	100	128	0.191796302112743
8872	80	81	128	135	0.407188115909626
8873	80	81	135	142	-0.356402069932717
8874	81	82	83	84	-45.4308873901908
8875	81	82	84	85	-18.3991021824227
8876	81	82	85	86	-6.5544538612528
8877	81	82	86	87	-3.19343441071632
8878	81	82	87	88	-1.48732660197388
8879	81	82	88	95	-1.82781585119922
8880	81	82	95	100	-0.467008442177997
8881	81	82	124	132	1.04962320615671
8882	98	99	95	100	36.117376616055
8883	98	99	100	101	-20.20309908766
8884	98	99	101	102	-7.86135434540053
8885	98	99	102	103	-3.62545420804707
8886	98	99	103	104	-1.8626055948063
8887	98	99	104	106	-1.46477157268776
8888	98	99	106	108	-0.5672552648792
8889	98	99	108	115	-0.464888867333792
8890	98	99	115	120	-0.0787868201010779
8891	87	88	86	89	183.329572534862
8892	87	88	89	90	-38.8583333769245
8893	87	88	90	91	-1.89714927534251
8894	87	88	91	92	-0.690761929748972
8895	87	88	92	93	-0.426683275873355
8896	87	88	93	96	-0.805111498493429
8897	87	88	96	97	-0.989182286837625
8898	87	88	97	130	-0.459584403589876
8899	87	88	130	136	0.587458946025982
8900	87	88	136	139	0.478103917804298
8901	91	92	89	90	-2.9102289436374
8902	91	92	90	93	10.7884194345935
8903	91	92	93	94	-1.96403915640015
8904	91	92	94	95	-0.886886486267957
8905	91	92	95	96	-0.325933904787309
8906	91	92	96	100	-1.08290554238528
8907	91	92	100	122	-0.00131955290909028
8908	91	92	122	132	-0.0978399121759197
8909	91	92	132	139	0.144641386652994
8910	91	92	139	140	0.0473763495142688
8911	137	138	119	127	-1.04511471067436
8912	137	138	127	132	-2.32648797219049
8913	137	138	132	134	-8.34021311071958
8914	137	138	134	135	-16.4822151370935
8915	137	138	135	136	-45.118022167042
8916	137	138	136	139	82.2166044987043
8917	137	138	139	140	-3.94072769537014
8918	137	138	140	141	-1.94325136015584
8919	137	138	141	142	-0.93153027455753
8920	137	138	142	144	-0.729045462269692
8921	122	125	121	123	0.129548412266612
8922	122	125	124	126	46.3458841022002
8923	122	125	126	127	-37.6788298377568
8924	122	125	127	128	-5.24213447356558
8925	122	125	128	129	-0.923648151586909
8926	122	125	129	132	-1.22735122231516
8927	122	125	132	141	-1.04901410117151
8928	128	88	90	95	-10.7647890311899
8929	128	88	95	96	-0.678636948327361
8930	128	88	96	104	-5.12582609658124
8931	128	88	104	120	-0.107130629236171
8932	128	88	120	129	-75.9824621188278
8933	128	88	129	130	47.5372994701737
8934	128	88	130	135	28.7643998376444
8935	128	88	135	139	3.57223631860774
8936	109	110	105	106	-1.99455810875022
8937	109	110	106	107	-3.66230750490999
8938	109	110	107	108	-10.1518314561181
8939	109	110	108	111	40.7705471518481
8940	109	110	111	112	-11.4533822928028
8941	109	110	112	113	-3.32153317991248
8942	109	110	113	114	-2.68171489359892
8943	109	110	114	115	-1.53074661658051
8944	109	110	115	123	-2.5307732891366
8945	109	110	123	141	-0.00580617359983216
8946	134	94	86	90	7.43748210191077
8947	134	94	90	95	11.1342640803715
8948	134	94	95	96	-5.48175250171132
8949	134	94	96	102	-13.2456905546034
8950	134	94	102	120	-0.0416713258149759
8951	134	94	120	129	-12.2551594287088
8952	134	94	129	133	-184.104145004188
8953	134	94	133	136	134.697806017905
8954	134	94	136	139	58.5393013657602
8955	134	94	139	144	4.69611143120767
8956	73	76	75	77	2.20121217416471
8957	73	76	77	78	-4.24817996401375
8958	73	76	78	79	-0.369382199639045
8959	73	76	79	82	-0.22923899183893
8960	73	76	82	89	-0.11713249929693
8961	73	76	89	95	-0.0104698528126886
8962	73	76	95	97	-0.0104924141845346
8963	73	76	124	130	0.0301382248785669
8964	73	76	130	144	-0.020002703064292
8965	83	139	86	90	25.5405918013319
8966	83	139	90	93	0.794073068402758
8967	83	139	96	99	-2.91377453987531
8968	83	139	99	120	-0.0696558424135977
8969	83	139	129	131	0.32786270765842
8970	83	139	131	135	9.56055662175635
8971	83	139	135	137	11.3062843986851
8972	132	92	87	90	9.81524736445947
8973	132	92	90	95	-5.16569262282443
8974	132	92	95	96	-1.42497639527814
8975	132	92	96	103	-7.96074774949392
8976	132	92	103	123	-0.0982865785794817
8977	132	92	123	130	-53.4210377700341
8978	132	92	130	133	-110.063240541211
8979	132	92	133	136	152.385613518326
8980	132	92	136	137	7.59283550579043
8981	132	92	137	143	6.34521605213105
8982	97	100	95	99	36.6588724091021
8983	97	100	99	101	27.88816440699
8984	97	100	101	102	-34.9035437135742
8985	97	100	102	103	-13.9157129033334
8986	97	100	103	104	-6.81627452580527
8987	97	100	104	107	-6.31631310965159
8988	97	100	107	112	-1.95923962521805
8989	97	100	112	116	-0.47398601188681
8990	97	100	116	125	-0.172503550089379
8991	76	132	93	96	-0.505822775405072
8992	76	132	96	109	-1.36372003236175
8993	76	132	109	121	-0.0745761722189811
8994	76	132	121	125	1.18749793611307
8995	76	132	125	128	12.0155820711518
8996	76	132	128	131	106.91403823897
8997	76	132	131	136	-104.302710489976
8998	76	132	136	142	-13.0136046059005
8999	95	143	91	94	-11.1987066549258
9000	95	143	96	99	19.8350199347651
9001	95	143	114	126	0.0186745256255014
9002	95	143	126	131	0.685911309756484
9003	95	143	131	135	1.75746380193296
9004	95	143	135	141	9.29128911397521
9005	95	143	141	142	8.9427463433879
9006	119	122	115	117	-8.74814191269419
9007	119	122	117	118	-35.9459876489469
9008	119	122	118	120	38.9719658891356
9009	119	122	120	121	8.41779952190085
9010	119	122	121	123	0.227587366000827
9011	100	103	98	99	-31.7198480488836
9012	100	103	99	101	21.4235868175075
9013	100	103	101	102	83.9288845604161
9014	100	103	102	104	19.5544816437657
9015	100	103	104	105	-30.6929177275397
9016	100	103	105	106	-13.8354992492051
9017	100	103	106	108	-10.6064348419529
9018	100	103	108	112	-4.81438340231837
9019	100	103	112	117	-1.78796337944666
9020	100	103	117	136	-0.371100520343925
9021	135	95	87	91	4.89095840432913
9022	135	95	91	94	12.2920272523699
9023	135	95	96	99	-21.9686091072977
9024	135	95	99	123	-0.050217703431194
9025	135	95	123	128	-3.84859020339118
9026	135	95	128	136	-191.725419510923
9027	135	95	136	138	184.252808574611
9028	135	95	138	140	6.21981343136818
9029	135	95	140	141	2.30838595663539
9030	78	134	83	88	2.32423340852036
9031	78	134	91	96	-0.894835022056141
9032	78	134	96	109	-1.92416562494062
9033	78	134	109	121	-0.0561494713597243
9034	78	134	121	128	6.2572223622266
9035	78	134	128	129	6.02691917711482
9036	78	134	129	131	24.4490746887204
9037	78	134	137	141	-16.3390235613356
9038	85	88	86	87	215.413073587665
9039	85	88	89	90	-62.128026123912
9040	85	88	90	91	-3.5701401618528
9041	85	88	91	92	-1.5949900268088
9042	85	88	92	96	-3.29529282182335
9043	85	88	96	104	-2.96213103217087
9044	85	88	104	130	-0.995611411140998
9045	85	88	130	137	2.87318845165106
9046	85	88	137	141	0.347766331182844
9047	85	141	87	90	44.349319498702
9048	85	141	90	92	1.48236256994268
9049	85	141	92	96	0.976821674574947
9050	85	141	96	101	-2.31006816291382
9051	85	141	101	120	-0.0515011679585055
9052	85	141	120	128	-0.558664938508515
9053	85	141	128	133	0.30280221843431
9054	85	141	133	136	7.3181520061623
9055	85	141	136	138	6.3071776139101
9056	85	141	138	142	9.27542442499078
9057	118	119	113	115	-6.75534987198382
9058	118	119	115	116	-10.8332719629184
9059	118	119	116	117	-26.0318050045995
9060	118	119	117	120	51.8706169374931
9061	118	119	120	121	-5.37144210655728
9062	118	119	121	122	-0.160429531107537
9063	118	119	127	138	-0.011477178883035
9064	93	141	90	94	-5.90098753276432
9065	93	141	94	96	7.65668236449294
9066	93	141	96	98	6.37814199704933
9067	93	141	120	128	0.293672392618581
9068	93	141	128	132	1.14828286104248
9069	93	141	132	138	8.9392214979988
9070	93	141	138	139	1.76606070751353
9071	93	141	139	142	7.01889672607312
9072	93	141	142	144	-10.1666322097161
9073	99	100	94	98	-31.0645375328707
9074	99	100	98	101	71.5439622833759
9075	99	100	101	102	-23.4278487471827
9076	99	100	102	103	-8.3946849716158
9077	99	100	103	104	-3.91636989815098
9078	99	100	104	105	-1.73821605637667
9079	99	100	105	109	-2.31260965491929
9080	99	100	109	115	-0.547424606153315
9081	99	100	115	121	-0.121868627677034
9082	94	142	92	95	-7.16321653371032
9083	94	142	95	96	5.44253788497396
9084	94	142	96	109	10.5698692959568
9085	94	142	117	125	0.0214035383364095
9086	94	142	125	130	0.606281349828774
9087	94	142	130	137	4.76720482591673
9088	94	142	137	139	2.46439935797146
9089	94	142	139	143	12.6514490218762
9090	94	142	143	144	-6.79700806991596
9091	86	142	87	91	186.606408254226
9092	86	142	91	92	1.18524256748109
9093	86	142	92	96	2.25733002178505
9094	86	142	96	104	-1.41010458709668
9095	86	142	104	124	-0.0428290304314972
9096	86	142	124	126	-0.200891200847958
9097	86	142	133	135	3.25555006934638
9098	86	142	135	139	7.69751653891932
9099	86	142	139	140	3.86147839645508
9100	134	137	120	126	-1.7767984681174
9101	134	137	126	131	-28.8925626210309
9102	134	137	131	132	-27.110987803843
9103	134	137	132	133	-126.396765733184
9104	134	137	133	135	8.61878965629444
9105	134	137	135	136	215.854735374036
9106	134	137	138	139	-13.0513261817945
9107	134	137	139	140	-4.04283150346916
9108	134	137	140	144	-6.31588931209146
9109	74	75	76	77	-2.82701636607409
9110	74	75	77	78	-0.0417535952370783
9111	74	75	78	79	-0.0099682215911369
9112	74	75	79	82	-0.0400057461271011
9113	74	75	82	88	-0.0465775564606772
9114	74	75	88	95	-0.00763278852527106
9115	74	75	95	97	-0.0023827007316411
9116	74	75	97	123	0.00231817819513935
9117	74	75	123	126	0.00725108533494729
9118	74	75	126	143	-0.00856145629201587
9119	117	118	111	114	-17.5463213281225
9120	117	118	114	115	-19.9780062168845
9121	117	118	115	116	-61.5970428587311
9122	117	118	116	119	139.74252298861
9123	117	118	119	120	-33.7781639221544
9124	117	118	120	121	-2.10691733530434
9125	117	118	121	122	-0.0837833014763712
9126	117	118	123	128	-0.0103180124318731
9127	117	118	128	144	-0.0185859898160215
9128	75	78	77	79	65.4786906825575
9129	75	78	79	80	-101.914201839517
9130	75	78	80	81	-12.8659380601768
9131	75	78	81	83	-4.91631384513823
9132	75	78	83	87	-1.93442974863509
9133	75	78	87	95	-0.80025776748953
9134	75	78	95	97	-0.222347600400029
9135	75	78	124	127	0.545006786089829
9136	110	111	105	107	-3.36007278413845
9137	110	111	107	108	-3.94474772960841
9138	110	111	108	109	-9.88242090805342
9139	110	111	109	112	48.162692742166
9140	110	111	112	113	-12.1741645339577
9141	110	111	113	114	-7.08913960271292
9142	110	111	114	115	-3.66204083317904
9143	110	111	115	116	-2.13481790740118
9144	110	111	116	125	-3.15959125532317
9145	110	111	125	130	-0.00351908932513386
9146	94	95	90	91	-0.286457043425719
9147	94	95	91	92	-0.886943028254965
9148	94	95	92	93	-2.72219546050258
9149	94	95	93	96	15.4142088115794
9150	94	95	96	98	-9.35062071926423
9151	94	95	98	120	-0.00180400027077219
9152	94	95	120	128	-0.0551112125582231
9153	94	95	128	136	-0.406466859130106
9154	94	95	140	143	0.317497825425392
9155	86	89	87	88	184.002567438513
9156	86	89	90	91	-10.3461013468642
9157	86	89	91	92	-2.62725697287446
9158	86	89	92	93	-1.50556500177984
9159	86	89	93	96	-2.68059259767357
9160	86	89	96	97	-3.22604788547897
9161	86	89	97	128	-0.517449562156041
9162	86	89	128	137	2.10868846812937
9163	86	89	137	143	0.36024693810109
9164	133	93	87	90	7.7943354100813
9165	133	93	90	91	1.63289954884268
9166	133	93	91	96	-3.02997914822264
9167	133	93	96	100	-9.55858644592531
9168	133	93	100	123	-0.0930087250581951
9169	133	93	123	129	-18.9543919404259
9170	133	93	129	134	-176.073044667458
9171	133	93	134	136	174.193648068029
9172	133	93	136	140	21.7098726947288
9173	133	93	140	144	1.54813662760377
9174	81	129	84	87	13.5549242585022
9175	81	129	87	91	2.47409942140311
9176	81	129	91	98	0.399413042805983
9177	81	129	116	125	2.1008675921468
9178	81	129	125	126	1.06307362466513
9179	81	129	126	130	74.6848884463746
9180	81	129	130	131	-41.7761554049875
9181	81	129	131	137	-33.8472800125154
9182	81	129	137	139	-1.10664893746036
9183	133	134	121	126	-0.348082584266798
9184	133	134	126	130	-14.3610062132816
9185	133	134	130	131	-15.2338748907964
9186	133	134	131	132	-69.1158992580066
9187	133	134	132	135	267.564691807609
9188	133	134	135	136	-128.16499580907
9189	133	134	136	137	-30.3324824015408
9190	133	134	137	138	-6.55526617322348
9191	133	134	138	139	-0.835226775300261
9192	133	134	139	142	-1.37946880547542
9193	107	110	104	105	-8.83066253156937
9194	107	110	105	106	-21.6559180308562
9195	107	110	106	108	25.2414451903322
9196	107	110	108	109	42.7648656311476
9197	107	110	109	111	16.8040496037198
9198	107	110	111	112	-18.7792302961305
9199	107	110	112	113	-6.30683250675007
9200	107	110	113	115	-8.77022293757661
9201	107	110	115	123	-5.70413117156728
9202	107	110	123	143	-0.0164836169314372
9203	122	123	125	126	-0.0287651047604521
9204	122	123	126	127	-0.0117503375003015
9205	122	123	127	128	-0.0188163331140707
9206	122	123	128	131	-0.029826666803553
9207	122	123	131	138	-0.0228920805890873
9208	113	116	108	111	-21.4404733313939
9209	113	116	111	112	-28.834080871927
9210	113	116	112	114	30.0989040269255
9211	113	116	114	115	90.9020417341076
9212	113	116	115	117	53.5073016761408
9213	113	116	117	118	-93.1351458326245
9214	113	116	118	119	-17.5799594825958
9215	113	116	119	120	-4.58175336270392
9216	113	116	120	128	-0.407600562968408
9217	113	116	128	142	-0.0319162612303343
9218	78	126	82	85	2.66563553147304
9219	78	126	85	90	1.26353034304127
9220	78	126	90	100	0.247548809145822
9221	78	126	115	120	0.0273610921345714
9222	78	126	120	125	46.2685626458391
9223	78	126	125	127	15.2505062400535
9224	78	126	127	128	-54.7742334193801
9225	78	126	128	136	-6.76694345707658
9226	78	126	136	141	-0.0516875424251004
9227	84	140	87	91	18.7730262052976
9228	84	140	91	94	0.960649090231619
9229	84	140	96	99	-2.70434050873289
9230	84	140	99	120	-0.0610205230045283
9231	84	140	120	127	-0.317396405608357
9232	84	140	131	135	7.5122465064941
9233	84	140	135	138	13.3813012582011
9234	81	137	86	88	5.26393998809086
9235	81	137	88	92	2.49218007713889
9236	81	137	96	108	-3.14472743400129
9237	81	137	108	120	-0.0747253567481838
9238	81	137	120	125	-0.117315432554564
9239	81	137	125	132	6.85833955340394
9240	81	137	132	134	13.6617391684776
9241	81	137	134	136	75.2806059701323
9242	81	137	136	144	-87.7398845496413
9243	137	140	117	129	-1.5901057371841
9244	137	140	129	132	-3.24672511631042
9245	137	140	132	135	-29.2616058225254
9246	137	140	135	136	-49.2682418874346
9247	137	140	136	138	67.8500992637376
9248	137	140	138	139	19.518955069971
9249	137	140	139	141	9.34125583880535
9250	137	140	141	142	-6.49218727108268
9251	137	140	142	143	-2.19177735837185
9252	137	140	143	144	-0.942506029970867
9253	89	92	90	91	14.6624639704534
9254	89	92	91	93	5.20926994743548
9255	89	92	93	94	-3.09685710169265
9256	89	92	94	95	-1.60676704917341
9257	89	92	95	96	-0.649019874619207
9258	89	92	96	97	-2.70322655092049
9259	89	92	97	121	-0.00705894110189909
9260	89	92	121	131	-0.577613273761904
9261	89	92	131	139	0.999722415984839
9262	89	92	139	141	0.249646839915449
9263	82	138	86	87	6.68391436302438
9264	82	138	87	93	7.98966301339631
9265	82	138	96	105	-3.15150383405556
9266	82	138	105	122	-0.0788983056082186
9267	82	138	122	125	-0.17410625405338
9268	82	138	125	131	1.55996053120009
9269	82	138	131	134	6.25598328736176
9270	82	138	134	139	22.8093129357975
9271	82	138	139	142	-19.1468557197866
9272	98	101	95	99	-31.4071397320951
9273	98	101	99	100	71.6503841353088
9274	98	101	100	102	23.9316287392543
9275	98	101	102	103	-34.1893957028969
9276	98	101	103	104	-14.2169707125592
9277	98	101	104	107	-11.6126248127843
9278	98	101	107	110	-2.4314723290046
9279	98	101	110	116	-1.4273591225009
9280	98	101	116	122	-0.252852456863179
9281	92	140	90	93	-2.45198945648387
9282	92	140	93	95	7.77353484794231
9283	92	140	95	107	5.91234481274256
9284	92	140	107	116	0.00299320249259004
9285	92	140	116	126	0.045334970211323
9286	92	140	126	133	2.54195468366728
9287	92	140	133	135	3.68539209704684
9288	92	140	135	139	14.4883012982291
9289	92	140	139	141	-0.340335394288982
9290	92	140	141	143	-12.5968427858761
9291	126	127	122	123	-0.0164586421938038
9292	126	127	124	125	-37.9201316353361
9293	126	127	125	128	93.9446922301464
9294	126	127	128	129	-44.8918584261175
9295	126	127	129	130	-6.09542966707774
9296	126	127	130	131	-2.02294312505159
9297	126	127	131	136	-2.54930405640342
9298	126	127	136	144	-0.369476164016044
9299	98	143	84	87	1.67872627464337
9300	98	143	87	95	1.94356139123123
9301	98	143	95	108	-6.74567801368241
9302	98	143	108	116	1.50092213905394
9303	98	143	116	119	0.187627906713747
9304	98	143	119	121	0.0109105551477338
9305	98	143	122	129	0.98880374709628
9306	98	143	129	135	4.46991652078042
9307	98	143	135	144	23.6456893862037
9308	79	127	81	85	14.6095365086006
9309	79	127	85	95	1.7879592632598
9310	79	127	95	99	0.116765062451279
9311	79	127	117	121	0.0678871460438738
9312	79	127	121	125	8.25566830136886
9313	79	127	125	128	54.4303828118662
9314	79	127	128	130	-56.1514067237611
9315	79	127	130	137	-6.37991021399434
9316	79	127	137	142	-0.200580737164904
9317	112	113	107	109	-3.00513463169297
9318	112	113	109	110	-3.34206239647987
9319	112	113	110	111	-12.242419991474
9320	112	113	111	114	58.89588551438
9321	112	113	114	115	-21.8431505233441
9322	112	113	115	116	-7.82279391699953
9323	112	113	116	117	-3.25401380034556
9324	112	113	117	120	-4.85671472861848
9325	112	113	120	121	-0.0185990966410033
9326	112	113	121	133	-0.0128986154580239
9327	77	133	89	91	-0.449199822116164
9328	77	133	91	96	-0.772739955387518
9329	77	133	96	97	-1.49497374743761
9330	77	133	97	120	-0.0761888769259409
9331	77	133	120	125	0.800277766588974
9332	77	133	125	128	9.03752216743942
9333	77	133	128	132	155.298842846442
9334	77	133	132	137	-153.218320299625
9335	77	133	137	141	-7.95296539325843
9336	105	106	102	103	-7.86022360515911
9337	105	106	103	104	-17.2283114816677
9338	105	106	104	107	60.1864373014748
9339	105	106	107	108	-15.1174749465902
9340	105	106	108	109	-4.52799152060896
9341	105	106	109	110	-1.99350270704319
9342	105	106	110	111	-1.32688704576547
9343	105	106	111	117	-2.95007244179163
9344	105	106	117	121	-0.339169848686711
9345	116	119	111	114	-38.7131715538458
9346	116	119	114	115	-51.5774116894206
9347	116	119	117	118	139.785954018413
9348	116	119	120	121	-7.96881809201898
9349	116	119	121	122	-0.240196747264603
9350	116	119	124	126	-0.0130649889212399
9351	116	119	126	142	-0.0394244138517698
9352	126	86	84	88	10.2349166041678
9353	126	86	88	93	-50.095683098258
9354	126	86	93	96	-1.97244529920116
9355	126	86	96	97	-3.30740031901236
9356	126	86	97	122	-0.0819769170737307
9357	126	86	122	129	-1.59352252086841
9358	126	86	129	130	2.05702084783429
9359	126	86	130	132	2.03767319455985
9360	126	86	132	138	0.668835162312145
9361	83	86	84	85	214.271129972406
9362	83	86	85	87	68.2306483842247
9363	83	86	87	88	-134.316640108298
9364	83	86	88	89	-32.4751117879098
9365	83	86	89	94	-12.2581590510932
9366	83	86	94	95	-0.432776944079464
9367	83	86	95	97	-2.03259964339472
9368	83	86	97	131	-0.480944707963957
9369	83	86	131	136	1.67479310745296
9370	83	86	136	141	0.201583887635179
9371	126	129	118	123	-0.104365795459467
9372	126	129	124	125	-43.9750075278531
9373	126	129	127	128	117.638214122748
9374	126	129	128	130	6.81995262160028
9375	126	129	130	131	-40.8647761939146
9376	126	129	131	132	-11.5340994040345
9377	126	129	132	134	-12.6705982428692
9378	126	129	134	144	-11.2193739083409
9379	88	144	89	91	71.5723068041806
9380	88	144	91	93	4.16786727453667
9381	88	144	93	96	3.56734955109813
9382	88	144	109	120	-0.0186676992712736
9383	88	144	120	128	-0.362184613736694
9384	88	144	128	135	0.78425196227908
9385	88	144	135	138	3.45931209749103
9386	88	144	138	140	2.54100991525342
9387	88	144	140	142	8.36980335510111
9388	92	95	90	91	-2.50212322664709
9389	92	95	91	93	4.75313467372447
9390	92	95	93	94	12.7147839640775
9391	92	95	96	97	-15.3993779767695
9392	92	95	97	118	-0.00320546604473453
9393	92	95	118	128	-0.146053411931248
9394	92	95	128	131	-0.306846234036237
9395	92	95	131	137	-0.643920293973996
9396	92	95	137	143	1.05454075439489
9397	141	144	108	118	-0.00343433925723009
9398	141	144	118	128	-0.267574938757973
9399	141	144	128	134	-1.91110694847855
9400	141	144	134	135	-1.00044286797993
9401	141	144	135	138	-4.05966689676314
9402	141	144	138	139	-1.34455016984311
9403	141	144	139	140	-6.60125066394776
9404	141	144	140	142	9.43570207398045
9405	141	144	142	143	17.9514847058375
9406	97	144	81	91	4.04784201884506
9407	97	144	91	94	0.48175881027262
9408	97	144	94	105	-8.16572616146229
9409	97	144	105	114	2.80684048613523
9410	97	144	114	118	0.294086454540376
9411	97	144	118	121	0.0313338176303139
9412	97	144	122	125	0.0882848349738728
9413	97	144	125	131	1.66059028834357
9414	97	144	131	143	27.223308313568
9415	106	109	103	104	-10.6883375553747
9416	106	109	104	105	-21.1877443062362
9417	106	109	105	107	18.327434770804
9418	106	109	107	108	50.2767855273824
9419	106	109	108	110	17.69393387095
9420	106	109	110	111	-15.8552153046527
9421	106	109	111	112	-8.83954429812755
9422	106	109	112	115	-9.46619717224785
9423	106	109	115	125	-4.13892558678437
9424	106	109	125	134	-0.012114354139411
9425	80	128	82	90	29.1245503842509
9426	80	128	90	91	0.0420026623841542
9427	80	128	91	99	0.220921954147876
9428	80	128	122	126	6.92335756917261
9429	80	128	126	129	69.4536889576853
9430	80	128	129	131	-59.7062256224637
9431	80	128	131	137	-15.4302411437379
9432	80	128	137	143	-0.946326058782287
9433	109	112	105	107	-11.6097138251194
9434	109	112	107	108	-16.7765431373092
9435	109	112	108	110	14.8281035142351
9436	109	112	110	111	48.2292513369043
9437	109	112	111	113	30.7661981541893
9438	109	112	113	114	-27.2944197899882
9439	109	112	114	115	-12.6867522216305
9440	109	112	115	118	-15.2060113520657
9441	109	112	118	125	-1.62688210040913
9442	109	112	125	140	-0.0283687306047214
9443	125	85	83	89	-43.0811978039068
9444	125	85	89	94	-6.96502069676354
9445	125	85	94	96	-0.791989452040415
9446	125	85	96	98	-2.44760037956646
9447	125	85	98	120	-0.104919786218283
9448	125	85	120	126	-46.1311400018185
9449	125	85	126	129	45.9701493375667
9450	125	85	129	130	1.58070070243667
9451	125	85	130	134	2.10883081804436
9452	80	136	86	90	3.73894740616634
9453	80	136	93	96	-0.840066926429957
9454	80	136	96	103	-2.86921428129737
9455	80	136	103	122	-0.0861064391762023
9456	80	136	126	129	3.96646287359573
9457	80	136	129	134	60.6688105858724
9458	80	136	138	143	-16.2987073038831
9459	93	94	90	91	-0.514704760839795
9460	93	94	91	92	-1.96755916268718
9461	93	94	92	95	12.6952819688023
9462	93	94	95	96	-3.35397571982994
9463	93	94	96	99	-4.18506953785838
9464	93	94	99	119	-0.00124702506526007
9465	93	94	119	126	-0.0136217514798888
9466	93	94	126	133	-0.183129242112061
9467	93	94	138	143	0.411622973239377
9468	135	136	121	126	-0.204217311074643
9469	135	136	126	131	-8.14624194844859
9470	135	136	131	132	-6.03580881828244
9471	135	136	132	133	-20.83287945847
9472	135	136	133	134	-128.525196295932
9473	135	136	134	137	215.810610959257
9474	135	136	137	138	-44.9437460586676
9475	135	136	138	139	-2.96645439898668
9476	135	136	139	140	-1.17629378890849
9477	135	136	140	143	-1.76774453410724
9478	87	143	88	91	143.880315107011
9479	87	143	91	95	5.16289243138986
9480	87	143	95	96	0.39087503490378
9481	87	143	96	108	-0.404301940277223
9482	87	143	108	120	-0.0284745771426896
9483	87	143	120	129	-0.788166826516932
9484	87	143	133	137	5.20982922940208
9485	87	143	137	140	5.0382511457782
9486	87	143	140	141	4.14568448223543
9487	103	104	98	101	-14.1773470607155
9488	103	104	101	102	-25.8503183668419
9489	103	104	102	105	74.2806648179299
9490	103	104	105	106	-17.2641714363698
9491	103	104	106	107	-6.10346446908173
9492	103	104	107	108	-3.19752934707576
9493	103	104	108	111	-2.76459161330597
9494	103	104	111	114	-1.08825205565947
9495	103	104	114	120	-0.667876589540779
9496	103	104	120	140	-0.0014144118111146
9497	77	80	79	81	48.4435911618672
9498	77	80	81	82	-71.9496227246306
9499	77	80	82	83	-17.9074430830681
9500	77	80	83	84	-3.57752573783509
9501	77	80	84	90	-6.22028168483688
9502	77	80	90	95	-0.282124432592267
9503	77	80	95	99	-0.321115701047547
9504	77	80	99	127	0.222602513370339
9505	77	80	127	133	0.624457196232982
9506	77	80	133	138	-0.512210749322275
9507	99	144	82	90	3.66914371815022
9508	99	144	90	95	0.468732790411073
9509	99	144	95	105	-10.8498088862532
9510	99	144	105	113	5.19099707084849
9511	99	144	113	119	0.714068977308706
9512	99	144	119	122	0.0127229493108367
9513	99	144	124	126	0.111852929898722
9514	99	144	126	132	2.01493415233611
9515	99	144	132	138	6.50698872327255
9516	79	135	85	90	2.37544000509312
9517	79	135	92	96	-0.997137645263109
9518	79	135	96	105	-2.49611202339468
9519	79	135	105	120	-0.0804441340458791
9520	79	135	120	125	0.167421668281067
9521	79	135	125	130	12.2600425233465
9522	79	135	130	133	47.202255705163
9523	79	135	133	138	-43.7871206138262
9524	79	135	138	141	-7.96992954341333
9525	108	111	105	106	-7.8545159977512
9526	108	111	106	107	-16.936020996642
9527	108	111	107	109	18.7908027510195
9528	108	111	109	110	40.8032231722531
9529	108	111	110	112	22.1672796388527
9530	108	111	112	113	-17.3468988508577
9531	108	111	113	114	-11.4585254014251
9532	108	111	114	117	-12.0417561295602
9533	108	111	117	125	-3.81047714956543
9534	108	111	125	140	-0.020168701187448
9535	135	138	122	129	-5.65383222330188
9536	135	138	129	131	-9.65487919906566
9537	135	138	131	133	-38.2548923021903
9538	135	138	133	134	-165.841912393613
9539	135	138	134	136	43.3201279179273
9540	135	138	136	137	169.55581671434
9541	135	138	137	139	25.5879363991871
9542	135	138	139	140	-7.09769724539741
9543	135	138	140	141	-4.09907377449369
9544	135	138	141	142	-2.20992227737434
9545	115	116	109	112	-6.95453059019987
9546	115	116	112	113	-7.75808493333629
9547	115	116	113	114	-36.7583428537069
9548	115	116	114	117	129.533074463563
9549	115	116	117	118	-61.6554795683816
9550	115	116	118	119	-10.8485959954302
9551	115	116	119	120	-2.70938524476718
9552	115	116	120	122	-0.230025105055685
9553	115	116	122	129	-0.00801499428942551
9554	115	116	129	142	-0.0105937493505566
9555	77	125	82	88	1.77614242240555
9556	77	125	88	95	0.237810627545906
9557	77	125	95	101	0.0675294415116076
9558	77	125	117	120	0.0225386520637451
9559	77	125	126	128	-43.4134670919904
9560	77	125	128	133	-2.44860243505085
9561	77	125	133	141	-0.49184088754709
9562	73	129	86	95	-1.35434852750688
9563	73	129	95	98	-0.649035293950296
9564	73	129	98	110	-0.00667759503683119
9565	73	129	121	123	0.0522588977352862
9566	73	129	123	126	3.57751331388828
9567	73	129	126	127	11.0636191881462
9568	73	129	127	136	-9.70600078178756
9569	73	129	136	140	-3.31915857206416
9570	79	82	81	83	11.8650299720886
9571	79	82	83	84	-56.6013591434321
9572	79	82	84	85	-25.1279203036206
9573	79	82	85	86	-9.91623362168936
9574	79	82	86	93	-11.0042676893008
9575	79	82	93	95	-0.368267194424872
9576	79	82	95	103	-0.984799808235565
9577	79	82	103	128	0.551241182712488
9578	79	82	128	130	1.13383931298188
9579	98	144	84	93	3.5645334559426
9580	98	144	93	97	-73.5049201818009
9581	98	144	97	113	68.0531776353805
9582	98	144	113	119	0.557135317764043
9583	98	144	119	121	0.0108898438613901
9584	98	144	122	123	0.00510588488269595
9585	98	144	123	127	0.187032385539062
9586	98	144	127	133	2.38493343418716
9587	98	144	133	141	11.2747871969232
9588	129	130	124	126	-1.14650705016981
9589	129	130	126	127	-6.11568430129079
9590	129	130	127	128	-39.6368279263878
9591	129	130	128	131	106.553326563144
9592	129	130	131	132	-31.1118469188525
9593	129	130	132	133	-10.0841723532817
9594	129	130	133	134	-7.90379203989172
9595	129	130	134	135	-5.02043246870434
9596	129	130	135	141	-4.78238433148718
9597	87	135	88	90	140.004443242011
9598	87	135	90	93	4.63585234050527
9599	87	135	93	99	3.62228203786476
9600	87	135	99	117	0.488322943247115
9601	87	135	124	131	16.4879047826256
9602	87	135	131	133	39.9696157575498
9603	87	135	133	136	138.354885381212
9604	87	135	136	140	-188.666970994024
9605	87	135	140	143	-3.82267253243579
9606	97	98	81	88	-0.00201190305571806
9607	97	98	88	99	31.595861298151
9608	97	98	99	101	-23.4206899966976
9609	97	98	101	102	-3.62359084238654
9610	97	98	102	103	-1.90057173902466
9611	97	98	103	108	-2.27908698535066
9612	97	98	108	110	-0.139693439883364
9613	97	98	110	116	-0.202790448166024
9614	97	98	116	120	-0.0385092753602307
9615	113	114	108	110	-4.35821994731947
9616	113	114	110	111	-7.07209680117484
9617	113	114	111	112	-17.4843371620924
9618	113	114	112	115	96.4231593082649
9619	113	114	115	116	-36.7585583276205
9620	113	114	116	117	-11.9503247617874
9621	113	114	117	118	-11.4327061307943
9622	113	114	118	120	-3.32634099037693
9623	113	114	120	127	-0.0873676714937469
9624	107	108	103	104	-3.19509270634044
9625	107	108	104	105	-5.60444622677402
9626	107	108	105	106	-15.1237906520846
9627	107	108	106	109	50.2606390861246
9628	107	108	109	110	-10.1504112765815
9629	107	108	110	111	-3.94361749594389
9630	107	108	111	112	-2.66428048222096
9631	107	108	112	117	-3.80139082193015
9632	107	108	117	124	-0.578046627478446
9633	107	108	124	142	-0.00155723249139139
9634	117	77	78	84	-55.7952299680514
9635	117	77	84	95	-1.27641082639815
9636	117	77	95	103	-0.745565657886093
9637	117	77	103	112	-8.87592025984478
9638	117	77	112	115	-45.0667966543326
9639	117	77	115	120	53.652672850403
9640	117	77	120	123	0.906316024658464
9641	117	77	123	125	0.216307323317787
9642	117	77	125	134	0.211301242386689
9643	117	77	134	136	-0.182148977336847
9644	132	135	118	127	-2.43220340694776
9645	132	135	127	130	-39.0979563124347
9646	132	135	130	131	-58.9882822018186
9647	132	135	133	134	268.082273563502
9648	132	135	134	136	20.3089521928534
9649	132	135	136	137	-148.010537723437
9650	132	135	137	138	-24.6854151073436
9651	132	135	138	139	-2.75352497943865
9652	132	135	139	141	-3.0927780477145
9653	91	94	90	92	6.66394252435636
9654	91	94	92	93	10.3455420535374
9655	91	94	93	95	7.13993319660891
9656	91	94	95	96	-4.45157305940856
9657	91	94	96	101	-7.14749692482131
9658	91	94	101	112	-0.00127670096873713
9659	91	94	112	129	-0.199012754233492
9660	91	94	129	133	-0.279097354504263
9661	91	94	137	143	0.96390621064875
9662	74	77	78	79	-40.9297557104285
9663	74	77	79	80	-10.8590044569125
9664	74	77	80	82	-3.07159685859956
9665	74	77	82	88	-1.89644226253389
9666	74	77	88	95	-0.323444293682287
9667	74	77	95	99	-0.139252012664819
9668	74	77	99	122	-0.0312840736443703
9669	74	77	122	129	0.500226592229473
9670	74	77	129	141	-0.343111845665049
9671	121	81	80	86	-96.544897822294
9672	121	81	86	95	-6.48798761918721
9673	121	81	95	99	-0.783034038564559
9674	121	81	110	119	-0.288611865666988
9675	121	81	119	123	0.204347001397912
9676	121	81	123	127	0.621295486331947
9677	121	81	127	131	1.56314725743785
9678	121	81	134	144	-1.42165744656072
9679	124	127	123	125	8.48529291319615
9680	124	127	125	126	53.1382629854309
9681	124	127	126	128	1.4140952496593
9682	124	127	128	129	-48.4995199013281
9683	124	127	129	130	-7.20583638088148
9684	124	127	130	131	-2.59923003143674
9685	124	127	131	134	-2.78178575403717
9686	124	127	134	139	-1.71127552870766
9687	91	139	92	93	4.76276346087803
9688	91	139	93	99	9.41529132678362
9689	91	139	99	115	0.0565731630962216
9690	91	139	115	126	0.00955096217142801
9691	91	139	126	129	0.900507269039639
9692	91	139	129	134	4.49250401411946
9693	91	139	134	138	20.5373814430351
9694	91	139	140	141	-8.73489247564151
9695	81	84	85	86	-69.9820713883578
9696	81	84	86	87	-22.2249103307102
9697	81	84	87	88	-7.91180751199139
9698	81	84	88	93	-6.40347940622963
9699	81	84	93	95	-0.54996441027031
9700	81	84	95	97	-1.3702903736305
9701	81	84	97	126	-0.0730360819288046
9702	81	84	126	135	2.08977183123484
9703	131	134	125	129	-26.0136120763042
9704	131	134	129	130	-49.1371894704115
9705	131	134	130	132	20.9004821608109
9706	131	134	132	133	184.304577467085
9707	131	134	135	136	-155.265607732609
9708	131	134	136	137	-39.0601740963903
9709	131	134	137	138	-9.25197751235394
9710	131	134	138	144	-4.25231141472311
9711	138	139	118	128	-0.146795281203806
9712	138	139	128	132	-0.594496617879968
9713	138	139	132	135	-2.74769736201424
9714	138	139	135	136	-2.94097715168676
9715	138	139	136	137	-8.45049420128633
9716	138	139	137	140	19.511865689772
9717	138	139	140	141	-2.60859667293209
9718	138	139	141	142	-0.849701689107113
9719	138	139	142	143	-0.337227556817782
9720	138	139	143	144	-0.15757009470334
9721	84	87	85	86	220.75543133113
9722	84	87	88	89	-107.899366993165
9723	84	87	89	90	-25.2999585788695
9724	84	87	90	92	-2.98947172979312
9725	84	87	92	95	-2.2243787205717
9726	84	87	95	97	-2.88909125452728
9727	84	87	97	129	-0.672669827406253
9728	84	87	129	133	0.15638765515982
9729	84	87	133	144	2.07989611772341
9730	114	117	109	112	-23.1592274881928
9731	114	117	112	113	-32.5025240951579
9732	114	117	113	115	14.410999893772
9733	114	117	115	116	129.448160190753
9734	114	117	118	119	-40.9259664877794
9735	114	117	119	120	-9.22087320424702
9736	114	117	120	122	-0.752893242771327
9737	114	117	122	129	-0.0228524038515455
9738	114	117	129	141	-0.0271507307012609
9739	88	91	89	90	73.0304551526612
9740	88	91	90	92	2.98879522818473
9741	88	91	92	93	-3.35933561679022
9742	88	91	93	94	-1.62254143705806
9743	88	91	94	95	-1.10654295602581
9744	88	91	95	96	-0.511634293344121
9745	88	91	96	113	-2.77089201295347
9746	88	91	113	133	-1.03681719341307
9747	88	91	133	137	1.57197706629406
9748	88	91	137	144	0.628924373453255
9749	121	122	116	118	-0.0944320809828788
9750	121	122	118	119	-0.0820397448664247
9751	121	122	119	120	-3.8584855752946
9752	121	122	120	123	4.00385498643961
9753	121	122	124	125	-0.0475222184316611
9754	76	124	79	89	0.338382419141419
9755	76	124	89	95	0.0269606371481489
9756	76	124	95	97	0.00710583449430741
9757	100	101	98	99	-20.1828881942707
9758	100	101	99	102	75.2558266289364
9759	100	101	102	103	-22.0670263488965
9760	100	101	103	104	-8.39799273352621
9761	100	101	104	105	-3.36062342962057
9762	100	101	105	106	-1.9461165302294
9763	100	101	106	110	-2.27680099541059
9764	100	101	110	116	-0.692483017677185
9765	100	101	116	123	-0.118538950308787
9766	103	106	97	102	-63.2977298505284
9767	103	106	102	104	29.5873746164853
9768	103	106	104	105	60.1759703637749
9769	103	106	105	107	23.430248460465
9770	103	106	107	108	-23.9375425319115
9771	103	106	108	109	-8.05327140660518
9772	103	106	109	110	-3.84654974338613
9773	103	106	110	116	-8.74244232378206
9774	103	106	116	123	-1.15712790800492
9775	103	106	123	143	-0.00623301710871169
9776	88	136	89	90	66.7540405976232
9777	88	136	90	94	8.95355246446156
9778	88	136	94	98	3.48539073808217
9779	88	136	98	118	0.00635271184670683
9780	88	136	118	126	0.230127790704778
9781	88	136	126	131	8.43383450571344
9782	88	136	131	134	53.1290991016734
9783	88	136	134	137	30.0380459182626
9784	88	136	137	140	-83.0547980441155
9785	88	136	140	144	-6.05685064712785
9786	111	114	107	109	-13.1566960585528
9787	111	114	109	110	-17.4995210199593
9788	111	114	110	112	21.0218351588145
9789	111	114	112	113	58.3816444783682
9790	111	114	113	115	50.1600850382344
9791	111	114	115	116	-48.4404755772626
9792	111	114	116	117	-17.0922345794057
9793	111	114	117	120	-22.9006002313265
9794	111	114	120	127	-0.123412337681057
9795	111	114	127	142	-0.0333601502061676
9796	116	76	77	85	-4.9848463959062
9797	116	76	85	93	-0.0756167507805822
9798	116	76	93	97	-0.173998184217935
9799	116	76	97	112	-14.4055708726463
9800	116	76	112	115	-87.5660228991374
9801	116	76	115	119	96.2576248965717
9802	116	76	119	121	5.91489872840619
9803	116	76	121	125	0.0409916506840433
9804	116	76	131	144	-0.0463132975264067
9805	133	136	119	128	-7.47215994637534
9806	133	136	128	130	-22.6614786504782
9807	133	136	130	131	-25.9624038747518
9808	133	136	131	132	-93.9057052695349
9809	133	136	132	134	17.9522536111396
9810	133	136	134	135	270.6436211462
9811	133	136	137	138	-67.9162341335482
9812	133	136	138	139	-5.45716505148119
9813	133	136	139	144	-7.5070761328326
9814	136	139	117	127	-3.45805208662717
9815	136	139	127	131	-4.05769316423535
9816	136	139	131	134	-49.4367687089413
9817	136	139	134	135	-128.709717335568
9818	136	139	137	138	81.5565211244072
9819	136	139	138	140	5.18475249979892
9820	136	139	140	141	-5.82191983573628
9821	136	139	141	142	-2.50470702240748
9822	136	139	142	144	-1.8452588554997
9823	127	128	118	123	-0.0737279028887869
9824	127	128	124	125	-5.28220656314603
9825	127	128	125	126	-49.321715910323
9826	127	128	126	129	117.449041805844
9827	127	128	129	130	-39.5974040106961
9828	127	128	130	131	-10.044097602887
9829	127	128	131	132	-3.77540900327564
9830	127	128	132	135	-6.51155093585918
9831	127	128	135	143	-2.51497664569555
9832	83	131	86	90	21.1196473486434
9833	83	131	90	92	0.506727230453146
9834	83	131	92	105	1.06591890728027
9835	83	131	118	126	1.45415321415041
9836	83	131	126	129	34.3457125974587
9837	83	131	129	132	80.1399962476042
9838	83	131	132	134	-82.4005228828701
9839	83	131	134	138	-31.0303588443111
9840	83	131	138	144	-1.92527260052068
9841	119	79	80	85	-65.854453959282
9842	119	79	85	90	-1.9893168093508
9843	119	79	90	102	-0.522299636758606
9844	119	79	102	110	-0.254607922414633
9845	119	79	110	117	-11.2512543514453
9846	119	79	117	122	11.4953560116908
9847	119	79	122	125	0.369989501884842
9848	119	79	125	129	0.486739433307762
9849	119	79	135	144	-0.436969344258629
9850	89	137	90	91	11.4929614678419
9851	89	137	91	95	8.61211375055386
9852	89	137	95	97	3.35876779498348
9853	89	137	122	125	0.118089805499829
9854	89	137	125	129	1.89444343619149
9855	89	137	129	135	37.904414828871
9856	89	137	138	140	-20.4477288408163
9857	89	137	140	144	-8.55875187525114
9858	101	102	97	99	-11.4864658559537
9859	101	102	99	100	-23.3896408361452
9860	101	102	100	103	83.8387591389544
9861	101	102	103	104	-25.8554677796896
9862	101	102	104	105	-7.77713250328026
9863	101	102	105	106	-4.0108014478485
9864	101	102	106	107	-2.00598512880354
9865	101	102	107	112	-2.78667809651068
9866	101	102	112	118	-0.675078221887926
9867	101	102	118	141	-0.0350932684450557
9868	106	107	103	104	-6.09921386294465
9869	106	107	104	105	-13.4326974782652
9870	106	107	105	108	49.1700194259562
9871	106	107	108	109	-11.2125427075324
9872	106	107	109	110	-3.66200201083668
9873	106	107	110	111	-2.0337547598142
9874	106	107	111	112	-1.51790975346778
9875	106	107	112	115	-1.93102079532685
9876	106	107	115	120	-0.961196531641097
9877	118	78	77	87	-56.4518931167766
9878	118	78	87	94	-0.785476804984319
9879	118	78	94	103	-0.432496707568346
9880	118	78	103	110	-0.937120430367735
9881	118	78	110	116	-25.1122659897849
9882	118	78	116	121	26.0675795301635
9883	118	78	121	125	0.455837012145463
9884	118	78	125	129	0.431398993530778
9885	118	78	129	133	0.0680489865409526
9886	118	78	133	144	-0.655344844301784
9887	85	133	87	91	41.5515536668017
9888	85	133	91	95	1.5508846880765
9889	85	133	95	97	1.03510622494717
9890	85	133	124	131	63.6636446258602
9891	85	133	131	134	130.241535285963
9892	85	133	134	135	-137.192118485099
9893	85	133	135	138	-52.3948975670377
9894	85	133	138	143	-3.26778154672554
9895	114	74	77	80	-0.626333883874428
9896	114	74	95	99	-0.519269689970198
9897	114	74	99	111	-23.297922110427
9898	114	74	111	116	-25.5425280067119
9899	114	74	116	117	20.2621666029427
9900	114	74	117	119	27.4507637275805
9901	114	74	119	124	1.74161802409186
9902	114	74	129	142	-0.0372171299317385
9903	75	123	79	88	0.0907315155134217
9904	75	123	88	93	0.00557883041504401
9905	75	123	125	128	-0.0720146196652213
9906	75	123	128	134	-0.0470176584792776
9907	75	123	134	140	-0.00648323018330575
9908	140	141	99	120	-0.00266138383266212
9909	140	141	120	129	-0.280277356637271
9910	140	141	129	135	-1.88824362488592
9911	140	141	135	136	-0.882765626818452
9912	140	141	136	137	-1.26971387011322
9913	140	141	137	138	-1.93206172204432
9914	140	141	138	139	-2.60596923696069
9915	140	141	139	142	16.4433962906234
9916	140	141	142	143	-3.68326754524861
9917	140	141	143	144	-1.06054767149255
9918	123	124	116	120	-0.0102865958865092
9919	123	124	120	121	-0.0321977793952731
9920	102	103	97	100	-13.9057154047628
9921	102	103	100	101	-22.0720492974968
9922	102	103	101	104	75.8382309661923
9923	102	103	104	105	-19.5171010285963
9924	102	103	105	106	-7.86669303052934
9925	102	103	106	107	-3.55176511846812
9926	102	103	107	110	-3.57453886684474
9927	102	103	110	113	-1.05660154299013
9928	102	103	113	120	-0.774951549100454
9929	108	109	104	105	-2.13807174626187
9930	108	109	105	106	-4.52703813662266
9931	108	109	106	107	-11.2247616474095
9932	108	109	107	110	42.7253128782187
9933	108	109	110	111	-9.87570891987699
9934	108	109	111	112	-4.64432917184779
9935	108	109	112	113	-1.83982739227475
9936	108	109	113	118	-4.3016804646119
9937	108	109	118	122	-0.196662448855421
9938	108	109	122	144	-0.00559207649702456
9939	86	134	87	88	139.242911083847
9940	86	134	88	94	49.6944525084736
9941	86	134	94	98	2.01474741048227
9942	86	134	120	125	0.51217091871598
9943	86	134	125	132	62.1738713955769
9944	86	134	132	133	131.262892141161
9945	86	134	135	137	-206.349439567457
9946	86	134	137	144	-17.2398068400838
9947	97	143	89	90	0.404913520820576
9948	97	143	90	98	-72.9846495589261
9949	97	143	98	110	67.4159975351186
9950	97	143	110	116	0.732463211893592
9951	97	143	116	120	0.159092045217441
9952	97	143	120	121	0.0019011532571381
9953	97	143	122	125	0.0959433498990461
9954	97	143	125	133	2.77679414467389
9955	97	143	133	136	3.95104816070006
9956	116	117	110	113	-6.21239656820105
9957	116	117	113	114	-11.9313243230048
9958	116	117	114	115	-27.3498997974295
9959	116	117	115	118	79.2616429412149
9960	116	117	118	119	-25.8840862118035
9961	116	117	119	120	-5.36384485147454
9962	116	117	120	121	-0.410172667806291
9963	116	117	121	122	-0.0189207527199604
9964	116	117	127	131	-0.00465094078017072
9965	120	123	114	118	-2.67759733501102
9966	120	123	118	119	-4.99234303357845
9967	120	123	119	121	3.05459916680288
9968	120	123	121	122	4.74160683581675
9969	120	123	125	126	-0.0356321085032883
9970	120	123	127	129	-0.0250297175301195
9971	120	123	129	144	-0.0314503069841278
9972	123	126	124	125	46.3797253319343
9973	123	126	125	127	15.4871454329423
9974	123	126	127	128	-54.5155142407303
9975	123	126	128	129	-3.72743944406868
9976	123	126	129	130	-1.12918256358887
9977	123	126	130	135	-1.7974939363161
9978	123	126	135	144	-0.549675014649525
9979	104	105	99	102	-12.8505417567994
9980	104	105	102	103	-19.4810221467194
9981	104	105	103	106	60.0646920544572
9982	104	105	106	107	-13.409492044345
9983	104	105	107	108	-5.60425544445511
9984	104	105	108	109	-2.13396370991746
9985	104	105	109	111	-1.86737630285984
9986	104	105	111	113	-0.987088534522883
9987	104	105	113	118	-1.08480069082865
9988	104	105	118	138	-0.0631278361902547
9989	136	137	118	128	-1.5028109607793
9990	136	137	128	131	-3.00596239127503
9991	136	137	131	133	-8.65713992259513
9992	136	137	133	134	-30.295008908615
9993	136	137	134	135	-111.239568861254
9994	136	137	135	138	169.122965245528
9995	136	137	138	139	-8.48396447195635
9996	136	137	139	140	-1.97812483225188
9997	136	137	140	141	-1.26792254767842
9998	136	137	141	144	-1.33455838032088
9999	129	132	118	124	-0.010014703666254
10000	129	132	124	127	-11.0251343475765
10001	129	132	127	128	-53.4273871116675
10002	129	132	128	130	39.7385870654646
10003	129	132	130	131	106.643908381877
10004	129	132	131	133	63.8168457738494
10005	129	132	133	134	-92.2035504197002
10006	129	132	134	135	-31.1809421519801
10007	129	132	135	138	-18.9392536927709
10008	129	132	138	140	-0.933064343090806
10009	111	112	106	108	-4.18573556070563
10010	111	112	108	109	-4.64737940674499
10011	111	112	109	110	-11.4628561944576
10012	111	112	110	113	57.7668808086362
10013	111	112	113	114	-17.5357989087371
10014	111	112	114	115	-7.4757267566199
10015	111	112	115	116	-3.83005590142894
10016	111	112	116	117	-1.88555499197208
10017	111	112	117	124	-3.28064283692232
10018	111	112	124	142	-0.0108274407937159
10019	115	118	110	113	-27.5666127949805
10020	115	118	113	114	-60.1790558427492
10021	115	118	114	116	20.4859777341808
10022	115	118	116	117	79.3785477847816
10023	115	118	117	119	41.4968657872105
10024	115	118	119	120	-41.9422404707309
10025	115	118	120	121	-2.65949059035445
10026	115	118	121	122	-0.107363346172787
10027	115	118	122	127	-0.0155112674238488
10028	115	118	127	144	-0.0387748158763525
10029	82	130	84	87	41.5097435222975
10030	82	130	87	95	5.51542279114072
10031	82	130	95	97	0.293686841486376
10032	82	130	119	123	0.053317682472933
10033	82	130	123	128	29.5091427154356
10034	82	130	128	131	65.1811239465196
10035	82	130	131	133	-59.6738950520093
10036	82	130	133	135	-24.0150921417784
10037	82	130	135	141	-9.89887211161254
10038	101	104	97	100	-55.6203632815134
10039	101	104	100	102	27.4703737935904
10040	101	104	102	103	75.887389871118
10041	101	104	103	105	21.1830033598978
10042	101	104	105	106	-29.1657457029406
10043	101	104	106	107	-11.6710443847658
10044	101	104	107	108	-6.51741980078622
10045	101	104	108	114	-8.53401747781555
10046	101	104	114	123	-1.59859856425005
10047	101	104	123	143	-0.00472269688646696
10048	138	141	98	127	-0.15772807726258
10049	138	141	127	133	-2.71427072457814
10050	138	141	133	135	-5.15198207567965
10051	138	141	135	136	-5.01212440569622
10052	138	141	136	137	-11.6998971326636
10053	138	141	137	139	11.0320276091754
10054	138	141	139	140	17.8207136786422
10055	138	141	140	142	8.29878309011829
10056	138	141	142	143	-5.39446075322141
10057	138	141	143	144	-1.75246448975254
10058	118	121	114	116	-19.1584865163289
10059	118	121	116	117	-31.7013036097037
10060	118	121	117	119	10.6714683432974
10061	118	121	119	120	48.9212439401188
10062	118	121	123	124	-0.0356936166528864
10063	118	121	125	131	-0.0361926213863723
10064	118	121	131	140	-0.0173396150718894
10065	73	121	80	87	0.00805620020246166
10066	73	121	112	117	0.0238127467215481
10067	73	121	123	124	-0.0462874194921306
10068	73	121	133	140	-0.00799925689409908
10069	104	107	102	103	-30.89416107874
10070	104	107	103	105	23.2906276272928
10071	104	107	105	106	60.2376356393298
10072	104	107	106	108	14.998076369732
10073	104	107	108	109	-17.8727261070749
10074	104	107	109	110	-6.74145491592207
10075	104	107	110	111	-4.14595671512862
10076	104	107	111	112	-3.2317678833656
10077	104	107	112	124	-6.61547430050016
10078	104	107	124	133	-0.0109192510355675
10079	110	113	106	108	-12.0251843602491
10080	110	113	108	109	-16.388515259527
10081	110	113	109	111	21.226871527442
10082	110	113	111	112	57.7184742584745
10083	110	113	112	114	21.9460928964482
10084	110	113	114	115	-32.9055770989838
10085	110	113	115	116	-13.7787250217565
10086	110	113	116	119	-15.803858255727
10087	110	113	119	125	-0.626250662083871
10088	110	113	125	144	-0.0538404707887776
10089	121	124	116	119	-0.183953051210847
10090	121	124	119	120	-3.89118238117381
10091	121	124	120	122	4.08934950338304
10092	139	140	102	130	-0.42290328316937
10093	139	140	130	134	-1.05070821943473
10094	139	140	134	135	-0.886764745610833
10095	139	140	135	136	-1.17041663148714
10096	139	140	136	137	-1.97285851977227
10097	139	140	137	138	-3.92627399862466
10098	139	140	138	141	17.7867838440206
10099	139	140	141	142	-4.69449950341305
10100	139	140	142	143	-1.36853766364272
10101	139	140	143	144	-0.531847608749911
10102	115	75	76	85	-3.50417349635215
10103	115	75	87	97	-0.256926758001042
10104	115	75	97	112	-23.8526069523981
10105	115	75	112	114	-79.3366941325029
10106	115	75	114	118	91.0461082615001
10107	115	75	118	120	12.2066897239987
10108	115	75	120	123	0.256185091795132
10109	115	75	128	137	-0.0446570167182701
10110	130	133	120	126	-1.18934946201574
10111	130	133	126	128	-19.4260813596384
10112	130	133	128	129	-39.1603166351978
10113	130	133	129	131	29.4440234806797
10114	130	133	131	132	141.138764360924
10115	130	133	132	134	63.716343243316
10116	130	133	134	135	-127.445218378583
10117	130	133	135	136	-29.9199349785404
10118	130	133	136	138	-13.6027275985945
10119	130	133	138	143	-2.20857982301789
10120	99	102	97	100	-7.03243407149448
10121	99	102	100	101	75.2993471639333
10122	99	102	101	103	29.9475622823466
10123	99	102	103	104	-38.1283547142106
10124	99	102	104	105	-12.8917152821184
10125	99	102	105	106	-7.04504618467919
10126	99	102	106	108	-5.99559236439761
10127	99	102	108	116	-4.12711111359149
10128	99	102	116	118	-0.32148711239032
10129	99	102	118	144	-0.0618045767832947
10130	105	108	103	104	-26.4683322728512
10131	105	108	104	106	26.0032593592957
10132	105	108	106	107	49.1718370580062
10133	105	108	107	109	19.3882689036346
10134	105	108	109	110	-15.8175693750081
10135	105	108	110	111	-7.30802893168331
10136	105	108	111	112	-5.24167694685037
10137	105	108	112	114	-4.83877988287083
10138	105	108	114	118	-4.3176313807477
10139	105	108	118	138	-0.3712249728968
10140	112	115	107	110	-15.1141515151431
10141	112	115	110	111	-23.0195713443595
10142	112	115	111	113	11.9436065741011
10143	112	115	113	114	96.585237937399
10144	112	115	114	116	24.5385387314095
10145	112	115	116	117	-42.5988052656775
10146	112	115	117	118	-35.1096206950764
10147	112	115	118	120	-9.79581318940003
10148	112	115	120	128	-0.210212250836027
10149	112	115	128	141	-0.0317381254056682
10150	139	142	106	121	-0.00589884981133826
10151	139	142	121	131	-1.5868528017081
10152	139	142	131	132	-0.412014193812528
10153	139	142	132	136	-6.67021067761957
10154	139	142	136	137	-3.97085204564629
10155	139	142	137	138	-6.81559573528519
10156	139	142	138	140	9.66933561236748
10157	139	142	140	141	16.4709900204494
10158	139	142	141	143	8.3965488721337
10159	139	142	143	144	-5.57679616136059
10160	119	120	113	116	-4.58712403521361
10161	119	120	116	117	-5.35725005580091
10162	119	120	117	118	-33.7062669195338
10163	119	120	118	121	49.6115087119198
10164	119	120	121	122	-5.11202708032942
10165	119	120	126	128	-0.0058838352998057
10166	119	120	128	143	-0.01644495618259
10167	84	132	86	91	39.9359969287248
10168	84	132	91	92	0.266717622641057
10169	84	132	92	104	1.3397834271112
10170	84	132	116	126	1.13745088959006
10171	84	132	126	129	22.6942373759793
10172	84	132	129	133	136.618401306451
10173	84	132	133	134	-98.3427897077572
10174	84	132	134	138	-58.5992734932818
10175	84	132	138	141	-1.80160611853649
10176	125	128	122	123	-0.0828195441708686
10177	125	128	126	127	94.116660392939
10178	125	128	127	129	20.4891527331431
10179	125	128	129	130	-46.2665907865581
10180	125	128	130	131	-12.3035745339586
10181	125	128	131	133	-7.48131703134569
10182	125	128	133	144	-8.78364528163529
10183	132	133	121	127	-0.747320107271428
10184	132	133	127	129	-5.71905371788813
10185	132	133	129	130	-10.1160064594953
10186	132	133	130	131	-36.1722046427164
10187	132	133	131	134	184.285906539
10188	132	133	134	135	-101.289346542013
10189	132	133	135	136	-20.7900754528795
10190	132	133	136	137	-6.30610549144538
10191	132	133	137	138	-1.78602580721174
10192	132	133	138	140	-0.491568458042607
10193	102	105	97	101	-57.6877158612349
10194	102	105	101	103	22.6983617766775
10195	102	105	103	104	74.1235600742269
10196	102	105	104	106	15.6052045819398
10197	102	105	106	107	-23.0688272497492
10198	102	105	107	108	-10.8598304268577
10199	102	105	108	111	-8.73116247388915
10200	102	105	111	116	-4.37698009350172
10201	102	105	116	124	-0.900722435394103
10202	102	105	124	144	-0.00501840689671793
