"clean_data.pseudoX","y","z","rho"
0.745,1.23,193.817,717.482
0.962,1.663,193.575,948.603
1.18,2.105,193.329,1090.86
1.63,3.005,192.846,964.315
2.415,4.57,192.023,735.722
3.05,5.9,191.361,486.258
4.015,7.845,190.656,307.173
5.72,11.235,189.806,41.505
6.932,9.217,188.418,489.54
5.518,2,191.617,743.807
6.472,3.965,191.019,410.094
7.953,7.02,189.979,253.154
11.438,9.1,186.896,178.024
9.988,1.617,189.571,843.675
10.968,3.573,189.298,378.245
13.94,9.7,186.642,59.092
7.808,11.017,188.022,449.082
5.842,2.685,191.732,1274.654
6.608,4.245,191.171,380.682
7.858,6.88,190.372,303.076
10.79,7.79,187.052,50.219
9.117,-0.133,190.025,123.499
11.295,4.27,189.322,591.8
12.152,15.322,190.218,69.514
13.678,18.552,191.287,50.437
14.57,20.46,191.175,80.667
16.035,23.123,191.506,371.241
15.278,16.708,183.99,192.55
14.562,10.755,189.547,62.839
17.07,15.793,189.38,6.393
18.2,18.128,190.361,132.162
20.41,22.785,189.583,292.662
6.538,12.848,189.936,614.369
7.835,15.532,190.145,182.828
9.1,18.157,190.543,65.078
9.86,19.672,190.206,9.577
10.085,20.11,190.286,4.444
11.17,22.14,191.837,149.116
12.755,25.215,192.018,292.808
14.285,28.352,190.77,83.079
13.023,21.512,185.263,104.847
11.39,13.848,189.282,103.929
12.838,16.898,190.882,43.262
14.258,19.902,190.891,103.797
15.735,22.587,191.583,376.951
17.718,26.31,189.704,126.187
15.312,16.97,183.094,179.006
14.402,10.575,189.46,64.548
17.348,16.43,189.627,4.649
18.575,18.988,190.353,193.606
19.682,21.37,190.175,329.047
6.848,13.518,190.617,748.118
8.363,16.635,189.607,92.143
9.217,18.372,190.42,66.985
10.085,20.092,190.267,7.594
10.938,21.73,191.149,49.143
12.31,24.432,192.052,317.617
11.233,17.875,185.644,210.409
9.758,10.517,188.867,324.092
11.28,13.58,189.892,140.483
12.76,16.657,190.018,58.316
13.588,18.413,190.112,4.235
15.015,21.127,191.6,226.997
16.875,24.632,190.885,335.623
17.933,26.683,189.324,41.151
15.235,16.742,183.533,179.071
14.2,10.115,189.04,68.243
17.25,16.18,190.007,33.715
18.895,19.632,190.365,200.64
20.807,23.682,189.374,234.52
8.023,2.61,191.067,346.219
8.988,4.532,190.498,289.043
10.012,6.695,189.841,194.021
12.758,7.268,187.844,235.452
11.085,-0.655,190.367,284.39
12.282,1.742,189.873,273.164
13.137,3.485,189.458,240.384
15.812,8.977,186.656,12.138
3.478,2.295,193.062,867.938
4.245,3.848,192.757,541.197
4.815,4.96,192.259,336.748
7.078,9.565,190.925,451.583
9.158,9.192,189.095,474.872
6.91,0.41,192.98,614.838
7.897,2.407,192.89,56.887
8.78,4.188,192.205,535.213
9.845,6.345,191.433,621.368
11.185,9.162,190.611,133.601
13.517,8.827,187.526,329.724
11.753,0.69,191.139,954.626
13.155,3.535,190.709,799.853
14.545,6.332,190.159,412.625
2.48,0.26,193.021,719.907
3.272,1.835,192.303,653.998
4.155,3.617,191.498,436.574
4.79,4.947,190.85,247.758
5.86,7.135,190.126,159.406
8.768,8.51,188.798,617.41
6.037,-1.382,192.804,756.189
6.808,0.167,192.033,587
11.157,4.308,191.881,238.509
11.488,4.978,191.939,216.394
13.682,9.497,191.603,633.372
16.157,14.348,189.251,13.914
18.445,18.693,186.151,10.16
14.23,1.037,192.381,534.157
16.737,6.082,191.596,658.165
20.13,13.115,187.941,4.225
0.745,1.23,194.089,623.573
1.087,1.905,193.96,953.348
1.41,2.567,193.592,700.217
1.622,3.025,193.35,796.576
2.067,3.915,192.873,862.415
2.842,5.47,192.064,703.674
3.59,7.035,191.397,380.975
4.768,9.428,190.532,277.706
6.52,12.82,190.996,671.253
8.372,16.578,190.278,78.179
9.142,18.087,190.51,74.338
9.69,19.205,190.443,19.283
10.425,20.68,191.255,32.04
11.4,22.512,191.906,225.286
12.67,24.975,192.145,280.857
14.2,28.113,190.643,90.973
11.838,19.058,184.125,154.967
10.1,11.168,189.939,261.411
11.455,13.9,189.556,213.459
12.76,16.52,189.406,92.296
13.728,18.45,189.808,13.387
15.343,21.625,190.768,239.866
16.828,24.49,189.757,302.322
15.44,17.475,183.721,197.036
14.335,10.842,190.304,223.709
16.49,15.245,189.641,56.907
16.998,16.395,189.611,7.17
17.803,18.075,190.472,79.407
19.37,20.98,191.246,448.693
21.352,24.702,189.428,212.66
19.425,16.228,183.543,230.435
17.78,8.31,188.43,57.741
19.392,11.598,188.903,54.074
20.663,14.175,189.998,13.603
22.52,18.045,191.267,402.448
24.535,22.275,190.745,295.296
7.715,10.757,188.209,385.355
5.645,2.203,191.864,2557.615
6.53,3.973,191.246,384.631
7.705,6.35,190.519,288.205
8.63,8.302,189.91,118.258
10.3,6.7,188.033,70.093
9.262,0.042,189.914,106.913
11.015,3.55,189.49,706.744
12.78,7.17,189.106,110.945
6.903,8.993,189.084,413.459
5.31,1.512,192.172,358.96
6.408,3.745,191.656,660.312
7.373,5.668,191.211,420.822
8.637,8.28,190.363,339.831
9.593,0.715,190.132,148.393
11.415,4.438,189.522,1399.252
7.628,15.03,190.001,304.888
8.685,17.225,190.397,96.807
9.54,18.962,190.509,73.287
10.098,20.052,190.496,8.656
10.748,21.3,191.188,34.74
11.732,23.145,192.011,292.844
12.482,24.612,191.966,403.599
13.402,26.435,191.772,189.877
11.668,18.602,184.996,199.494
10.422,11.81,189.831,263.552
6.97,4.64,192.145,677.858
9.023,8.82,191.497,129.685
13.247,17.218,188.413,63.984
12.045,10.39,187.43,248.772
9.625,1.185,191.989,390.204
10.288,2.52,191.882,327.285
10.52,2.958,191.909,377.801
10.74,3.412,191.899,372.791
10.943,3.865,191.889,366.921
12.058,15.07,189.809,91.932
13.08,17.263,190.544,46.939
15.018,21.142,191.865,233.228
16.895,24.642,190.921,389.216
18.05,26.885,189.378,8.24
16.33,18.905,184.141,184.602
14.788,11.207,188.431,64.48
16.845,15.302,189.943,33.441
18.608,18.94,190.373,162.178
19.913,21.71,190.249,360.583
11.545,14,189.611,132.664
13.125,17.267,190.626,49.054
14.508,20.248,191.094,73.717
16.278,23.553,191.552,366.535
17.858,26.442,189.628,67.664
16.035,18.238,184.578,190.242
15.01,11.605,188.747,66.628
17.065,15.73,189.727,29.964
18.93,19.618,190.537,173.302
20.34,22.582,189.886,395.382
6.782,13.258,190.444,776.418
8.51,16.773,190.332,139.576
9.678,19.178,190.658,67.849
10.332,20.5,190.271,5.086
10.975,21.713,191.05,43.744
12.04,23.792,192.124,333.104
13.598,26.843,191.641,188.272
12.08,19.45,184.909,191.655
10.308,11.585,189.088,305.853
7.36,1.243,192.006,527.245
8.245,3.013,191.308,365.866
9.51,5.625,190.334,327.328
12.565,6.79,188.469,284.291
10.875,-1.125,190.787,383.864
11.74,0.64,190.367,243.036
13.46,4.1,189.469,250.357
3.81,2.92,193.011,896.885
4.255,3.812,192.867,666.895
4.935,5.148,192.637,476.113
7.04,9.47,191.431,37.138
8.87,13.07,190.399,346.707
11.305,17.85,187.692,10.867
9.68,10.23,189.115,567.978
7.472,1.475,192.973,599.284
8.133,2.812,193.129,437.554
1.518,2.805,193.228,832.467
1.878,3.442,193.599,775.448
2.095,3.875,193.841,565.694
2.54,4.768,194.107,596.674
2.99,5.668,193.877,478.048
3.208,6.108,193.631,682.098
3.433,6.55,193.386,843.495
3.87,7.442,192.939,814.99
4.492,8.785,192.397,579.092
5.36,10.512,191.793,546.608
5.523,10.915,191.831,969.458
7.208,14.23,193.823,966.712
7.72,15.35,194.621,764.85
7.915,15.768,195.044,819.366
8.128,16.165,195.466,993.352
8.575,17.023,195.77,845.074
9.005,17.907,195.555,908.291
9.207,18.368,195.342,691.409
9.433,18.805,195.191,272.201
9.65,19.208,195.127,28.797
10.517,20.908,194.865,2.068
11.812,23.438,196.961,3.312
12.01,23.8,197.329,107.091
12.425,24.608,197.958,450.904
12.858,25.45,198.185,1083.515
13.1,25.863,198.034,337.626
13.345,26.305,197.788,149.892
13.652,26.955,197.429,108.492
15.262,30.157,192.916,146.967
16.792,33.105,195.317,267.613
17.51,34.57,195.712,118.558
17.9,35.332,195.663,104.151
18.118,35.715,195.678,75.308
18.328,36.11,195.684,20.821
18.72,36.945,195.615,48.591
19.095,37.828,195.178,42.814
19.298,38.282,194.929,40.42
10.33,11.89,191.693,400.235
13.178,17.553,194.261,141.178
16.645,24.447,192.334,5.065
15.155,16.982,189.638,15.233
13.72,9.725,192.106,341.667
15.76,13.892,194.848,583.136
16.085,14.53,195.336,648.508
16.295,14.985,195.586,696.61
16.69,15.907,195.924,370.73
6.61,4.25,191.786,1545.284
8.49,7.982,192.459,346.986
10.322,11.707,192.029,935.739
13.477,17.995,188.858,8.658
12.7,11.977,188.969,282.102
10.188,2.53,192.815,600.535
10.972,4.09,193.706,509.515
11.192,4.545,193.961,372.13
11.617,5.435,194.247,383.639
12.052,6.327,194.052,258.062
1.18,2.105,193.329,1090.942
1.435,2.522,193.578,780.613
1.665,2.985,193.841,646.468
2.095,3.875,194.094,694.259
2.54,4.768,193.856,608.27
2.777,5.21,193.615,777.305
2.995,5.65,193.369,889.215
3.435,6.545,192.903,956.816
4.293,8.308,192.223,629.166
5.778,11.325,191.219,445.687
15.842,23.005,196.223,58.034
17.645,26.482,196.234,538.328
19.1,29.39,194.282,455.052
16.737,20.335,191.502,210.899
16.225,15.092,193.044,4.052
18.872,20.56,196.889,17.607
19.262,21.365,197.722,817.73
19.468,21.785,198.16,1319.783
19.942,22.582,198.718,1007.647
6.628,13.168,191.245,53.909
8.61,17.1,193.87,105.421
9.335,18.573,195.053,242.193
9.68,19.23,195.439,355.215
9.908,19.712,195.715,172.925
10.328,20.575,196.172,119.305
10.763,21.42,196.245,56.418
10.96,21.782,196.201,6.009
8.865,17.472,191.803,16.415
11.613,22.925,195.495,3.279
12.693,25.058,197.195,62.341
13.1,25.863,198.034,334.733
13.3,26.267,198.479,848.098
13.768,27.11,198.921,809.725
14.238,27.955,198.745,966.901
14.428,28.387,198.509,1042.984
14.637,28.837,198.214,1102.884
14.945,29.46,197.562,1069.107
15.332,21.508,189.084,5.308
19.145,29.04,194.14,252.091
20.63,31.905,195.159,124.462
21.852,34.392,194.287,95.19
19.292,24.87,189.48,75.332
19.442,20.775,190.555,76.673
22.965,27.918,195.761,213.5
23.668,29.218,196.21,187.961
24.368,30.492,196.532,141.322
24.593,30.875,196.528,144.454
15.435,21.672,188.449,6.839
19.248,29.205,193.542,387.126
21.12,32.868,194.542,105.571
22.343,35.355,193.762,210.193
19.495,25.245,189.205,33.45
19.078,20.165,189.124,7.291
22.747,27.528,194.462,244.089
24.017,29.812,195.894,212.104
24.57,30.868,196.084,133.158
24.795,31.25,196.081,112.916
0.963,1.662,193.575,948.569
1.218,2.08,193.825,554.96
1.665,2.985,194.082,654.197
2.095,3.875,193.841,565.413
2.323,4.325,193.609,819.887
2.56,4.768,193.368,856.905
2.902,5.43,192.998,903.119
3.962,7.612,192.182,676.931
5,9.755,191.402,538.171
6.64,12.922,190.431,153.987
13.267,17.753,192.818,35.818
17.48,26.1,196.532,381.277
17.115,20.952,191.733,420.441
16.602,15.71,193.038,6.471
19.235,21.137,196.955,242.865
19.737,22.175,198.026,809.984
19.942,22.582,198.471,907.978
20.415,23.37,198.896,916.996
9.255,9.515,192.582,302.602
10.637,12.372,192.218,826.358
13.475,18.012,189.265,12.102
13.24,13.102,189.628,403.866
10.967,4.095,193.241,547.147
11.415,4.982,193.751,473.006
11.617,5.435,194.001,295.297
12.052,6.327,194.296,350.114
12.502,7.207,194.121,277.129
6.942,13.787,191.326,5.8
9.023,17.952,194.088,11.953
9.793,19.462,195.273,32.348
10.125,20.115,195.652,23.783
10.327,20.575,195.94,98.326
10.762,21.42,196.47,77.047
11.178,22.185,196.594,131.796
11.392,22.588,196.559,4.692
12.21,24.205,197.324,41.895
12.425,24.608,197.744,579.259
12.858,25.45,198.423,564.117
13.3,26.267,198.479,855.01
13.545,26.71,198.234,461.886
13.773,27.143,197.99,351.335
13.963,27.575,197.754,274.976
15.785,31.302,192.518,227.476
17.067,33.785,194.675,547.771
17.895,35.43,195.07,196.816
18.523,36.627,195.121,152.546
18.733,37.022,195.127,35.51
18.913,37.408,195.109,49.595
19.095,37.828,195.178,43.306
19.51,38.733,195.379,64.542
16.645,28.627,189.556,69.373
0.745,1.23,193.817,715.617
1.218,2.08,194.068,738.019
1.665,2.985,193.841,645.799
1.878,3.442,193.599,774.244
2.105,3.893,193.367,917.719
2.567,4.778,192.88,868.663
3.32,6.327,192.094,685.273
4.358,8.47,191.314,369.046
6.178,12.047,190.434,137.927
13.425,17.887,192.462,64.911
16.93,24.77,196.731,402.523
17.927,26.72,197.184,694.389
19.458,29.857,195.247,1598.894
17.702,22.005,191.595,391.002
19.73,21.95,197.172,286.22
20.218,22.968,198.244,454.739
20.415,23.37,198.671,1068.739
20.942,24.202,199.002,940.694
9.475,9.965,192.684,281.12
10.858,12.822,192.443,1288.044
13.812,18.677,189.41,16.765
13.055,12.633,188.907,178.154
10.762,3.64,192.524,539.674
11.838,5.885,193.788,393.473
12.052,6.327,194.052,258.129
12.502,7.207,194.377,344.878
12.948,8.092,194.206,282.325
12.28,15.94,192.37,16.616
15.785,22.823,196.124,139.397
17.157,25.525,195.91,281.755
18.273,27.758,194.138,338.416
15.925,18.607,191.124,124.127
15.43,13.368,192.497,3.246
18.667,20.165,197.344,69.606
19.065,20.963,197.999,574.543
18.028,8.875,191.755,19.844
20.485,13.92,194.112,9.923
21.532,6.52,192.175,33.466
15.37,21.5,190.705,1368.401
19.49,29.655,195.46,2203.264
20.56,31.713,195.494,750.803
21.272,33.123,194.732,459.545
18.712,23.6,190.166,357.86
18.9,19.798,191.324,251.134
22.57,27.16,196.663,869.691
23.2,28.238,197.229,911.576
23.528,28.913,197.431,1872.698
23.765,29.298,197.43,1461.367
0.745,1.23,194.089,624.733
1.218,2.08,193.825,556.755
1.435,2.522,193.578,783.245
1.648,2.98,193.336,774.945
2.218,4.093,192.734,773.027
2.895,5.43,192.026,583.05
3.628,6.97,191.471,354.896
4.795,9.375,190.552,283.588
20.945,23.515,191.87,143.988
9.67,0.982,190.172,175.327
16.095,13.85,187.049,18.775
15.543,8.27,188.095,325.899
13.465,-0.28,192.04,561.92
15.75,4.332,191.594,1353.338
18.125,9.002,190.479,262.712
18.652,5.32,189.692,579.655
13.94,18.773,192.039,37.935
17.672,26.088,196.564,535.51
20.158,30.995,194.957,486.045
17.803,21.985,192.01,356.272
18.005,18.23,193.498,107.381
20.733,23.852,197.735,173.506
20.93,24.255,198.163,520.487
21.2,24.645,198.501,711.815
21.475,25.03,198.746,968.713
17.192,16.03,191.672,140.04
20.26,17.74,190.213,67.091
23.183,19.372,196.129,92.056
24.952,22.678,195.59,806.829
26.377,25.392,193.657,132.489
23.77,15.652,191.085,119.519
16.268,23.323,187.914,12.781
20.08,30.855,193.103,799.564
21.358,33.388,194.249,606.934
22.27,35.197,193.898,287.833
23.082,36.87,193.612,288.364
20.13,26.532,188.753,100.142
19.523,21.03,187.763,4.565
22.935,27.95,192.843,300.817
24.503,30.855,194.703,403.645
25.515,32.752,195.16,182.529
16.505,14.8,191.099,1742.847
20.625,22.955,193.97,410.119
22.913,27.522,192.906,2224.953
20.652,18.605,190.394,208.8
23.56,20.213,196.574,355.416
26.445,25.568,194.085,328.148
23.992,16.048,191.747,412.784
23.488,10.537,192.581,7.368
18.232,18.485,190.799,857.674
22.26,26.427,194.655,788.118
23.915,29.762,193.67,312.987
21.747,21.058,190.112,439.783
21.347,15.99,191.278,39.301
25.257,23.795,195.764,112.774
26.852,26.665,196.289,810.876
27.887,28.705,194.672,828.238
25.492,19.382,190.606,640.765
24.913,13.63,191.354,23.181
18.843,19.697,189.658,343.393
22.963,27.852,193.705,751.686
24.735,31.402,192.964,229.722
22.388,22.252,189.088,471.393
22.537,18.157,190.928,315.374
27.463,27.877,195.655,900.439
28.188,29.26,194.848,362.405
27.115,22.598,191.944,634.741
26.515,16.86,191.055,21.249
16.365,23.612,187.216,8.075
20.178,31.145,192.432,264.097
21.357,33.425,193.843,294.268
23.172,37.085,193.31,194.226
21.51,29.44,189.753,15.914
21.185,24.548,189.237,31.796
23.142,28.613,192.574,71.616
23.985,30.075,193.74,222.057
25.065,31.962,194.526,219.77
17.88,17.582,191.691,374.951
21.908,25.525,194.984,764.452
21.042,19.525,190.417,275.341
20.525,14.242,192.293,19.931
24.218,21.595,196.427,695.786
26.318,25.508,195.499,1976.375
24.137,16.548,191.546,505.833
24.08,11.89,192.618,5.223
19.345,20.672,189.028,32.505
23.287,28.438,193.461,508.184
24.635,31.123,192.881,115.581
22.465,22.363,188.614,301.804
22.258,17.758,189.007,5.308
26.255,25.795,194.033,37.736
27.85,28.665,195.108,345.787
28.48,29.82,194.544,93.009
25.958,20.295,189.769,391.348
25.452,14.785,188.477,4.485
0.858,1.442,193.969,577.772
1.218,2.08,194.068,738.16
1.54,2.742,193.94,795.174
1.865,3.413,193.578,622.518
2.093,3.862,193.346,845.774
2.665,4.97,192.75,828.796
3.223,6.085,192.159,797.333
4.378,8.488,191.232,450.247
5.96,11.657,190.205,25.225
1.533,2.797,193.238,852.709
1.893,3.435,193.609,687.95
2.215,4.098,193.978,895.836
2.54,4.768,194.107,596.528
2.885,5.438,194.003,766.958
3.223,6.1,193.641,549.888
3.447,6.542,193.396,785.603
3.683,6.987,193.162,750.151
4.72,9.13,192.382,766.054
6.408,12.53,191.244,312.293
4.152,8.148,192.04,568.709
5.41,10.562,193.444,536.754
5.85,11.457,193.975,377.779
6.15,12.123,194.397,684.079
6.472,12.792,194.605,304.02
6.795,13.445,194.702,719.638
7.092,14.062,194.649,367.069
7.293,14.495,194.521,505.004
7.638,15.152,194.165,828.986
7.97,15.805,193.811,532.368
20.245,22.123,193.508,219.487
19.575,16.37,191.57,129.624
21.913,16.835,195.062,135.376
26.085,24.805,193.539,105.865
24.567,17.225,191.776,34.44
16.697,15.26,191.042,686.47
20.817,23.415,194.079,389.342
20.64,18.618,190.403,229.952
23.845,20.86,196.765,412.034
25.022,22.958,196.66,408.987
26.55,25.9,194.783,920.36
24.253,16.758,191.192,369.507
23.66,11.003,192.465,8.8
19.852,21.77,187.339,51.707
26.265,34.455,191.889,156.566
23.472,20.303,188.416,51.421
26.797,26.99,193.167,352.564
27.862,28.855,193.983,684.54
29.995,32.985,193.362,291.781
20.06,22.235,186.828,32.411
23.683,29.335,191.434,373.824
26.138,34.323,191.688,93.406
23.678,20.77,187.778,26.033
27.003,27.445,192.533,197.599
27.845,28.908,193.605,246.879
28.748,30.583,193.712,540.517
29.907,32.86,193.497,206.179
0.963,1.673,193.571,790.543
1.322,2.31,193.942,1356.763
1.665,2.985,194.082,654.898
1.99,3.655,193.972,887.836
2.323,4.335,193.614,669.276
2.56,4.778,193.373,809.697
3.013,5.662,192.893,888.879
3.97,7.645,192.093,681.696
4.898,9.565,191.421,531.853
6.83,13.365,190.2,156.951
7.14,14.15,191.282,4.213
9.325,18.485,194.146,8.102
10.18,20.222,195.462,17.875
10.525,20.938,195.896,77.376
10.86,21.573,196.448,63.867
11.178,22.185,196.826,40.489
11.492,22.798,196.95,56.691
11.8,23.393,196.908,48.494
12,23.798,196.902,11.115
12.467,24.64,196.628,3.48
7.977,15.82,191.58,6.876
10.507,20.87,194.879,2.146
11.485,22.788,196.37,1.417
11.802,23.4,196.975,45.086
12.117,24.012,197.606,75.929
12.425,24.608,197.958,441.479
12.74,25.2,198.16,196.703
13.09,25.825,198.01,714.666
13.335,26.267,197.764,341.976
13.773,27.15,197.225,216.132
9.07,17.905,191.949,11.983
11.818,23.358,195.642,2.21
12.695,25.088,197.101,161.332
13.102,25.893,197.94,847.486
13.417,26.485,198.576,569.246
13.767,27.11,198.921,808.006
14.123,27.768,198.802,935.245
14.43,28.418,198.443,1034.719
14.64,28.868,198.148,1220.082
14.948,29.49,197.495,1214.213
10.222,11.682,191.637,428.835
13.07,17.345,194.267,145.73
16.532,24.227,192.374,5.186
15.238,17.208,189.555,23.999
13.735,9.742,192.083,436.069
15.688,13.677,194.702,687.395
16.08,14.522,195.393,673.856
16.393,15.225,195.792,465.188
16.69,15.907,195.924,366.289
14.172,19.685,195.016,3.358
17.712,26.593,193.128,10.859
15.63,18.065,190.199,3.511
14.61,11.672,192.312,6.608
16.875,16.31,195.33,19.209
17.285,17.22,195.856,73.958
17.587,17.862,196.384,228.038
17.882,18.517,196.783,15.164
1.175,2.12,193.333,988.746
1.43,2.538,193.583,614.857
1.772,3.212,193.966,747.39
2.095,3.875,194.094,693.262
2.428,4.555,193.987,549.986
2.772,5.225,193.63,560.703
2.99,5.665,193.385,757.119
3.43,6.56,192.919,876.633
4.39,8.523,192.224,598.533
6.182,12.135,191.178,355.693
15.667,22.062,189.67,439.527
21.16,32.862,194.783,281.936
22.05,34.725,193.966,127.159
19.29,24.848,189.48,145.984
19.082,20.17,189.894,63.669
22.665,27.3,195.108,410.948
23.842,29.398,196.341,737.075
24.395,30.452,196.531,559.418
24.705,31.05,196.54,1330.276
11.86,15.065,191.942,18.995
14.805,20.88,195.349,25.99
16.7,24.638,195.488,164.777
18.79,28.843,193.447,345.458
16.34,19.5,190.431,119.338
15.43,13.355,192.515,3.883
18.477,19.73,196.933,34.517
18.76,20.34,197.561,501.66
19.065,20.963,197.999,572.521
8.082,16.085,192.162,5.068
10.495,20.902,195.304,2.069
11.052,21.992,196.023,1.8
11.388,22.628,196.575,85.023
12.01,23.8,197.605,220.334
12.328,24.455,197.8,766.206
12.642,25.048,197.765,851.948
12.885,25.46,197.613,234.646
13.24,26.118,197.247,104.92
8.54,16.873,191.621,7.162
11.177,22.128,195.104,1.725
12.242,24.21,196.751,13.932
12.668,25.02,197.593,502.968
13.3,26.267,198.699,789.71
13.66,26.898,198.683,792.403
14.015,27.555,198.316,892.208
14.205,27.988,198.081,863.631
14.5,28.615,197.547,843.214
11.59,22.897,188.99,407.161
15.213,29.997,194.211,265.798
16.388,32.275,196.185,462.958
16.885,33.33,196.462,548.655
17.295,34.145,196.498,586.331
17.615,34.72,196.507,1154.56
17.935,35.295,196.284,87.96
18.22,35.908,195.876,144.409
18.51,36.55,195.359,36.417
18.702,37.012,195.103,59.403
14.63,20.102,190.185,618.031
20.048,30.672,195.724,475.261
18.573,23.46,190.172,412.223
18.365,18.783,191.11,144.305
21.888,25.925,196.316,850.077
22.73,27.387,197.483,1021.739
23.085,28.08,197.806,1675.959
23.42,28.715,197.873,50.474
14.238,10.16,190.492,67.446
18.798,14.848,189.115,88.74
17.693,8.215,192.104,2066.076
19.745,12.37,193.974,870.877
20.755,14.558,194.338,163.841
22.382,17.77,194.024,19.313
24.055,20.835,191.887,14.701
22.123,12.28,189.884,68.423
20.98,5.443,192.309,889.984
16.045,13.753,191.171,558.325
19.987,17.18,189.636,39.661
18.975,10.787,192.032,13.531
22.705,18.352,195.485,107.243
24.165,21.06,195.098,191.495
25.675,23.995,192.54,136.64
24.265,16.613,190.77,31.268
23.14,9.765,193.239,2.33
10.82,12.985,191.744,22.395
13.668,18.648,194.641,10.152
14.85,20.952,195.263,6.126
17.038,25.31,193.032,4.048
15.547,17.845,189.663,2.64
14.225,10.785,192.118,67.963
16.475,15.408,195.111,249.178
16.887,16.322,195.66,100.585
17.185,17.017,196.133,195.531
17.488,17.66,196.402,39.889
15.75,22.32,187.645,7.591
19.255,29.202,192.528,308.978
20.84,32.295,194.213,1083.787
21.878,34.335,194.156,191.864
22.69,36.007,193.83,259.932
20.118,26.557,188.964,58.364
19.7,21.477,188.739,7.431
23.282,28.595,193.948,357.936
24.552,30.88,195.38,337.439
25.197,32.112,195.455,127.194
11.525,14.433,191.81,14.563
14.47,20.248,195.151,13.23
16.227,23.678,195.816,220.343
17.902,26.977,194.206,328.342
15.733,18.217,190.739,122.464
15.038,12.503,192.252,3.493
18.668,20.165,197.553,416.394
19.938,30.517,195.907,217.727
21.038,32.767,195.025,509.683
18.778,23.85,190.12,356.329
18.562,19.225,190.589,22.721
21.887,25.913,195.545,559.583
22.92,27.812,196.979,1033.997
23.505,28.93,197.439,1941.599
23.85,29.512,197.437,1194.972
17.702,17.385,190.577,114.923
21.925,25.733,194.074,316.44
21.645,20.848,190.156,274.397
21.155,15.56,191.508,18.946
24.738,22.677,195.966,67.678
26.08,25.202,196.899,408.557
27.023,27.038,195.659,463.806
25.32,18.943,191.449,443.175
25.255,14.26,192.443,11.104
19.148,20.28,189.446,178.974
22.96,27.812,193.775,784.357
24.5,30.96,193.089,232.213
22.875,23.34,189.162,338.707
22.977,19.298,190.9,154.114
26.343,25.975,195.406,982.097
27.435,27.82,195.487,687.541
28.378,29.655,194.678,215.031
25.983,20.332,189.919,498.743
25.278,14.365,188.904,12.718
15.065,11.832,190.821,9.813
18.6,14.37,189.439,20.505
17.905,8.655,191.958,383.55
20.267,13.5,194.095,179.248
20.96,15.04,194.371,5.024
22.992,14.047,189.67,39.241
21.657,6.758,192.732,435.456
19.968,21.915,188.141,100.404
26.065,34.008,191.955,167.267
22.98,19.202,188.162,8.982
26.502,26.345,193.114,496.116
29.487,31.92,193.849,281.446
30.005,32.98,193.329,354.65
11.55,14.462,191.973,14.304
14.705,20.72,195.343,95.451
16.32,23.845,195.396,340.358
18.2,27.607,193.047,206.696
15.945,18.67,190.024,61.113
14.835,12.05,192.287,1.406
17.975,18.705,196.774,3.282
18.273,19.323,197.169,30.118
12.142,15.707,192.035,12.407
15.52,22.365,196.036,86.661
17.44,26.075,195.953,543.768
18.98,29.222,193.76,314.041
16.42,19.7,190.705,130.729
15.628,13.77,192.478,2.89
18.865,20.568,197.325,66.451
19.468,21.785,198.358,677.549
15.645,22.115,188.18,6.835
19.15,28.998,193.044,277.579
20.625,31.893,194.484,1200.65
21.74,34.125,194.267,174.239
19.29,24.783,189.145,2405.129
18.795,19.543,187.873,5.701
22.465,26.905,193.211,247.095
23.99,29.87,195.601,231.994
24.66,31.11,195.788,164.372
25.208,32.092,195.794,63.059
10.233,2.092,190.201,142.682
16.475,14.485,188.179,22.989
16.15,9.395,189.156,54.711
14.35,1.5,192.359,560.435
15.125,3.058,192.286,256.405
16.9,6.768,191.624,915.774
20.098,13.062,188.721,7.6
19.415,6.828,189.216,436.032
17.095,-2.418,193.183,618.841
12.18,6.035,190.385,63.984
15.685,12.918,191.122,76.898
18.245,17.907,189.31,83.362
17.385,11.822,189.606,546.272
16.02,4.82,192.428,323.998
17.398,7.65,192.709,395.474
18.737,10.468,192.451,231.009
20.828,14.448,190.817,22.689
20.272,8.433,190.289,243.046
18.637,0.667,192.61,568.743
9.53,9.838,189.441,314.022
11.858,14.428,190.549,85.094
13.558,17.898,190.622,7.578
14.853,20.407,191.573,285.134
16.625,23.86,191.095,326.885
15.627,17.57,184.866,258.61
14.508,10.965,191.143,299.475
16.118,14.232,190.469,86.876
16.628,15.355,190.409,24.118
2.245,-0.17,193.222,333.358
2.718,0.68,193.132,830.49
3.72,2.678,192.374,805.007
4.805,4.908,191.284,596.828
7.665,10.7,189.647,11.743
8.995,8.905,189.033,636.327
6.037,-1.415,193.107,616.997
6.48,-0.527,192.73,723.023
5.237,5.862,191.837,583.765
6.495,8.278,192.903,484.134
7.45,10.275,193.463,406.055
7.972,11.345,193.472,496.442
9.678,14.735,192.897,712.4
11.722,18.745,191.331,1424.16
11.438,13.825,189.419,316.178
9.36,5.275,192.76,430.446
8.418,12.44,190.912,1.137
10.83,17.258,193.586,10.394
11.9,19.445,195.093,64.253
12.235,20.08,195.414,883.869
12.86,21.288,195.808,24.74
13.083,12.898,192.612,3.445
13.77,23.12,196.23,116.554
14.617,24.727,197.567,709.724
15.06,25.545,197.967,660.7
15.803,27.042,197.147,220.364
17.215,29.965,194.767,27.838
19.535,21.163,186.513,12.746
23.267,28.478,191.152,821.865
26.325,34.63,191.401,205.842
25.31,24.01,190.45,58.476
26.793,26.985,192.758,364.378
28.078,29.28,193.771,648.293
29.798,32.548,193.397,286.282
2.91,1.188,192.979,710.456
3.595,2.495,193.164,728.529
3.928,3.175,192.881,831.789
4.928,5.182,192.168,656.823
6.535,8.47,190.85,359.286
9.245,9.363,189.047,608.616
6.398,-0.745,193.158,606.47
6.92,0.39,193.137,580.683
6.61,-0.495,191.199,547.338
8.295,2.82,190.675,274.887
9.472,5.222,190.095,113.913
10.942,8.165,189.663,83.494
12.12,5.902,188.882,669.904
9.872,-2.88,192.99,853.256
10.622,-1.312,192.788,621.491
11.398,0.235,192.179,518.457
12.408,2.218,191.344,308.538
15.938,22.762,187.054,7.991
19.67,30.078,192.169,447.192
21.365,33.35,193.849,561.102
22.073,34.765,193.702,245.999
22.775,36.258,193.557,249.788
20.195,26.765,188.41,37.157
19.678,21.483,187.797,6.014
22.838,28.008,192.638,196.607
24.09,30.312,194.289,375.417
25.267,32.373,194.863,185.228
3.905,3.183,192.501,787.305
4.828,4.932,193.15,551.674
5.398,6.045,193.23,619.633
5.935,7.157,192.832,762.945
7.115,9.555,192.124,507.53
8.293,11.948,191.294,441.526
10.02,10.905,189.466,441.47
7.482,1.48,192.891,650.367
8.268,3.04,193.268,471.092
8.31,12.213,191.1,10.668
10.292,16.145,193.549,35.502
11.147,17.882,194.519,127.662
12.138,19.84,195.308,77.295
12.877,21.242,195.531,2.161
12.537,11.77,192.397,99.399
13.335,22.25,195.836,10.726
14.185,23.902,197.11,790.784
14.617,24.745,197.647,765.589
15.297,26.04,197.268,133.085
16.462,28.305,195.405,20.642
14.942,16.737,193.604,1.932
6.963,0.172,191.165,464.713
8.22,2.587,190.937,332.926
9.378,5.002,190.515,215.063
11.933,10.12,189.367,67.076
12.538,6.77,188.576,598.845
10.108,-2.433,192.894,678.781
11.078,-0.41,192.838,681.084
11.853,1.138,192.144,511.25
12.822,3.07,191.572,372.102
8.795,3.95,190.767,400.183
10.565,7.485,191.53,435.467
12.39,11.178,191.436,329.881
13.573,8.928,190.508,220.373
11.958,1.345,191.889,457.809
13.033,3.59,192.811,427.138
14.14,5.797,193.365,371.047
14.883,7.282,193.171,580.022
10.65,7.617,190.701,465.568
14.85,15.965,193.216,233.668
14.357,6.108,191.922,670.694
16.118,9.658,193.942,645.557
16.632,10.7,194.516,782.356
17.225,12.02,194.735,827.735
17.84,13.365,194.34,247.935
18.872,24.225,194.355,125.164
20.683,27.755,195.537,2228.629
21.848,30.02,194.832,654.48
19.398,20.677,191.512,294.051
22.02,21.913,195.144,160.414
23.182,24.21,197.145,739.809
24.037,25.718,197.431,1342.245
24.74,27.017,197.528,1560.248
20.585,27.522,193.032,397.865
22.17,30.615,194.392,403.992
23.275,32.888,193.565,329.707
24.088,34.56,192.884,274.998
20.943,23.76,189.619,324.017
20.425,18.477,189.313,3.654
23.837,25.398,194.276,207.492
25.315,28.082,195.523,210.473
26.417,30.18,195.647,68.853
15.812,26.897,195.468,162.935
16.907,28.958,197.137,880.246
17.472,30.065,197.516,1138.203
18.358,31.87,196.772,1418.331
19.273,33.735,195.382,149.801
17.127,25.145,191.752,231.981
18.642,23.972,194.76,167.543
2.585,0.527,193.094,615.14
3.163,1.607,193.152,714.083
3.608,2.5,192.807,779.584
4.392,4.065,192.174,613.138
5.773,6.87,191.145,464.795
8.438,7.625,190.043,675.485
6.075,-1.405,193.19,488.749
6.715,-0.05,192.887,580.282
17.54,21.618,194.972,22.011
20.887,28.25,193.494,83.906
18.525,19.14,191.152,60.513
20.382,18.625,195.665,286.352
21.28,20.585,197.221,1082.964
21.59,21.22,197.659,1903.995
21.952,21.785,197.861,763.423
9.14,4.615,190.556,394.485
11.325,8.95,191.601,697.575
13.558,13.457,191.826,217.674
14.908,11.675,188.888,149.892
12.733,2.898,191.763,561.616
14.03,5.58,193.036,409.9
14.585,6.682,193.476,389.767
15.228,7.955,193.665,411.618
15.953,9.452,193.303,809.066
16.055,18.6,190.113,3.484
19.317,25.07,194.377,91.858
20.512,27.382,195.512,983.974
22.082,30.477,194.779,521.494
20.218,22.412,191.229,316.147
19.31,16.247,190.524,8.707
22.055,21.907,194.453,132.631
23.315,24.433,196.557,570.131
24.142,25.913,197.207,1314.12
16.378,19.208,189.858,3.923
20.11,26.523,194.446,560.138
21.383,29.015,195.303,775.075
22.568,31.505,194.249,487.092
20.22,22.355,190.475,325.201
22.773,23.39,194.776,221.585
24.102,25.898,196.766,648.106
24.733,26.975,197.224,1020.858
25.175,27.807,196.99,1297.444
5.23,5.858,192.455,349.096
6.377,8.05,192.878,561.766
6.815,8.942,193.26,480.311
7.747,10.915,193.252,460.661
9.035,13.505,192.544,699.55
10.018,15.405,192.06,2.471
12.305,19.972,189.22,10.302
11.015,12.912,187.769,281.668
8.722,3.92,192.389,643.532
10.02,6.602,193.251,581.033
11.688,18.952,194.634,2.07
12.343,20.275,195.393,38.584
13.178,21.89,196.141,50.157
16.152,27.755,193.018,4.479
9.705,14.938,191.572,8.804
13.183,21.838,195.737,5.168
13.925,23.278,196.532,110.233
14.242,23.932,196.881,350.871
15.207,25.83,196.249,179.634
16.778,28.925,193.917,290.229
14.43,19.775,189.748,124.74
13.31,13.17,191.578,4.765
15.76,18.247,194.749,46.406
11.865,19.023,189.26,29.581
15.02,25.28,193.675,183.072
17.55,30.155,196.83,206.241
18.15,31.402,196.688,182.14
18.932,32.98,195.796,115.113
19.627,34.438,194.69,98.768
16.98,24.795,189.868,202.323
16.188,18.865,190.236,13.151
18.932,24.525,194.319,167.251
9.445,5.212,190.998,302.574
11.525,9.377,192.183,150.593
13.032,12.457,192.13,983.071
14.215,14.762,191.997,10.678
16.72,19.732,189.471,16.914
15.317,12.5,188.155,177.011
14.567,6.622,193.389,687.672
15.532,8.545,194.025,723.848
16.458,10.497,193.533,815.914
6.605,8.705,191.238,474.055
8.375,12.24,193.183,284.161
9.533,14.655,194.236,171.038
10.09,15.71,194.163,843.123
10.858,17.208,194.086,290.913
12.153,19.718,193.755,61.269
14.137,23.62,191.296,23.391
12.928,16.88,189.622,182.948
10.943,8.565,192.03,2697.938
5.645,6.73,192.248,319.989
6.903,9.145,193.026,619.023
7.565,10.49,193.596,543.463
8.805,13.113,193.391,22.333
10.19,15.835,192.826,105.112
12.812,21.038,189.882,35.582
11.953,14.92,188.567,444.675
9.765,6.15,192.891,471.05
10.648,7.93,193.55,448.369
7.818,11.037,191.308,655.877
11.525,18.467,195.129,13.259
11.945,19.33,195.247,71.618
13.04,21.39,195.049,43.811
15.328,25.958,192.395,3.506
13.455,17.88,188.946,46.705
11.268,9.11,191.207,466.513
12.94,12.427,193.141,684.762
4.348,4.068,192.786,1215.196
5.37,6.037,193.021,712.702
5.822,6.923,192.85,610.163
6.782,8.885,192.725,356.757
8.273,11.922,191.839,767.228
9.552,14.46,191.21,3.644
11.84,19.028,188.44,13.93
10.548,12.03,188.365,278.165
8.035,2.583,192.787,494.552
8.912,4.36,193.165,543.829
20.818,27.88,195.257,567.978
21.983,30.145,194.491,434.585
22.898,32.01,193.483,478.139
20.65,23.227,189.586,319.222
19.935,17.53,191.204,35.491
22.35,22.518,194.583,777.287
23.325,24.343,196.146,22.343
24.265,26.055,196.981,218.754
16.332,19.08,188.211,275.379
21.338,28.935,194.57,607.391
22.503,31.2,194.4,314.999
22.023,26.02,189.797,245.539
21.128,19.843,190.116,32.146
22.992,23.733,193.152,270.145
24.265,26.253,195.156,1697.242
25.213,27.935,195.989,337.415
16.885,20.238,188.275,454.348
21.242,28.76,193.928,485.741
22.708,31.618,194.134,279.543
23.808,33.868,193.237,24.888
21.483,24.892,188.9,246.595
20.97,19.65,189.486,17.39
23.695,25.272,193.643,344.779
24.817,27.317,195.315,1758.358
25.685,28.78,195.753,410.042
10.31,16.205,191.177,20.152
12.722,21.022,194.114,64.484
14.608,15.825,191.818,13.785
16.282,19.35,194.17,2.572
19.512,25.348,193.649,5.974
18.13,18.202,192.409,4.744
20.29,18.523,196.184,52.089
20.685,19.365,196.69,44.215
20.89,19.773,196.754,15.251
16.082,18.672,194.15,60.483
17.465,21.41,195.033,167.865
18.735,23.872,194.258,7.238
20.508,27.422,192.088,141.28
17.948,17.9,189.125,62.699
19.683,17.28,195.156,7.05
20.17,18.325,196.037,180.677
21.035,19.928,196.835,798.779
9.235,14.035,193.492,278.103
8.383,12.42,191.693,579.674
10.568,16.755,194.413,960.376
11.295,18.258,195.246,1056.83
11.957,19.585,195.425,253.325
14.515,24.492,194.1,21.373
16.172,27.855,191.384,9.366
13.703,18.598,189.588,33.876
12.317,19.922,188.512,11.456
15.065,25.375,192.141,6.573
16.562,28.3,194.607,223.494
18.038,31.195,196.116,887.89
19.1,33.267,195.896,675.477
20.015,35.132,194.919,135.094
17.995,26.783,190.537,248.802
17.183,20.845,190.209,23.155
19.845,26.198,194.272,490.29
8.788,13.215,191.087,64.64
10.973,17.55,193.824,309.631
12.26,20.14,195.616,641.816
13.138,21.87,196.135,20.762
13.895,23.3,196.374,34.18
15.683,26.807,194.386,307.373
13.643,18.28,190.459,79.052
12.633,11.912,191.546,60.165
14.883,16.535,194.22,34.158
12.35,19.972,190.353,24.834
16.073,27.258,195.679,744.972
17.137,29.337,197.308,583.864
17.855,30.802,196.955,901.889
18.585,32.192,195.784,407.457
16.51,23.732,190.07,474.226
15.615,17.555,190.095,30.612
18.36,23.288,193.818,14.428
9.575,5.465,191.181,587.35
11.133,8.545,191.72,324.502
12.518,11.352,191.959,247.207
16.75,19.695,189.163,393.125
15.015,11.862,188.763,350.145
13.36,4.208,192.821,700.404
14.58,6.638,193.39,551.289
15.11,7.713,193.425,545.077
15.625,8.755,193.379,351.496
7.578,1.518,191.25,37.423
9.348,5.053,191.418,109.255
11.835,10.008,190.709,2.735
14.787,15.84,187.895,118.952
13.695,9.248,188.092,554.448
11.385,0.255,193.158,566.632
12.262,2.032,192.909,639.652
13.142,3.815,192.523,204.393
8.61,12.812,191.18,181.257
10.69,16.977,193.82,591.407
11.978,19.567,195.563,764.041
12.745,21.065,195.669,1.827
13.503,22.495,196.14,47.188
14.683,24.775,195.415,296.057
15.797,27.008,193.44,230.902
13.63,18.302,190.228,64.645
12.08,10.875,191.131,119.099
14.242,15.265,193.823,21.412
11.133,17.628,190.648,11.267
13.98,23.29,194.43,2.934
15.503,26.24,196.715,309.057
16.388,27.893,197.555,284.017
16.825,28.775,197.332,181.928
17.533,30.19,196.425,33.374
15.953,22.732,190.664,558.591
15.045,16.567,191.143,29.313
9.975,15.345,190.825,5.756
12.387,20.162,193.851,3.023
13.647,22.663,195.778,31.674
14.74,24.727,197.227,39.177
15.527,26.228,197.082,259.584
17.35,29.875,194.11,614.443
14.683,20.15,190.621,403.29
13.988,14.435,191.692,21.211
10.63,7.688,190.899,494.392
12.71,11.852,192.326,432.044
13.682,13.823,192.437,451.596
15.875,13.645,188.725,190.773
14.113,5.768,192.05,454.649
15.742,9.058,193.929,396.476
16.385,10.33,193.969,591.253
16.91,11.442,194.035,676.909
10.658,7.678,190.626,475.845
12.538,11.41,192.134,235.325
14.33,15.023,192.937,378.884
18.652,23.567,188.948,111.396
16.183,14.31,188.625,165.261
14.668,6.86,192.184,504.791
16.41,10.348,194.118,441.094
17.132,11.867,194.186,777.349
17.938,13.645,193.883,146.779
11.12,8.53,190.512,444.032
13.65,13.58,192.499,619.553
19.335,24.828,189.289,191.143
16.762,15.377,188.751,115.41
15.328,8.12,192.337,544.557
17.17,11.82,194.512,449.616
17.593,12.685,194.51,1046.85
18.398,14.453,194.618,292.811
15.312,17.225,189.298,24.486
18.817,24.107,193.72,183.142
21.58,29.502,194.746,255.281
22.992,32.422,193.066,71.652
21.868,25.842,191.845,176.659
21.26,20.34,193.065,1.963
22.278,22.518,194.743,35.272
23.5,24.84,196.311,1295.513
24.652,26.942,196.918,845.566
16.335,19.13,189.209,256.799
20.375,27.005,194.381,776.193
22.05,30.305,194.56,409.104
23.352,33.01,193.201,178.978
19.682,16.988,189.623,13.754
22.44,22.69,193.528,23.546
23.965,25.655,195.687,981.387
25.235,27.94,196.764,1046.159
12.03,19.308,190.534,11.832
14.877,24.97,194.379,3.191
16.197,27.468,196.343,735.576
17.163,29.337,197.34,701.943
17.652,30.37,196.941,543.24
18.382,31.76,195.733,250.37
16.528,23.755,190.67,567.269
15.62,17.59,190.68,35.061
18.06,22.628,194.029,12.727
9.43,14.545,191.646,17.643
11.842,19.363,194.666,129.688
12.71,21.082,195.825,216.8
13.36,22.33,196.363,13.789
13.875,23.348,196.57,23.825
14.625,24.815,196.527,90.21
15.802,27.075,194.951,550.232
13.762,18.548,190.816,126.325
12.62,11.948,191.076,9.933
10.117,6.56,190.837,433.456
12.445,11.15,192.283,383.099
14.25,14.8,192.418,72.006
17.898,22.105,189.094,316.913
16.422,14.747,189.229,480.423
14.462,6.412,192.9,410.201
15.35,8.17,193.82,403.842
15.992,9.462,193.73,427.421
16.585,10.782,193.875,538.809
16.07,18.688,188.395,18.789
19.015,24.503,192.134,9.266
20.562,27.483,194.148,753.941
22.238,30.782,194.46,446.041
23.337,33.032,193.282,230.869
21.13,24.277,190.126,257.294
20.32,18.34,189.78,16.855
22.822,23.515,193.645,176.979
24.095,26.035,195.81,943.727
25.067,27.725,196.421,902.53
11.773,14.23,192.96,26.366
13.35,17.385,194.009,3.827
15.643,21.91,191.775,4.743
14.792,15.8,188.536,210.44
14.762,11.442,192.89,332.405
15.072,12.047,193.127,307.188
15.285,12.457,193.281,242.413
15.497,12.898,193.322,318.615
14.772,16.282,190.603,12.907
17.835,22.348,194.305,83.018
18.927,24.413,195.564,15.671
20.305,27.078,195.211,133.299
20.15,22.5,191.419,252.809
19.242,16.335,192.474,8.598
20.995,19.992,195.179,480.984
22.255,22.518,197.244,578.667
22.987,23.758,197.484,277.939
12.165,15.05,193.02,38.273
13.445,17.587,194.4,106.959
15.985,22.595,191.96,96.469
15.245,16.698,188.602,223.427
15.008,11.873,193.153,377.176
15.522,12.915,193.379,267.579
15.735,13.355,193.432,356.541
15.945,13.81,193.439,400.822
15.002,20.603,195.042,568.178
17.21,24.9,193.179,575.201
15.337,16.823,188.488,109.727
14.12,10.062,191.561,541.584
16.282,14.453,193.657,525.366
17.005,15.972,193.919,231.223
17.205,16.428,193.957,95.641
17.4,16.875,194.067,26.045
7.18,5.08,192.029,468.819
9.508,9.67,192.457,158.795
10.782,12.28,191.851,509.819
12.678,16.038,190.198,5.846
12.227,10.695,188.639,217.15
10.65,3.145,192.106,305.694
11.205,4.26,192.014,293.578
11.408,4.713,192.025,270.626
11.622,5.155,192.043,302.333
11.845,5.593,192.068,257.847
8.242,7.293,191.747,50.402
10.428,11.628,192.755,290.119
12.493,15.647,192.472,286.358
14.12,18.845,191.849,11.425
12.468,11.218,189.263,139.063
12.498,6.928,192.155,198.898
12.933,7.82,192.135,235.846
13.16,8.262,192.174,283.14
13.385,8.698,192.229,229.265
15.18,21.028,194.754,80.101
16.373,23.35,195.315,443.802
18.028,26.685,193.935,64.138
17.295,20.825,189.047,197.856
16.302,14.42,192.437,161.216
17.977,17.945,194.121,255.466
18.57,19.282,194.459,6.212
18.868,19.9,194.72,12.161
19.06,20.29,194.921,276.684
9.56,9.873,191.326,531.077
12.09,14.922,193.543,520.494
13.795,18.312,193.546,83.654
14.98,16.118,190.148,191.367
13.825,9.51,192.244,1983.88
14.892,11.672,193.243,182.515
15.528,12.925,193.467,310.741
15.74,13.365,193.519,434.694
15.95,13.82,193.51,516.36
11.732,14.448,191.876,18.204
14.678,20.263,194.468,37.344
16.175,23.155,194.73,76.469
15.605,17.558,189.55,139.5
14.595,11.19,191.483,427.868
16.958,16.035,193.943,646.896
17.745,17.803,194.269,37.344
18.148,18.652,194.649,17.512
1.98,3.65,193.226,886.056
2.323,4.325,193.609,818.585
2.54,4.768,193.856,607.023
2.99,5.668,194.129,620.517
3.435,6.558,193.903,484.328
3.66,7,193.658,721.127
3.895,7.445,193.424,721.647
4.208,8.115,193.102,912.477
4.83,9.433,192.656,609.652
6.117,12.023,191.775,594.555
15.11,29.713,198.718,972.221
15.515,30.555,198.801,1065.525
15.902,31.395,198.264,1226.119
16.098,31.8,197.807,1416.599
16.31,32.172,197.373,974.04
5.535,1.978,192.278,358.624
10.962,8.405,189.48,698.688
8.312,-1.237,193.626,617.369
8.53,-0.775,193.882,543.799
8.972,0.113,194.138,523.329
9.418,0.985,193.905,391.037
9.65,1.422,193.665,592.982
15.395,21.952,195.524,29.949
17.282,25.702,193.532,12.777
15.55,17.825,190.288,4.987
17.882,18.517,196.783,17.304
14.425,19.698,190.519,37.56
17.917,26.623,195.16,873.386
19.822,30.29,195.89,539.614
21.118,32.995,194.639,1544.961
18.435,23.31,190.742,488.551
18.227,18.632,191.68,168.217
21.552,25.32,196.637,727.382
22.285,26.56,197.679,1307.208
22.652,27.225,198.061,1103.188
22.86,27.698,198.253,1800.996
10.96,21.782,196.201,6.118
11.178,22.185,196.594,132.655
11.603,22.995,197.161,75.049
12.01,23.8,197.329,78.499
12.21,24.205,197.324,21.733
12.432,24.605,197.295,10.646
12.793,25.235,197.02,3.15
12.557,16.127,189.93,6.58
17.482,25.792,195.221,38.525
19.145,29.07,193.648,62.715
17.28,21.005,189.096,362.958
16.578,15.29,190.786,18.216
19.118,20.53,193.931,7.136
20.01,22.438,194.957,89.834
20.412,23.26,195.311,134.2
20.682,23.65,195.446,197.676
9.585,18.748,192.051,26.841
13.03,25.692,197.157,101.638
13.545,26.71,198.234,460.408
13.768,27.11,198.663,873.35
14.237,27.955,198.992,909.263
14.672,28.83,198.769,1435.032
15.098,29.69,198.055,1502.983
15.275,30.08,197.583,1166.554
8.805,8.543,191.725,430.721
10.86,12.703,193.365,189.007
15.117,21.115,191.786,25.56
14.043,14.557,190.708,213.399
12.57,7.322,192.799,673.93
13.68,9.54,194.127,711.009
14.012,10.207,194.562,491.711
14.248,10.633,194.909,361.278
14.658,11.45,195.436,581.949
15.422,22.202,195.862,54.094
16.625,24.468,196.715,117.619
18.388,28.015,194.776,215.057
16.625,20.172,191.215,68.508
18.477,19.715,196.504,1.417
18.873,20.573,197.333,47.857
19.065,20.963,197.741,1038.52
19.468,21.785,198.358,680.013
3.637,6.99,192.209,714.768
4.53,8.785,193.236,679.89
4.992,9.67,193.747,582.224
5.228,10.115,194.016,373.005
5.638,11.003,194.339,363.623
6.065,11.902,194.184,229.952
6.278,12.358,194.058,2275.04
6.887,13.575,193.782,751.209
7.537,14.893,193.198,848.543
14.298,19.51,191.153,30.149
17.9,26.65,195.786,1569.686
19.773,30.312,195.99,477.724
21.075,33.017,194.473,695.392
18.315,23.14,190.903,441.855
17.708,17.638,191.505,11.457
20.868,24.162,196.346,417.268
21.735,25.792,197.884,1246.431
22.157,26.398,198.258,1338.943
22.415,26.84,198.513,1048.385
11.663,4.918,190.112,58.078
14.062,9.793,190.581,42.913
17.54,16.733,188.26,38.324
16.782,10.688,188.261,130.791
14.925,2.587,191.723,25.181
17.175,7.21,192.496,211.245
18.708,10.418,192.2,125.581
21.18,15.215,189.705,15.771
20.188,8.373,189.405,166.071
18.17,-0.21,192.549,462.426
10.123,19.845,192.278,12.312
12.938,25.485,196.232,4.904
13.562,26.7,197.52,249.155
13.995,27.542,198.419,825.484
14.238,27.955,198.745,970.861
14.672,28.83,199.011,525.689
15.325,30.122,198.299,1188.908
15.503,30.512,197.828,1009.663
15.698,30.918,197.37,902.862
9.418,0.26,190.097,125.653
14.047,9.512,187.823,163.771
15.507,8.032,188.087,628.402
13.852,0.387,191.672,1583.621
14.92,2.55,191.165,844.551
16.17,5.148,190.447,420.875
18.148,4.152,189.466,615.896
14.552,10.815,190.474,42.417
18.67,14.633,189.167,45.837
17.285,7.383,191.506,674.189
19.35,11.545,193.579,238.676
20.732,14.525,194.279,253.918
21.992,17.05,194.479,157.259
22.532,13.175,189.529,54.29
21.08,5.68,192.373,558.953
2.33,4.305,193.105,843.973
2.778,5.21,193.615,777.977
2.99,5.668,193.877,478.435
3.435,6.558,194.153,522.343
3.898,7.442,193.919,415
4.133,7.888,193.685,523.548
4.348,8.34,193.464,786.344
4.55,8.788,193.251,707.867
4.957,9.678,192.93,1717.269
13.912,18.788,188.331,11.995
17.418,25.67,193.076,514.403
19.875,30.468,195.2,518.689
19.175,24.78,189.304,2533.859
18.663,19.538,190.055,18.311
21.545,25.325,194.142,119.935
22.668,27.37,195.236,182.251
23.142,28.265,195.311,266.276
23.587,29.123,194.937,455.547
14.86,20.485,190.468,2271.949
20.157,30.94,195.978,495.608
21.048,32.74,194.892,363.543
18.488,23.217,190.435,419.66
18.172,18.39,190.696,19.779
21.585,25.31,195.776,539.972
22.62,27.163,197.35,889.563
23.085,28.078,197.8,1360.024
23.302,28.53,197.878,2023.435
13.505,17.945,191.871,24.239
17.108,25.085,196.183,848.921
18.498,27.773,197.034,247.567
17.54,21.552,191.541,455.726
17.225,16.725,192.857,15.51
20.17,22.788,197.345,307.316
20.672,23.812,198.418,964.172
20.942,24.202,198.757,1139.616
21.475,25.03,199.009,1036.385
10.345,2.28,190.199,139.036
13.887,4.935,190.651,229.78
13.695,0.152,191.96,427.051
16.578,6.108,191.4,781.717
19.4,6.83,189.209,469.356
14.662,10.982,190.734,129.198
19.152,19.922,190.843,2606.62
18.718,14.62,190.108,368.252
17.275,7.425,191.89,1926.01
18.787,10.465,193.321,66.091
20.432,13.905,194.155,995.868
22.157,17.345,193.768,30.075
23.83,20.41,191.611,45.648
21.77,11.652,189.951,120.217
20.435,4.392,191.994,1307.28
2.878,5.417,192.74,929.139
3.433,6.55,193.386,842.514
3.66,7,193.658,721.208
3.898,7.442,193.919,414.791
4.35,8.328,194.185,527.606
4.79,9.222,193.96,489.621
4.992,9.67,193.747,582.198
5.188,10.105,193.552,635.071
5.412,10.557,193.357,626.553
6.703,13.14,192.548,644.99
10.205,20.073,191.859,520.319
13.23,26.155,196.283,93.237
14.077,27.762,197.944,1031.47
14.427,28.387,198.509,1817.267
14.673,28.83,198.769,1606.629
15.11,29.712,198.949,633.638
20.548,22.705,191.3,110.095
20.92,14.787,194.364,2.59
21.837,7.188,192.315,2.289
22.602,26.95,194.357,399.058
21.247,19.948,190.498,239.428
25.225,23.747,197.027,315.811
27.465,27.835,194.799,471.443
25.102,18.515,191.39,321.27
24.925,13.585,192.778,3.003
13.255,8.145,190.68,34.642
17.152,15.913,191.437,116.139
19.798,21.09,189.619,52.734
18.618,14.397,190.243,523.543
17.605,8.015,193.139,286.98
19.185,11.283,193.68,372.605
22.468,17.828,190.704,29.182
22.225,12.505,190.085,445.758
20.355,4.14,193.25,679.699
20.538,22.7,191.959,243.469
19.977,17.122,190.186,141.955
18.858,10.518,191.733,20.545
21.71,16.405,194.932,279.279
22.913,18.98,196.027,131.192
24.377,21.643,194.637,2393.458
26.175,24.975,192.513,258.476
23.723,15.455,190.817,128.037
22.8,9.045,192.557,7.32
1.99,3.643,193.217,810.027
2.332,4.318,193.6,632.633
2.657,4.988,193.982,677.335
2.99,5.668,194.129,620.375
3.328,6.33,194.017,573.607
3.67,6.992,193.647,501.916
3.905,7.438,193.413,602.899
4.12,7.89,193.192,861.844
4.942,9.64,192.618,648.836
6.218,12.25,191.651,556.402
5.452,10.657,192.067,792.63
6.88,13.562,193.785,713.59
7.307,14.462,194.373,523.499
7.52,14.917,194.749,261.061
7.817,15.535,195.382,486.686
8.127,16.165,195.718,774.07
8.472,16.822,195.561,2400.171
8.805,17.475,195.207,1004.344
9.007,17.935,194.994,695.455
9.75,19.375,194.764,108.076
10.225,20.09,191.799,11.561
13.157,25.98,196.016,50.339
14.005,27.587,197.677,537.444
14.447,28.405,198.45,992.872
14.802,29.062,198.831,318.045
15.11,29.712,198.949,654.483
15.405,30.34,198.68,1964.331
15.712,30.962,198.028,1206.54
15.907,31.367,197.571,1297.323
16.12,31.74,197.137,865.459
4.665,0.188,192.278,503.791
5.995,2.875,191.541,1015.362
6.868,4.648,190.865,342.994
7.735,6.375,190.384,281.062
10.617,12.025,187.909,24.252
10.26,6.908,189.79,488.688
8.008,-1.91,193.992,841.612
8.332,-1.242,193.628,575.321
8.557,-0.795,193.383,716.614
8.785,-0.362,193.149,723.043
14.413,19.692,190.532,43.394
17.787,26.4,195.117,453.026
19.692,30.067,195.926,394.273
19.122,24.625,191.538,435.694
18.907,20,192.371,25.706
21.447,25.128,196.438,674.251
22.272,26.555,197.679,1286.006
22.64,27.22,198.061,1040.604
10.04,1.612,190.261,168.507
15.65,12.992,187.435,116.655
15.865,8.968,188.283,27.214
13.69,0.19,192.309,586.094
15.755,4.343,191.627,1262.294
18.465,9.647,189.871,233.055
18.852,5.745,188.84,556.014
9.287,0.042,190.266,176.791
15.135,11.855,187.086,128.126
15.012,7.16,187.907,459.607
12.837,-1.617,192.181,572.331
14.275,1.275,191.719,2105.932
15.755,4.33,190.825,800.02
17.9,8.567,189.819,7.914
20.39,13.352,187.123,8.374
18.665,5.27,188.809,652.999
3.368,2.018,192.965,652.181
3.923,3.15,193.201,629.633
4.268,3.82,193.005,808.338
4.945,5.158,192.485,724.207
6.005,7.34,191.798,396.826
7.172,9.745,190.939,326.449
8.547,7.942,191.051,599.915
6.815,0.14,193.176,570.234
7.367,1.262,193.147,537.674
18.095,17.985,191.701,190.875
22.508,26.733,194.32,425.92
21.79,21.09,190.998,200.924
24.553,22.393,196.996,691.098
27.035,26.958,194.82,318.535
26.412,21.148,193.997,255.523
26.142,16.053,194.795,11.027
11.753,23.125,190.817,1143.868
16.235,31.965,197.267,1232.565
16.53,32.592,197.426,1853.712
16.81,33.175,197.377,1175.044
17.115,33.76,197.151,692.972
17.435,34.335,196.729,436.107
17.722,34.922,196.072,73.843
17.905,35.342,195.684,76.013
14.728,20.46,194.29,1246.948
13.95,14.485,191.53,39.999
13.41,9.075,192.071,921.646
15.263,12.797,194.539,995.113
15.673,13.615,195.302,971.404
15.983,14.282,195.702,1236.443
16.295,14.985,195.854,399.961
12.668,16.51,192.151,9.761
16.16,23.435,196.146,239.667
17.363,25.7,196.978,457.013
18.572,28.165,195.185,1004.567
16.7,20.088,191.073,245.254
16.295,15.04,193.005,1.442
19.053,20.742,196.979,29.844
19.335,21.353,197.607,952.015
19.942,22.582,198.718,1001.323
11.54,4.682,190.378,91.787
16.307,14.133,190.254,35.061
15.675,8.448,190.934,271.459
14.795,2.375,192.32,455.745
15.675,4.158,192.428,347.035
17.55,8.07,191.971,831.716
20.86,14.582,188.973,11.753
20.31,8.59,189.261,447.582
17.87,-0.882,193.106,701.693
20.44,22.495,191.788,13.791
22.03,7.585,192.279,1.042
3.688,2.703,192.851,710.616
4.362,4.058,193.23,670.754
4.6,4.5,193.075,776.769
5.255,5.832,192.634,786.186
6.315,8.015,191.935,399.998
8.01,11.41,191.106,924.924
9.768,10.478,189.179,531.59
7.145,0.818,193.123,532.985
7.808,2.152,193.158,470.842
12.198,24.145,187.83,5.615
15.69,31.07,192.943,320.008
17.188,33.963,195.144,244.164
17.685,35.017,195.422,127.04
18.098,35.805,195.428,95.236
18.52,36.573,195.428,29.205
18.805,37.185,195.488,71.872
19.095,37.828,195.425,62.439
19.405,38.505,195.301,103.416
16.433,28.178,189.359,78.615
13.525,8.852,188.484,79.82
16.032,13.932,189.537,30.59
18.078,17.952,190.35,124.751
19.56,20.852,190.289,483.484
20.887,23.535,188.881,121.373
18.955,15.292,184.241,198.52
17.3,7.647,189.711,253.231
18.925,10.907,190.025,111.925
20.365,13.927,191.026,30.121
22.202,17.595,191.754,307.168
12.638,20.798,195.355,1.371
13.373,22.273,196.334,67.425
14.002,23.477,196.89,31.345
14.967,25.355,196.204,1.376
15.4,26.002,196.765,317.175
17.34,29.795,197.374,916.004
18.433,32.05,195.516,367.487
16.18,23.175,191.761,336.455
15.465,17.477,192.14,5.843
18.205,23.133,195.983,181.747
6.178,-1.43,191.174,491.651
7.507,1.257,190.538,272.27
8.902,4.115,189.779,112.777
10.505,7.318,189.115,54.218
11.773,5.29,188.851,668.421
9.52,-3.527,192.961,758.442
10.072,-2.428,192.531,611.485
10.955,-0.652,191.745,420.511
11.835,1.13,190.907,231.578
7.522,1.245,191.212,1821.321
8.755,3.715,191.136,582.921
10.47,7.22,190.473,218.506
13.692,9.252,188.502,576.003
11.625,0.708,193.104,536.8
12.17,1.818,192.631,607.497
13.352,4.19,191.971,426.815
4.7,4.702,192.389,747.921
5.718,6.72,193.187,364.341
6.17,7.605,193.294,435.286
6.707,8.727,193.031,683.341
7.778,10.902,192.395,501.832
9.155,13.652,191.745,632.653
10.653,12.275,189.464,378.452
8.258,3.043,192.822,611.87
9.135,4.82,193.282,403.195
12.848,20.893,188.429,8.014
15.98,27.188,192.935,95.929
17.842,30.788,195.47,1125.962
19.208,33.418,195.639,54.326
19.8,34.59,195.281,79.566
20.09,35.233,194.926,98.354
17.44,25.59,190.737,169.799
19.78,26.235,193.478,48.995
12.298,20.188,195.151,47.522
13.465,22.472,196.489,30.83
7.95,2.115,191.151,504.92
9.28,4.803,191.293,509.804
10.887,8.102,190.787,263.447
13.903,9.682,188.615,458.536
11.512,0.46,192.747,536.185
12.39,2.237,193.184,538.284
13.148,3.795,192.702,530.84
14.225,5.945,192.034,414.069
13.813,18.505,192.397,32.054
17.06,24.988,196.603,201.103
18.235,27.328,196.904,491.875
17.13,20.635,191.318,466.753
16.83,15.843,192.177,10.617
19.972,22.372,196.918,310.049
20.672,23.812,198.416,1009.23
21.053,24.425,198.878,746.598
21.475,25.03,199.009,1036.599
16.812,28.77,197.849,598.892
18.623,32.49,195.734,385.905
16.172,23.147,191.499,292.472
15.36,17.21,191.454,6.794
9.95,6.115,190.666,444.803
13.297,12.867,191.93,424.153
15.453,12.8,189.219,189.28
13.383,4.245,192.036,571.472
14.375,6.232,193.036,500.081
14.93,7.338,193.395,460.681
15.572,8.61,193.763,447.132
16.49,10.578,193.342,783.773
12.233,10.825,190.986,44.965
16.188,18.67,193.11,19.884
15.29,8.142,191.748,271.884
17.032,11.63,193.905,427.994
17.755,13.15,194.599,438.81
18.363,14.512,194.891,567.365
18.665,15.155,194.782,50.124
14.018,14.492,191.108,3.029
17.265,20.975,194.701,26.831
20.817,28.095,193.042,72.878
18.368,18.752,190.729,58.816
20.005,17.925,195.326,3.388
20.59,19.177,196.161,531.273
21.185,20.39,197.211,1856.656
21.77,21.41,197.5,883.298
19.325,25.002,192.994,64.645
21.118,28.567,194.61,728.405
22.773,31.902,194.05,480.955
20.512,22.985,190.318,332.58
22.668,23.152,193.785,107.513
23.74,25.218,195.566,452.231
24.8,27.132,196.521,966.36
25.618,28.593,196.55,331.295
4.27,3.82,192.891,603.405
5.062,5.395,192.928,647.097
5.405,6.058,193.117,539.161
6.168,7.623,192.697,593.506
7.657,10.685,191.643,554.426
9.235,13.84,191.002,628.721
10.142,11.142,188.552,595.569
8.045,2.6,193.175,604.993
8.815,4.157,192.983,569.863
20.77,27.832,191.954,388.014
22.58,31.363,193.737,370.711
23.492,33.172,193.116,145.469
24.305,34.845,192.63,395.649
22.982,27.857,190.954,281.651
22.657,22.965,190.789,53.621
24.44,26.535,193.824,282.798
25.843,29.015,194.693,244.647
26.855,30.913,195.054,107.036
4.365,4.04,192.613,440.144
5.257,5.835,193.022,567.233
6.13,7.608,193.089,461.82
6.877,9.172,192.606,243.734
7.505,10.428,192.284,1271.31
8.582,12.555,191.665,515.93
11.433,18.24,188.434,7.022
10.445,11.815,187.753,538.496
7.932,2.368,192.865,37.146
9.03,4.6,193.104,623.317
7.745,10.867,193.269,324.412
9.972,15.442,193.946,1035.809
11.27,17.935,193.483,7.798
13.465,22.245,190.949,14.055
11.86,14.592,188.446,126.519
9.875,6.278,191.792,562.423
11.4,9.402,193.472,459.02
11.48,18.447,194.853,136.037
12.148,19.735,195.379,5.401
12.68,20.733,195.794,37.819
13.665,22.595,195.698,23.535
15.637,26.585,193.188,44.759
16.94,29.29,190.877,26.227
13.993,18.958,189.315,40.986
13.082,12.812,192.724,288.83
19.352,20.672,187.659,13.329
24.913,31.71,192.582,58.279
22.765,18.78,188.502,9.175
26.288,25.923,193.434,425.384
27.665,28.405,194.551,1053.42
28.657,30.28,194.376,103.402
29.375,31.725,193.966,295.647
27.682,23.76,190.123,73.198
11.745,18.785,189.727,34.593
14.56,24.425,193.556,25.872
17.77,30.758,196.973,135.053
18.578,32.34,195.916,167.751
19.39,34.013,194.633,133.21
17.183,25.258,190.261,280.532
15.96,18.41,190.586,16.955
18.462,23.585,194.448,197.639
17.933,22.21,187.433,2.198
21.615,29.568,192.267,461.508
23.1,32.433,193.36,339.827
24.908,36.198,192.581,275.718
22.068,26.093,189.164,250.127
21.55,20.81,188.261,4.915
24.915,27.478,193.11,391.423
26.393,30.163,194.572,338.006
27.35,31.992,194.498,105.515
12.383,20.045,189.381,31.934
15.407,26.128,193.667,182.477
17.915,30.96,196.553,203.792
18.515,32.207,196.18,223.594
18.938,32.975,196.029,71.781
19.75,34.647,194.979,60.993
18.165,27.195,190.659,193.385
17.255,21.05,190.926,13.371
19.008,24.708,193.765,156.336
7.387,1.025,191.357,333.424
8.942,4.165,190.836,478.506
11.382,9.072,189.981,2667.104
14.53,15.342,186.976,6.073
13.123,8.157,188.053,389.621
10.5,-1.507,192.948,617.905
10.942,-0.62,192.934,644.62
12.05,1.595,192.36,657.102
13.45,4.407,191.458,530.443
10.273,6.732,190.64,372.456
13.742,13.782,192.259,297.527
16.247,18.758,190.223,5.196
16.24,14.28,190.052,251.911
14.585,6.635,192.667,569.414
15.36,8.192,193.529,594.188
15.782,9.035,193.875,502.065
16.41,10.305,194.24,508.032
17.237,12.06,193.818,767.841
8.445,12.243,191.74,927.464
11.068,17.51,194.731,223.204
11.722,18.832,195.182,16.941
12.457,20.308,195.684,36.386
13.552,22.368,195.369,26.925
14.61,24.458,194.332,3.17
15.913,27.162,191.961,5.491
13.87,18.708,189.322,60.244
12.548,11.648,192.543,720.627
9.905,6.05,191.069,206.939
11.758,9.808,192.252,257.296
14.983,16.265,191.682,29.199
17.01,20.178,190.157,23.345
15.038,11.885,189.252,175.834
13.668,4.843,192.546,195.433
15.1,7.725,193.498,785.472
15.63,8.8,193.852,693.718
16.548,10.768,193.737,992.621
17.99,22.308,194.468,15.721
18.857,23.935,195.485,433.933
20.127,26.398,195.219,1664.647
21.54,29.32,193.46,453.763
18.98,19.798,189.437,247.303
18.188,13.868,191.68,27.866
21.237,20.222,195.787,178.085
22.027,21.882,196.741,164.694
22.647,22.89,197.43,981.852
7.21,9.772,191.389,936.19
9.6,14.652,193.864,94.272
10.1,15.672,194.317,164.763
11.18,17.805,194.545,47.176
12.807,21.002,193.818,3.312
14.365,24.053,191.648,8.654
12.74,16.433,189.304,157.839
11.077,8.787,191.816,627.145
12.49,11.637,193.512,744.303
8.79,4.14,192.613,446.773
9.965,6.518,191.743,617.888
11.512,9.77,190.827,138.395
14.663,15.775,187.82,5.57
13.085,7.913,188.027,303.857
11.75,0.653,191.212,496.188
13.713,4.602,190.719,809.316
14.982,7.18,190.28,335.858
4.077,7.89,192.291,673.557
4.97,9.665,193.306,636.44
5.423,10.55,193.821,475.491
5.638,11.002,194.101,343.172
6.065,11.902,194.422,343.363
6.472,12.793,194.339,378.124
6.88,13.608,194.273,466.926
7.185,14.21,194.048,698.811
7.84,15.532,193.43,621.553
11.392,22.588,196.559,3.228
11.603,22.995,196.98,52.595
12.01,23.8,197.605,222.777
12.425,24.608,197.744,582.342
12.647,25.008,197.716,335.807
12.89,25.42,197.564,95.815
13.325,26.295,197.083,94.592
11.627,5.125,192.014,243.833
11.848,5.575,192.006,212.732
12.31,6.443,192.153,258.384
13.75,9.463,191.976,916.092
16.415,14.73,189.78,20.206
18.51,18.657,187.13,8.041
17.128,11.345,188.878,463.158
16.095,4.713,192.559,769.074
17.622,7.742,191.803,845.705
20.387,13.48,188.665,6.164
15.52,30.9,191.546,45.785
17.05,33.847,193.947,314.847
18.015,35.745,194.913,159.465
18.513,36.71,194.878,144.5
19.013,37.67,194.869,42.049
19.298,38.282,194.929,40.36
19.51,38.732,195.126,57.418
17.198,29.75,190.183,60.426
6.453,12.658,192.425,1078.278
7.967,15.775,194.378,2913.965
8.375,16.59,195.224,1282.732
8.575,17.023,195.571,1084.877
9.005,17.907,195.846,861.255
9.455,18.792,195.589,736.584
9.68,19.23,195.439,383.491
9.898,19.632,195.375,47.524
10.415,20.635,195.296,2.504
6.447,3.772,192.192,215.502
8.072,7.088,192.313,409.946
9.797,10.608,191.642,721.6
12.14,15.222,189.801,10.106
11.58,9.645,190.475,472.509
9.652,1.438,193.165,715.039
10.095,2.325,193.67,650.933
10.323,2.758,193.925,417.858
10.758,3.648,194.184,463.566
11.192,4.545,193.961,371.873
15.412,21.51,189.758,1048.875
21.05,32.7,194.905,529.998
21.762,34.11,194.188,66.581
19.002,24.232,190.009,303.201
18.992,20.028,190.581,140.632
22.685,27.38,195.919,635.96
23.632,29.062,196.925,1079.913
23.967,29.697,196.991,1204.371
24.192,30.078,196.979,705.528
16.405,14.358,191.416,42.006
22.115,17.335,195.221,15.39
25.465,23.59,192.142,24.254
16.918,20.093,194.324,83.668
17.475,16.812,189.726,74.579
15.94,9.377,191.785,507.492
17.885,13.305,194.185,555.033
18.81,15.257,195.252,691.162
19.215,16.148,195.279,157.896
19.907,17.6,195.723,21.253
9.51,14.435,191.05,3.096
11.792,19.078,193.928,12.286
13.082,21.66,195.848,202.135
13.933,23.312,196.742,15.907
14.708,24.75,196.809,130.396
16.885,29.142,193.901,698.966
14.828,20.672,190.156,146.005
13.325,13.207,191.523,8.138
7.737,1.68,191.37,339.033
9.165,4.585,190.962,543.707
10.345,6.982,190.472,377.196
11.317,8.953,190.028,145.624
13.322,12.89,188.275,3.351
12.98,7.752,189.332,509.601
10.943,-0.635,192.781,521.085
11.602,0.703,193.118,461.938
12.485,2.482,192.436,454.929
13.17,3.788,191.958,677.862
9.858,15.09,191.08,3.64
12.14,19.732,193.987,2.174
13.4,22.233,195.892,1.128
14.25,23.885,196.902,14.163
15.037,25.385,197.025,157.133
17.292,29.932,193.657,784.496
14.733,20.41,190.114,241.813
13.415,13.367,191.352,10.748
15.768,18.238,194.254,194.361
7.832,1.9,191.388,372.684
10.33,7.022,190.66,2702.815
14.127,14.402,189.253,151.73
12.395,6.525,189.711,634.351
10.975,-0.667,193.06,711.768
11.848,1.125,192.755,587.234
12.622,2.683,192.604,356.364
13.168,12.778,191.235,23.131
16.192,18.86,194.313,154.932
17.735,17.48,189.613,39.243
16.418,10.438,191.795,107.898
18.37,14.372,194.37,276.029
20.002,17.895,195.871,1.583
20.595,19.14,196.284,36.768
15.945,18.218,188.862,1855.012
19.438,25.142,193.357,255.979
21.3,28.742,195.102,543.993
21.9,29.99,194.835,372.502
20.848,23.598,189.032,285.674
19.738,16.977,189.682,32.084
22.483,22.637,193.701,348.106
24.207,26.078,196.071,115.348
25.272,27.943,196.46,440.724
12.873,12.102,191.219,83.51
15.38,17.182,193.621,387.205
17.21,20.782,194.339,40.254
17.655,17.253,189.35,35.219
15.797,9.152,191.278,168.216
18.16,13.997,194.117,161.253
19.303,16.4,195.32,333.935
19.697,17.258,195.659,22.167
20.292,18.47,195.935,51.34
5.912,7.077,192.115,663.036
7.145,9.547,193.389,1242.252
7.992,11.332,193.759,202.36
8.815,13.023,193.635,2388.897
9.457,14.305,193.301,77.684
11.005,17.285,192.788,30.967
12.925,20.995,191.015,34.502
11.487,13.82,190.347,178.934
9.897,6.32,192.536,306.041
10.672,7.867,193.14,501.698
11.688,18.59,190.73,13.511
14.305,23.868,194.243,3.574
15.625,26.415,196.291,577.224
16.69,28.495,197.618,591.244
17.407,29.96,196.932,265.503
17.928,30.955,195.952,69.267
17.585,26.02,191.82,437.496
16.773,20.082,192.659,36.058
6.985,4.608,191.936,444.577
8.413,7.513,192.025,603.329
10.418,11.567,191.735,644.2
13.692,18.053,188.758,10.118
12.29,10.82,187.075,267.834
9.98,1.828,192.036,334.095
10.765,3.387,191.903,302.328
10.985,3.843,191.927,301.196
11.188,4.295,191.927,284.572
11.402,4.737,191.935,325.414
7.64,5.872,191.674,236.733
9.922,10.515,192.752,248.13
11.412,13.552,192.173,391.078
13.543,17.657,189.995,5.511
12.567,11.21,187.599,189.893
10.767,3.315,191.98,141.431
11.842,5.56,192.014,231.859
12.057,6.002,192.056,256.518
12.28,6.44,192.104,209.122
12.5,6.89,192.152,263.891
8.397,7.487,191.393,6.007
10.68,12.13,193.052,113.699
12.822,16.368,192.678,117.352
15.135,20.892,190.311,10.059
14.042,14.37,187.956,256.873
12.165,6.278,191.912,2.316
12.93,7.837,192.217,255.46
13.38,8.717,192.198,336.333
13.605,9.152,192.264,273.031
13.84,9.577,192.356,241.511
13.683,18.04,189.031,102.854
18.66,27.94,194.723,359.167
20.322,31.218,194.691,79.644
18.59,23.415,188.466,95.456
17.99,17.947,190.214,22.287
20.405,22.935,193.494,99.961
21.722,25.427,195.12,241.698
22.565,26.89,195.431,192.366
22.773,27.363,195.406,243.07
7.67,5.91,191.653,426.413
9.16,8.977,191.847,195.849
13.58,17.803,188.511,91.053
12.822,11.9,187.607,223.397
10.31,2.453,192.068,341.944
10.767,3.337,192.002,363.87
10.987,3.793,192.003,354.647
11.19,4.245,192.004,341.947
11.405,4.688,192.007,237.308
12.758,25.14,188.687,5.411
16.008,31.605,193.535,298.649
16.875,33.322,194.93,492.564
17.49,34.595,195.332,187.292
18.118,35.793,195.382,129.833
18.54,36.56,195.382,25.611
18.72,36.945,195.365,30.63
19.095,37.828,195.425,62.129
19.51,38.733,195.126,57.205
16.562,28.4,189.692,101.123
4.77,0.435,192.239,321.221
5.878,2.663,191.602,769.825
6.877,4.67,190.877,303.259
8.363,7.688,190.036,172.802
10.637,7.735,188.801,464.653
7.79,-2.372,193.995,501.093
8.312,-1.237,193.626,617.982
8.537,-0.79,193.381,653.019
8.765,-0.358,193.146,622.956
6.113,3.1,192.32,409.25
7.318,5.545,192.181,91.152
9.142,9.247,191.296,501.478
11.742,9.957,188.829,445.656
8.785,-0.362,193.149,722.488
9.2,0.545,193.652,624.532
9.418,0.985,193.905,391.256
9.875,1.87,194.16,472.347
10.322,2.758,193.925,418.393
10.878,12.988,191.919,77.941
13.37,18.023,194.337,26.804
14.668,20.515,194.904,10.615
15.35,17.43,189.698,4.866
13.915,10.172,191.942,110.02
16.067,14.568,194.811,276.884
16.49,15.432,195.422,438.692
16.69,15.907,195.695,124.703
17.095,16.798,196.149,102.851
11.338,4.29,190.229,129.84
17.407,16.475,187.887,30.708
16.332,9.818,188.199,147.548
14.475,1.717,191.845,428.932
17.148,7.182,192.201,1656.244
19.66,12.028,190.267,111.205
19.227,6.482,190.074,247.9
17.387,-1.73,192.603,720.187
7.108,4.797,192.426,797.585
12.905,16.433,190.856,214.688
11.83,9.875,190.032,227.715
10.662,3.14,192.213,339.75
11.217,4.255,192.103,346.511
11.42,4.708,192.118,326.872
11.635,5.15,192.134,229.485
11.858,5.588,192.154,228.936
7.95,6.562,192.333,677.19
9.802,10.32,191.991,188.286
11.623,13.898,192.262,122.762
14.675,19.985,189.258,115.486
13.485,13.24,187.768,254.428
11.192,4.248,192.14,315.812
11.853,5.585,192.086,330.164
12.067,6.028,192.128,222.188
12.29,6.465,192.173,218.38
12.51,6.915,192.207,200.423
12.075,15.035,190.888,502.152
15.008,20.925,194.694,592.384
17.15,25.108,194.732,60.773
16.275,18.898,189.784,237.115
15.648,13.34,191.327,72.433
18.105,18.385,194.1,139.223
18.91,20.152,194.635,14.996
19.192,20.763,194.896,267.744
19.398,21.183,195.126,126.125
12.48,15.91,190.26,40.345
15.855,22.618,194.656,62.893
17.717,26.218,194.994,113.618
19.13,29.14,193.427,8.079
17.832,22.172,189.474,183.281
16.84,15.768,191.481,19.185
19.52,21.447,194.7,80.689
20.008,22.465,195.112,46.02
20.205,22.868,195.341,159.111
15.662,22.118,194.723,26.657
15.412,17.205,190.141,139.036
14.68,11.44,192.004,531.868
16.727,15.615,193.98,679.119
17.35,16.935,194.086,119.7
17.545,17.382,194.193,35.718
11.73,14.353,191.119,665.011
14.755,20.435,194.994,709.856
16.995,24.85,194.666,63.446
16.315,19.06,189.525,161.748
15.62,13.345,191.888,141.214
17.863,17.968,194.145,293.667
18.455,19.305,194.531,7.283
18.752,19.923,194.788,16.797
18.945,20.313,194.98,309.671
14.585,20.07,189.789,6.874
17.61,26.152,194.097,515.036
19.302,29.43,195.26,448.937
20.69,32.095,193.6,29.504
17.927,17.982,189.819,21.634
20.652,23.605,193.837,94.85
22.17,26.572,195.598,216.503
22.8,27.65,195.591,211.5
23.128,28.325,195.393,368.079
7.528,10.31,188.696,1020.15
5.325,1.54,192.287,351.798
6.207,3.315,191.828,2857.408
7.397,5.702,191.207,429.791
8.845,8.752,190.382,251.269
11.01,8.22,186.86,85.621
9.02,-0.353,190.136,156.954
14.637,11.045,186.412,103.407
8.077,11.422,188.57,631.669
7.602,6.14,191.429,515.28
9.162,9.407,190.542,282.295
11.38,8.867,187.271,83.371
9.707,0.945,190.158,149.679
15.175,12.152,186.481,52.893
16.19,18.582,188.881,588.547
15.695,13.342,192.405,7.233
17.84,17.725,194.025,106.098
18.142,18.368,194.35,12.632
18.438,19.023,194.584,7.148
18.627,19.445,194.788,6.74
7.485,1.5,192.312,564.893
8.25,3.06,191.721,388.73
9.115,4.77,191.225,425.399
10.648,7.978,190.357,217.23
12.055,5.815,189.593,339.15
10.995,-0.89,190.777,417.539
12.735,2.62,190.288,334.471
14.335,5.84,189.63,172.46
7.57,14.823,189.598,425.015
8.732,17.188,190.825,200.669
9.887,19.59,190.431,80.334
10.45,20.708,190.726,7.865
11.1,21.955,191.191,42.05
12.085,23.818,192.15,312.783
13.355,26.28,191.9,282.764
14.242,28.08,190.696,136.199
12.205,19.693,185.05,195.548
10.762,12.498,189.565,275.879
8.818,4.152,192.99,410.911
9.985,6.528,192.23,563.475
11.137,8.922,191.421,671.719
13.32,13.172,189.478,11.85
15.707,17.73,186.838,4.939
13.675,9.03,188.115,320.508
12.105,1.335,191.302,620.274
13.718,4.625,191.047,955.923
15.02,7.22,190.569,478.229
12.078,6.037,192.161,232.327
12.305,6.48,192.159,282.613
14.075,10.14,191.936,538.58
15.495,12.88,191.571,19.62
17.768,17.222,189.137,23.077
17.365,11.8,189.5,446.52
16.66,5.832,192.618,900.105
17.618,7.79,192.18,1300.48
20.38,13.53,188.647,94.392
2.882,5.438,193.249,885.141
3.208,6.108,193.631,680.131
3.435,6.558,193.903,483.741
3.898,7.442,194.16,498.583
4.35,8.328,193.93,343.582
4.565,8.78,193.71,632.047
4.768,9.227,193.497,625.184
4.963,9.662,193.301,620.905
5.485,10.732,193.053,523.001
6.112,11.988,192.689,862.484
12.788,16.68,190.746,87.194
14.127,19.497,190.425,4.075
14.992,21.1,191.519,151.966
16.762,24.385,191.5,340.119
18.188,27.1,189.572,40.576
15.49,17.16,183.782,179.172
14.56,10.755,189.151,68.888
17.708,17.04,190.305,35.223
19.15,20.05,190.506,215.405
20.252,22.39,190.23,343.846
4.407,8.562,192.217,577.262
5.305,10.34,193.25,558.2
5.862,11.455,193.906,461.315
6.065,11.902,194.184,229.979
6.472,12.793,194.605,169.871
6.892,13.662,194.611,520.105
7.105,14.06,194.583,446.469
7.305,14.492,194.455,577.517
7.65,15.15,194.099,873.721
8.418,16.648,193.558,270.906
12.333,24.395,197.084,10.482
12.648,25.008,197.716,336.066
12.858,25.45,198.185,1077.945
13.3,26.267,198.699,790.089
13.768,27.11,198.663,880.984
13.995,27.542,198.419,817.792
14.185,27.975,198.183,689.542
14.48,28.602,197.649,649.278
14.205,9.977,190.684,148.873
17.567,16.678,188.997,97.091
17.008,11.137,189.184,338.867
17.19,7.202,192.752,608.484
18.835,10.642,192.574,599.536
20.91,14.695,191.198,27.249
19.677,7.417,190.552,154.363
18.267,0.035,192.196,569.219
14.362,10.338,190.952,97.927
18.622,18.815,190.493,410.486
17.648,12.368,189.454,103.601
15.985,4.722,191.404,1045.331
18.137,9.117,193.275,242.08
19.305,11.523,193.857,668.779
23.41,19.483,191.215,29.891
22.678,13.398,191.001,582.48
20.9,5.248,193.495,781.979
5.33,1.56,192.195,499.392
10.545,7.52,189.177,758.486
8.008,-1.91,193.992,644.121
8.53,-0.775,193.882,543.5
8.755,-0.327,193.636,731.449
8.983,0.105,193.402,784.184
12.3,24.135,190.083,17.809
15.55,30.6,194.931,137.406
16.3,32.068,196.062,343.593
16.915,33.34,196.463,119.07
17.325,34.155,196.499,171.616
17.538,34.528,196.494,156.725
17.935,35.295,196.284,88.66
18.328,36.11,195.684,20.714
18.54,36.56,195.382,25.569
18.733,37.022,195.127,35.19
6.445,3.758,192.263,397.362
7.748,6.42,192.206,274.379
9.052,9.04,191.661,753.202
12.413,15.765,188.479,63.097
11.945,10.413,189.068,496.578
9.215,0.52,193.157,783.29
9.65,1.423,193.665,591.973
9.875,1.87,193.92,472.168
10.322,2.758,194.18,497.435
10.758,3.648,193.934,421.601
10.985,13.19,191.815,3.898
13.578,18.435,194.459,2.684
14.332,11.018,192.222,13.748
16.582,15.64,195.215,44.716
16.895,16.343,195.614,20.939
17.095,16.798,195.89,91.233
17.488,17.66,196.402,32.617
8.492,-1.488,190.215,121.476
11.542,4.7,188.997,259.454
14.36,5.812,187.712,470.222
11.737,-3.848,192.166,414.944
12.812,-1.603,191.707,2512.621
13.802,0.392,191.017,530.23
15.08,3.017,190.186,364.019
9.86,1.19,190.123,161.631
15.26,12.08,186.946,113.672
15.05,7.152,187.913,503.598
12.428,-2.508,192.162,560.52
15.457,3.655,191.16,740.789
17.705,8.14,189.926,266.534
18.328,4.635,189.171,689.742
4.36,-0.49,192.245,581.42
5.028,0.843,191.896,2727.188
6.24,3.308,191.015,412.871
7.398,5.722,190.281,193.649
10.545,11.972,187.14,70.383
10.638,7.735,188.801,601.574
7.79,-2.372,193.736,580.122
8.115,-1.705,193.373,797.171
8.67,-0.59,192.765,726.589
12.363,24.27,189.377,4.592
15.84,31.168,194.47,245.286
16.708,32.885,195.864,209.055
17.198,33.918,196.015,119.392
17.718,34.913,196.051,105.948
17.935,35.295,196.066,74.719
18.328,36.11,195.891,66.269
18.72,36.945,195.365,30.63
18.913,37.408,195.109,49.163
19.115,37.862,194.86,47.712
8.338,7.52,191.628,706.584
10.41,11.692,192.802,260.769
12.11,15.162,192.991,165.53
14.818,20.593,190.228,26.504
13.94,14.402,189.344,210.723
11.753,5.633,192.349,741.419
12.853,7.848,193.64,587.248
13.183,8.518,194.068,487.026
13.41,8.96,194.355,356.908
13.832,9.802,194.827,433.811
2.435,4.545,193.242,854.147
2.758,5.207,193.61,658.296
3.09,5.888,194.009,950.672
3.435,6.558,194.153,521.729
3.777,7.22,194.024,578.837
4.112,7.885,193.669,408.112
4.327,8.338,193.449,715.153
4.628,9.002,193.142,672.31
5.345,10.523,192.679,551.62
6.732,13.258,191.848,492.38
6.43,12.665,191.901,785.522
7.945,15.782,193.854,1267.658
8.467,16.852,194.797,832.361
8.778,17.482,195.358,1087.901
9.123,18.14,195.744,936.646
9.455,18.792,195.831,499.051
9.765,19.458,195.83,167.856
10.1,20.093,195.664,105.11
10.31,20.5,195.627,5.639
19.375,20.62,188.134,18.225
25.152,32.172,192.529,108.162
23.622,24.767,188.92,41.587
23.015,19.265,189.095,6.78
26.252,25.745,193.466,268.238
28.022,29.05,194.738,82.001
29.085,31.078,194.053,210.004
29.692,32.337,193.28,138.241
27.155,22.65,189.506,166.719
8.485,-1.465,190.109,98.569
11.312,4.235,188.946,252.811
14.972,11.625,185.807,15.347
13.997,5.177,187.744,414.57
11.492,-4.268,192.13,399.218
13.022,-1.148,191.268,579.621
14.19,1.227,190.577,430.284
16.305,5.465,189.573,128.736
16.305,23.298,189.112,34.828
19.782,30.195,193.911,626.899
21.17,32.86,194.343,50.699
22.472,35.565,193.769,186.821
19.702,25.648,188.96,84.205
18.89,19.71,187.906,5.44
22.137,26.468,192.87,115.1
23.565,29.225,195.132,268.356
24.658,31.07,195.693,167.845
25.205,32.053,195.701,70.71
19.482,20.877,187.662,9.664
24.865,31.485,192.589,105.804
22.56,18.358,187.912,6.224
25.72,24.882,192.511,216.189
27.287,27.785,194.254,945.551
28.465,29.845,194.403,162.051
29.29,31.487,193.921,264.115
26.928,22.168,189.264,141.733
5.985,2.888,192.29,439.56
8.678,8.398,191.156,520.945
11.952,14.883,188.029,11.985
11.312,9.07,189.063,545.053
8.45,-1.022,193.257,686.503
8.755,-0.327,193.636,728.752
8.972,0.113,193.887,459.989
9.418,0.985,194.155,532.793
9.875,1.87,193.92,471.516
14.383,20.078,195.077,7.601
18.197,27.64,193.06,26.349
18.273,19.323,197.169,31.664
2.785,5.22,193.127,849.733
3.215,6.11,193.631,543.367
3.56,6.78,194.028,661.438
3.898,7.442,194.16,498.693
4.232,8.108,194.06,873.455
4.572,8.783,193.715,536.636
4.775,9.23,193.502,608.04
4.97,9.665,193.306,636.486
5.59,10.968,192.945,584.639
6.445,12.705,192.324,943.337
3.547,6.78,192.57,818.375
4.215,8.113,193.335,672.429
4.553,8.775,193.717,418.689
4.888,9.44,194.107,354.038
5.228,10.115,194.269,484.193
5.528,10.78,194.2,342.916
5.85,11.45,193.904,295.983
6.062,11.905,193.777,1182.884
7.002,13.805,193.23,1069.001
19.897,21.728,187.784,67.673
25.242,32.323,192.321,31.612
26.055,33.995,191.893,212.398
23.355,20.018,188.845,77.549
27.145,27.62,193.913,756.618
28.342,29.693,194.399,1972.67
29.188,31.278,193.965,179.563
29.88,32.752,193.304,402.621
10.545,20.725,191.582,11.264
13.552,26.778,196.103,142.967
14.528,28.61,197.901,962.585
14.888,29.24,198.351,1168.731
15.195,29.89,198.71,752.173
15.515,30.555,198.801,1074.273
15.823,31.178,198.346,2109.58
16.102,31.76,197.65,1730.261
16.315,32.132,197.216,1326.532
16.532,32.515,196.792,750.907
7.532,5.987,191.905,2619.347
8.835,8.65,192.599,495.321
13.392,17.76,189.873,44.005
13.168,12.855,189.541,365.501
11.185,4.54,193.029,546.66
11.845,5.877,193.79,335.081
12.172,6.537,194.193,535.178
12.502,7.207,194.377,344.139
12.835,7.875,194.308,789.345
14.333,19.488,191.073,265.47
17.7,26.17,195.533,413.081
19.183,29.07,196.661,422.866
20.595,31.99,195.228,178.471
18.248,22.84,190.502,430.061
17.73,17.558,191.573,17.429
20.977,24.315,196.536,433.736
21.755,25.725,197.853,1260.408
22.177,26.33,198.228,1210.412
22.532,27.022,198.552,1109.748
9.955,1.398,190.26,179.973
15.337,7.822,187.861,440.445
12.947,-1.4,192.232,618.162
15.657,4.092,191.379,921.92
16.872,6.678,190.825,474.571
19.865,12.588,187.29,6.244
18.837,5.73,188.269,651.111
3.875,7.442,192.504,841.356
4.642,8.995,193.389,667.155
4.985,9.657,193.765,516.959
5.325,10.332,194.175,788.246
5.638,11.003,194.339,363.944
5.96,11.672,194.281,552.765
6.27,12.345,194.061,680.784
6.775,13.392,193.882,649.824
7.425,14.71,193.297,918.476
5.442,1.78,192.336,409.229
7.292,5.537,191.466,547.034
8.782,8.6,190.516,336.077
11.735,14.432,187.422,5.794
10.957,8.415,188.936,650.258
8.203,-1.45,193.992,952.737
8.53,-0.775,194.121,533.036
8.865,-0.115,194.012,502.58
9.2,0.545,193.655,462.161
10.6,20.922,191.076,47.688
13.608,26.975,195.597,118.049
14.818,29.258,197.676,1226.179
15.287,30.103,198.246,1045.367
15.607,30.768,198.567,924.575
15.902,31.395,198.461,1336.581
16.183,31.977,197.997,40.298
16.488,32.562,197.329,1307.731
16.705,32.945,196.905,824.694
16.915,33.34,196.463,134.594
12.2,24.115,187.242,6.229
15.207,30.167,191.764,59.913
16.755,33.147,194.24,496.665
17.715,35.025,194.962,199.373
18.422,36.44,195.127,139.251
18.742,37.015,195.133,28.801
18.922,37.4,195.116,35.491
19.212,38.042,195.303,107.783
19.51,38.732,195.379,64.371
16.755,28.867,189.692,80.485
17.155,15.972,187.814,23.678
15.983,9.162,188.072,179.579
14.023,0.828,192.016,481.392
15.547,3.952,192.347,140.724
17.208,7.423,191.836,1037.203
20.31,13.49,189.143,11.436
19.41,6.835,189.285,342.687
17.282,-1.968,192.958,662.571
20.118,21.822,191.315,44.377
19.25,15.707,189.489,8.348
18.13,9.102,191.937,78.323
20.48,13.92,194.207,43.182
23.428,14.927,190.562,20.827
22.29,8.072,193.176,174.239
20.645,18.58,190.704,3.091
19.852,12.65,193.348,15.557
21.483,16.065,194.76,1.923
24.602,21.863,193.01,3.573
22.087,7.595,192.499,15.735
11.562,4.725,190.284,94.588
16.163,13.92,189.443,146.785
16.377,9.895,189.623,277.224
15.222,3.288,192.297,324.427
18.2,9.373,191.988,227.259
20.465,13.768,189.854,11.163
19.873,7.752,189.649,262.84
17.96,-0.653,192.756,620.393
16.848,15.48,191.1,431.827
21.212,24.178,193.175,339.528
23.407,28.487,192.414,2669.323
20.56,18.378,190.219,272.754
24.218,21.525,196.703,601.622
26.562,25.84,194.552,587.793
24.285,16.735,191.341,434.206
24.015,11.64,192.827,10.226
9.915,10.793,192.849,254.54
11.405,13.83,192.606,818.367
14.255,19.515,189.667,19.233
13.585,13.762,189.083,309.543
11.293,4.77,192.7,620.783
12.062,6.32,193.586,473.973
12.278,6.763,193.849,314.158
12.608,7.432,194.278,477.065
12.948,8.093,194.448,403.185
15.692,22.12,190.347,2374.472
20.345,31.275,195.299,395.019
21.447,33.517,194.544,118.807
18.78,23.792,189.792,260.544
18.672,19.39,190.011,17.626
22.085,26.31,195.091,441.812
23.237,28.413,196.535,1126.643
23.94,29.712,196.983,1319.785
24.282,30.278,196.967,2092.589
18.175,18.3,189.873,143.159
21.862,25.648,193.776,357.561
23.735,29.31,193.862,521.68
21.652,20.783,189.88,564.713
21.742,16.795,191.213,167.261
26.727,26.405,196.258,743.197
27.685,28.235,195.254,589.706
25.162,18.71,190.741,661.159
24.76,13.415,190.385,23.506
21.96,25.755,194.993,591.036
21.245,19.965,190.046,224.23
21.15,15.52,192.297,21.883
24.93,23.105,196.814,400.943
25.995,24.97,196.837,179.825
27.247,27.463,194.879,910.171
25.078,18.523,190.566,339.826
24.393,12.553,191.788,10.461
19.458,20.75,190.217,221.235
23.23,28.275,194.078,627.755
24.333,30.517,193.25,363.64
22.078,21.58,189.096,531.665
22.372,18,190.85,226.005
27.428,27.895,195.644,753.954
28.49,29.922,194.619,3.201
26.255,20.823,190.302,523.385
25.885,15.495,190.444,10.826
6.04,7.392,192.118,574.538
7.043,9.39,193.181,505.497
7.453,10.278,193.373,283.684
8.075,11.595,193.664,334.005
8.93,13.332,193.264,841.345
10.205,15.858,192.691,101.06
12.625,20.605,190.019,3.207
11.967,14.942,189.826,448.558
9.89,6.392,192.868,587.584
6.368,8.043,192.051,533.163
7.475,10.27,193.249,529.455
7.902,11.17,193.466,212.914
8.42,12.258,193.769,275.259
8.92,13.278,193.679,694.422
10.195,15.802,193.213,522.191
12.735,20.81,190.421,1.485
11.545,14.02,189.358,198.235
9.698,5.902,192.306,540.91
20.732,23.095,193.832,295.917
22.823,27.3,192.414,999.596
20.46,18.19,190.018,106.819
23.717,20.428,196.464,275.095
25.295,23.323,195.301,655.383
26.657,26.038,192.895,263.349
23.96,16.098,190.295,184.291
23.38,10.345,192.861,2.873
18.965,19.733,191.292,249.684
22.933,27.663,194.564,532.802
24.032,29.913,193.427,244.749
21.582,20.57,189.82,395.318
21.267,15.742,191.122,29.174
24.79,22.885,195.78,2333.78
26.268,25.57,196.512,488.778
25.618,19.585,190.438,534.42
24.708,13.19,190.919,21.523
13.15,21.905,195.82,1.588
13.775,23.113,196.726,499.747
14.19,23.92,197.234,428.568
14.977,25.428,196.888,112.868
16.335,28.072,194.769,16.64
17.137,29.467,192.437,117.522
18.537,32.182,194.661,267.209
19.365,33.828,194.827,178.825
20.095,35.218,194.72,76.173
20.595,36.255,194.561,48.332
21.087,37.352,194.428,56.495
19.325,29.475,191.221,138.827
20.26,27.177,192.163,99.799
6.758,8.883,191.776,526.62
8.188,11.78,193.121,575.498
9.148,13.742,194.266,484.704
9.543,14.593,194.651,435.388
9.972,15.477,194.398,808.749
11.155,17.782,194.069,111.935
12.475,16,190.175,185.053
10.735,8.115,192.55,624.46
17.892,30.902,193.124,165.44
18.76,32.62,194.439,278.001
19.587,34.265,194.638,195.175
20.395,35.847,194.461,82.698
20.98,37.125,194.401,69.733
21.395,38.03,194.451,58.691
18.447,27.697,189.924,123.875
20.862,28.227,192.382,276.95
20.6,27.608,192.538,43.782
18.04,18.085,190.626,36.845
20.6,19.152,196.386,661.404
21.087,20.17,197.089,657.364
21.56,20.958,197.104,316.346
15.313,17.028,191.701,7.689
18.435,23.267,195.558,102.39
21.248,28.907,194.179,224.378
18.988,19.99,191.288,122.238
21.553,21,196.64,294.983
22.42,22.63,197.871,1194.352
23.058,23.685,198.046,851.949
6.518,-0.752,191.221,387.907
7.722,1.692,190.685,372.242
9.222,4.72,189.906,130.874
10.825,7.923,189.245,48.107
12.385,6.547,188.02,552.052
9.428,-3.772,193.155,481.708
10.067,-2.418,192.891,718.082
11.168,-0.198,191.985,496.96
12.467,2.402,190.996,255.034
3.715,2.705,192.864,689.787
4.145,3.595,192.873,722.626
5.028,5.377,192.75,1547.991
6.325,8.003,191.929,527.707
7.503,10.395,191.134,515.396
8.465,12.278,190.509,1780.304
9.69,10.232,187.538,543.444
7.068,0.573,193.195,552.664
7.94,2.365,192.774,507.611
10.178,6.573,190.719,433.373
11.905,10.088,191.903,739.921
13.71,13.738,192.291,470.485
15.995,13.9,189.407,228.638
13.807,5.13,192.192,574.525
14.69,6.91,193.013,553.322
15.375,8.215,193.596,352.89
15.797,9.058,193.904,271.35
16.39,10.378,193.747,715.971
15.982,18.47,193.664,1.072
19.885,17.742,195.822,40.268
20.387,18.78,196.379,29.591
16.035,27.195,193.581,52.548
17.65,30.37,195.828,355.293
18.61,32.248,196.299,529.725
19.428,33.787,195.704,156.895
19.82,34.622,195.167,121.339
18.455,27.62,192.379,188.422
19.178,24.89,193.211,68.431
9.625,14.695,192.319,77.927
11.783,19.095,194.777,39.509
12.548,20.615,195.447,4.356
13.08,21.613,195.939,6.959
13.71,22.817,196.692,567.634
14.885,25.157,195.679,482.335
16.542,28.52,193.041,77.343
15.165,21.392,190.428,34.055
13.308,13.292,192.169,76.698
14.378,15.437,193.672,221.251
13.34,13.12,192.483,31.463
15.483,17.358,193.607,143.571
18.235,22.758,191.578,7.318
19.765,25.895,189.263,2.464
16.902,15.802,188.69,79.088
17.535,12.67,194.445,123.832
18.045,13.793,194.817,36.219
13.672,13.81,192.657,43.183
17.343,21.068,191.267,11.962
16.918,15.835,189.236,225.576
16.887,11.438,193.971,81.123
17.508,12.71,194.47,105.983
18.312,14.477,194.777,32.318
17.337,21.008,194.512,126.151
18.078,22.41,195.293,204.781
21.292,28.823,192.049,256.639
18.445,18.712,189.253,147.506
17.335,12.093,191.893,21.074
20.273,18.215,195.751,132.031
21.17,20.175,196.542,208.716
21.375,20.582,196.811,242.993
8.32,12.005,193.139,170.572
8.943,13.322,193.78,251.865
9.57,14.578,194.337,713.516
10.438,16.298,194.127,800.852
11.408,18.22,193.792,15.738
11.808,14.51,189.639,144.494
10.218,7.01,191.722,653.543
11.545,9.668,193.154,412.577
4.587,4.5,192.391,317.052
5.355,6.052,192.959,514.337
5.925,7.165,192.973,595.181
6.885,9.128,193.084,519.962
8.15,11.753,192.285,951.646
9.79,14.92,191.369,93.634
10.273,11.432,188.99,597.671
8.477,3.5,193.012,656.267
9.248,5.05,193.031,619.463
13.75,22.938,196.081,58.656
14.375,24.152,196.848,193.56
15.125,25.62,197.177,1555.133
16.195,27.677,195.777,944.379
17.108,29.487,193.955,323.63
14.963,20.873,190.436,197.353
14.05,14.702,192.094,2.872
15.988,18.665,194.681,1.851
19.795,25.79,195.712,864.743
20.755,27.668,195.331,490.568
21.86,29.94,193.868,520.403
19.825,21.505,189.859,303.775
19.032,15.575,191.691,36.903
21.667,21.023,195.407,155.683
22.562,22.91,196.726,298.03
23.292,24.14,197.424,611.848
20.512,27.318,194.868,511.949
22.07,30.368,194.601,346.599
22.96,32.167,193.439,729.844
20.418,22.753,189.337,317.69
20.102,17.925,191.042,31.305
22.642,23.165,194.425,99.085
24.462,26.455,196.735,268.52
4.258,3.832,193.124,691.322
5.025,5.385,193.033,712.233
5.898,7.157,192.679,491.056
7.835,11.095,191.609,825.185
10.5,16.328,189.798,11.754
9.625,10.175,190.241,907.774
7.918,2.38,192.804,509.162
8.375,3.265,193.011,552.455
8.12,11.748,191.912,651.059
9.55,14.645,193.629,515.189
10.32,16.155,194.546,704.298
11.047,17.657,194.64,521
11.468,18.52,194.779,127.684
14.848,25.152,192.28,13.049
14.085,19.298,190.162,229.861
11.898,10.528,192.088,1205.15
8.835,13.195,191.853,456.742
10.562,16.71,194.161,806.909
11.407,18.445,195.244,1144.443
12.37,20.328,195.596,77.957
12.902,21.343,195.613,95.826
13.69,22.843,195.657,35.983
14.655,24.72,194.818,135.534
15.957,27.425,192.56,134.42
13.79,18.72,189.551,45.343
10.988,17.475,191.584,22.518
13.37,22.312,194.575,33.44
14.552,24.618,196.333,77.408
15.42,26.245,197.315,647.257
15.78,26.875,197.449,1157.751
16.818,28.915,196.362,1124.467
18.028,31.38,194.329,236.645
15.258,21.462,190.021,291.158
14.138,14.858,191.027,7.81
16.685,20.175,194.42,2.791
10.152,6.575,191.447,332.303
11.767,9.86,191.239,154.236
16.34,18.86,188.02,106.589
14.38,10.55,187.751,324.895
11.99,1.327,192.447,662.857
13.287,4.01,193.198,613.877
14.045,5.568,192.821,399.73
9.6,5.43,191.116,460.737
10.902,8.093,191.83,252.699
12.392,11.16,192.092,316.5
13.78,13.895,191.919,28.563
15.778,13.4,189.173,482.69
14.015,5.522,193.236,600.939
14.895,7.305,193.63,521.285
15.358,8.172,193.443,625.702
16.178,9.9,193.477,369.954
19.8,30.15,194.586,119.953
17.848,21.855,187.8,145.084
16.33,10.29,191.883,7.126
18.595,14.928,194.708,14.979
12.083,10.435,191.075,447.916
14.358,15.067,192.987,885.158
16.122,14.095,190.593,78.531
15.3,8.07,191.742,668.668
17.252,12.005,194.202,749.1
17.977,13.502,195.012,834.884
18.593,14.848,195.081,423.498
19.188,16.16,194.964,4.545
20.84,28.128,189.771,49.179
22.455,31.303,191.937,544.441
23.632,33.573,192.55,352.489
24.415,35.15,192.123,156.482
21.942,25.86,188.05,271.139
24.09,26.035,190.174,78.944
25.362,28.555,192.335,451.45
26.54,30.653,193.459,458.326
4.148,3.612,193.164,707.505
4.71,4.725,192.899,658.514
5.485,6.28,192.639,468.211
7.425,10.238,191.402,687.923
11.398,18.13,188.013,12.675
9.99,10.945,188.456,335.013
7.485,1.5,192.908,536.561
8.16,2.825,193.073,539.509
3.45,6.553,192.905,783.339
3.895,7.445,193.424,721.891
4.133,7.888,193.685,523.614
4.35,8.328,193.93,343.514
4.79,9.222,194.208,426.599
5.228,10.115,194.016,372.741
5.423,10.55,193.821,475.469
5.648,11.002,193.626,513.914
6.17,12.087,193.358,558.224
7.015,13.823,192.736,956.788
5.648,2.22,192.209,345.43
6.845,4.662,191.599,882.653
7.805,6.625,191.14,362.092
9.98,10.86,190.1,187.119
10.87,8.183,189.06,727.467
8.008,-1.91,193.74,501.54
8.53,-0.775,194.121,533.948
8.972,0.113,193.887,461.097
9.2,0.545,193.652,625.695
12.1,15.523,192.312,34.529
15.003,21.355,195.549,282.382
17.972,27.165,194.031,602.752
15.933,18.637,190.675,216.521
15.225,12.948,192.525,4.811
18.075,18.907,196.519,1.569
18.273,19.323,196.943,51.374
18.668,20.165,197.553,420.342
19.87,21.572,189.959,107.978
23.452,28.7,193.951,555.067
24.637,31.19,193.052,235.605
23.108,23.785,189.583,308.47
23.013,19.34,190.779,133.076
26.37,26.023,194.999,1194.331
27.835,28.685,195.167,508.404
28.777,30.51,194.307,84.758
26.208,20.772,189.975,416.694
25.492,14.807,189.184,13.249
13.11,7.778,190.405,109.484
15.695,12.955,191.068,65.091
18.402,18.385,188.786,88.756
18.528,14.258,189.41,960.381
16.67,6.157,192.552,727.425
17.525,7.87,192.803,549.53
19.17,11.31,192.734,508.149
22.05,16.992,189.56,25.739
20.817,9.715,188.686,184.365
18.607,0.69,192.14,726.867
14.288,15.203,190.916,11.998
19.157,24.855,195.675,80.095
18.848,19.878,189.917,284.035
17.938,13.733,191.807,4.505
21.795,21.742,197.216,26.981
22.525,22.972,197.361,151.204
11.89,14.335,192.113,2.664
14.79,20.175,194.77,60.124
16.49,23.528,195.265,1082.002
18.168,26.835,193.038,652.187
16,18.13,188.38,173.389
14.88,11.525,191.899,415.792
17.242,16.37,194.165,471.251
17.85,17.733,194.211,25.633
18.253,18.582,194.603,15.692
13.805,18.242,189.523,264.933
18.122,26.837,194.582,340.003
19.618,29.752,194.887,206.671
17.578,21.225,188.29,218.727
17.262,16.37,189.757,20.449
20.51,23.127,194.204,75.62
21.827,25.62,195.379,339.582
22.36,26.447,195.362,208.207
22.567,26.92,195.324,264.227
9.178,9.008,191.823,629.567
11.67,14.043,193.075,378.998
15.905,22.415,190.462,167.559
14.142,14.552,187.846,108.542
12.182,6.217,191.637,872.34
13.725,9.335,192.583,196.796
14.3,10.42,192.633,220.674
14.498,10.828,192.789,135.4
14.678,11.233,193,169.158
10.33,11.375,191.565,374.505
12.823,16.41,194.106,372.558
14.2,19.16,193.769,145.898
14.8,15.902,190.152,105.625
14.178,10.317,192.415,1308.817
15.915,13.805,193.698,449.461
16.338,14.67,193.752,701.898
16.538,15.145,193.783,250.952
16.738,15.6,193.799,98.668
10.848,12.45,191.972,612.44
13.655,18.098,194.64,573.748
15.418,17.125,188.388,60.755
13.785,9.46,191.515,540.467
16.035,14.082,193.686,496.479
16.758,15.602,193.901,273.841
16.958,16.057,193.932,106.394
17.152,16.505,194.012,32.725
13.785,14.098,191.245,6.029
16.593,19.745,194.314,222.849
17.67,21.88,195.05,72.731
18.24,18.602,189.656,106.993
17.227,12.21,192.033,13.21
19.985,17.912,195.738,144.967
20.785,19.645,196.453,30.983
21.61,21.072,196.713,100.246
13.933,14.335,191.575,5.367
16.525,19.58,194.147,9.877
17.727,21.845,194.884,73.468
18.152,18.36,189.709,59.836
17.242,12.215,192.422,116.091
19.79,17.48,195.854,147.14
20.375,18.733,196.158,20.166
21.153,20.143,196.511,49.211
17.008,24.598,194.064,174.019
18.21,26.863,194.979,451.22
19.74,30,194.278,220.889
18.42,23.045,188.278,217.912
17.197,16.197,190.489,21.209
19.495,20.965,193.666,458.212
20.868,23.718,195.068,157.452
21.452,24.738,195.334,309.281
21.71,25.18,195.346,337.443
12.948,16.81,191.244,13.417
15.755,22.458,194.635,18.561
17.238,25.358,194.873,60.239
16.942,20.415,188.808,195.751
15.95,14.01,191.107,26.533
18.498,19.275,194.077,30.945
19.282,21.003,194.709,115.83
19.587,21.625,194.996,104.319
19.792,22.032,195.208,54.345
13.125,17.118,190.039,5.854
16.375,23.582,194.388,37.78
18.31,27.402,194.906,92.769
19.53,29.862,193.29,42.968
17.488,21.407,189.074,443.561
17.19,16.582,191.172,18.623
19.73,21.823,194.108,18.782
20.322,23.067,195.07,93.034
20.89,24.052,195.414,164.143
21.165,24.438,195.413,301.371
7.837,10.98,188.401,419.668
5.65,2.21,192.167,384.538
6.978,4.867,191.626,657.44
8.648,8.355,190.697,353.557
9.823,1.177,190.178,165.859
15.065,11.92,186.537,72.721
7.352,10.012,190.05,312.34
5.877,2.655,192.382,437.35
8.322,7.737,191.185,516.376
12.328,10.87,187.041,2265.492
15.07,11.912,187.311,72.515
7.377,1.275,192.761,684.214
8.38,3.265,191.958,555.26
9.758,6.095,191.029,458.172
11.282,9.325,190.278,86.029
12.225,6.242,189.224,318.861
10.622,-1.522,191.059,393.61
12.072,1.34,190.718,320.714
13.475,4.185,189.977,408.783
16.78,10.972,186.956,4.629
9.033,4.592,193.195,391.441
9.987,6.558,192.563,425.541
11.345,9.387,191.663,608.656
12.93,12.55,190.921,4.248
15.113,16.672,188.33,3.16
13.645,9.033,187.998,372.69
12.195,1.557,191.311,462.284
14.052,5.285,191.141,948.459
15.428,8.058,190.768,421.253
12.287,6.48,192.191,460.534
12.515,6.922,192.202,20.203
12.938,7.765,192.44,185.95
14.258,10.575,192.485,1614.522
17.057,16.01,189.923,23.576
19.153,19.938,187.271,10.205
17.568,12.25,188.984,358.108
16.645,5.84,192.897,884.689
18.365,9.268,192.206,927.18
19.5,11.595,191.893,5.448
7.797,10.82,189.707,411.424
5.987,2.865,192.427,461.253
6.978,4.872,192.221,281.496
8.775,8.622,191.258,520.267
10.915,3.387,190.222,92.793
14.672,11.058,187.641,212.408
7.92,2.372,192.641,665.613
8.91,4.367,191.927,515.044
10.085,6.745,191.179,482.138
11.867,10.315,190.39,81.456
12.86,7.485,188.569,292.029
11.185,-0.438,190.907,231.78
12.635,2.425,190.746,363.259
13.49,4.165,190.365,476.363
16.685,10.732,187.461,103.82
9.923,6.343,192.929,594.5
10.675,7.855,192.547,479.744
11.852,10.428,191.864,574.798
14.14,14.89,190.125,5.422
16.235,18.845,187.018,8.029
14.183,10.122,187.579,389.885
12.537,2.205,191.36,450.597
13.965,5.088,191.167,1922.561
15.148,7.463,190.892,632.707
18.03,13.363,188.391,4.747
8.162,11.65,188.52,458.253
5.65,2.203,192.37,503.567
8.57,8.142,190.976,498.338
10.567,2.718,190.15,105.294
14.325,10.387,187.45,250.358
12.738,7.358,192.231,243.389
12.963,7.793,192.239,203.313
14.995,12.062,192.406,136.876
16.86,15.66,191.215,23.408
18.955,19.615,188.177,17.658
17.442,12.008,188.013,722.878
15.99,4.513,192.487,470.117
18.447,9.457,192.498,667.691
21.648,16.067,189.05,11.47
3.665,7.005,192.685,954.694
4.228,8.117,193.328,845.995
4.565,8.78,193.71,631.962
4.79,9.222,193.96,489.312
5.228,10.115,194.269,484.236
5.638,11.003,194.101,343.168
5.863,11.455,193.906,461.351
6.075,11.91,193.78,2373.821
7.248,14.245,193.081,995.489
10.812,3.17,190.284,129.671
16.985,11.157,188.717,184.862
14.692,2.165,192.378,533.11
15.45,3.723,192.302,310.256
17.325,7.635,191.737,729.715
20.727,14.363,188.281,11.276
19.7,7.505,188.56,278.691
17.168,-2.183,192.837,650.066
9.83,1.183,190.252,197.125
15.668,12.93,187.013,82.5
15.67,8.507,188.171,227.905
13.157,-0.94,192.271,648.736
16.202,5.213,190.948,839.05
18.32,9.497,189.735,10.675
18.648,5.298,189.061,671.801
7.858,6.657,191.844,713.01
9.48,9.953,192.757,444.707
13.922,18.887,189.74,53.94
13.282,13.075,188.949,198.59
10.99,4.082,192.312,708.509
12.065,6.327,193.577,599.304
12.28,6.77,193.84,460.619
12.502,7.207,194.121,276.728
12.948,8.092,194.448,402.776
7.205,14.222,192.013,133.325
8.828,17.517,194.267,266.532
9.328,18.538,195.14,504.726
9.673,19.195,195.526,622.103
10.018,19.91,195.96,941.498
10.328,20.575,196.172,128.116
10.645,21.188,196.313,109.864
10.953,21.747,196.253,110.164
11.168,22.15,196.218,2.559
5.213,1.317,192.28,546.694
6.312,3.542,191.659,1425.893
7.588,6.178,190.9,338.364
9.505,9.972,190.112,136.585
11.968,14.73,187.617,12.591
10.56,7.545,189.575,658.762
8.095,-1.678,194.116,612.481
8.42,-1.01,193.991,626.584
8.755,-0.35,193.631,528.896
8.983,0.083,193.397,666.42
3.225,6.11,193.151,799.691
3.67,7.003,193.669,547.243
4.008,7.665,194.051,858.793
4.35,8.328,194.185,527.259
4.69,9.002,194.088,375.121
5.003,9.672,193.766,430.288
5.197,10.108,193.57,533.408
5.423,10.56,193.375,555.246
6.05,11.815,193.011,611.157
7.31,14.315,192.281,524.648
6.218,3.315,192.345,376.004
8.258,7.465,191.537,558.372
11.93,14.84,188.023,108.464
11.518,9.51,188.578,567.455
8.453,-1.038,193.268,669.2
8.758,-0.342,193.647,593.1
9.082,0.325,194.026,701.971
9.418,0.985,194.155,533.284
9.768,1.643,194.031,563.224
13.46,18.022,192.353,19.26
16.605,24.267,196.335,548.98
18.3,27.54,196.566,266.192
19.52,30,194.865,1279.689
16.96,20.477,191.213,493.442
16.852,16.075,193.037,18.196
19.902,22.43,197.573,559.085
20.2,23.025,198.218,760.233
20.942,24.202,199.002,930.422
9.508,0.515,190.06,100.672
11.13,3.81,189.638,990.637
12.922,7.423,189.15,145.848
15.115,7.392,187.712,552.703
13.037,-1.158,191.861,59.615
14.275,1.258,191.137,732.939
15.13,2.96,190.729,446.17
15.918,4.727,190.168,354.391
7.72,15.282,192.522,44.741
9.44,18.81,194.914,126.77
9.785,19.467,195.3,207.13
10.117,20.12,195.679,131.164
10.427,20.785,196.151,330.257
10.763,21.42,196.47,79.784
11.385,22.593,196.587,40.225
11.595,23.035,196.567,1.802
10.375,2.282,190.325,170.39
16.112,13.835,187.526,23.054
15.472,8.023,188.114,253.113
13.598,-0.073,192.089,512.825
16.895,6.732,191.351,741.927
19.492,11.793,189.086,7.147
19.262,6.617,188.288,443.885
17.467,16.792,191.117,206.12
21.548,24.885,193.755,333.321
21.055,19.518,190.553,290.535
20.947,15.115,192.428,16.419
24.53,22.233,196.61,567.527
26.965,26.765,195.093,854.064
24.56,17.425,191.049,410.12
23.845,11.472,191.675,12.703
10.387,11.602,189.159,288.285
12.01,14.898,189.568,85.567
13.592,18.068,190.686,31.344
15.422,21.668,191.357,350.961
17.202,25.195,190.596,246.682
16.132,18.69,184.94,224.163
14.585,11.268,189.445,281.476
15.767,13.64,190.18,158.372
16.812,15.802,190.098,64.418
17.208,16.725,189.95,6.482
14.46,19.882,192.773,78.648
17.605,26.128,196.838,603.776
18.672,28.218,196.764,352.682
20.202,31.355,195.019,1313.06
18.275,23.148,191.38,338.206
18.062,18.488,193.56,154.612
20.683,23.882,197.669,280.187
20.88,24.285,198.098,825.689
21.15,24.675,198.435,1055.453
21.572,25.28,198.81,902.502
17.838,17.295,188.463,61.934
17.635,12.508,188.969,546.012
16.015,4.832,192.488,425.537
16.873,6.568,192.651,520.337
18.193,9.378,192.406,718.725
21.305,15.482,189.474,20.009
20.405,8.828,188.919,191.314
18.17,-0.198,192.538,504.68
8.598,-1.25,190.211,124.79
9.698,0.975,189.838,36.759
11.542,4.717,189.027,310.891
14.775,6.737,187.602,412.1
12.482,-2.255,191.931,242.074
13.365,-0.48,191.357,568.523
14.222,1.255,190.861,533.52
15.77,4.508,189.997,245.982
4.612,4.492,192.749,769.157
5.275,5.825,193.153,476.023
5.737,6.71,193.273,529.939
6.485,8.275,192.932,791.548
8.425,12.188,191.566,286.484
10.79,12.48,189.594,567.339
8.278,3.032,193.169,530.466
13.735,22.805,195.407,32.158
15.015,25.343,197.391,295.258
15.575,26.377,197.946,1129.142
16.045,27.222,198.121,818.605
16.645,28.47,197.282,660.397
17.637,30.498,195.388,211.605
15.188,21.155,191.894,110.149
17.02,20.708,195.47,21.334
6.558,3.99,192.343,409.121
7.883,6.668,191.938,1380.089
9.472,9.915,191.176,430.073
11.835,10.195,188.7,560.183
8.877,-0.125,193.266,727.929
9.205,0.55,193.646,513.941
9.54,1.21,194.026,792.143
9.875,1.87,194.16,472.611
10.205,2.538,194.053,571.239
13.61,8.852,190.752,107.625
19.698,20.968,189.24,56.021
17.528,12.208,188.595,135.174
16.322,5.362,192.151,100.361
18.977,10.875,193.435,21.648
22.16,17.218,190.327,28.881
21.36,10.765,188.915,164.738
19.265,1.965,192.261,672.383
6.705,8.722,192.053,521.67
7.708,10.73,193.144,607.966
8.22,11.85,193.476,8.873
8.938,13.37,193.994,51.718
9.353,14.17,193.814,905.49
10.218,15.82,193.499,539.618
11.982,14.928,189.426,196.787
10.125,6.827,192.387,560.181
16.477,28.142,195.622,479.745
17.573,30.245,197.015,908.207
18.172,31.492,196.969,955.728
18.773,32.65,196.301,1017.21
19.585,34.322,195.106,143.149
16.902,24.637,191.014,199.777
18.84,24.315,194.504,201.658
16.852,28.785,192.619,113.283
18.467,31.96,195,219.556
19.185,33.425,195.228,151.626
19.785,34.582,194.951,58.106
20.288,35.578,194.779,48.822
20.78,36.675,194.469,58.466
19.767,30.292,192.361,163.613
20.165,26.95,192.721,134.28
14.612,11.052,188.806,66.89
17,15.867,189.243,24.798
17.962,17.75,189.125,5.851
19.028,19.83,190.205,293.159
21,23.82,189.296,173.742
19.483,16.428,183.8,187.313
18.49,10.022,190.298,208.686
20.218,13.51,189.438,108.728
21.587,16.258,191.417,132.129
23.118,19.22,191.109,368.36
4.035,3.385,193,705.386
5.16,5.612,193.11,643.38
5.815,6.945,192.503,777.261
6.54,8.462,192.177,441.668
8.235,11.858,191.361,1228.013
9.992,10.925,189.193,474.359
7.253,1.045,193.065,542.445
7.915,2.38,193.283,1174.57
7.968,11.27,191.513,172.53
9.488,14.365,193.265,263.405
10.415,16.285,194.477,732.105
11.61,18.697,195.069,519.423
13.245,17.475,190.042,21.694
11.612,9.81,191.931,273.351
17.54,30.422,191.052,16.102
18.407,32.05,192.622,154.704
19.567,34.332,193.615,213.542
20.788,36.792,193.822,123.153
21.397,38.01,193.925,104.507
18.532,27.905,189.235,121.414
19.62,25.918,189.117,63.034
21.465,29.765,192.239,200.861
17.258,20.767,189.561,5.014
20.053,26.387,193.417,112.292
21.135,28.515,194.206,587.83
22.812,31.822,194.005,427.373
20.558,22.885,190.028,334.018
19.438,16.28,188.57,11.795
22.182,22.012,192.341,5.586
23.912,25.42,194.87,366.785
25.045,27.522,196.368,376.508
25.8,28.977,196.109,138.326
3.527,2.243,192.775,698.84
3.745,2.685,192.852,813.193
5.637,6.485,191.928,730.258
6.793,8.887,191.067,459.142
8.613,12.455,190.233,27.459
10.227,15.58,189.133,5.814
8.693,8.17,189.545,652.667
7.188,0.8,193.143,680.136
8.065,2.578,192.547,369.54
7.095,9.575,193.239,595.809
7.975,11.36,193.566,531.895
8.7,12.832,193.925,731.961
9.763,14.97,193.414,816.87
10.64,16.7,193.035,3.197
12.512,20.363,190.755,9.192
11.637,14.21,189.119,333.179
9.662,5.892,192.465,565.967
10.652,7.9,193.464,422.221
10.367,6.947,191.05,143.43
11.887,10.043,192.104,207.809
13.802,13.915,192.526,562.167
16.042,18.337,191.465,15.26
17.6,21.387,189.51,18.369
15.558,12.932,188.943,222.39
14.115,5.737,192.574,177.944
15.57,8.592,193.587,674.06
15.992,9.435,193.821,617.153
8.942,4.14,191.064,259.912
10.14,6.582,191.576,455.874
12.083,10.505,191.393,723.068
14.148,14.525,190.939,6.101
16.02,18.188,188.888,16.703
14.368,10.56,188.5,234.645
12.49,2.473,192.567,400.927
13.59,4.688,193.116,545.407
14.025,5.58,193.154,532.709
14.977,7.52,192.985,649.394
14.4,24.34,197.002,154.248
15.057,25.56,197.859,872.542
15.525,26.403,198.141,669.918
16.14,27.675,197.402,408.162
17.552,30.595,195.061,90.853
16.727,20.33,195.601,12.767
20.15,26.598,192.077,189.656
21.765,29.773,194.139,603.138
23.177,32.695,193.564,173.503
24.27,34.95,192.73,269.595
21.322,24.618,189.579,293.974
20.905,19.538,189.313,6.113
24.12,25.99,194.053,261.039
25.497,28.472,195.143,246.007
26.51,30.37,195.422,91.071
22.27,26.248,194.128,679.016
20.75,18.82,190.266,279.982
20.535,14.195,192.393,13.827
24.205,21.558,196.664,681.747
26.837,26.558,194.574,937.845
25.125,18.512,191.146,371.633
24.545,12.76,193.043,11.625
7.3,0.805,191.315,127.931
8.4,3.03,191.053,449.467
9.698,5.655,190.617,191.192
12.05,10.325,189.69,99.246
12.57,6.787,189.041,519.408
10.322,-1.995,192.805,585.808
11.293,0.028,193.034,587.683
11.955,1.358,192.422,592.209
13.025,3.502,191.84,410.541
7.968,2.143,191.294,1985.048
8.97,4.15,191.23,606.135
10.795,7.852,190.664,238.77
14.015,9.915,188.634,530.671
11.503,0.468,193.218,1154.569
12.055,1.578,193.121,574.572
12.71,2.925,192.596,522.015
13.675,4.848,192.099,450.063
11.312,8.907,190.985,424.725
14.623,15.558,193.167,302.209
16.185,14.21,189.855,662.868
14.53,6.565,191.822,594.786
16.27,10.09,193.797,749.23
17.017,11.57,194.636,909.76
17.44,12.435,194.841,1091.563
17.943,13.552,194.685,583.671
16.562,19.537,193.009,3
15.732,9.033,191.85,122.915
17.58,12.732,194.053,321.816
18.27,14.26,194.772,17.315
18.773,15.377,195.042,154.454
13.492,22.258,188.814,25.106
15.98,27.282,192.225,2.309
17.385,30.008,194.465,1196.743
19.188,33.525,195.783,286.591
19.97,35.102,195.23,78.51
20.565,36.392,194.912,88.927
17.613,26.055,188.837,96.412
16.898,20.358,188.771,8.636
20.145,27.115,193.671,245.923
8.97,4.152,191.424,348.886
9.972,6.16,191.355,480.307
11.043,8.335,191.273,716.395
13.057,12.348,190.846,77.255
15.562,17.322,188.294,11.215
14.262,10.365,188.308,272.983
12.075,1.598,192.751,522.151
12.845,3.148,192.986,610.016
13.602,4.705,193.098,459.517
14.467,6.415,192.724,548.061
13.188,12.812,192.018,5.271
15.575,17.628,193.71,5.939
18.455,23.248,193.444,67.59
16.91,15.845,190.548,66.311
15.985,9.628,191.92,642.101
17.82,13.342,194.118,115.163
18.745,15.295,194.921,40.775
19.24,16.405,195.501,4.616
19.84,17.683,195.975,952.885
7.965,2.138,191.213,377.793
9.065,4.362,191.353,299.019
10.707,7.645,190.875,514.087
12.87,11.883,190.165,57.654
15.163,16.407,187.883,8.906
13.51,8.78,188.444,410.128
11.302,0.025,192.725,508.616
12.18,1.802,193.177,432.085
13.17,3.797,192.658,418.497
14.035,5.508,192.232,634.977
4.8,4.945,192.893,697.186
5.588,6.5,193.295,703.023
6.588,8.508,192.916,555.114
8.583,12.617,191.982,740.61
11.638,18.682,188.753,13.059
10.868,12.72,188.509,207.668
8.355,3.272,192.677,477.475
9.125,4.822,193.087,621.358
6.453,8.195,192.303,666.347
7.65,10.637,193.532,732.85
8.508,12.4,193.842,443.601
9.278,13.91,193.795,494.948
10.245,15.84,193.413,322.343
11.65,18.565,192.878,30.853
13.635,22.468,190.369,28.767
12.315,15.512,189.57,196.733
10.33,7.198,192.588,361.332
11.215,8.968,193.358,634.775
8.418,12.387,192.03,664.64
10.138,15.915,194.264,879.362
10.908,17.425,195.106,970.568
11.575,18.712,195.209,404.733
14.645,24.73,193.486,16.3
12.605,16.202,190.422,26.648
11.343,9.363,191.383,688.908
13.017,21.23,190.559,10.282
15.812,26.85,194.648,75.017
16.552,28.253,196.088,451.875
18.27,31.628,196.513,802.71
18.683,32.415,195.907,549.033
19.495,34.088,195.01,57.482
16.915,24.595,189.963,368.702
16.307,19.093,190.548,19.019
19.27,25.215,194.729,352.662
13.8,22.885,188.22,9.038
16.385,28.062,191.878,5.56
17.785,30.778,194.074,487.01
18.868,32.905,195.465,868.569
19.598,34.295,195.321,1301.85
20.295,35.695,194.588,129.228
20.788,36.793,194.241,182.769
18.585,28.023,189.804,1704.983
17.977,22.52,189.24,10.495
20.37,27.482,192.967,230.275
5.482,10.707,192.521,704.369
6.568,12.938,193.856,600.098
7.105,14.06,194.583,446.35
7.713,15.365,195.478,170.925
8.127,16.165,195.466,990.422
8.375,16.59,195.224,1280.629
8.602,17.072,194.967,1059.872
8.805,17.532,194.753,583.333
9.455,18.78,194.53,74.338
7.64,5.922,192.201,739.432
9.142,9.008,192.424,363.866
11.383,13.508,191.932,77.962
13.742,18.072,189.944,171.473
12.253,10.608,188.306,206.831
10.457,2.675,192.034,235.166
11.428,4.697,192.079,348.647
11.63,5.15,192.108,321.912
11.845,5.592,192.138,224.186
12.068,6.03,192.17,219.83
8.148,16.13,192.717,1.76
10.193,20.267,195.469,1.411
10.537,20.982,195.904,7.82
10.762,21.42,196.245,63.095
11.178,22.185,196.826,42.319
11.603,22.995,196.98,53.819
11.812,23.438,196.961,2.941
8.73,8.415,192.108,477.674
12.09,15.14,192.725,190.569
14.095,19.078,191.09,26.396
13.445,13.372,190.924,419.697
11.96,6.095,192.992,681.474
12.505,7.205,193.638,536.496
12.727,7.642,193.918,381.989
12.948,8.092,194.206,281.126
13.41,8.96,194.602,342.743
11.228,22.17,190.442,197.253
13.91,27.577,194.482,14.888
15.23,30.075,196.682,939.984
15.888,31.35,197.606,1145.747
16.098,31.8,197.807,1429.887
16.312,32.21,197.851,1872.771
16.702,32.972,197.591,1044.234
17.115,33.76,196.941,722.198
17.325,34.155,196.499,170.041
17.505,34.54,196.057,114.792
15.227,12.12,190.794,16.11
19.005,15.293,189.324,18.158
17.62,8.043,191.491,193.031
20.078,13.088,193.725,96.863
22.64,13.383,189.455,15.356
21.188,5.887,192.067,229.248
9.622,5.458,191.022,473.211
11.245,8.753,191.758,466.428
12.625,11.593,191.627,433.079
13.72,9.175,190.784,230.094
12.19,1.77,191.724,434.729
13.375,4.235,192.726,417.562
14.14,5.795,193.403,120.133
14.715,6.88,193.466,417.506
15.76,9.043,192.914,571.834
5.148,5.605,192.806,627.183
6.045,7.383,193.341,631.833
6.798,8.933,192.958,645.4
7.522,10.45,192.849,180.318
9.55,14.512,191.884,54.476
11.68,18.618,189.731,23.134
10.385,11.598,189.052,185.704
8.365,3.247,192.413,394.999
9.463,5.48,193.149,585.488
7.415,1.015,191.292,369.348
8.515,3.24,190.976,213.359
9.692,5.642,190.529,33.463
13.72,13.668,187.213,42.784
13.16,8.112,188.003,577.62
10.623,-1.312,192.914,692.479
11.287,0.015,192.74,517.101
13.365,4.162,191.427,1317.882
18.97,24.102,194.216,132.706
20.375,26.828,195.535,848.02
21.092,28.292,195.284,488.642
22.278,30.782,193.973,508.165
21.012,23.905,190.569,309.81
20.415,18.422,192.264,43.043
22.477,22.715,195.546,78.833
23.71,24.982,197.073,322.801
24.34,26.06,197.142,394.181
13.94,18.792,189.357,10.907
16.525,23.97,192.856,9.14
18.668,28.152,194.949,24.788
20.555,31.902,193.648,51.372
18.745,23.915,189.424,645.979
17.935,17.977,190.165,21.384
20.233,22.745,193.389,84.24
21.652,25.485,195.248,174.707
22.495,26.948,195.481,174.347
22.702,27.42,195.44,258.968
5.963,7.135,192.748,700.633
6.86,8.912,193.227,599.213
7.398,10.035,193.349,673.292
8.02,11.352,193.118,284.364
10.6,16.438,192.14,47.534
12.912,20.962,189.55,28.782
11.367,13.56,189.167,204.483
9.165,4.79,192.365,231.548
9.935,6.347,193.018,529.398
10.948,21.538,190.768,40.398
13.98,27.57,195.374,437.975
15.275,30.08,197.583,1264.49
15.503,30.512,197.828,1166.169
15.693,30.945,198.064,1173.982
15.902,31.395,198.264,1243.487
16.312,32.21,198.083,1094.777
16.702,32.972,197.373,1286.443
16.92,33.355,196.949,851.389
17.13,33.75,196.507,157.887
8.953,4.138,191.437,261.001
10.362,7.035,191.349,206.461
11.635,9.67,190.994,348.784
15.545,17.307,188.358,217.781
14.355,10.562,188.365,561.266
12.265,2.025,193.192,585.48
12.925,3.362,192.879,628.795
13.48,4.465,192.881,400.134
14.345,6.175,192.604,20.102
8.12,6.822,191.554,105.552
9.64,9.918,192.466,217.155
12.005,14.602,192.359,249.894
14.745,19.985,189.869,12.938
13.31,12.797,187.845,227.822
11.432,4.71,191.958,145.643
12.202,6.268,192.082,211.254
12.53,6.928,192.083,182.195
12.75,7.377,192.144,219.37
12.977,7.82,192.172,265.857
8.502,7.71,192.201,676.807
10.222,11.238,192.346,321.548
12.385,15.475,192.431,144.075
15.137,20.875,189.696,125.454
13.287,12.78,187.608,145.847
12.495,6.925,192.239,223.771
12.93,7.818,192.217,152.721
13.157,8.26,192.268,165.766
13.382,8.695,192.302,141.239
11.008,13.175,192.182,253.02
13.283,17.778,194.412,103.208
15.992,18.77,190.558,25.708
14.675,11.727,192.912,195.46
16.078,14.555,194.895,445.476
16.5,15.42,195.506,595.211
16.798,16.102,195.906,2605.821
17.095,16.798,196.149,101.665
9.477,5.208,191.124,324.425
10.675,7.65,191.732,405.438
12.5,11.352,191.849,1184.41
14.675,15.588,191.409,9.233
16.548,19.25,189.406,18.602
14.893,11.635,188.816,256.434
13.343,4.208,192.872,430.785
14.443,6.428,193.23,671.287
14.905,7.295,193.681,512.307
15.95,9.457,193.248,577.963
8.433,7.472,191.83,836.34
10.152,11,192.827,591.906
12.382,15.465,192.783,174.988
13.69,13.595,189.993,259.152
12.418,6.69,192.015,281.792
12.95,7.812,192.327,183.941
13.4,8.692,192.321,177.619
13.625,9.127,192.368,153.139
13.86,9.552,192.479,163.131
8.93,8.852,192.713,349.37
11.07,13.168,192.297,659.39
13.707,18.35,189.659,16.056
12.615,11.758,189.427,274.453
10.64,3.44,192.86,552.474
11.412,4.995,193.748,402.635
11.725,5.667,194.139,672.571
12.052,6.327,194.296,350.472
12.392,6.987,194.236,477.47
4.833,9.412,192.424,498.664
5.722,11.207,193.478,485.709
6.26,12.32,194.146,244.663
6.582,12.99,194.593,508.471
6.892,13.662,194.846,423.148
7.19,14.28,195.019,236.533
7.5,14.91,194.878,413.607
7.703,15.312,194.668,809.386
7.95,15.738,194.425,869.469
8.402,16.657,194.017,388.507
8.955,-0.618,190.217,137.594
10.168,1.847,189.81,61.347
12.428,6.355,189.052,204.227
14.605,6.25,187.781,559.145
12.312,-2.743,192.015,476.106
13.942,0.607,191.284,700.588
15.125,2.98,190.623,479.281
16.24,5.362,190.026,201.593
17.438,21.308,187.835,102.135
20.7,27.77,192.247,341.321
22.29,30.875,193.914,845.015
22.89,32.123,193.735,2106.301
23.495,33.31,193.313,341.459
21.568,25.102,189.263,398.028
21.27,20.278,188.957,5.316
23.798,25.498,192.816,176.363
24.812,27.348,194.435,524.975
26.102,29.595,195.269,574.128
9.245,9.27,192.063,363.344
15.765,22.218,190.156,8.271
14.003,14.375,187.336,150.353
13.482,8.915,192.308,349.04
13.815,9.582,192.341,315.552
14.05,10.008,192.444,275.715
14.248,10.415,192.635,179.672
9.287,0.063,190.26,153.794
13.935,9.38,188.782,126.407
15.198,7.402,188.522,566.045
14.285,1.265,191.484,1042.112
16.16,5.178,190.445,414.621
18.095,4.19,188.927,591.492
9.668,10.3,191.957,1808.672
11.608,14.267,193.542,497.66
16.032,23.078,191.617,21.899
14.543,15.613,189.326,95.939
12.685,7.513,192.092,863.612
14.445,11.062,194.271,791.601
14.867,11.905,194.96,430.128
15.472,13.16,195.776,665.981
10.543,11.82,188.817,70.653
12.263,15.348,189.211,31.512
13.65,18.082,190.409,11.262
15.302,21.233,191.309,317.586
17.082,24.76,191.231,162.979
18.182,27.01,189.405,101.373
16.755,19.797,185.271,141.233
15.455,12.787,189.131,134.807
16.282,14.532,189.97,74.814
17.07,16.3,189.853,8.59
3.542,6.772,193.039,876.524
3.875,7.453,193.437,750.357
4.112,7.895,193.698,460.052
4.455,8.558,194.074,733.014
4.79,9.222,194.208,426.227
5.102,9.892,194.139,569.291
5.402,10.558,193.832,387.192
5.627,11.01,193.637,494.837
6.15,12.095,193.37,586.626
7.213,14.233,192.684,885.599
5.398,10.512,192.698,506.053
6.385,12.525,193.889,399.992
6.685,13.19,194.311,235.213
6.995,13.863,194.831,2610.068
7.627,15.145,195.269,1785.65
7.933,15.748,195.044,941.255
8.18,16.172,194.801,1122.14
8.408,16.655,194.544,840.921
8.828,17.518,194.267,270.381
20.722,23.17,192.064,119.742
19.858,16.92,189.664,62.261
19.065,10.99,191.914,19.607
21.613,16.307,194.719,9.542
22.508,18.195,195.662,122.706
24.385,21.695,194.97,625.235
26.078,24.8,192.759,97.694
23.948,15.925,190.86,53.267
23.13,9.745,192.938,3.023
18.598,19.115,189.728,145.815
21.938,25.798,193.51,311.044
23.81,29.46,193.718,528.023
22.41,22.288,190.238,552.854
22.218,17.69,190.876,25.705
25.247,23.697,195.011,1460.173
26.708,26.405,196.224,722.386
27.875,28.678,195.243,661.616
26.698,21.735,191.569,600.451
26.208,16.208,191.421,22.082
14.418,10.63,188.064,79.495
16.358,14.598,188.829,43.813
17.955,17.775,189.713,32.745
19.982,21.688,190.014,344.679
19.078,15.51,183.294,211.521
17.692,8.26,189.727,279.225
20.142,13.337,189.996,89.474
21.32,15.91,190.464,40.566
22.392,17.975,191.229,250.852
19.835,21.5,189.525,109.369
23.695,29.177,193.104,295.137
25.352,32.54,192.393,67.706
22.88,23.25,188.467,205.811
22.362,17.968,189.139,10.274
25.945,25.098,194.007,396.39
27.422,27.782,195.185,639.941
28.38,29.612,194.644,224.84
26.76,21.807,190.504,388.783
26.15,16.067,189.234,9.139
7.923,11.268,192.314,590.688
9.848,15.207,194.491,364.371
10.405,16.262,194.929,1080.047
10.968,17.38,194.753,692.475
13.005,17.058,190.3,139.33
11.268,9.168,192.484,723.404
18.487,18.652,190.202,241.248
18.475,14.192,188.97,148.546
16.398,5.642,191.448,1125.789
19.502,11.982,193.933,684.079
20.81,14.785,194.027,36.462
23.1,19.102,191.849,31.708
22.352,12.735,190.338,341.239
20.782,5.04,192.85,826.155
5.272,5.822,192.618,745.931
6.058,7.388,193.079,539.575
6.615,8.502,193.327,566.182
7.127,9.623,193.139,411.407
7.748,10.91,192.868,2430.009
8.825,13.037,192.356,597.316
11.675,18.67,189.226,124.891
10.798,12.48,189.598,316.913
8.488,3.487,192.616,577.873
9.475,5.485,193.265,410.983
4.167,3.595,192.718,670.764
4.617,4.495,193.068,632.209
5.598,6.495,192.733,767.303
7.525,10.455,191.381,1726.927
8.602,12.582,190.785,1420.937
9.895,10.707,187.798,618.321
7.5,1.475,193.2,637.268
8.285,3.035,192.771,541.536
8.178,2.572,191.354,378.755
9.475,5.258,191.109,265.141
10.78,7.877,190.608,699.242
11.955,10.157,190.176,77.953
14.662,15.588,187.282,4.105
14.013,9.912,188.293,485.48
11.39,0.252,192.778,579.279
11.838,1.14,193.117,465.255
12.828,3.135,192.524,470.689
13.685,4.87,192.007,630.333
12.955,12.36,192.06,5.807
15.012,16.56,193.394,23.347
18.54,23.39,192.451,7.592
17.212,16.43,189.818,64.857
15.662,9.003,191.861,740.585
17.39,12.49,194.014,75.9
18.445,14.678,194.781,58.593
18.742,15.373,195.072,8.084
19.328,16.625,195.66,40.994
16.57,19.452,191.693,92.272
18.128,22.502,189.794,13.782
16.55,14.953,189.571,433.697
16.062,9.722,193.569,188.001
16.907,11.43,194.342,459.457
6.018,7.332,192.615,580.393
6.908,9.127,193.481,573.894
10.765,16.87,192.527,14.847
12.67,20.538,190.5,36.676
11.025,12.892,189.283,122.642
9.225,4.997,192.288,360.79
10.435,7.447,193.16,542.145
7.018,9.31,192.426,499.292
8.627,12.64,194.047,421.251
9.247,13.942,193.962,628.712
9.897,15.26,193.792,668.337
13.167,21.645,191.148,31.723
12.09,15.087,189.333,113.018
10.108,6.772,192.007,2432.517
11.207,8.992,193.03,345.05
7.102,9.532,192.125,599.631
8.4,12.218,193.576,487.981
9.235,13.957,194.066,307.008
9.793,15.012,194.11,788.925
10.755,16.895,193.874,341.804
11.69,18.775,193.646,51.129
13.185,21.69,192.001,36.909
12.445,15.793,190.468,222.251
11.617,9.88,192.982,46.783
16.13,18.655,189.526,22.929
18.72,23.87,192.938,79.509
20.157,26.635,194.789,796.58
21.715,29.685,194.684,310.512
23.01,32.39,193.242,150.335
19.665,17.025,190.215,11.422
22.61,23.087,194.586,179.639
23.572,24.93,196.365,723.462
24.427,26.438,196.944,238.403
20.102,26.428,195.184,611.719
22.177,30.575,193.89,502.075
19.815,21.465,189.34,321.724
19.1,15.768,191.392,36.605
21.858,21.47,194.975,31.908
22.833,23.295,196.541,398.365
23.865,25.195,197.377,525.856
16.135,18.738,190.659,19.994
18.725,23.952,194.018,134.561
21.595,29.497,194.666,298.574
22.485,31.36,193.433,24.305
19.802,21.675,189.886,1448.561
19.402,16.608,191.347,14.071
22.16,22.31,195.301,32.356
22.938,23.72,196.461,878.532
24.09,25.823,197.405,782.465
5.465,6.26,192.846,458.53
6.14,7.602,192.933,578.079
6.803,8.948,193.345,339.199
7.84,11.09,192.779,368.006
8.902,13.227,192.192,596.609
10.34,15.992,191.496,219.771
10.293,11.523,190.108,517.534
8.91,4.378,193.094,466.089
9.685,5.925,193.254,608.867
7.403,10.217,191.644,505.199
8.913,13.3,193.48,916.778
9.97,15.495,194.348,634.444
10.4,16.38,194.342,767.162
10.957,17.47,194.075,158.869
13.617,22.582,192.746,31.146
12.21,15.397,190.139,64.832
10.835,8.34,191.59,1288.39
12.175,19.637,190.879,42.281
14.765,24.853,194.537,255.216
16.085,27.4,196.433,250.108
16.755,28.65,197.082,387.405
17.277,29.71,197.202,380.398
18.97,33.132,194.767,152.033
17.197,25.267,191.073,252.758
16.387,19.33,191.654,15.942
18.455,23.615,195.011,265.531
8.518,3.23,191.384,408.222
9.408,5.025,191.34,317.26
10.67,7.61,191.198,142.095
12.812,11.848,190.699,10.99
15.662,17.532,187.767,95.779
14.127,10.123,187.884,567.76
11.615,0.675,192.991,572.565
12.387,2.23,192.988,690.054
12.935,3.345,192.829,502.91
13.792,5.08,192.563,81.116
10.587,7.44,191.786,304.12
11.992,10.28,191.465,229.684
13.058,12.363,191.217,45.324
14.37,10.537,188.3,338.324
12.492,2.445,192.578,608.909
13.703,4.895,193.105,520.304
14.455,6.408,193.159,452.839
16.773,19.96,188.548,610.467
21.52,29.375,194.6,1336.251
22.365,31.065,194.495,658.811
23.372,33.142,193.816,370.319
20.922,23.8,189.041,371.265
20.012,17.655,188.813,11.722
22.95,23.778,193.042,147.648
24.12,26.05,195.037,695.379
25.298,28.148,196.119,1488.271
16.945,24.615,189.419,65.27
20.395,31.477,193.946,1071.908
21.355,33.355,194.38,942.109
21.87,34.335,194.105,143.509
22.683,36.008,193.743,300.133
19.785,21.665,188.893,52.129
23.465,29.033,194.17,401.173
24.75,31.328,195.402,319.889
25.298,32.31,195.41,137.932
12.802,11.892,191.7,382.202
15.178,16.705,193.714,500.177
17.038,15.92,189.132,49.205
15.19,7.802,191.277,483.034
17.343,12.198,193.922,840.835
18.495,14.592,195.195,938.072
18.998,15.71,195.076,111.322
8.315,16.32,188.642,75.128
7.957,11.203,188.932,382.655
5.645,2.22,192.316,384.263
6.745,4.435,192.227,349.385
8.045,7.035,191.793,546.121
10.16,11.273,190.916,270.831
11.422,8.933,188.484,83.776
10.905,3.345,190.175,91.149
15.177,12.135,187.59,81.824
8.502,7.697,192.551,663.55
9.91,10.58,191.987,228.067
11.975,14.6,192.351,173.905
15.012,20.672,189.347,100.988
13.578,13.485,187.907,248.546
11.402,4.708,192.024,218.072
12.172,6.265,192.16,243.789
12.5,6.925,192.163,192.56
12.72,7.375,192.21,156.976
12.947,7.818,192.248,175.39
8.877,8.345,191.924,779.886
10.485,11.66,192.896,596.009
12.96,16.56,192.886,184.946
15.712,21.96,190.156,127.063
14.168,14.557,188.236,188.34
13.293,8.46,192.466,189.661
13.848,9.565,192.444,171.375
14.083,9.99,192.568,192.383
14.28,10.398,192.712,122.793
14.752,20.267,189.923,532.498
18.955,28.602,194.966,455.557
20.727,32.153,195.021,96.604
18.645,23.625,187.752,106.344
17.832,17.688,189.735,20.832
20.887,23.985,193.918,181.112
22.107,26.27,195.341,286.004
22.843,27.575,195.529,206.776
23.17,28.25,195.294,309.793
8.617,12.543,189.058,478.677
6.633,4.228,192.377,465.928
7.408,5.775,192.233,124.541
8.582,8.152,191.725,712.795
10.955,12.832,190.64,78.929
12.47,11.1,187.376,66.021
11.455,4.475,190.219,72.786
15.832,13.492,187.078,72.842
8.242,3.043,192.772,651.065
8.898,4.39,192.323,506.919
9.863,6.312,191.796,541.694
11.302,9.332,190.997,314.33
13.175,8.17,188.51,273.246
11.058,-0.64,191.122,1285.447
13.043,3.29,190.856,461.365
14.445,6.135,190.356,436.809
17.422,12.32,186.832,9.107
8.773,17.248,190.103,7.41
7.6,10.438,189.933,224.129
6.328,3.532,192.141,341.878
9.052,9.005,191.922,644.04
9.948,10.967,191.461,541.553
12.848,16.663,188.369,6.282
11.242,4.06,190.333,115.172
15.42,12.64,187.338,254.764
8.363,3.268,193.048,556.836
9.018,4.615,192.561,608.195
10.2,6.987,191.889,582.254
11.938,10.602,191.112,243.596
12.815,7.455,190.728,319.189
13.278,3.742,190.978,515.362
14.688,6.572,190.466,452.007
10.117,6.827,193.307,383.713
11.183,8.985,192.837,460.911
12.522,11.802,192.118,294.515
13.942,14.543,191.446,4.949
16.23,18.887,188.316,11.899
15.265,12.362,188.251,477.446
13.17,3.562,191.327,489.424
16.615,10.492,191.158,100.921
18.56,14.512,189.585,12.321
10.005,6.605,193.182,443.264
10.87,8.315,192.801,553.813
11.788,10.282,192.177,711.051
13.26,13.247,191.452,4.353
15.745,18.008,188.295,6.702
12.055,1.365,191.224,475.852
15.45,8.123,191.164,665.433
16.812,10.892,190.825,1.153
13.617,9.12,192.402,145.798
13.815,9.528,192.522,97.865
14.095,10.145,192.773,104.113
15.317,12.742,193.04,1041.48
17.905,17.767,190.619,25.256
19.795,21.275,187.998,8.735
17.77,12.695,188.456,212.035
16.737,6.062,192.826,132.203
19.287,11.23,192.833,163.639
22.16,17.193,189.496,11.238
9.95,10.518,192.007,592.302
12.325,15.33,193.524,440.265
16.333,23.258,191.085,464.743
15.005,16.298,188.568,150.182
13.158,8.18,191.962,954.337
14.463,10.802,193.005,173.816
15.105,12.075,193.22,238.078
15.318,12.485,193.356,249.093
15.53,12.925,193.395,342.538
8.53,12.322,189.158,312.426
6.328,3.553,192.295,320.557
7.652,6.207,192.26,366.15
8.942,8.807,191.952,673.553
10.455,11.988,191.463,362.782
12.403,10.87,187.85,71.047
11.043,3.59,190.286,117.28
15.633,13.065,187.354,185.72
9.198,18.105,189.187,49.035
8.76,12.748,188.336,202.704
6.682,4.197,192.099,344.303
11.09,13.34,191.306,18.498
12.63,11.31,187.935,68.045
11.915,5.358,190.343,61.752
16.193,14.142,187.969,39.436
8.19,11.64,188.371,281.446
6.015,2.862,192.209,355.209
7.54,5.987,192.192,131.989
8.61,8.133,191.812,598.383
10.227,11.537,191.23,318.183
11.957,9.978,187.826,81.29
11.142,3.787,190.334,90.691
13.405,8.395,189.963,500.635
13.172,8.252,192.27,149.081
13.408,8.678,192.357,155.537
13.93,9.722,192.696,75.604
15.22,12.528,192.734,76.068
17.582,17.15,190.584,27.777
19.565,20.873,187.538,8.513
18.317,13.795,188.812,88.66
17.302,7.17,192.914,411.912
19.095,10.787,192.589,420.841
20.738,14.24,191.7,11.046
6.11,12.05,192.936,964.222
6.982,13.822,194.008,687
7.305,14.492,194.455,578.154
8.127,16.165,195.718,771.211
8.575,17.023,195.571,1079.474
8.802,17.505,195.315,1242.966
9.005,17.965,195.102,761.319
9.537,18.963,194.891,121.338
12.97,17.092,194.176,422.623
14.047,19.227,194.449,119.803
15.26,17.222,189.974,72.899
13.628,9.557,192.305,652.712
15.263,12.817,194.518,765.668
15.673,13.635,195.28,898.15
15.885,14.075,195.557,705.579
16.295,14.985,195.854,399.307
18.915,19.81,190.059,147.404
22.67,27.232,193.019,511.018
22.27,22.118,189.654,416.938
21.87,17.05,190.53,32.846
25.452,24.168,195.197,1921.472
26.93,26.852,196.114,739.208
27.988,28.902,195.053,604.376
25.828,19.983,190.696,589.587
10.415,20.54,192.591,14.639
13.427,26.548,197.371,265.779
13.957,27.542,198.427,816.051
14.318,28.172,198.877,559.492
14.672,28.83,199.011,918.871
14.992,29.495,198.825,329.963
15.287,30.122,198.291,1149.731
15.465,30.512,197.819,1182.686
15.77,31.098,197.152,1036.82
12.808,20.963,191.745,40.016
16.278,27.77,196.853,839.731
17.242,29.647,197.603,1099.649
17.74,30.702,197.54,1170.769
17.935,31.107,197.163,1174.106
18.435,32.068,196.293,544.028
16.073,22.958,192.06,220.915
18.433,23.54,195.306,180.838
7.19,5.327,192.341,364.418
8.17,7.327,192.4,469.256
9.785,10.613,191.827,762.644
12.485,11.535,188.954,366.795
9.863,1.875,192.917,726.939
10.525,3.21,193.679,600.083
10.758,3.647,193.934,420.694
11.192,4.545,194.207,426.966
11.617,5.435,194.001,295.437
14.46,10.59,190.957,101.641
17.968,13.04,189.291,72.933
16.843,6.46,191.857,2491.332
18.995,10.855,193.802,365.103
20.105,13.22,194.037,538.413
21.95,16.863,193.342,23.715
24.045,20.817,190.505,16.996
22.752,13.617,190.302,345.293
20.987,5.48,193.125,621.914
4.43,8.57,192.66,726.627
5,9.683,193.307,615.012
5.453,10.567,193.821,403.844
5.765,11.238,194.238,616.983
6.065,11.902,194.422,343.398
6.698,13.228,194.33,797.236
6.91,13.625,194.303,472.258
7.215,14.227,194.078,711.174
8.178,16.11,193.4,530.65
13.82,9.262,191.001,9.448
17.785,17.105,190.665,169.689
18.473,14.195,189.322,252.9
19.59,12.16,193.864,530.436
20.798,14.75,193.798,25.84
22.775,18.438,191.65,29.611
21.472,10.96,189.752,117.954
19.912,3.253,192.248,702.293
18.407,18.735,191.359,684.414
21.642,25.188,194.734,344.009
23.497,28.927,193.954,175.044
21.545,20.632,190.303,200.13
21.648,16.59,192.507,69.882
25.23,23.72,196.988,201.538
26.098,25.182,196.861,289.373
25.213,18.733,191.404,318.519
24.828,13.422,191.866,10.57
9.872,19.387,192.416,19.494
12.142,23.97,195.702,2.455
13.112,25.892,197.369,181.52
13.528,26.7,198.235,747.677
13.877,27.325,198.801,606.542
14.237,27.955,198.992,917.658
14.545,28.605,198.874,660.035
14.865,29.27,198.458,1059.77
15.08,29.68,198.039,1419.641
15.36,30.262,197.344,1118.941
6.87,4.652,192.403,360.332
7.85,6.652,192.385,481.272
9.873,10.718,191.649,570.134
13.35,17.657,188.353,12.322
12.375,11.315,188.833,493.284
9.635,1.435,193.17,689.536
10.078,2.322,193.675,522.227
10.428,2.98,194.057,626.948
10.758,3.648,194.184,463.077
11.07,4.32,194.079,485.603
14.022,9.72,190.957,135.092
20.095,21.785,189.211,57.952
18.81,14.87,189.54,519.759
17.487,7.81,193.039,253.763
19.262,11.52,193.666,428.66
20.992,14.927,193.251,30.437
23.085,18.83,190.931,34.322
21.605,11.185,189.796,217.922
19.81,3.055,192.508,770.476
13.433,22.105,190.442,5.274
16.118,27.495,194.463,66.993
16.985,29.122,196.012,427.819
17.75,30.595,196.407,772.783
18.578,32.24,196.492,362.187
18.99,33.028,196.156,741.59
19.693,34.52,195.29,145.259
17.898,26.587,191.673,194.822
19.15,24.98,193.887,108.572
9.295,4.797,191.357,356.719
10.403,7.032,191.492,419.065
11.668,9.657,191.247,768.22
13.137,12.6,190.974,36.982
15.76,17.803,188.269,11.493
14.465,10.783,187.829,242.849
12.075,1.56,192.522,416.468
13.172,3.792,193.065,576.76
14.06,5.55,193.219,523.085
14.915,7.252,192.871,533.591
11.155,22.01,191.039,19.659
13.84,27.4,195.193,113.977
15.05,29.682,197.272,1183.95
15.52,30.528,197.842,1278.435
15.71,30.96,198.078,1070.681
16.005,31.587,198.237,391.406
16.312,32.21,198.083,1093.091
16.938,33.37,196.984,756.572
17.148,33.765,196.543,164.382
6.09,3.11,192.292,306.913
8.6,8.157,190.975,421.382
10.883,8.18,189.112,661.194
8.232,-1.462,193.495,551.667
8.648,-0.555,193.999,547.424
8.972,0.113,194.138,522.43
9.308,0.772,194.03,745.098
9.658,1.43,193.668,513.748
6.99,4.883,192.411,420.826
7.775,6.447,192.223,634.701
9.365,9.695,191.582,595.086
12.728,16.392,188.498,5.024
11.652,9.735,188.951,417.873
9.115,0.305,193.023,710.661
9.637,1.44,193.655,449.924
9.972,2.1,194.038,484.086
10.322,2.758,194.18,496.246
10.648,3.435,194.057,527.563
7.635,10.617,192.422,710.863
8.742,12.852,193.581,586.959
9.46,14.372,194.345,902.774
9.96,15.393,194.854,934.876
10.41,16.278,194.622,919.068
11.17,17.758,194.312,55.339
13.025,17.053,190.499,209.537
11.523,9.588,193.241,661.781
8.8,13.087,192.011,104.228
10.408,16.342,193.946,332.221
11.05,17.618,194.849,563.28
11.705,18.997,195.08,222.621
12.552,20.605,195.291,12.619
14.217,19.51,190.945,28.574
12.782,12.252,192.914,134.471
9.935,15.29,194.019,104.955
10.578,16.565,194.484,86.024
11.345,18.062,194.823,10.748
12.75,20.788,194.275,2.369
14.82,24.93,191.698,6.479
13.058,17.088,188.801,84.921
11.438,9.413,191.855,586.992
12.87,12.295,193.555,341.528
13.935,23.113,188.708,18.087
16.42,28.098,192.308,91.901
17.47,30.165,194.135,325.811
19.693,34.52,195.185,349.134
20.195,35.515,195.024,105.462
17.528,25.79,188.92,124.698
15.65,17.697,186.287,6.265
18.198,23.015,189.697,6.608
20.06,26.893,192.702,142.198
9.95,6.123,191.491,385.084
11.058,8.358,191.656,365.435
12.225,10.762,191.595,1032.184
13.917,14.105,191.43,9.046
16.305,18.86,188.973,17.35
15.005,11.902,188.312,280.99
12.732,2.895,192.416,191.694
13.725,4.883,193.133,509.051
14.258,6.005,193.191,577.989
15.21,7.945,193.268,941.638
7.955,2.125,191.256,339.714
8.635,3.46,191.054,237.061
10.04,6.3,190.699,80.444
14.26,14.688,187.894,75.017
13.185,8.13,188.649,558.92
11.055,-0.432,192.933,672.961
11.39,0.228,192.729,540.371
11.935,1.337,192.624,486.709
7.438,5.763,192.422,435.887
9.77,10.535,192.164,1205.466
12.705,16.407,189.09,189.313
12.598,11.772,189.097,515.609
10.092,2.328,193.189,675.977
10.538,3.2,193.696,463.73
10.867,3.867,194.078,640.139
11.193,4.545,194.207,426.663
11.52,5.205,194.12,485.103
10.303,11.36,188.715,248.659
11.605,14.013,189.43,100.453
13.205,17.273,190.216,35.797
15.058,20.855,191.18,277.879
16.337,23.345,190.85,411.821
17.438,25.595,190.088,193.815
15.488,17.352,183.927,421.371
14.368,10.748,190.943,511.703
16.312,14.675,189.911,90.398
16.92,16.038,190.047,19.845
5.715,6.715,192.656,717.073
6.285,7.827,193.108,542.51
7.262,9.845,193.345,484.422
7.98,11.365,193.055,513.795
8.933,13.305,192.514,699.477
11.77,18.945,189.413,23.923
11.32,13.602,189.755,419.582
9.145,4.825,192.872,561.179
9.805,6.162,193.328,362.979
8.623,3.47,191.349,418.394
10.028,6.322,191.448,369.846
11.953,10.235,190.913,230.879
14.155,10.115,189.444,597.844
12.278,2.027,193.137,429.963
12.713,2.918,193.243,493.989
13.148,3.81,193.027,524.829
14.225,5.96,192.481,540.056
21.5,29.422,191.517,375.3
23.192,32.72,193.299,342.122
23.923,34.11,192.992,269.655
22.27,26.56,189.068,246.709
22.15,22.075,188.829,73.176
25.368,28.523,193.622,479.755
26.448,30.41,194.246,340.147
27.44,32.285,194.409,137.376
7.302,10.028,193.097,524.078
8.268,12.032,193.721,1530.681
9.862,15.183,193.738,732.391
11.137,17.708,193.276,7.733
13.227,21.913,190.475,11.02
12.485,16.015,188.836,396.535
10.192,7.022,192.628,567.788
8.758,12.907,193.217,64.644
9.377,14.195,193.925,191.658
10.02,15.47,194.485,514.85
10.982,17.352,194.215,521.985
12.032,19.42,194.003,104.224
12.402,15.75,188.603,109.776
10.312,7.212,191.39,604.835
11.855,10.33,193.081,488.49
8.52,3.245,191.24,321.07
9.712,5.7,191.43,275.86
11.437,9.22,190.822,513.051
12.93,12.155,190.473,4.721
15.317,16.91,187.92,8.418
14.35,10.58,188.427,542.235
11.955,1.348,192.751,531.554
12.508,2.458,193.086,538.636
13.518,4.44,192.838,577.24
14.383,6.15,192.466,550.44
17.97,22.24,194.896,450.862
19.947,26.13,193.535,241.479
21.17,28.617,191.628,196.31
18.218,18.28,189.2,100.078
20.15,18.075,195.552,15.635
20.75,19.352,196.423,251.443
21.253,20.377,197.021,821.588
14.26,15.018,193.11,56.628
15.655,17.742,193.964,34.129
17.803,21.935,192.941,7.453
17.07,16.075,190.713,139.6
17.308,12.278,194.077,46.388
17.928,13.55,194.677,180.974
18.435,14.7,195.085,12.711
19.03,16.012,195.393,36.523
9.69,10.125,192.079,2435.313
12.727,16.125,193.464,48.81
14.79,20.157,192.663,6.667
13.145,12.512,189.191,80.973
13.922,9.785,192.462,409.454
14.278,10.42,192.542,322.605
14.475,10.828,192.745,216.132
14.655,11.233,192.928,238.397
15.435,17.467,193.608,3.287
17.087,20.618,194.354,472.288
19.368,25.168,192.556,100.193
17.605,17.325,189.247,40.851
16.22,10.075,191.912,204.463
18.062,13.775,194.027,16.477
18.85,15.542,195.089,30.636
19.655,17.31,195.751,22.839
20.045,18.115,196.081,873.726
13.582,13.6,192.491,55.358
14.96,16.35,192.916,10.782
16.988,20.262,191.546,12.827
18.96,24.218,189.166,4.939
17.262,16.515,189.264,452.002
16.375,10.348,193.717,96.66
17.122,11.827,194.28,167.23
17.73,13.19,194.546,38.722
5.47,6.272,192.777,560.17
6.15,7.608,193.323,622.298
7.15,9.615,193.159,657.567
7.875,11.133,192.964,193.456
9.037,13.48,192.608,2233.372
10.678,16.648,191.755,16.228
12.052,19.332,190.37,31.182
10.203,11.238,189.617,136.803
8.502,3.462,192.162,287.419
9.688,5.927,193.067,579.263
9.498,5.215,191.353,829.11
10.8,7.867,191.908,301.625
11.958,10.282,191.743,274.017
13.34,13.02,191.802,133.46
15.018,11.862,188.619,475.517
12.928,3.325,192.8,505.192
13.918,5.332,193.477,500.115
14.708,6.86,193.228,555.237
15.553,8.567,193.025,55.661
12.405,15.51,193.857,11.693
14.105,18.93,194.38,386.521
15.285,21.21,193.707,299.54
14.3,14.845,189.627,90.821
13.805,9.458,192.18,1693.496
15.54,12.93,193.39,322.039
15.933,13.775,193.544,394.95
16.143,14.23,193.562,451.42
16.343,14.705,193.589,147.034
6.325,12.482,192.188,912.741
8.355,16.648,195.21,1069.014
9.005,17.907,195.846,856.825
9.66,19.287,195.468,231.222
9.877,19.69,195.404,34.279
10.302,20.5,195.332,1.115
11.98,23.628,189.986,788.178
15.955,31.46,196.35,697.717
16.605,32.745,196.89,1051.766
16.913,33.368,196.932,1117.605
17.218,33.952,196.925,1804.269
17.538,34.528,196.723,429.617
17.825,35.115,196.284,26.239
18.11,35.728,195.669,36.316
18.322,36.177,195.368,62.361
12.522,15.975,192.309,28.654
15.007,20.96,194.729,66.675
16.505,23.852,194.869,63.575
15.808,17.965,189.234,156.526
15,12.022,191.669,253.944
17.45,17.1,194.117,567.428
18.065,18.445,194.415,14.889
18.36,19.1,194.643,16.266
18.55,19.523,194.852,17.11
13.858,18.59,189.605,9.561
16.542,23.98,193.4,105.144
19,28.778,195.104,115.714
19.618,25.738,190.401,245.837
18.722,19.56,191.402,24.594
20.505,23.13,194.206,269.586
21.925,25.87,195.465,268.97
22.292,26.535,195.422,181.263
22.5,27.008,195.367,269.821
12.668,16.433,194.22,652.762
13.948,18.97,194.357,37.109
16.235,23.537,191.892,16.469
14.745,16.072,189.353,82.675
13.008,8.182,192.027,1055.329
14.835,11.94,194.409,890.935
15.25,12.77,195.17,777.728
15.575,13.408,195.657,187.3
15.885,14.075,195.804,824.347
16.135,22.972,193.967,76.509
17.44,25.483,195.346,535.086
19.32,29.245,193.632,540.468
17.15,20.485,187.63,231.114
16.04,13.865,190.594,15.39
18.885,19.8,194.048,1.22
19.782,21.76,194.753,161.634
20.08,22.355,195.027,76.707
20.278,22.758,195.272,206.281
20.362,22.615,189.526,83.827
25.032,31.995,192.701,105.797
22.863,23.235,188.152,94.854
22.767,18.79,189.252,46.936
26.437,26.152,194.258,340.96
28.88,30.715,194.387,184.051
29.69,32.375,193.377,143.993
26.695,21.792,188.914,180.245
14.288,10.45,187.827,72.059
15.787,13.477,188.517,40.077
17.832,17.497,190.205,80.131
19.768,21.317,189.893,431.254
20.805,23.357,188.687,252.286
19.428,16.23,184.815,167.833
18.485,10.07,189.474,154.158
19.765,12.67,189.528,83.563
20.987,15.267,190.681,45.68
22.15,17.565,190.883,227.007
7.013,13.797,192.075,378.977
8.207,16.222,193.737,385.341
8.925,17.742,194.954,937.531
9.23,18.345,195.404,798.176
9.562,18.997,195.783,636.704
9.907,19.712,195.975,381.626
10.242,20.348,196.041,130.612
10.56,20.96,195.956,48.98
10.758,21.322,195.912,4.205
7.755,6.438,192.453,357.319
9.15,9.295,192.537,183.352
10.64,12.332,191.992,567.719
13.595,18.188,188.884,9.775
13.142,12.875,189.252,526.563
10.63,3.428,193.342,622.686
10.98,4.085,193.724,445.677
11.305,4.762,194.102,673.942
11.617,5.435,194.247,382.841
11.948,6.105,194.173,570.049
17.632,30.593,192.211,39.541
18.812,32.873,193.644,213.57
19.778,34.77,194.571,166.088
20.37,35.943,194.31,122.168
21.285,37.808,194.284,80.65
18.438,27.697,189.672,92.598
20.578,27.907,191.461,102.32
10.727,12.26,189.622,182.305
12.123,15.117,189.849,57.459
13.51,17.852,190.883,20.422
15.162,21.003,191.557,331.457
16.44,23.535,191.164,363.466
14.895,16.132,185.642,366.242
13.85,9.705,190.363,466.018
15.475,12.965,190.364,134.556
16.52,15.127,190.535,61.48
17.028,16.277,190.261,5.388
13.245,21.825,189.743,34.297
15.823,26.987,193.65,174.427
18.227,31.652,196.326,220.956
18.828,32.865,195.994,274.189
19.25,33.632,195.718,101.976
19.952,35.125,195.083,85.711
17.38,25.675,189.412,160.237
16.47,19.53,189.41,12.781
19.685,25.982,194.109,454.549
10.77,7.85,190.974,114.548
12.165,10.707,192.212,61.616
14.088,14.553,192.664,169.961
16.34,18.915,191.239,18.833
18.227,22.665,189.066,11.726
16.308,14.497,189.05,393.754
14.772,7.062,192.782,75.096
15.892,9.258,193.504,353.821
16.52,10.528,194.251,573.796
17.415,12.49,194.053,658.067
10.58,7.463,191.425,364.173
11.545,9.407,191.199,425.983
13.998,14.203,189.507,40.171
14.895,11.678,189.04,560.076
12.707,2.908,193.142,394.079
13.142,3.805,193.268,424.503
13.472,4.475,193.111,497.688
14.328,6.178,192.81,589.663
14.958,16.17,191.604,1014.507
18.962,24.132,195.113,637.815
20.235,26.625,194.939,483.816
21.242,28.702,193.478,510.318
19.093,20.02,189.609,210.119
18.28,14.082,192.248,45.182
20.828,19.348,195.353,18.433
21.52,20.8,196.541,375.987
22.445,22.43,197.493,1080.311
11.415,18.343,191.464,25.29
13.675,22.85,194.635,98.227
15.172,25.775,196.727,154.997
15.732,26.843,197.283,642.318
16.168,27.718,197.614,910.973
17.282,29.95,196.143,987.145
18.387,32.222,194.178,260.408
16.837,24.795,191.391,244.229
16.045,18.865,192.831,7.852
10.245,6.763,191.305,626.109
11.33,8.99,191.958,396.474
12.82,12.058,192.194,271.19
14.427,15.18,192.281,10.587
15.765,13.41,188.997,354.248
14.002,5.533,192.806,434.884
15.11,7.748,193.73,397.992
15.752,9.02,193.784,555.268
16.572,10.747,193.648,421.589
14.218,15.003,191.477,7.228
16.795,20.165,194.446,467.509
18.625,23.765,195.391,41.867
18.358,18.787,189.62,173.052
17.248,12.168,191.7,2.995
21.082,20.238,196.765,18.581
21.76,21.445,196.944,128.013
15.46,21.685,191.821,149.736
16.738,24.218,190.997,3.532
17.712,26.258,190.079,2.006
15.262,16.915,183.979,488.077
14.057,10.07,191.633,523.715
16.308,14.693,190.468,106.895
16.915,16.055,190.605,23.126
15.655,17.98,191.142,14.761
18.475,23.555,194.683,133.507
20.005,26.503,195.851,149.302
20.832,28.148,195.082,162.331
21.808,30.188,193.691,5.864
20.218,22.688,191.009,350.995
19.225,16.282,191.992,10.591
21.1,20.195,194.806,17.495
23.502,24.843,197.41,221.526
12.52,15.767,193.158,36.415
14.778,20.218,194.168,138.451
17.4,25.42,191.725,79.438
15.98,18.228,188.508,194.68
16.06,13.995,193.664,394.976
16.37,14.662,193.672,527.211
16.57,15.137,193.711,171.776
16.77,15.592,193.725,72.071
13.367,22.08,189.29,32.948
15.627,26.588,192.501,14.278
18.442,32.083,196.07,159.686
19.07,33.28,195.918,285.9
19.585,34.26,195.378,55.547
20.18,35.55,195.151,108.591
17.41,25.632,189.012,133.755
16.5,19.488,188.81,11.506
19.747,26.245,193.694,267.608
9.605,5.485,191.337,673.066
10.8,7.91,191.528,368.531
11.85,10.082,191.293,437.827
14.302,14.877,189.629,14.93
15.238,12.35,189.169,514.661
13.16,3.8,193.169,363.568
13.585,4.69,193.31,360.487
13.925,5.35,193.159,501.455
14.878,7.29,192.733,606.372
11.34,13.595,189.922,197.492
12.84,16.622,189.657,86.39
13.598,18.145,190.055,33.771
14.79,20.467,191.098,74.197
16.877,24.555,191.189,311.177
16.338,19.157,184.687,256.692
15.232,12.525,190.747,314.156
16.61,15.355,190.079,143.278
17.225,16.7,190.504,22.08
14.908,16.51,191.253,12.008
17.6,21.86,194.593,27.216
19.548,25.637,195.67,111.939
20.29,27.135,194.921,73.742
19.803,21.87,191.026,184.177
19.205,16.388,192.934,3.502
21.285,20.72,196.167,582.502
21.985,22.16,197.31,570.873
22.715,23.39,197.507,233.709
15.7,17.828,193.451,3.956
15.828,9.16,191.652,49.446
18.078,13.782,194.404,193.629
19.09,16.035,195.186,81.563
17.015,20.312,194.406,84.059
18.757,23.68,195.612,993.449
20.22,26.553,194.149,300.189
21.515,29.258,192.294,373.479
19.968,21.835,191.095,155.638
19.175,15.905,193.564,103.895
20.82,19.345,196.029,158.508
21.61,21.005,196.825,174.416
22.34,22.235,197.372,1134.457
19.185,24.54,195.395,576.914
20.36,26.88,195.48,810.858
21.663,29.585,193.837,568.898
20.72,23.35,191.008,238.846
19.708,16.958,192.859,45.889
21.445,20.572,195.709,168.066
22.607,22.87,197.07,621.974
23.245,23.925,197.537,838.56
7.305,14.477,192.429,322.024
8.38,16.68,193.955,259.769
8.902,17.765,194.892,706.358
9.207,18.368,195.342,687.497
9.455,18.792,195.589,735.099
9.907,19.712,195.975,387.722
10.328,20.575,195.94,123.396
10.537,20.983,195.904,7.347
10.735,21.345,195.86,1.482
9.195,9.263,192.252,1244.2
10.373,11.665,193.152,265.27
12.378,15.72,193.497,804.774
15.43,21.808,190.639,19.324
14.91,16.365,190.41,405.41
12.832,7.815,193.326,521.04
13.268,8.707,193.877,424.113
13.608,9.367,194.303,380.923
13.832,9.802,194.591,204.164
14.248,10.633,195.125,346.429
16.808,24.275,195.225,747.474
18.602,27.745,194.28,1155.502
17.508,21.23,189.595,188.119
17.09,16.182,192.241,19.721
18.67,19.45,193.87,3.587
19.255,20.702,194.547,88.326
19.65,21.545,194.891,120.217
19.855,21.952,195.104,88.605
14.103,18.998,190.201,9.045
16.573,23.948,193.707,3.299
18.468,27.705,195.041,27.767
20.038,30.79,193.209,28.042
17.785,21.915,188.865,713.855
17.488,17.09,190.584,17.173
20.433,23.152,194.408,122.854
21.3,24.783,195.316,184.225
21.827,25.615,195.336,242.739
22.085,26.058,195.329,180.091
11.703,4.95,190.401,78.282
13.96,9.485,190.555,83.594
17.312,11.83,189.014,448.299
15.352,3.495,192.378,349.434
16.42,5.657,192.58,408.777
17.587,8.062,192.329,1275.287
20.37,13.528,189.586,35.033
20.42,8.832,189.894,414.042
18.3,0.025,193.135,588.747
13.545,18.262,192.823,18.546
16.472,24.048,196.198,453.83
17.755,26.53,197.067,237.569
18.855,28.78,195.377,1989.607
17.337,21.388,191.655,339.679
16.727,15.905,193,6.307
19.143,20.893,196.665,357.351
19.742,22.17,197.933,1171.883
20.053,22.805,198.599,1131.025
20.415,23.37,198.896,908.301
8.85,8.615,192.232,1252.694
10.028,11.018,193.096,334.096
11.942,14.89,193.281,1558.436
14.995,20.977,190.305,22.777
13.793,14.15,189.055,169.002
11.715,5.6,192.446,625.603
12.925,8.05,193.867,427.54
13.145,8.5,194.155,329.321
13.477,9.168,194.59,469.143
13.833,9.802,194.827,434.141
13.645,26.995,195.65,135.117
14.855,29.277,197.729,1375.586
15.325,30.122,198.299,1373.689
15.515,30.555,198.535,1032.375
15.902,31.395,198.461,1342.153
16.312,32.21,197.851,1873.012
16.525,32.582,197.417,1579.673
16.742,32.965,196.992,848.609
16.952,33.36,196.551,147.962
14.652,11.103,188.52,64.405
16.26,14.39,189.111,37.796
17.422,16.737,189.472,3.768
19.45,20.65,190.24,309.413
18.855,15.06,183.85,225.643
17.735,8.455,190.572,269.251
19.898,12.845,190.048,91.18
20.612,14.402,190.38,14.131
22.142,17.365,191.768,232.798
8.278,11.91,192.366,514.256
9.242,13.915,193.446,750.49
10.207,15.86,194.398,629.557
10.85,17.142,194.885,944.697
11.16,17.807,194.777,479.982
11.902,19.247,194.76,7.679
13.44,17.895,190.528,136.489
11.938,10.43,192.848,650.164
8.93,4.37,192.956,538.736
9.818,6.127,192.436,561.861
10.572,7.618,192.187,485.63
11.863,10.422,191.517,359.553
13.488,8.648,189.679,275.946
13.732,4.613,191.083,626.865
14.795,6.797,190.717,534.04
17.877,13.203,187.276,12.482
19.273,20.093,189.07,70.894
18.393,14.02,189.406,418.874
16.76,6.355,192.542,571.67
18.04,8.955,192.999,26.151
19.155,11.337,192.949,370.13
21.845,16.578,190.337,24.724
21.805,11.682,190.286,447.765
19.803,3.098,193.2,516.444
10.462,7.485,193.419,463.198
11.317,9.188,193.266,446.484
12.145,10.932,192.795,1089.516
14.102,14.802,191.322,88.445
16.377,19.125,188.92,11.269
14.982,11.7,189.07,556.931
13.517,4.22,191.421,398.701
16.222,9.672,191.442,604.877
17.865,13.125,190.66,5.932
15.765,8.703,188.445,218.078
13.89,0.608,192.035,551.366
16.695,6.29,191.805,1424.094
19.807,12.395,188.728,102.094
19.375,6.85,188.988,362.942
16.837,-2.837,192.953,693.598
8.28,16.238,191.795,9.9
10.37,20.442,188.972,10.349
9.075,13.422,188.482,198.497
7.11,5.09,192.14,335.474
11.325,13.802,191.618,55.738
13.487,17.95,189.471,17.838
12.057,10.27,188.303,59.323
10.93,3.413,190.169,114.339
15.892,13.528,187.697,496.476
9.828,6.072,191.45,512.268
11.117,8.878,190.931,338.242
13.805,14.138,188.219,5.614
13.463,8.56,186.598,280.536
11.592,0.195,191.259,323.224
13.31,3.708,190.668,154.309
14.805,6.732,190.072,8.212
16.965,11.205,188.253,33.937
11.99,23.662,190.651,292.796
14.23,28.162,194.287,40.387
15.55,30.66,196.487,809.621
16.23,31.955,197.258,937.402
16.525,32.583,197.417,1581.617
16.702,32.972,197.373,1292.101
17.115,33.76,197.151,708.559
17.538,34.528,196.494,155.596
17.718,34.913,196.051,106.6
17.9,35.333,195.663,103.987
14.057,9.96,192.611,108.105
14.238,10.365,192.799,126.673
14.762,11.477,192.99,160.173
15.37,12.84,192.688,63.175
17.645,17.163,190.947,24.902
20.038,21.708,188.295,7.989
17.093,6.74,192.21,25.678
18.502,9.56,193.243,34.927
21.087,14.885,191.041,31.84
9.38,5.263,192.993,503.932
10.04,6.59,192.622,602.278
11.095,8.778,191.961,584.977
12.515,11.782,191.391,48.814
14.115,9.917,188.83,246.438
12.218,1.56,191.167,1117.937
13.543,4.222,191.209,626.689
15.262,7.65,190.657,524.667
11.012,8.537,193.764,516.339
11.98,10.467,193.388,518.482
12.602,11.787,192.891,956.238
14.448,15.43,191.545,32.58
17.03,20.43,188.386,13.623
15.738,13.23,188.464,455.877
13.972,5.093,191.552,350.719
16.795,10.747,191.544,72.244
18.735,14.758,189.853,11.607
14.46,10.802,192.911,145.522
14.672,11.212,193.013,138.556
15.183,12.335,193.122,166.465
16.193,14.523,193.138,92.642
18.258,18.463,191.424,23.541
19.93,21.528,189.059,6.218
17.477,12.008,188.211,52.337
16.335,5.17,192.005,4.148
19.14,10.815,193.415,16.641
22.023,16.74,190.755,5.734
9.045,17.767,190.87,9.841
8.977,13.188,188.581,184.467
7.24,5.297,191.875,381.8
9.18,9.252,192.391,1550.436
10.705,12.482,191.931,638.117
12.142,5.83,190.438,105.643
15.985,13.745,187.623,310.449
8.352,16.402,190.606,303.607
9.71,14.775,189.243,1003.949
7.75,6.44,192.449,402.68
10.78,12.722,191.376,59.723
12.925,11.982,187.582,64.465
11.383,4.285,190.307,115.776
15.76,13.302,187.464,267.32
13.125,25.832,189.717,4.661
15.582,30.772,193.598,99.952
16.665,32.9,195.036,234.547
17.625,34.777,195.758,122.358
17.93,35.362,195.75,110.803
18.148,35.745,195.765,78.245
18.435,36.332,195.762,233.07
18.72,36.945,195.615,48.945
19.017,37.635,195.434,136.77
19.328,38.312,195.057,53.364
15.228,21.312,191.522,22.395
14.043,14.543,190.082,161.546
12.493,7.115,192.603,570.023
13.713,9.545,194.055,526.546
14.045,10.213,194.49,288.386
14.348,10.845,195.04,374.268
14.658,11.45,195.436,581.65
11.238,8.73,191.415,568.329
14.318,14.955,192.813,288.233
15.76,13.365,189.4,149.473
13.8,5.03,191.664,513.314
15.43,8.38,193.344,663.743
16.185,9.87,194.209,433.706
16.805,11.142,194.513,567.51
17.61,12.92,194.089,376.006
8.405,7.498,192.168,495.718
9.48,9.7,192.456,609.662
11.3,13.278,192.192,628.999
14.338,19.35,189.177,12.436
13.038,12.392,187.303,240.514
10.765,3.385,192.031,278.278
11.43,4.713,191.988,269.016
11.633,5.165,192.011,241.749
11.848,5.608,192.042,266.052
12.07,6.045,192.078,221.686
9.683,5.935,193.118,442.922
10.238,7.04,192.79,605.717
11.19,8.98,192.278,648.676
12.405,11.565,191.739,168.781
13.935,9.6,190.354,326.533
12.755,2.688,191.272,1528.198
13.843,4.892,191.275,764.109
15.252,7.713,190.857,576.523
9.738,10.4,192.921,421.942
14.808,20.56,189.982,26.873
14.158,14.855,189.57,456.332
11.97,6.085,193.057,688.831
12.515,7.195,193.703,509.326
12.738,7.632,193.983,317.914
13.078,8.293,194.409,665.584
13.41,8.96,194.602,343.106
15.172,21.197,192.949,93.181
18.18,27.2,196.721,375.682
19.567,29.865,196.216,234.424
20.375,31.447,194.945,551.109
17.605,21.53,191.083,435.384
17.502,17.152,191.925,15.111
20.75,23.91,196.889,382.127
21.417,25.098,198.078,807.323
21.692,25.483,198.322,1083.206
14.608,24.538,196.995,33.667
15.265,25.758,197.334,73.655
15.945,27.053,197.173,178.488
17.958,31.132,193.784,957.119
16.485,23.898,191.772,266.942
15.492,17.492,192.997,35.11
16.94,20.542,195.146,24.422
12.4,11.12,191.655,242.47
15.505,17.332,193.397,20.164
14.89,7.217,191.681,578.518
16.718,10.975,193.925,672.851
17.337,12.248,194.502,525.383
17.96,13.567,194.825,702.432
18.555,14.88,194.718,130.661
11.5,18.368,191.984,7.427
13.332,22.093,194.478,1.955
14.728,24.817,196.583,83.108
15.713,26.663,197.515,149.077
16.278,27.77,197.273,151.835
17.962,31.238,194.535,2560.06
16.042,23.07,191.051,366.97
14.725,16.028,191.585,20.303
16.74,20.185,194.352,34.902
12.375,20.23,191.727,36.547
14.418,24.362,194.551,15.512
15.467,26.43,196.285,97.132
16.352,28.082,197.311,509.909
17.095,29.58,197.403,916.316
18.407,32.202,195.287,526.137
16.817,24.702,191.077,262.599
15.797,18.31,191.6,15.758
17.483,21.8,194.066,2.323
9.178,9.26,192.29,1348.085
10.453,11.895,193.233,294.865
12.35,15.738,193.512,622.746
15.305,21.593,190.651,22.454
14.998,16.585,190.326,554.49
12.92,8.035,193.472,636.718
13.25,8.705,193.9,507.74
13.59,9.365,194.326,389.95
13.945,10,194.812,782.12
14.248,10.633,195.125,347.447
11.61,18.562,191.559,9.652
13.442,22.287,194.052,3.127
15.067,25.438,196.481,53.661
16.052,27.282,197.44,173.803
16.28,27.715,197.363,156.965
17.2,29.538,196.405,11.202
18.385,32.028,194.275,1590.908
17.375,25.66,192.452,339.059
16.68,19.938,193.544,24.958
17.765,22.323,195.275,62.627
13.737,22.705,189.023,12.471
15.76,26.77,192.007,6.742
17.4,29.938,194.521,524.991
18.788,32.65,195.732,451.538
19.605,34.28,195.54,766.128
19.893,34.868,195.18,136.886
20.488,36.158,194.721,167.885
17.837,26.515,189.612,94.152
17.123,20.818,189.075,16.363
19.863,26.472,192.977,204.958
11,12.713,192.708,1423.367
12.925,16.625,193.952,607.6
14.422,19.55,193.792,168.171
14.787,15.817,188.898,74.644
13.345,8.622,191.651,593.753
15.188,12.322,193.388,197.356
15.935,13.802,193.621,520.607
16.145,14.257,193.627,615.643
16.345,14.732,193.644,224.168
7.02,13.793,192.466,739.687
8.492,16.875,194.754,1618.033
8.802,17.505,195.315,1242.662
9.005,17.907,195.555,885.239
9.455,18.792,195.831,495.532
9.907,19.712,195.715,183.671
10.125,20.115,195.652,31.047
15.408,17.258,191.504,7.974
18.335,23.042,194.659,321.256
21.148,28.73,194.788,279.985
20.183,22.447,192.368,199.456
21.053,19.925,195.419,164.492
22.26,22.515,197.486,630.502
22.88,23.523,197.993,1165.576
23.413,24.35,198.081,800.03
17.172,20.792,194.592,239.738
18.562,23.48,194.468,72.162
17.352,16.74,191.37,76.953
16.502,10.717,191.787,48.069
18.215,14.232,194.005,7.077
19.958,17.895,195.864,25.951
20.55,19.14,196.574,696.6
11.585,9.412,191.179,566.343
14.66,15.657,193.158,379.114
16.113,14.055,189.128,141.093
14.67,6.86,191.833,574.3
16.513,10.56,194.053,405.147
17.358,12.267,194.263,1053.659
17.973,13.612,194.18,324.944
11.92,23.475,191.329,286.739
14.502,28.607,195.411,387.424
15.597,30.668,197.27,1125.676
15.905,31.317,197.629,1126.371
16.115,31.767,197.83,1258.746
16.422,32.39,197.872,92.999
16.702,32.972,197.591,1045.882
17.343,34.123,196.502,158.636
17.523,34.508,196.059,110.268
10.27,11.22,192.759,1493.266
16.118,22.837,190.813,497.665
14.385,14.96,187.738,80.163
12.647,7.07,191.822,2008.77
14.408,10.62,192.764,226.713
14.71,11.253,192.901,152.865
14.89,11.658,193.125,204.566
15.102,12.067,193.249,205.289
14.19,23.652,195.424,2.872
15.125,25.532,196.977,187.183
15.912,27.032,197.827,1161.922
16.462,28.095,198.117,954.578
16.952,29.127,197.373,978.521
18.175,31.615,195.292,327.521
15.812,22.505,191.642,208.388
17.135,20.95,195.046,20.527
11.608,14.222,193.696,519.674
13.077,17.165,194.165,778.509
15.503,17.627,190.976,592.996
13.763,9.742,193.395,1056.085
14.448,11.047,194.31,1017.21
14.87,11.89,194.998,704.479
15.05,12.295,195.412,661.333
15.472,13.16,195.776,662.45
16.01,18.622,191.084,21.038
18.032,22.688,193.711,8.682
19.825,26.252,195.071,43.788
21.605,29.78,194.282,160.759
19.45,21.092,189.883,1138.141
18.852,15.61,191.124,9.925
21.995,22.14,195.729,556.064
23.118,24.185,197.456,597.633
23.972,25.692,197.277,323.858
9.573,18.798,190.29,9.67
11.86,23.365,187.423,7.496
9.942,15.207,189.065,372.557
8.31,7.543,192.497,499.914
10.602,12.318,192.178,955.032
13.497,17.98,189.351,17.682
12.597,11.325,188.034,64.856
12.1,5.803,190.241,67.014
16.935,15.715,187.777,52.391
8.93,4.36,192.429,326.759
10.308,7.19,191.46,760.974
11.332,9.352,190.832,167.3
13.305,13.148,189.177,3.477
15.488,17.27,186.577,7.95
14.087,9.905,187.434,191.514
12.637,2.43,190.952,211.519
13.617,4.385,190.688,211.063
14.992,7.158,190.375,70.562
17.97,13.342,187.005,36.739
10.023,6.6,193.268,361.042
10.362,7.26,193.054,522.214
11.418,9.448,192.39,654.867
12.943,12.678,191.855,64.588
14.635,11.027,188.48,218.244
12.645,2.455,191.114,880.032
14.28,5.745,191.421,829.297
15.895,8.977,191.112,489.72
8.832,4.15,192.71,411.055
9.787,6.115,192.227,3.924
11.427,9.555,191.426,513.368
14.5,15.412,188.816,14.957
13.587,8.883,188.206,239.501
12.55,2.225,191.235,265.108
13.852,4.843,190.856,252.991
15.332,7.825,190.607,94.301
18.31,14.01,187.242,53.539
10.99,8.55,193.428,709.434
11.732,10.035,193.809,691.38
13.052,12.845,193.174,764.269
14.425,15.598,192.595,5.81
16.208,18.855,190.33,17.434
13.148,3.532,191.179,319.511
17.35,11.982,191.91,105.147
19.8,17.028,189.493,18.263
15.725,22.067,193.092,20.712
17.657,25.868,194.989,300.623
19.428,29.368,194.31,250.273
18.028,22.195,188.511,226.434
17.008,15.802,190.706,18.09
20.42,22.972,195,117.18
20.988,23.958,195.293,418.816
21.263,24.343,195.359,320.148
14.89,11.642,193.114,162.254
15.102,12.082,193.128,223.837
15.512,12.992,193.173,158.953
18.188,18.245,192.158,24.117
20.282,22.2,189.144,7.288
18.985,15.102,188.788,427.609
18.075,8.707,192.974,17.977
21.83,16.355,190.865,2.309
9.352,18.4,190.937,82.556
11.772,23.148,188.153,12.953
10.182,15.647,189.532,336.21
8.42,7.77,192.528,462.238
9.49,9.915,192.735,390.579
11.715,14.375,192.14,647.836
14.707,20.285,188.699,26.628
13.002,12.22,187.368,58.976
11.877,5.372,190.339,94.77
16.84,15.487,188.164,229.179
9.268,18.185,190.557,16.088
10.085,15.422,189.633,185.923
8.21,7.327,192.518,441.231
9.175,9.25,192.558,311.672
10.928,12.907,192.115,686.092
13.278,12.637,187.718,70.205
11.825,5.142,190.363,119.641
15.695,13.108,189.079,662.153
15.315,12.508,193.276,281.367
15.525,12.963,193.241,335.692
15.725,13.438,193.214,132.196
16.023,14.133,193.266,39
17.785,17.483,192.892,55.865
20.27,22.242,189.917,10.72
18.1,13.302,187.615,39.811
17.19,6.908,192.61,11.871
19.697,11.953,193.478,1.679
22.247,17.238,191.038,2.84
11.332,9.195,193.604,684.877
11.862,10.27,193.931,467.745
12.78,12.238,193.57,582.848
14.2,15.238,193.043,6.495
16.078,18.737,191.224,16.545
14.05,5.28,191.425,316.755
15.145,7.455,192.075,290.871
16.865,10.883,192.256,787.458
19.947,17.288,189.2,15.708
9.395,18.455,191.441,14.316
8.812,12.825,189.989,166.257
7.55,5.985,191.894,234.382
9.712,10.375,192.518,126.215
11.07,13.205,192.162,452.975
13.852,18.66,188.931,18.648
13.015,12.225,187.565,68.623
12.105,5.83,190.133,80.311
16.75,15.26,188.639,114.005
11.065,13.145,193.6,154.971
12.255,15.518,193.959,533.286
14.13,14.703,189.818,76.345
12.475,7.058,192.343,608.693
14.105,10.408,194.323,621.546
14.46,11.043,194.809,450.32
14.658,11.45,195.21,287.043
15.05,12.295,195.647,614.751
14.78,11.272,191.252,96.388
18.3,18.225,190.971,102.594
18.19,13.532,189.651,110.229
16.825,6.53,191.477,1028.799
19.078,11.14,193.406,373.718
20.517,14.16,194.058,59.798
21.21,15.613,194.259,53.034
23.305,19.54,191.95,23.852
23.205,14.515,190.889,545.003
21.652,6.812,193.411,884.626
17.335,16.285,192.154,49.881
21.145,23.88,192.706,119.26
23.235,28.085,191.137,549.965
20.815,18.88,190.463,63.068
20.208,13.377,193.008,40.226
22.815,18.78,195.968,164.815
25.75,24.15,193.961,255.883
23.452,15.008,190.778,109.254
22.852,9.27,192.42,4.21
9.885,15.17,192.572,289.97
10.943,17.365,193.985,61.12
11.895,19.305,195.178,32.593
12.76,20.955,195.804,10.915
13.5,22.357,196.354,761.626
14.582,24.485,195.55,128.081
15.645,26.558,193.879,71.715
13.477,17.853,190.266,31.325
12.108,10.81,191.12,146.109
14.172,14.972,193.715,558.061
6.48,12.685,192.794,1126.316
7.142,14.03,193.651,847.923
7.765,15.373,194.588,1545.931
7.96,15.79,195.011,218.346
8.575,17.023,195.77,835.815
8.908,17.675,195.708,531.355
9.252,18.39,195.349,730.955
9.477,18.828,195.198,345.703
9.795,19.44,195.114,24.957
10.18,15.79,192.201,26.737
12.977,21.452,195.672,2.936
13.51,22.467,196.28,76.809
14.285,23.905,196.761,712.996
15.445,26.187,195.567,386.263
16.548,28.43,193.513,133.15
15.282,21.552,191.138,44.99
14.09,14.765,192.756,35.731
15.258,17.17,194.381,124.898
11.818,14.712,193.799,515.289
15.823,22.652,191.307,21.708
14.638,15.882,189.623,172.904
12.78,7.782,192.611,730.461
14.105,10.438,194.212,656.018
14.46,11.072,194.698,419.214
14.77,11.677,195.309,766.586
15.05,12.295,195.647,618.861
13.74,22.717,189.623,717.395
16.99,29.127,194.592,389.545
18.262,31.62,195.996,1352.282
19.198,33.468,196.028,1373.372
19.698,34.428,195.213,130.719
20.175,35.502,194.713,165.381
17.85,26.528,190.239,205.133
17.057,20.598,189.477,21.159
19.677,25.992,193.469,203.581
16.785,24.255,190.108,5.779
19.26,29.163,193.807,341.972
20.857,32.27,194.645,39.256
22.27,35.19,194.008,159.289
19.915,26.18,189.594,66.46
19.398,20.898,189.479,4.605
22.652,27.353,194.313,205.122
24.022,29.84,195.953,207.189
24.575,30.895,196.143,141.474
24.8,31.278,196.14,136.426
9.568,18.892,191.328,21.432
11.658,22.958,188.948,12.913
9.848,14.97,189.681,270.244
8.298,7.543,192.336,313.546
10.01,11.058,192.65,134.117
11.26,13.693,192.309,260.831
13.94,18.9,189.207,15.657
13.995,14.195,187.926,87.002
12.765,7.125,190.742,130.08
16.943,15.705,188.406,495.993
18.613,23.523,194.676,345.78
21.438,29.163,194.89,397.131
19.572,21.098,191.622,243.195
21.185,20.132,195.063,120.135
22.557,22.885,197.159,588.084
23.4,24.348,197.983,1373.094
23.985,25.465,197.88,1105.563
11.645,13.945,192.462,20.122
13.37,17.428,193.991,18.722
14.543,19.753,194.733,142.433
16.83,24.32,192.511,111.566
16.523,19.312,189.009,231.98
15.2,12.253,193.054,213.648
16.375,14.63,193.869,514.632
16.788,15.545,193.848,201.215
16.988,16,193.874,84.591
17.183,16.447,193.973,23.085
8.518,12.378,192.143,1314.708
10.515,16.483,194.491,183.724
10.945,17.368,194.723,64.921
11.608,18.695,195.134,59.679
12.928,21.192,194.674,46.888
14.998,25.335,192.109,5.119
13.038,17.025,188.752,47.821
10.968,8.47,191.109,513.057
13.12,12.865,193.695,784.856
15.165,12.18,188.896,47.145
16.655,15.242,189.373,25.476
18.295,18.41,190.357,174.976
20.098,21.885,189.946,396.625
18.812,15.098,183.619,222.345
17.708,8.465,190.72,258.347
20.275,13.745,190.508,37.564
21.285,15.933,190.817,80.738
22.97,19.023,191.521,454.388
21.073,28.52,191.868,411.432
22.57,31.412,193.727,415.842
23.59,33.445,193.104,180.096
24.598,35.522,192.587,359.585
22.508,26.985,190.002,262.14
22.09,21.905,189.458,8.353
24.532,26.803,193.329,330.505
26.028,29.47,194.454,290.584
27.04,31.368,194.828,143.41
10.688,7.928,193.128,402.986
11.43,9.412,192.942,624.36
12.545,11.795,192.42,549.356
15.395,12.585,188.942,409.78
13.067,3.345,191.262,716.537
15.91,8.988,191.111,580.004
15.74,13.38,193.372,407.73
15.94,13.855,193.36,157.08
16.14,14.31,193.335,63.378
18.925,19.722,192.775,22.602
20.515,22.6,190.337,5.924
18.12,13.278,188.275,31.022
17.405,7.325,192.534,13.245
22.27,17.24,192.719,1.49
12.948,12.205,192.178,612.931
14.11,14.57,193.013,1244.17
15.505,17.295,193.724,196.22
18.275,18.452,190.323,624.103
17.053,11.605,194.179,865.109
17.68,12.875,194.696,819.27
18.09,13.785,194.713,823.896
18.875,15.512,194.777,39.751
15.62,22.03,190.493,1237.563
19.365,29.405,194.977,429.015
17.958,22.22,189.288,274.721
18.575,19.267,190.262,20.833
20.99,24.255,193.533,165.463
22.223,26.523,195.16,54.404
23.283,28.438,195.498,292.566
23.618,29.072,195.144,381.685
16.448,19.28,191.634,30.882
18.677,23.745,194.604,104.016
20.292,26.87,195.953,2951.087
21.355,28.942,195.306,671.321
19.188,20.238,191.959,250.671
21.31,20.358,194.711,121.988
22.782,23.323,196.994,611.253
23.722,25.035,197.775,1083.683
24.308,26.152,197.836,1064.921
11.9,10.273,193.734,731.475
13.713,14.2,193.495,273.282
15.238,17.165,192.633,5.718
17.525,21.51,189.545,15.922
16.585,14.953,189.005,426.431
15.043,7.255,191.808,281.177
15.907,8.985,192.247,126.742
17.382,11.968,192.515,536.963
20.36,18.152,189.485,16.238
9.825,6.14,192.497,348.293
10.89,8.297,191.898,1451.474
11.785,10.26,191.329,242.789
13.205,13,190.667,4.242
15.273,16.907,188.217,17.839
14.005,9.72,187.645,274.048
12.55,2.24,191.355,285.834
14.055,5.295,191.068,315.739
15.753,8.717,190.729,112.671
18.218,13.768,188.252,105.458
9.472,18.712,191.549,21.292
9.842,14.985,189.398,192.618
8.188,7.34,192.141,342.576
9.713,10.387,192.828,439.56
11.555,14.23,192.594,948.145
14.242,19.468,190.017,24.865
13.185,12.428,188.67,54.323
11.945,5.395,190.159,85.084
12.425,15.42,192.624,29.22
14.222,19.042,194.324,10.837
15.192,20.965,194.861,113.824
15.285,16.658,189.166,199.162
14.552,10.893,191.825,502.944
16.817,15.53,193.957,526.868
17.44,16.85,194.022,106.03
17.635,17.298,194.144,27.015
14.007,18.89,190.631,8.743
15.805,22.513,193.163,24.49
17.765,26.345,195.357,29.66
19.738,30.335,193.796,30.559
19.395,25.332,190.744,178.767
18.402,18.927,192.005,29.147
20.885,24.05,195.249,116.438
21.358,24.838,195.375,294.269
21.615,25.28,195.41,259.105
9.935,19.54,192.224,11.318
12.025,23.745,189.401,14.795
10.495,16.34,189.209,223.061
8.863,8.675,192.411,313.663
10.375,11.715,192.914,90.627
11.795,14.72,192.752,435.039
14.675,20.402,189.485,20.157
14.787,15.76,188.295,109.266
13.662,8.912,190.911,144.445
17.172,16.168,188.984,275.479
9.578,5.715,192.655,392.877
10.545,7.645,192.561,273.914
11.795,10.28,191.702,858.277
12.785,12.415,191.308,3.765
14.96,16.518,188.863,17.686
14.317,10.378,187.784,279.546
12.758,2.67,191.371,270.399
13.837,4.863,191.207,353.354
15.332,7.887,190.997,258.725
18.325,14.033,188.283,294.259
20.685,27.683,194.192,453.811
22.465,31.21,194.4,287.547
23.688,33.698,193.205,768.066
20.735,23.36,188.505,272.556
20.02,17.663,189.569,26.365
23.163,24.192,194.081,439.837
24.028,25.795,195.496,1475.756
25,27.485,196.196,368.451
10.04,10.778,191.607,18.647
11.203,13.142,192.793,24.967
16.015,22.602,191.049,6.227
14.142,14.525,187.662,96.692
14.388,10.63,192.659,389.715
14.69,11.262,192.835,247.278
14.87,11.668,193.028,270.182
15.082,12.077,193.171,208.037
15.323,17.208,192.254,12.984
17.328,21.262,194.706,313.735
18.505,23.555,195.585,58.174
19.968,26.428,194.336,4.902
18.632,19.46,189.838,221.35
17.722,13.315,191.929,3.236
21.475,21.098,196.918,9.732
22.095,22.105,197.188,138.241
16.15,14.295,193.512,187.786
16.35,14.75,193.501,77.009
16.545,15.198,193.539,26.07
17.145,16.475,194.073,74.076
18.938,19.76,193.106,70.6
20.92,23.483,190.141,34.349
19.742,16.593,189.27,171.761
18.407,9.302,192.383,39.093
20.305,13.148,194.474,131.783
22.865,18.458,192.409,129.31
13.335,8.262,190.759,180.429
15.7,12.948,191.065,88.444
18.933,19.438,188.93,66.144
17.082,11.342,188.342,157.839
15.765,4.3,192.003,303.394
19.325,11.742,192.597,28.594
21.39,15.683,190.703,27.907
20.398,8.84,189.717,177.08
18.705,0.875,192.364,611.501
12.87,25.375,191.114,991.745
15.033,29.612,194.653,445.012
16.208,31.89,196.627,709.966
16.613,32.733,196.907,766.974
16.92,33.355,196.949,854.458
17.115,33.76,196.941,726.918
17.538,34.528,196.723,430.342
17.935,35.295,196.066,74.866
18.118,35.715,195.678,75.302
18.33,36.165,195.376,113.71
11.917,14.925,193.532,695.659
16.37,23.715,191.868,26.821
14.835,16.305,189.962,156.957
13.32,8.855,192.421,1423.684
14.95,12.145,194.549,1170.417
15.26,12.75,195.162,1241.563
15.472,13.16,195.523,1011.579
15.885,14.075,195.804,820.582
8.948,17.665,193.246,3.646
10.018,19.84,194.853,2.353
10.668,21.158,195.737,3.825
10.977,21.822,196.209,48.072
11.603,22.995,197.161,80.973
11.91,23.59,197.394,477.323
12.227,24.245,197.376,470.566
12.45,24.645,197.347,236.417
12.692,25.058,197.195,61.837
13.238,8.012,190.701,158.418
15.467,12.477,191.364,136.952
19.042,19.635,189.293,93.943
18.188,13.55,189.08,475.623
16.865,6.49,192.771,444.381
18.155,9.09,193.351,65.145
18.96,10.867,193.148,2945.959
21.642,16.12,190.634,30.957
20.843,9.668,189.444,181.449
19.057,1.525,192.357,663.275
15.695,22.048,193.619,40.53
17.935,26.463,195.206,503.409
19.612,29.77,193.455,531.558
18.792,23.778,189.732,203.528
18.387,18.73,192.844,63.535
19.502,21.113,193.963,12.496
19.99,22.13,194.817,98.684
20.492,23.155,195.246,176.639
20.762,23.545,195.328,497.397
9.468,18.73,192.434,6.311
9.795,14.985,189.02,101.384
8.28,7.535,191.813,223.295
10.232,11.47,192.918,251.447
11.745,14.65,192.786,600.468
14.637,15.535,188.39,115.39
13.185,8.04,190.705,150.652
16.922,15.727,188.366,78.811
10.892,8.383,193.484,329.48
11.338,9.268,193.474,349.855
12.262,11.22,192.86,574.156
13.682,14.225,192.544,25.89
15.617,13.045,188.942,289.498
14.075,5.348,191.269,505.639
16.02,9.28,191.483,692.741
17.88,22.178,189.233,775.548
21.127,28.578,193.834,693.923
22.287,30.86,194.43,1600.366
23.472,33.35,193.728,359.744
21.663,25.362,189.693,429.006
20.968,19.64,189.345,9.165
23.47,24.815,193.249,157.523
24.69,27.1,195.27,702.081
25.77,28.987,195.909,1173.149
16.545,15.188,193.647,90.78
16.74,15.635,193.699,27.633
17.81,17.672,194.484,99.47
18.678,19.302,194.341,71.835
20.298,22.46,191.795,69.536
19.817,16.823,189.249,124.71
18.907,10.427,192.936,39.301
21.017,14.703,194.637,116.59
22.765,18.335,193.625,109.396
9.9,6.382,192.933,493.052
10.652,7.895,192.63,412.675
12.065,10.893,192.18,1017.627
14.018,14.72,191.019,12.127
15.505,17.415,189.218,32.088
14.02,9.772,188.375,268.55
12.758,2.668,191.382,218.979
14.37,5.955,191.431,397.184
15.66,8.567,191.026,200.414
10.325,20.392,194.172,3.397
11.817,23.435,196.538,1.333
12.232,24.2,197.301,74.96
12.857,25.45,198.423,564.191
13.207,26.075,198.492,303.522
13.568,26.705,198.217,736.152
13.795,27.137,197.973,597.385
14.2,27.98,197.318,443.269
12.928,12.47,193.949,201.384
13.207,13.087,194.234,316.287
15.552,17.84,193.705,1.984
17.93,22.405,190.64,11.117
16.863,15.655,188.784,158.692
16.843,11.012,192.327,55.197
18.727,14.852,192.822,11.842
19.942,17.42,192.65,17.093
12.065,10.727,193.86,607.689
12.91,12.435,194.298,514.289
13.827,14.41,193.813,598.259
14.825,16.545,193.563,3.199
17.02,20.675,190.894,13.547
15.835,13.415,188.595,27.732
14.057,5.265,191.045,161.751
15.692,8.555,192.076,215.512
17.59,12.4,192.629,547.913
19.762,16.928,191.636,19.792
10.568,7.722,193.454,210.91
11.142,8.807,193.264,428.409
11.988,10.515,192.913,599.467
12.972,12.697,192.489,207.898
15.305,12.362,188.79,263.554
13.97,5.072,191.298,498.494
15.797,8.812,191.617,802.712
18.773,14.992,188.791,58.547
12.373,11.37,193.962,366.604
13.008,12.622,194.28,611.774
13.812,14.4,194.186,647.38
15.442,17.595,193.446,4.219
17.73,21.94,190.358,14.033
16.355,14.52,188.407,75.34
14.365,5.947,190.937,8.08
16.192,9.688,192.224,42.183
17.913,13.115,192.607,46.158
20.57,18.625,189.866,18.284
9.713,19.157,192.943,7.872
11.9,23.515,190.098,15.627
11.02,17.442,189.761,291.285
9.518,9.977,192.601,265.476
10.488,11.91,193.104,340.232
11.87,14.89,193.039,524.474
14.963,21.012,189.754,21.493
14.642,15.535,188.435,111.071
13.518,8.688,190.813,119.724
16.933,16.048,193.864,31.132
17.335,16.898,194.139,15.133
17.525,17.32,194.283,13.993
18.895,19.807,194.119,406.033
21.082,23.95,191.26,80.137
19.468,16.12,188.718,68.142
18.66,9.94,192.792,22.769
17.555,17.355,194.314,14.985
17.745,17.778,194.471,14.763
18.412,18.965,195.006,193.67
20.082,22.048,193.567,110.114
21.702,25.205,190.739,104.415
19.25,15.685,188.338,79.807
18.67,9.932,192.807,13.143
21.958,16.675,194.942,517.294
24.177,21.317,192.564,452.217
11.328,9.252,193.56,442.767
11.858,10.328,193.608,420.945
12.678,12.055,193.169,750.376
13.788,14.42,192.812,37.995
15.055,11.933,189.077,139.305
13.915,5.085,191.076,422.287
16.668,10.543,191.773,579.985
14.162,9.975,191.207,128.01
16.73,15.055,191.068,205.064
17.71,12.657,189.021,226.565
16.505,5.812,192.26,112.925
18.758,10.422,193.387,152.733
19.755,12.59,193.193,24.141
22.337,17.59,190.32,35.724
21.9,11.857,189.768,499.084
19.91,3.285,193.033,768.086
12.68,20.887,192.56,35.452
13.858,23.28,194.233,19.143
15.177,25.828,196.296,295.656
16.162,27.672,197.284,737.342
16.685,28.732,197.524,1270.352
17.605,30.555,196.192,1463.795
18.495,32.417,194.572,195.23
15.812,22.732,189.978,283.033
14.608,15.887,190.682,12.393
17.57,22.01,194.938,765.025
9.92,19.582,193.887,4.244
12.207,24.15,191.02,10.595
10.998,17.407,189.562,112.627
11.093,13.23,193.415,226.603
12.512,16.235,193.557,97.613
15.295,21.69,190.505,16.391
15.288,16.84,188.868,107.254
14.162,9.992,191.229,130.931
17.693,17.215,189.848,67.4
10.68,7.93,193.065,546.647
11.21,9.005,192.917,417.3
13.627,13.91,192.03,57.684
15.997,18.46,189.423,28.909
14.42,10.598,187.71,186.758
12.635,2.455,191.108,2729.55
14.812,6.858,191.728,429.706
16.532,10.318,191.287,73.547
13.95,23.373,196.056,66.919
14.69,24.775,197.067,338.755
15.57,26.475,197.32,1497.293
16.415,28.165,196.16,1064.54
17.305,29.965,194.349,443.632
16.152,23.305,191.413,185.821
15.245,17.14,193.125,5.454
16.3,19.328,194.692,2.205
16.747,28.645,193.167,115.969
18.148,31.36,195.364,238.216
18.865,32.825,195.52,139.443
19.672,34.408,195.169,51.593
20.175,35.403,194.886,44.205
20.59,36.308,194.552,89.962
18.16,27.105,190.628,188.729
19.86,26.395,192.794,91.011
15.83,18.218,192.812,3.052
17.335,21.202,194.627,10.574
21,28.46,193.946,131.906
18.637,19.35,191.445,76.909
20.368,18.635,195.416,163.534
21.477,21.035,197.262,518.529
21.952,21.832,197.761,916.928
22.425,22.62,198.059,840.686
9.887,19.6,193.167,5.284
12.168,24.15,190.407,11.075
10.128,15.623,188.952,53.214
8.387,7.737,191.68,860.233
10.637,12.36,193.189,194.508
12.375,15.975,193.275,106.508
14.962,20.988,190.712,17.407
14.01,14.175,188.611,37.515
13.52,8.648,190.606,58.601
17.903,17.657,189.465,149.372
10.218,7.047,192.851,491.451
11.17,8.987,192.824,285.627
12.61,12.008,192.076,268.17
14.475,15.605,190.659,17.962
16.055,18.487,188.83,35.277
14.543,10.88,188.662,310.262
13.16,3.567,191.401,217.516
14.137,5.537,191.497,429.73
15.547,8.358,191.315,348.439
11.798,10.145,193.729,343.027
12.333,11.185,193.846,355.736
12.725,12.03,193.797,744.513
13.927,14.605,193.259,621.676
15.867,13.485,189.436,190.333
14.508,6.205,191.292,477.086
16.975,11.195,191.871,550.981
13.018,12.7,193.945,99.511
13.845,14.445,194.609,145.404
14.742,16.4,194.442,135.419
16.17,19.115,193.875,3.432
17.23,21.03,193.004,11.103
16.053,14.057,190.999,55.375
15.753,8.807,191.685,7.04
17.602,12.52,192.708,67.993
18.965,15.29,193.026,12.637
21.185,19.932,190.856,14.802
18.287,23.017,188.835,388.241
21.62,29.605,193.606,530.064
22.9,32.057,193.713,283.374
24.005,34.33,192.957,57.869
21.322,24.645,187.813,233.791
20.53,18.715,188.002,10.485
23.585,25.012,192.481,148.024
24.755,27.285,194.371,640.101
25.727,28.975,195.058,392.447
15.937,22.542,194.769,158.077
17.242,25.052,195.759,1074.737
18.407,27.317,194.199,1103.02
17.535,21.24,189.999,192.708
16.593,15.08,192.068,106.544
17.95,17.91,193.848,111.253
18.968,20.087,194.532,14.112
19.25,20.698,194.784,262.286
19.455,21.118,195.025,123.227
15.93,22.825,193.933,20.835
17.863,26.625,196.278,541.058
19.238,29.31,196.743,297.016
20.46,31.798,195.141,1191.871
18.425,23.363,191.458,350.936
17.907,18.08,192.53,13.632
20.74,23.93,196.99,410.397
21.407,25.118,198.18,931.424
21.682,25.503,198.424,1398.689
21.94,25.945,198.681,1169.18
12.37,11.375,194.202,508.442
13.005,12.627,194.552,362.466
13.218,13.068,194.446,825.417
14.228,15.255,193.929,673.998
15.322,17.618,193.854,2.495
15.485,12.803,190.138,102.836
14.55,6.367,191.268,413.826
17.175,11.622,192.369,757.607
17.947,18.232,194.548,18.238
18.137,18.655,194.732,15.31
18.33,19.045,194.891,336.633
18.627,19.64,195.217,129.761
20.115,22.335,194.476,828.252
21.81,25.44,192.12,170.848
19.788,16.798,189.425,168.612
19.402,11.487,192.836,15.869
22.06,16.87,195.025,203.116
24.18,21.273,193.433,154.917
10.738,21.262,193.893,9.479
12.71,25.218,191.083,12.396
11.543,18.482,190.296,227.923
11.617,14.302,193.593,308.422
14.988,21.07,190.82,20.943
14.843,15.927,188.832,67.972
13.717,9.08,190.922,61.148
17.988,17.873,189.962,116.793
14.043,14.838,194.612,152.028
14.455,15.752,194.715,32.982
16.572,19.977,194.784,1.534
18.555,23.7,191.721,4.815
16.83,15.617,188.515,24.97
17.468,12.308,192.628,52.294
21.49,20.59,191.521,9.898
11.4,9.442,193.576,589.832
12.348,11.398,193.33,84.273
13.457,13.762,192.872,84.277
14.885,16.477,192.22,16.818
16.67,19.775,189.833,29.802
14.953,11.688,188.076,164.228
15.253,7.717,191.851,604.871
16.925,11.115,192.23,320.571
11.247,22.267,193.708,8.972
12.925,25.575,191.153,13.969
11.192,17.773,190.053,138.653
11.985,15.152,193.853,498.32
14.57,20.233,192.993,28.407
13.543,13.375,190.17,31.654
13.445,8.607,190.539,16.329
18.407,18.722,189.747,112.116
11.625,5.175,191.947,270.891
11.965,5.835,192.021,442.792
14.33,10.773,191.747,160.415
16.708,15.343,189.314,13.747
18.71,19.082,186.705,9.097
16.273,9.608,186.783,539.974
15.455,3.428,192.772,544.715
20.57,13.898,188.925,83.025
10.42,20.655,195.036,3.284
12.608,25.012,192.19,10.551
11.205,17.78,189.419,67.047
9.573,10.115,191.724,1577.219
11.935,14.96,193.72,508.74
16.135,23.368,191.471,25.356
16.05,18.323,189.398,167.154
14.82,11.253,191.424,202.628
18.438,18.733,189.991,193.167
11.54,9.658,193.652,619.699
12.075,10.698,193.648,450.077
12.97,12.66,193.575,153.806
14.7,16.067,192.695,17.165
16.882,20.19,190.166,28.853
15.403,12.545,188.177,171.774
15.988,9.25,192.065,581.384
17.258,11.828,191.951,36.045
14.512,24.315,191.889,1580.009
15.897,27.038,194.143,14.591
16.745,28.645,195.769,64.29
17.618,30.33,196.521,251.714
14.055,14.852,194.458,163.556
14.745,16.38,194.964,30.874
18.508,23.685,192.697,7.925
18.195,13.795,193.205,52.805
21.79,21.235,191.472,8.494
10.955,21.718,194.358,4.861
11.37,18.218,190.159,120.314
12.088,15.345,193.889,542.152
15.293,21.642,192.905,18.697
15.033,16.305,188.857,50.777
16.78,15.42,188.612,60.108
10.512,20.795,194.614,6.032
12.602,25,191.791,21.898
10.87,17.122,189.518,59.034
9.133,9.232,191.633,1229.712
11.172,13.4,193.594,111.71
12.302,15.787,194.047,718.09
14.985,21.04,191.8,28.176
14.585,15.465,188.618,41.482
16.332,14.58,188.436,48.855
12.902,12.428,194.384,733.313
14.04,14.82,194.58,961.849
14.938,16.78,194.391,85.023
16.567,14.927,189.998,95.662
15.325,7.853,191.577,331.802
17.483,12.242,192.789,2175.814
14.433,15.693,194.667,207.795
15.147,17.25,195.383,10.188
15.835,18.75,195.811,52.925
16.592,20.158,195.746,35.995
18.492,23.67,193.247,12.509
17.465,16.91,189.057,18.442
17.003,11.367,192.24,11.481
21.868,21.413,192.525,9.809
12.065,6.043,192.092,352.884
12.293,6.485,192.082,462.94
12.828,7.525,192.427,216.574
14.352,10.755,192.354,660.436
17.04,15.992,189.618,16.344
17.352,11.805,187.894,156.751
16.017,4.545,191.456,217.425
17.407,7.343,191.877,162.425
19.89,12.498,190.45,278.373
11.183,17.792,189.452,41.785
9.668,10.342,191.423,1064.725
12.215,15.66,193.746,397.266
15.81,22.768,192.333,16.725
15.015,16.35,188.482,29.731
16.762,15.465,188.671,36.422
12.29,6.495,192.115,290.668
12.518,6.938,192.118,368.008
14.288,10.598,192.13,921.697
15.707,13.337,191.765,15.993
17.98,17.68,189.369,21.838
16.128,9.395,186.96,496.403
15.422,3.428,192.795,518.953
18.665,9.908,191.876,72.467
21.11,14.963,189.476,135.34
23.533,28.855,193.885,593.529
22.285,22.143,190.196,429.468
22.078,17.465,191.583,197.674
26.51,26.017,196.465,765.701
27.562,28.075,195.409,823.681
25.265,18.933,190.813,681.047
25.41,14.655,191.616,145.621
11.812,23.407,194.831,2.886
13.692,27.17,192.028,4.207
11.938,19.318,189.813,59.582
10.715,12.47,192.327,1169.454
12.652,16.432,194.117,528.316
13.86,19.023,194.611,60.495
15.622,22.373,193.81,15.078
17.407,25.692,190.896,8.797
15.587,17.415,188.791,28.43
17.335,16.53,189.004,34.87
13.04,12.62,194.626,785.33
13.433,13.465,194.77,713.344
13.843,14.375,194.409,957.453
14.535,15.915,194.206,73.735
15.812,13.375,190.125,88.589
14.765,6.765,191.369,382.061
17.477,12.222,192.663,745.079
18.337,19.075,194.845,17.586
18.53,19.465,195.016,332.655
18.735,19.885,195.209,165.577
19.578,21.348,195.625,487.305
21.25,24.413,193.781,551.207
22.308,26.463,191.825,323.301
20.852,18.983,190.568,226.609
20.363,13.455,193.099,35.533
22.155,17.073,194.995,181.426
24.38,21.693,193.717,114.928
11.748,10.11,193.758,566.06
12.383,11.362,193.828,442.871
13.467,13.747,193.771,407.024
15.305,17.415,192.634,26.27
17.4,21.343,189.996,30.012
16.023,13.897,188.37,271.949
15.965,9.235,192.221,637.862
16.955,11.188,192.392,388.917
18.742,19.913,195.035,323.074
18.947,20.332,195.241,160.973
19.152,20.74,195.417,81.001
19.625,21.528,195.717,494.055
22.24,26.32,192.745,315.483
20.605,18.555,189.79,206.615
19.89,12.59,192.432,14.279
22.15,17.115,194.666,99.54
11.48,22.715,194.723,7.604
10.923,17.128,190.773,57.598
9.78,10.528,191.547,1268.29
11.735,14.455,193.494,201.785
13.055,17.265,194.294,485.891
14.682,20.455,194.092,26.149
16.87,24.598,191.24,22.185
14.907,16.09,188.588,32.462
16.548,14.98,188.823,38.95
13.455,13.462,194.584,862.965
14.453,15.685,194.661,649.344
15.252,17.418,194.592,12.659
16.555,14.877,189.992,65.874
15.735,8.695,191.554,136.973
18.33,13.935,193.074,393.852
12.152,10.915,193.919,498.259
12.668,11.957,193.956,494.267
13.29,13.278,193.856,502.506
15.03,16.695,193.16,18.555
17.52,21.48,190.434,31.573
15.93,13.613,188.191,150.304
14.48,6.13,191.295,925.866
16.413,10.095,192.261,623.719
17.887,13.078,192.515,73.883
14.93,16.718,194.983,100.626
15.545,18.062,195.385,1.628
15.94,18.92,195.876,46.789
16.955,20.77,195.747,28.223
18.737,24.028,193.61,118.537
20.1,26.742,190.964,52.053
17.29,16.628,188.814,44.547
16.71,10.875,191.868,4.756
19.76,16.94,194.011,94.54
21.375,20.317,193.352,5.232
11.508,22.76,195.36,12.344
11.43,18.217,189.7,20.34
10.325,11.585,191.756,524.944
12.873,16.902,194.148,275.891
15.245,21.572,193.688,14.711
15.262,16.775,188.723,14.94
17.01,15.89,188.497,19.083
17.72,34.947,196.105,143.771
18.04,35.522,196.111,212.415
18.328,36.11,195.891,66.425
18.618,36.752,195.624,110.054
18.915,37.442,195.196,43.501
19.118,37.897,194.947,40.975
12.062,23.868,195.16,1.233
13.74,27.175,192.606,3.182
11.875,19.11,190.053,16.844
10.575,12.1,191.642,268.308
12.72,16.482,193.794,191.545
14.207,19.69,194.784,6.56
16.098,23.215,193.673,7.071
15.512,17.215,189.143,7.723
17.352,16.545,188.884,10.063
12.727,7.332,192.166,232.941
12.952,7.768,192.196,357.287
13.58,9.037,192.601,42.734
16.778,15.355,190.27,28.798
19.365,20.348,187.502,10.159
16.927,10.872,187.028,511.351
16.005,4.463,193.051,519.587
18.578,9.678,191.894,120.685
21.233,15.192,189.517,269.448
13.565,13.745,194.257,535.819
14.287,15.265,194.907,379.228
14.902,16.61,194.799,512.591
16.355,14.525,190.399,27.913
15.747,8.737,191.322,68.376
18.255,13.782,193.028,1046.454
19.15,20.733,195.198,154.057
19.355,21.14,195.385,65.979
19.552,21.542,195.578,270.732
20.19,22.598,195.796,547.079
22.31,26.552,192.91,453.726
22.102,21.562,191.017,303.775
21.832,16.418,194.065,5.073
23.372,19.648,195.547,1065.096
24.868,22.812,194.375,1173.934
12.515,11.6,194.152,407.327
13.143,12.87,194.092,593.832
14.047,14.85,194.103,494.524
15.038,16.985,193.737,39.55
17.225,21.127,190.806,29.2
16.685,15.21,188.174,284.354
14.92,7.072,191.381,795.831
16.542,10.358,192.289,653.162
18.143,13.56,192.554,23.68
13.202,8.255,192.216,215.095
13.438,8.68,192.284,178.152
13.96,9.725,192.691,88.746
16.935,15.7,191.017,16.238
19.225,20.017,188.542,11.636
16.83,10.695,186.995,400.089
15.795,4.068,192.634,445.608
18.613,9.72,192.324,204.865
21.483,15.68,189.769,542.668
13.355,26.545,192.966,3.206
11.837,19.125,189.734,8.649
10.727,12.505,191.796,201.368
12.992,17.142,194.091,166.887
13.685,18.683,194.48,17.127
17.098,25.102,192.269,6.318
16.815,19.9,190.358,18.844
18.655,19.23,189.662,24.011
13.52,26.74,193.666,12.21
12.137,19.595,191.721,10.275
11.405,13.83,192.308,102.101
12.885,16.907,193.919,115.803
14.305,19.907,194.953,7.784
16.067,23.258,194.383,6.471
17.657,26.135,192.057,4.285
15.36,16.992,189.197,2.461
17.303,16.55,188.803,3.075
15.395,17.66,194.99,24.55
15.89,18.77,195.633,7.732
16.688,20.45,196.406,626.419
17.722,22.302,196.056,364.777
19.415,25.407,193.453,158.168
17.452,16.9,189.367,59.339
18.623,14.65,193.076,4.251
20.605,18.742,194.184,318.527
22.63,22.915,192.875,154.351
12.925,12.475,194.223,449.772
13.648,13.995,194.189,832.929
14.453,15.762,194.063,129.469
15.623,18.035,193.78,36.615
17.118,20.702,192.26,34.858
16.532,14.838,190.014,302.928
15.773,8.817,191.811,605.773
16.852,10.992,192.417,655.663
18.238,13.772,192.906,246.622
13.62,9.123,192.308,203.261
13.818,9.53,192.478,131.673
14.41,10.85,192.833,120.903
15.13,12.41,192.526,21.375
16.775,15.578,191.89,15.862
19.26,20.337,188.895,18.145
18.085,13.352,187.21,482.081
17.07,6.728,192.826,519.244
19.01,10.608,192.228,178.639
21.773,16.348,189.588,2776.859
19.99,22.435,195.425,196.106
20.26,22.825,195.539,289.886
20.535,23.21,195.508,521.648
20.792,23.652,195.492,470.491
21.898,25.702,194.498,226.425
23.167,28.202,192.45,467.559
20.357,18.087,188.509,330.462
20.285,13.367,192.048,48.191
24.128,21.195,195.445,949.21
25.722,24.56,193.965,1056.368
12.488,24.727,195.419,1.99
13.652,26.992,193.411,4.677
10.74,12.503,191.55,36.268
13.005,17.14,193.965,53.264
13.81,18.918,194.537,3.214
12.615,24.91,196.015,2.761
14.145,28.048,193.362,2.033
11.06,13.145,191.713,12.888
13.707,18.613,194.586,5.839
15.29,21.8,195.285,11.841
16.96,24.882,193.682,5.583
19.602,21.59,195.325,68.538
19.8,21.992,195.53,228.351
20.07,22.382,195.632,362.8
20.345,22.768,195.589,647.312
21.447,24.865,194.73,100.614
22.958,27.8,192.174,325.767
20.845,18.958,188.822,274.047
20.778,14.242,193.053,67.47
23.627,20.085,195.273,945.428
25.443,23.915,193.538,646.506
14.062,14.855,194.503,345.41
14.685,16.175,194.954,19.192
15.08,17.097,194.979,188.708
15.68,18.375,194.957,18.619
16.932,15.857,189.268,7.34
15.778,18.497,195.382,3.263
16.465,19.997,196.181,334.66
16.86,20.84,196.572,1067.14
17.593,22.08,196.425,892.221
19.057,24.742,194.503,168.947
17.205,16.458,190.103,71.262
19.542,16.512,194.047,50.041
23.105,23.995,192.774,159.22
14.7,16.16,194.789,245.727
15.59,18.192,195.177,59.159
17.275,16.5,189.429,2.906
19.675,16.82,193.475,1.43
13.345,13.34,194.292,564.72
13.67,13.977,194.247,921.934
14.475,15.745,194.541,542.974
15.992,18.712,193.946,39.574
17.663,21.795,192.004,29.115
16.595,15.045,189.392,193.704
15.57,8.407,191.352,533.994
16.875,11.025,192.336,641.122
18.537,14.425,193.233,271.081
14.037,9.985,192.537,153.401
14.217,10.39,192.7,178.702
14.64,11.255,192.915,169.67
15.75,13.655,193.103,237.578
17.84,17.635,191.477,18.593
19.512,20.7,189.176,10.45
17.118,11.378,187.199,243.98
16.517,5.64,192.464,305.125
19.44,11.502,192.373,57.344
21.445,24.57,193.485,412.188
23.418,28.525,191.994,1207.152
22.095,21.54,191.697,102.712
23.767,20.665,196.613,387.159
26.57,25.852,193.956,330.283
23.962,16.113,190.914,320.686
23.247,10.16,192.213,5.777
20.475,23.258,195.466,248.833
20.75,23.643,195.446,406.371
21.008,24.085,195.444,378.461
21.482,24.98,195.293,294.624
23.685,29.292,191.874,447.4
21.67,20.71,189.138,363.952
21.505,15.775,192.589,34.829
24.447,21.823,195.283,1045.226
26.152,25.407,193.761,1214.62
12.79,25.307,195.575,2.113
14.415,20.157,194.981,3.212
16.29,19.632,195.657,13.788
16.778,20.678,196.296,256.044
17.702,22.308,196.708,777.997
18.88,24.405,195.749,333.504
20.048,26.678,193.649,217.89
17.995,17.955,189.965,108.975
21.312,20.248,194.344,358.427
23.322,24.43,193.021,207.274
14.795,16.413,194.724,14.212
19.058,24.808,192.549,1.337
13.497,13.565,194.379,395.21
14.22,15.085,194.467,909.239
15.117,17.045,194.72,114.655
16.435,19.538,194.273,20.402
17.263,21.017,193.638,31.613
15.887,13.598,190.624,78.706
15.59,8.345,191.212,537.035
17.748,12.728,192.809,611.35
14.428,10.82,192.808,202.417
14.64,11.23,192.929,150.966
15.052,12.145,193.065,170.977
15.758,13.71,193.069,23.816
17.402,16.878,192.432,17.564
19.38,20.565,190.138,17.7
18.65,14.468,188.44,407.125
18.152,8.945,192.748,507.964
19.85,12.367,192.564,12.517
20.957,24.035,195.435,341.124
21.215,24.477,195.445,315.015
21.472,24.92,195.403,196.395
21.8,25.595,195.233,367.776
22.742,27.43,194.088,670.046
23.778,29.47,192.141,532.727
21.35,19.992,188.467,411.822
21.377,15.472,192.324,58.052
24.645,22.205,195.254,510.433
26.157,25.375,194.198,445.73
13.435,26.555,196.062,61.789
14.848,29.477,193.532,89.417
12.698,20.795,190.445,45.707
11.802,14.617,192,14.503
14.35,19.882,194.94,6.306
15.623,22.402,195.769,132.783
17.818,26.532,193.826,197.932
19.328,29.467,191.205,57.108
16.205,18.683,189.185,59.373
17.43,16.702,190.129,74.339
13.537,26.698,195.031,4.475
14.315,19.825,194.989,3.117
15.312,21.96,195.724,10.085
16.155,23.422,195.544,11.307
17.94,26.742,192.776,8.217
16.66,20.24,195.7,19.199
17.163,21.278,196.527,246.907
18.087,22.907,197,891.627
18.915,24.387,196.476,529.394
19.873,26.218,194.652,481.371
18.058,17.88,190.322,172.961
21.79,21.028,194.912,783.546
23.807,25.288,192.824,270.708
13.195,26.12,195.539,2.196
15.043,21.395,195.489,3.818
20.087,17.672,193.702,3.909
14.295,15.242,194.654,1143.599
14.69,16.165,194.77,370.734
15.378,17.665,194.846,2.171
16.61,19.933,194.588,36.485
18.3,23.002,192.442,19.654
16.465,14.698,188.979,44.539
15.225,7.665,190.663,425.466
17.733,12.71,192.764,640.096
16.685,20.212,195.51,16.865
17.475,21.872,196.73,229.553
18.51,23.725,197.217,1523.857
19.792,26.012,195.578,886.172
20.952,28.29,193.511,205.034
19.465,20.75,191.009,234.775
22.01,21.447,195.078,765.655
23.82,25.242,193.605,417.742
14.867,11.642,193.06,181.753
15.08,12.082,193.078,234.471
15.29,12.537,193.05,263.645
16.075,14.265,193.545,41.07
18.25,18.46,191.902,16.92
20.345,22.415,188.944,5.431
18.11,13.315,186.96,250.376
17.425,7.345,192.709,320.963
13.535,26.733,195.887,9.802
14.638,28.975,193.735,10.839
14.725,20.688,195.231,8.556
15.523,22.368,195.986,15.465
17.212,25.438,194.274,23.503
13.855,27.39,196.236,95.992
15.157,30.095,193.828,116.578
12.81,20.945,190.283,69.189
11.797,14.552,191.763,19.717
14.642,20.488,195.168,19.154
16.27,23.7,195.828,159.25
17.765,26.368,194.82,330.113
15.705,17.61,190.814,113.093
16.517,14.787,191.481,890.474
16.303,19.662,196.012,40.043
16.805,20.7,196.313,29.214
17.372,21.685,196.35,1.552
18.438,23.55,195.354,7.628
19.653,25.822,193.419,6.804
17.432,21.712,196.251,179.179
18.132,23.152,197.17,401.584
18.862,24.382,197.538,1218.936
20.13,26.642,195.659,1036.721
21.072,28.478,193.874,221.79
18.96,19.635,190.693,307.33
21.025,19.3,194.475,90.104
22.15,21.643,195.487,842.086
23.758,25.008,194.079,383.261
14.115,14.805,194.696,919.165
15.01,16.767,195.161,406.42
16.678,20.13,195.14,53.813
17.85,22.192,193.935,21.442
19.36,25.127,191.174,7.006
17.74,17.322,188.943,123.324
19.483,16.31,193.882,20.83
14.043,27.76,195.848,133.107
15.265,30.247,193.554,179.913
13.013,21.372,190.691,105.223
11.902,14.753,191.878,25.393
14.755,20.64,195.249,318.847
18.268,27.36,193.907,439.262
19.422,29.603,191.67,205.295
16.402,19.045,189.541,142.701
17.535,16.875,190.309,191.776
14.59,28.78,195.688,223.015
15.683,31.035,193.576,93.249
13.32,22.005,190.816,80.629
12.41,15.86,192.267,20.594
15.247,21.695,195.758,180.822
18.807,28.377,193.805,241.074
16.51,19.235,189.986,104.925
20.377,22.548,193.569,227.5
15.707,13.352,193.316,350.835
15.907,13.828,193.319,115.038
16.205,14.522,193.425,30.076
18.357,18.678,193.097,17.758
20.258,22.19,190.741,11.879
19.722,16.552,189.157,421.664
19.233,11.025,193.223,587.402
20.31,13.18,192.937,6.556
15.295,12.518,193.201,274.851
15.505,12.972,193.185,298.974
15.802,13.655,193.24,78.03
16.298,14.765,193.415,6.695
18.188,18.29,192.413,20.677
20.165,21.977,190.136,7.85
18.015,13.093,187.763,204.286
17.31,7.125,192.505,257.328
19.572,11.732,192.836,354.266
21.422,24.88,195.435,258.153
21.68,25.322,195.406,194.559
21.888,25.795,195.31,269.657
22.33,26.627,194.95,492.858
23.29,28.427,193.734,440.689
24.1,30.087,192.177,545.918
21.452,20.17,188.311,429.711
24.758,22.407,194.972,368.355
26.775,26.667,193.516,156.294
21.873,25.722,195.393,180.44
22.08,26.195,195.31,274.004
22.298,26.648,195.115,447.653
22.643,27.23,194.779,486.694
23.16,28.21,194.069,406.847
23.97,29.87,192.79,977.636
21.75,20.795,188.406,423.073
24.44,21.77,194.447,365.433
26.65,26.428,193.977,419.595
16.102,19.12,195.76,22.533
16.79,20.62,196.515,222.702
17.292,21.645,196.673,38.766
17.877,22.665,196.67,11.781
18.97,24.51,195.174,13.775
20.388,27.23,192.94,7.461
22.83,23.285,193.294,2.255
14.595,15.823,195.147,857.255
15.203,17.185,195.128,325.33
15.9,18.67,195.508,6.427
18.343,23.11,193.529,24.209
18.94,19.648,190.652,213.151
18.452,14.11,193.324,791.251
19.815,16.88,194.014,1.404
17.93,22.678,196.638,218.503
18.598,23.865,197.343,686.327
19.125,24.698,197.577,1162.946
20.138,26.595,196.231,1101.41
21.5,29.31,193.677,220.808
19.37,20.435,189.956,329.178
22.675,22.663,195.056,592.564
24.585,26.698,193.655,421.286
14.362,28.382,196.107,91.777
15.275,30.193,194.191,97.079
12.715,20.67,191.081,74.495
12.012,14.955,191.739,15.385
15.062,21.31,195.468,204.172
18.122,27.11,194.62,290.38
16.79,19.685,190.629,85.103
17.205,16.068,191.773,628.416
15.087,29.78,195.46,267.685
16.095,31.857,193.586,170.09
13.445,22.215,190.934,116.577
12.535,16.07,192.146,10.131
15.387,21.958,195.752,119.052
17.032,25.125,196.395,127.485
18.322,27.373,195.363,372.377
16.27,18.615,191.301,170.334
20.512,22.765,194.236,208.595
17.023,21.07,196.639,664.876
17.51,22.088,197.134,656.054
18.458,23.77,196.292,284.589
19.83,26.258,194.627,156.271
20.773,28.083,192.975,59.329
18.202,18.345,190.742,796.608
23.553,24.845,193.205,48.867
15.335,17.422,195.179,543.095
15.638,18.065,195.353,152.996
16.33,19.517,195.851,33.052
18.12,22.835,194.612,202.868
19.812,25.94,192.053,73.693
17.535,16.835,189.148,38.696
20.205,17.832,194.169,50.245
16.145,14.285,193.456,129.994
16.345,14.74,193.447,55.434
16.648,15.383,193.646,7.117
17.34,16.835,194.187,149.076
19.025,19.925,193.047,73.325
20.605,22.815,190.79,43.218
18.21,13.493,187.827,105.916
17.712,7.97,192.248,497.22
20.732,14.052,193.551,94.832
22.292,26.53,195.258,250.908
22.51,26.983,195.072,437.854
22.747,27.368,194.816,527.095
22.972,27.748,194.544,390.147
23.373,28.545,194.082,341.859
21.613,20.468,187.961,421.746
21.732,16.17,191.539,154.977
25.35,23.565,194.968,457.39
26.977,26.977,194.022,350.962
17.962,22.782,196.178,206.825
18.83,24.413,197.335,741.908
19.56,25.643,197.634,988.902
20.462,27.318,196.43,1044.755
21.405,29.152,194.667,177.757
18.925,19.615,190.292,340.928
21.735,20.83,194.776,253.346
23.38,24.248,195.504,667.119
24.8,27.198,193.879,385.179
14.453,28.607,196.763,180.382
15.472,30.64,194.719,131.78
13.023,21.297,191.165,81.599
15.865,23.007,196.312,37.719
16.88,24.857,196.897,160.348
18.665,28.177,194.392,148.923
16.812,19.892,190.01,86.735
16.933,15.595,191.616,72.714
20.775,23.422,194.75,85.834
15.02,29.61,196.461,621.443
15.825,31.233,194.835,358.245
13.265,21.71,191.025,290.932
12.753,16.468,192.08,9.846
15.895,22.997,196.131,74.117
17.345,25.718,196.683,396.24
18.83,28.38,195.065,664.543
16.65,19.42,190.679,346.499
21.238,24.2,193.869,408.928
16.915,20.88,196.35,24.357
17.51,22.093,197.232,1235.09
17.912,22.915,197.55,1066.855
18.55,23.97,197.15,371.562
19.418,25.432,196.261,184.545
20.475,27.483,194.323,150.63
23.758,25.27,193.565,79.728
15.422,17.608,195.484,686.595
16.115,19.148,195.76,22.249
16.505,19.952,195.826,113.576
19.752,26.01,192.627,140.152
17.817,17.47,188.846,32.449
16.365,9.975,190.883,97.688
20.222,17.782,194.384,104.069
18.458,23.775,196.504,184.115
19.135,24.983,197.315,686.038
19.773,26.038,197.555,823.844
20.972,28.315,195.984,878.296
22.03,30.365,194.177,385.832
19.125,20.023,190.041,380.527
22.142,21.668,194.795,378.744
23.985,25.472,195.238,245.576
25.21,27.98,193.686,301.623
16.542,15.16,193.591,63.365
16.738,15.608,193.667,17.46
17.808,17.645,194.442,172.562
19.667,21.15,192.869,102.77
21.195,24.093,190.456,47.223
19.618,16.352,188.674,436.837
19.13,10.815,193.556,533.739
21.345,15.318,193.865,104.724
15.547,30.648,196.149,823.84
16.462,32.513,194.507,422.685
13.89,23.062,191.146,413.461
13.373,17.78,192.609,15.482
16.955,24.898,196.587,518.804
19.71,30.045,194.431,845.093
17.188,20.52,190.431,497.301
21.458,24.652,194.56,901.865
17.222,21.463,196.563,27.928
17.815,22.708,197.493,728.116
18.492,23.915,197.75,660.036
18.915,24.52,197.543,262.086
20.23,27.012,195.3,166.671
21.5,29.512,193.367,103.248
19.265,20.49,191.878,1896.164
23.33,24.352,194.529,46.86
15.627,18.035,195.444,2667.209
16.433,19.802,195.973,2.178
17.025,21.048,196.424,49.584
19.033,24.607,194.799,268.173
17.1,16.052,190.651,66.681
16.68,10.642,191.044,31.567
19.305,15.897,193.689,264.373
20.852,19.13,194.639,88.645
15.728,31.038,195.826,696.138
16.525,32.688,194.307,743.634
13.573,22.35,191.328,432.321
16.89,24.825,197.095,449.631
17.718,26.305,197.132,711.327
19.337,29.462,194.837,1301.848
17.278,20.705,190.303,513.952
21.745,25.237,194.383,928.071
22.717,27.46,195.197,412.763
22.955,27.845,194.953,519.461
23.18,28.225,194.695,386.889
23.405,28.608,194.439,435.747
24.123,30.053,193.889,23.306
24.815,31.528,192.55,544.769
22.278,21.84,188.554,403.438
25.468,23.855,194.852,433.972
27.175,27.46,194.616,215.831
22.92,27.872,195.284,382.893
23.157,28.258,195.05,484.471
23.382,28.637,194.803,364.147
23.608,29.02,194.56,405.262
24.222,30.238,194.108,143.778
24.915,31.713,192.885,2918.668
23.88,25.085,190.625,377.786
25.468,23.838,194.507,379.053
27.483,28.067,194.727,158.293
15.288,30.185,195.906,446.338
16.295,32.263,194.032,283.288
13.448,22.152,191.132,214.351
16.442,23.992,196.743,140.687
17.595,26.095,196.774,471.458
19.215,29.253,194.38,453.675
17.28,20.713,190.428,246.134
21.833,25.472,192.898,340.975
16.965,16.04,193.813,21.279
17.368,16.89,194.112,16.923
17.855,17.907,194.643,165.632
19.737,21.368,193.086,94.837
21.627,24.915,190.176,55.648
19.295,15.665,187.751,160.94
18.832,10.122,192.853,416.149
21.195,14.918,193.538,17.252
15.875,31.242,196.235,740.325
16.688,32.915,194.818,423.779
14.005,23.23,191.092,471.034
17.675,26.348,197.138,671.256
19.49,29.655,195.374,1838.832
17.31,20.695,190.607,608.872
22.495,26.733,193.47,832.696
16.242,19.352,195.944,147.841
16.94,20.837,196.42,27.036
17.607,22.025,196.579,27.151
18.435,23.505,196.228,40.455
20.055,26.662,193.536,280.615
18.24,18.325,189.13,61.489
17.432,12.145,191.364,7.602
20.028,17.385,194.014,12.416
20.955,19.267,194.855,153.709
18.683,24.17,196.358,145.692
19.508,25.598,197.34,583.739
20.588,27.485,197.269,1126.972
21.343,28.94,196.069,1353.456
21.958,30.157,194.942,225.322
19.35,20.418,190.042,418.79
22.49,22.273,194.809,380.412
24.11,25.68,195.417,502.135
25.125,27.727,194.131,236.611
17.737,22.517,197.177,434.194
18.405,23.705,197.941,911.321
19.025,24.712,197.896,789.848
19.49,25.628,197.511,324.951
20.335,27.282,196.002,343.041
21.49,29.525,193.788,107.572
19.475,20.897,191.493,752.199
21.95,21.408,195.552,365.875
23.755,25.177,194.489,84.311
17.585,17.298,194.295,15.717
17.775,17.72,194.454,14.988
18.08,18.343,194.752,241.223
19.75,21.425,193.601,89.74
21.538,24.705,191.261,86.401
18.968,14.968,188.153,88.343
18.788,10.07,192.61,552.189
21.71,15.933,194.006,176.8
16.08,31.702,195.958,906.543
16.877,33.352,194.439,668.142
14.787,24.815,192.449,501.954
17.485,25.885,197.194,902.557
20.038,30.672,194.524,997.677
17.43,20.933,190.733,685.265
21.602,24.865,194.799,1185.292
18.222,23.283,197.376,344.517
18.9,24.49,198.051,1177.816
19.427,25.323,198.032,965.607
20.128,26.598,196.996,543.591
21.398,29.098,195.013,259.561
22.208,30.758,193.467,73.775
19.212,20.175,190.937,251.19
22.242,21.795,195.585,422.28
23.958,25.338,194.753,152.243
23.365,28.71,195.172,442.715
23.59,29.09,194.936,356.028
23.815,29.472,194.705,386.485
24.017,29.872,194.457,333.759
24.305,30.462,194.136,111.534
23.447,24.242,189.639,373.923
26.28,25.525,194.919,508.374
27.792,28.695,194.556,145.524
19.242,24.965,196.443,441.026
20.368,27.037,197.331,382.816
20.812,27.895,197.352,1155.508
21.66,29.502,195.974,1241.451
22.485,31.145,194.582,289.238
19.92,21.45,190.126,410.8
23.128,23.482,195.194,423.866
24.433,26.253,195.324,571.509
25.765,28.985,193.552,304.373
19.155,24.99,195.962,67.818
20.19,26.843,197.21,312.298
20.94,28.122,197.203,560.906
22.73,31.555,194.692,238.027
20.505,22.538,190.4,390.36
22.985,23.053,194.58,180.911
24.58,26.425,195.13,623.193
25.9,29.135,193.861,368.861
16.41,32.328,195.978,501.734
17.105,33.785,194.683,960.184
15.45,26.14,192.984,483.818
15.355,21.695,194.174,52.856
17.62,26.142,197.008,540.544
18.567,27.825,197.074,380.828
19.93,30.54,195.014,1519.909
17.75,21.58,190.318,613.271
18.165,17.962,191.537,463.237
22.415,26.587,194.683,741.696
18.325,18.152,191.562,2386.524
18.555,23.95,197.407,555.624
19.38,25.377,198.15,1141.275
20.01,26.455,197.822,854.417
20.455,27.312,197.263,890.12
21.517,29.34,195.392,433.353
19.22,20.197,191.228,143.907
21.733,20.727,194.849,204.643
24.075,25.625,195.264,381.293
16.82,33.102,196.135,136.723
17.415,34.392,195.142,222.994
15.317,25.85,191.688,301.796
15.302,21.593,193.23,104.889
18.55,28.062,196.898,332.834
19.93,30.498,195.819,155.076
20.965,32.537,194.084,692.958
18.282,22.625,190.019,423.035
19.12,19.863,191.059,581.359
23.548,28.863,193.8,446.553
16.565,20.025,195.947,77.357
17.165,21.302,196.588,16.129
17.832,22.49,196.792,51.985
19.005,24.552,195.958,4.511
20.108,26.65,194.14,589.928
18.18,18.175,190.512,164.488
17.683,12.61,191.342,8.531
21.792,21.053,194.933,90.337
23.812,29.502,194.712,346.852
24.038,29.885,194.491,390.934
24.24,30.285,194.255,329.36
24.415,30.7,194.011,69.689
24.618,31.075,193.754,151.639
22.397,22,189.116,545.06
22.118,16.915,189.371,197.98
25.075,22.99,193.27,126.817
26.492,25.983,194.689,546.136
27.812,28.693,194.595,289.842
17.688,22.32,197.019,24.942
18.512,23.747,196.965,224.964
20.758,27.907,193.902,868.362
19.922,21.65,191.07,140.861
19.553,16.322,192.957,17.744
20.823,18.9,194.309,74.979
22.017,21.465,194.894,95.575
19.78,26.028,196.042,39.902
20.913,28.13,197.029,189.602
21.465,29.185,196.921,245.873
22.102,30.368,196.186,87.844
22.913,32.028,194.566,116.648
20.343,22.29,189.39,410.884
23.68,24.535,194.934,385.703
24.682,26.708,195.317,542.616
25.807,28.975,194.31,1196.057
14.028,18.98,192.155,278.043
18.727,28.22,196.938,1048.251
17.63,21.355,190.915,2448.437
23.422,28.73,193.964,2580.064
18.258,23.338,197.178,51.076
19.085,24.817,197.009,215.28
20.958,28.343,194.223,1296.37
19.235,20.315,190.31,273.297
18.748,14.778,191.831,13.797
21.4,20.168,194.922,174.6
22.51,22.517,195.535,89.928
23.73,25.018,194.163,16.082
20.975,28.305,196.783,238.382
21.785,29.803,196.578,285.988
22.625,31.4,195.727,73.063
23.435,33.06,194.216,146.682
20.415,22.503,189.15,327.013
23.367,23.913,194.037,231.591
24.785,26.903,195.141,517.898
26.108,29.63,194.216,499.926
21.168,28.698,196.513,233.66
22.095,30.38,196.375,210.084
23.73,33.68,194.192,94.608
20.607,22.895,189.023,214.863
23.977,25.152,194.257,346.06
25.085,27.515,195.037,429.569
26.095,29.568,194.323,352.991
18.8,24.345,197.139,191.873
19.642,25.808,197.96,1167.284
20.378,27.113,197.955,1110.541
21.023,28.345,196.765,972.876
21.868,29.93,195.321,135.049
19.388,20.393,191.512,183.232
18.788,14.655,190.864,5.016
21.71,20.518,194.345,18.432
23.458,24.15,195.422,1435.236
25.263,27.975,194.333,383.933
18.977,24.565,196.722,564.173
20.2,26.887,197.999,1085.688
20.785,28.005,197.787,1076.144
21.332,28.987,196.761,887.351
22.172,30.585,195.378,137.248
22.712,22.698,195.121,482.378
23.92,25.278,196.164,1838.938
24.735,26.945,195.371,806.365
17.803,17.725,194.413,14.619
17.992,18.148,194.584,16.113
18.39,18.945,195.049,193.047
21.682,24.945,191.92,190.295
19.405,15.84,188.236,122.375
21.927,16.36,194.198,127.003
22.93,18.528,194.442,26.167
18.443,19.005,194.796,17.064
18.635,19.395,194.977,303.357
18.84,19.815,195.184,158.413
19.425,20.835,195.552,478.213
20.253,22.315,195.33,1457.257
21.763,25.25,192.981,463.083
20.075,17.132,188.122,163.802
22.483,17.43,194.852,41.812
24.285,21.175,193.862,64.609
17.2,33.952,195.849,45.25
15.835,26.95,192.729,257.415
15.627,22.345,192.743,13.78
17.47,26.188,195.711,267.66
18.84,28.675,196.58,232.005
20.108,30.935,195.783,254.187
21.025,32.793,194.306,550.042
21.475,29.137,193.543,315.862
21.695,25.078,194.449,387.684
22.697,27.23,194.498,417.149
18.038,18.148,194.513,17.574
18.227,18.57,194.696,11.881
18.42,18.96,194.866,314.896
19.245,20.387,195.349,461.829
20.648,22.868,194.287,336.718
22.01,25.582,191.823,277.567
19.965,16.923,188.127,162.44
21.852,16.152,194.473,35.984
23.967,20.552,193.527,37.223
23.292,24.238,195.123,134.601
17.54,34.6,195.8,154.019
19.398,20.515,190.443,938.488
19.95,26.508,197.566,1027.713
20.805,28.015,197.83,1464.071
21.25,28.873,197.471,1582.857
21.767,29.852,196.432,857.56
22.685,31.71,194.742,162.755
19.988,21.77,190.626,192.48
19.823,16.835,191.349,22.709
23.158,23.538,195.372,411.418
24.055,25.495,195.842,884.19
25.068,27.623,195.221,759.354
23.955,34.14,194.326,72.545
25.202,27.733,194.679,529.771
26.623,30.683,193.978,224.897
19.265,20.71,195.152,124.241
19.47,21.118,195.344,100.152
19.668,21.52,195.558,248.665
20.305,22.575,195.707,699.569
22.845,27.288,192.271,524.723
20.28,17.593,188.408,217.873
23.192,18.945,195.058,48.658
25.002,22.74,193.984,90.74
17.608,34.825,195.638,181.131
15.035,25.375,191.123,337.499
20.233,31.145,195.801,455.055
18.542,23.262,189.773,538.807
18.663,18.965,190.4,409.305
18.015,35.605,195.293,153.192
16.352,27.96,191.695,312.766
15.54,22.022,191.077,35.684
17.602,26.315,194.403,277.927
20.445,31.517,195.636,510.524
19.247,24.517,190.318,456.97
24.138,30.112,193.53,504.484
18.462,23.745,196.612,519.233
19.477,25.595,197.461,261.868
19.845,26.26,197.247,170.741
20.803,28.09,196.094,63.306
22.055,30.582,193.656,1077.926
19.618,21.107,189.691,310.091
19.242,15.768,191.382,9.292
23.413,24.43,195.58,95.189
24.733,27.14,194.204,130.268
17.992,22.977,196.588,956.213
18.968,24.803,197.472,226.261
19.598,25.88,197.264,220.914
21.55,29.555,194.19,1230.595
19.33,20.48,190.352,353.551
18.84,14.953,191.24,12.793
21.798,21.028,194.835,142.091
23.418,24.435,195.303,115.693
24.33,26.325,194.133,159.947
21.702,29.773,195.991,297.26
22.605,31.447,195.934,338.603
23.123,32.428,195.37,66.403
23.73,33.688,194.83,253.894
21.032,23.747,188.728,240.574
24.413,26.032,193.597,335.545
25.91,29.2,194.459,661.347
26.712,30.802,193.755,243.873
15.47,26.15,190.733,375.038
15.255,21.525,190.436,27.617
18.093,27.36,194.561,597.597
19.588,30.027,195.326,107.034
21.385,33.36,194.731,517.592
18.955,24.05,189.119,377.698
19.273,20.212,189.848,581.113
23.828,29.415,193.358,460.918
20.47,27.51,196.891,646.08
21.22,28.79,197.267,1509.981
22.403,31,195.844,1159.925
23.12,32.445,194.841,268.858
20.555,22.75,190.705,399.134
23.452,24.175,194.244,440.012
24.66,26.755,195.511,502.826
25.675,28.802,194.497,248.759
20.052,22.355,195.339,230.405
20.322,22.745,195.396,683.176
20.597,23.13,195.422,550.402
20.965,23.795,195.432,537.933
23.322,28.337,192,469.781
20.758,18.643,187.76,233.066
24.295,21.31,194.994,55.673
25.8,24.448,193.272,126.34
18.112,35.782,195.362,1189.243
15.16,25.445,190.564,258.687
14.755,20.398,189.635,22.001
18.168,27.317,194.405,699.863
20.82,32.342,195.14,589.708
19.322,24.68,189.614,351.269
23.933,29.688,193.656,710.549
20.985,28.518,194.781,2417.52
22.472,31.212,195.733,346.354
23.318,32.868,195.163,80.071
23.52,33.242,194.997,127.494
21.195,23.942,189.572,192.649
20.475,17.98,187.947,171.345
24.598,26.445,193.433,276.479
26.105,29.615,194.22,519.132
27.322,32.132,193.214,131.772
18.877,24.812,197.25,1797.381
19.608,26.042,197.654,572.128
20.238,27.12,197.157,252.348
20.972,28.553,196.208,100.151
19.712,21.278,190.345,465.912
19.328,15.967,191.002,13.595
22.285,22.042,194.749,194.298
23.493,24.622,195.679,105.211
24.913,27.573,194.425,169.933
20.223,27.045,195.754,403.214
21.282,28.96,196.815,955.734
22.1,30.42,196.621,347.345
22.618,31.4,195.826,657.015
23,32.218,195.185,175.817
20.548,22.698,190.579,349.587
23.778,24.73,194.224,372.034
25.082,27.5,194.749,589.864
19.113,24.995,196.363,427.374
20.335,27.317,197.358,331.152
20.78,28.175,196.844,355.654
21.625,29.76,195.648,109.871
22.542,31.618,193.841,1808.228
20.222,22.372,189.914,426.575
20.155,17.657,191.735,48.47
22.812,23.04,195.137,230.194
23.718,24.992,195.375,128.186
25.03,27.715,194.293,232.593
20.062,26.712,196.959,815.738
20.89,28.192,197.656,1388.518
21.972,30.233,196.314,1486.395
22.695,31.648,195.219,222.956
20.125,21.91,190.935,423.683
22.627,22.45,193.953,42.409
24.062,25.458,195.536,821.334
25.26,27.997,194.959,487.147
20.805,28.102,195.669,340.07
21.982,30.2,196.565,746.748
23.042,32.155,195.415,145.548
23.455,32.972,194.835,193.202
20.645,22.857,190.021,355.523
24.095,25.342,193.899,380.216
25.695,28.702,194.352,781.485
27.028,31.435,193.006,329.061
17.998,35.638,195.292,145.623
15.238,25.76,190.651,284.573
14.63,20.258,190.173,16.856
18.065,27.167,194.866,820.736
19.525,29.875,196.07,190.764
20.84,32.368,195.131,505.373
21.665,34.01,194.18,325.224
18.89,23.872,190.129,331.025
19.918,21.525,190.08,482.326
24.113,30.125,193.371,424.84
19.025,20.255,195.197,1156.066
21.872,20.863,190.063,642.177
21.805,16.148,195.177,687.006
23.45,19.6,195.062,76.006
18.632,36.855,194.99,90.336
15.878,26.99,190.255,194.86
15.36,21.708,189.808,17.436
18.578,28.155,194.331,798.047
20.055,30.84,195.42,209.552
21.473,33.56,194.697,363.809
19.16,24.435,188.864,268.509
19.477,20.598,189.469,340.109
23.825,29.428,193.354,423.034
19.66,21.525,195.227,84.367
19.857,21.927,195.452,233.278
20.127,22.317,195.496,680.485
20.402,22.702,195.509,514.102
21.105,24.002,195.222,328.945
22.615,26.937,192.983,475.989
20.562,18.215,187.869,166.581
23.898,20.458,195.134,46.817
25.602,24.042,193.516,27.313
20.548,23.148,195.342,585.721
20.822,23.533,195.382,477.23
21.08,23.975,195.355,533.574
21.337,24.418,195.326,375.825
21.89,25.472,194.924,334.684
23.143,27.965,192.964,654.343
21.323,19.722,188.054,233.036
21.053,14.578,191.782,4.991
23.903,20.42,195.041,22.725
25.812,24.455,193.986,81.117
18.523,36.627,195.121,704.664
15.878,26.975,190.722,525.669
15.783,22.53,190.538,242.288
18.89,28.765,194.93,2187.272
21.263,33.105,194.761,707.304
22.073,34.765,193.702,1644.374
19.168,24.422,189.052,444.995
20.202,22.048,189.161,126.014
24.958,31.697,192.692,358.069
18.905,37.468,194.855,54.829
15.958,27.135,189.915,131.158
15.943,22.877,190.275,141.613
19.415,29.772,195.009,1398.876
20.165,31.052,195.303,1925.116
21.123,32.882,194.813,335.24
22.157,34.922,193.658,173.784
19.475,25.01,188.729,169.34
20.208,22.032,189.256,292.935
24.835,31.48,192.795,202.082
21.237,29.113,194.411,1340.623
22.317,31,195.063,381.497
23.31,32.875,194.881,265.667
23.81,33.877,194.564,166.676
21.485,24.578,188.979,219.919
20.67,18.387,187.304,112.223
23.632,24.45,191.508,11.824
25.172,27.68,193.534,477.766
26.185,29.807,193.669,502.74
27.41,32.315,193.089,162.568
16.823,28.867,190.12,97.138
16.108,23.17,188.637,6.926
18.99,28.957,192.87,324.104
20.222,31.225,194.637,722.712
22.285,35.177,194.084,200.487
20.46,22.455,188.815,201.368
25.458,32.685,192.117,39.454
21.23,28.955,195.487,247.187
22.402,31.018,196.137,201.93
22.92,31.998,195.742,74.876
23.42,33,195.045,91.949
23.742,33.618,194.708,184.56
22.182,25.91,191.251,301.032
24.093,25.345,193.105,301.958
25.615,28.553,194.563,590.904
26.425,30.158,193.833,2135.304
16.792,28.837,190.237,32.422
20.525,31.805,194.319,1427.863
22.24,35.08,193.742,96.118
14.998,20.92,186.625,8.116
17.655,26.42,190.289,6.627
19.498,30.025,193.052,546.428
20.975,32.71,194.346,792.979
21.933,34.54,194.049,122.175
22.65,35.985,193.719,275.54
21.41,24.428,189.371,112.457
25.723,33.413,192.146,83.136
21.038,23.93,195.381,393.802
21.295,24.372,195.367,449.383
21.553,24.815,195.352,311.783
21.76,25.287,195.265,371.403
24.075,29.808,191.891,246.475
21.537,20.12,188.052,255.687
24.512,21.665,195.121,49.252
26.025,24.835,194.035,87.156
19.835,26.338,196.713,965.559
20.69,27.845,197.259,774.034
21.392,29.145,196.617,793.657
22.023,30.3,195.855,447.741
20.715,23.14,189.758,399.032
20.55,18.205,191.042,46.443
23.595,24.49,194.976,1237.854
24.695,26.863,195.198,417.634
26.028,29.595,193.69,221.837
16.61,28.418,190.417,99.117
16.977,24.905,190.37,5.369
19.233,29.365,193.707,380.44
21.885,34.285,194.188,140.081
22.578,35.76,193.394,210.974
19.558,25.202,188.538,18.423
20.185,22.03,188.792,236.61
19.985,26.578,197.243,26.431
20.72,27.882,197.215,557.284
21.28,28.9,196.632,492.691
21.828,29.882,195.635,305.3
19.912,21.618,189.275,442.454
19.747,16.683,190.736,39.409
24.593,26.652,195.241,376.109
25.81,29.17,193.669,158.386
21.093,28.663,194.748,261.658
22.27,30.76,195.766,317.379
23.118,32.368,195.441,73.23
23.725,33.567,194.794,57.632
24.13,34.452,194.053,121.691
21.352,24.312,189.16,329.292
24.098,25.27,192.69,186.841
25.595,28.438,193.85,593.07
26.905,31.165,193.365,1074.286
21.968,25.622,195.357,228.309
22.175,26.095,195.296,293.201
22.393,26.548,195.073,358.938
22.738,27.13,194.726,367.497
23.368,28.285,193.92,151.462
24.178,29.945,192.591,855.846
22.938,22.912,189.095,204.9
25.638,23.97,195.026,58.135
26.947,26.697,193.193,83.095
20.458,27.49,196.467,1260.12
21.405,29.172,196.897,1084.603
21.868,29.94,196.426,812.025
22.593,31.323,195.383,274.869
20.38,22.455,189.11,349.805
19.8,16.702,189.46,13.764
23.643,24.53,194.122,790.62
25.258,27.907,194.93,716.152
25.855,29.1,194.075,295.106
18.935,37.478,194.878,31.03
15.878,26.91,190.017,64.726
15.665,22.25,189.745,39.58
19.1,29.16,194.542,323.704
20.39,31.407,194.986,41.59
21.495,33.457,194.511,85.889
22.188,34.933,193.66,114.516
21.258,28.528,190.979,55.569
21.885,25.355,191.328,413.807
24.65,31.075,192.875,76.538
19.292,29.837,192.477,347.313
20.562,32.122,193.68,520.305
22.365,35.425,193.937,241.394
23.175,37.085,193.31,170.803
20.275,22.23,187.769,126.311
26.343,34.662,191.495,136.196
20.067,26.758,195.614,611.225
21.245,28.855,196.59,119.871
22.172,30.538,196.173,680.754
22.685,31.51,195.448,293.341
23.377,32.985,194.324,116.294
20.695,23.073,189.129,301.051
20.425,17.928,189.767,9.111
23.733,24.665,194.202,589.065
25.037,27.435,194.797,325.503
26.157,29.698,193.889,241.38
20.855,28.255,196.152,1128.034
21.665,29.752,196.345,1959.579
22.568,31.427,195.868,679.2
22.972,32.202,195.238,126.521
23.58,33.462,194.389,167.134
21.775,25.322,189.973,191.154
21.505,20.177,190.418,8.629
24.447,26.225,194.059,741.386
25.85,29.2,194.463,631.447
26.548,30.607,193.626,152.737
19.655,30.488,192.334,304.877
21.25,33.358,193.654,541.226
22.465,35.63,193.678,154.508
23.065,36.89,193.569,236.498
20.732,27.64,188.74,2719.179
23.61,29.008,191.379,866.617
26.542,35.082,191.614,164.989
14.93,20.735,186.314,30.589
17.578,26.202,190.049,36.864
19.618,30.215,193.198,1652.35
22.162,34.97,193.982,502.398
22.88,36.415,193.627,428.015
20.27,22.235,188.107,468.069
25.64,33.105,191.915,157.575
21.577,29.67,194.286,308.085
22.95,32.158,194.956,168.105
23.907,33.987,194.712,57.936
24.23,34.605,194.556,120.103
24.635,35.49,193.956,71.178
22.298,26.245,189.31,246.031
22.418,21.947,189.406,92.769
25.48,28.232,193.459,538.476
26.585,30.55,193.421,598.897
22.34,31.258,193.798,441.452
23.513,33.32,194.563,351.13
24.025,34.292,194.508,148.756
24.835,35.952,194.157,301.907
22.153,26.04,188.49,259.571
25.598,28.52,192.224,467.405
27.197,31.88,193.152,535.724
28.212,33.972,192.432,101.233
23.407,28.635,195.068,332.174
23.632,29.015,194.842,295.56
23.858,29.398,194.597,250.983
24.06,29.798,194.378,214.31
24.235,30.212,194.115,54.989
24.843,31.472,193.536,9.945
23.715,24.615,189.311,211.558
24.13,20.997,192.753,165.293
26.305,25.512,195.351,150.336
27.638,28.245,194.428,173.343
21.273,29.21,195.941,1302.192
22.365,31.055,196.308,1429.561
23.002,32.238,195.529,567.805
23.5,33.27,194.976,194.817
24.017,34.33,194.132,234.859
21.475,24.638,189.264,67.955
21.31,19.702,189.666,43.976
24.267,25.778,193.837,561.971
27.093,31.718,193.263,183.86
23.843,29.452,194.93,315.465
24.068,29.835,194.696,318.893
24.27,30.235,194.488,245.352
24.445,30.65,194.237,64.277
24.648,31.025,193.954,45.157
22.837,22.845,189.462,308.361
22.663,17.977,190.317,11.143
25.21,23.157,194.161,589.647
26.922,26.74,195.44,549.102
28.132,29.23,193.587,122.871
21.593,29.665,194.943,318.309
22.86,31.925,195.358,99.084
23.802,33.76,194.785,58.367
24.125,34.377,194.496,62.369
24.435,35.035,193.91,107.916
21.415,24.477,188.761,279.373
24.572,26.3,192.696,375.911
26.08,29.47,193.599,596.851
27.402,32.198,192.983,1399.135
15.735,22.482,187.063,6.732
19.06,29.17,191.838,286.475
20.487,31.885,193.97,829.408
21.415,33.567,194.141,681.152
22.575,35.845,193.836,295.694
23.267,37.32,193.299,206.969
20.492,22.677,187.924,177.826
26.132,34.255,191.866,175.963
18.238,18.545,191.216,142.86
19.697,21.252,191.37,410.105
21.122,23.968,190.17,180.141
19.07,15.245,183.717,457.1
18.035,8.617,190.844,527.466
20.197,13.017,189.732,102.186
21.262,15.152,190.295,22.892
22.6,17.93,190.967,174.487
24.405,21.755,189.974,234.032
13.832,9.802,194.591,203.931
14.012,10.207,194.562,493.219
14.225,10.617,194.461,556.651
14.735,11.74,193.905,1034.567
16.365,14.935,192.914,40.482
18.752,19.492,190.212,20.876
17.272,11.848,189.4,202.221
16.238,5.22,192.157,277.472
19.652,12.16,192.649,11.559
21.52,24.785,195.359,360.119
21.778,25.227,195.358,246.647
21.985,25.7,195.285,297.377
22.202,26.152,195.05,338.665
24.3,30.22,192.054,242.008
21.305,19.637,187.587,291.539
24.545,21.663,195.203,14.223
26.14,25.028,194.195,88.692
22.785,27.372,195.125,312.038
23.022,27.758,194.876,360.477
23.247,28.137,194.627,291.901
23.472,28.52,194.358,230.654
24.882,31.44,192.524,562.805
22.237,21.52,187.936,258.301
22.457,17.46,191.475,74.171
25.61,23.977,195.252,94.102
26.73,26.24,194.457,129.717
22.29,30.942,194.567,332.182
22.99,32.218,194.828,409.787
23.837,33.825,194.721,119.023
24.555,35.27,194.52,90.579
24.96,36.155,194.073,61.681
22.082,25.79,188.727,235.967
22.11,21.27,188.535,36.236
25.495,28.232,193.032,603.66
26.402,30.19,193.444,615.605
27.527,32.457,193.031,311.482
21.12,28.94,195.361,720.807
22.095,30.6,195.73,1161.695
23.2,32.65,195.592,1120.744
23.7,33.653,194.702,206.805
22.562,26.84,191.179,599.417
21.642,20.428,189.318,14.567
22.915,22.98,191.201,2.855
24.675,26.648,193.577,625.065
25.88,29.23,194.403,507.992
27.098,31.748,193.447,237.709
22.525,31.68,193.463,566.974
23.898,34.168,194.092,304.154
24.622,35.55,193.943,163.105
25.048,36.395,194.122,271.16
22.62,26.918,188.731,260.179
25.102,27.407,191.077,120.791
26.105,29.575,192.478,583.464
27.21,31.925,192.825,647.915
28.33,34.212,192.174,147.196
16.69,15.907,195.695,126.66
16.895,16.343,195.614,30.557
18.508,19.47,194.79,1.509
20.51,23.21,192.088,3.74
18.578,14.655,189.795,33.657
20.78,14.557,194.293,85.623
23.438,20.067,191.754,10.19
11.85,5.875,193.801,302.678
12.078,6.318,193.59,530.031
12.5,7.16,193.336,625.788
13.425,9.113,192.614,770.9
15.12,12.497,191.653,18.874
17.185,16.438,189.465,10.246
15.48,8.373,189.134,202.832
14.455,1.735,191.962,343.105
17.09,6.982,191.886,1112.367
19.765,12.51,189.686,5.881
21.39,29.41,194.623,548.902
22.968,32.305,195.623,2225.608
23.718,33.663,194.878,167.171
24.142,34.508,194.73,245.626
21.46,24.595,189.106,823.127
20.323,17.74,187.199,9.768
23.245,23.602,191.09,43.314
24.89,27.055,193.443,560.198
26.09,29.615,194.1,777.105
27.215,31.882,193.521,206.633
16.992,16.55,196,84.659
18.81,20.075,195.302,2.983
20.608,23.407,192.61,4.582
19.123,15.765,189.984,29.743
18.09,9.132,192.137,364.989
20.365,13.725,194.196,151.788
23.238,19.688,191.917,31.484
17.123,16.465,190.81,4.493
17.61,17.51,191.12,124.126
18.863,19.815,192.337,365.087
20.553,22.885,191.369,158.161
18.618,14.345,184.649,190.915
17.48,7.533,190.064,272.656
19.54,11.718,190.128,105.05
20.708,14.075,190.628,9.873
21.837,16.41,191.49,208.478
23.753,20.4,191.23,417.395
19.015,20.605,195.371,2.07
20.998,24.328,192.253,5.055
18.938,15.57,189.377,3.32
21.495,16.08,194.613,1.676
23.928,21.165,192.274,6.901
17.785,18.278,196.587,64.414
18.067,18.888,196.543,41.166
18.273,19.308,196.514,1.41
18.747,20.105,196.371,1.773
19.368,21.113,195.994,11.175
20.988,24.27,193,7.597
19.262,16.188,189.463,2.572
21.663,16.508,194.89,3.085
24.11,21.578,193.105,5.891
19.508,7.29,192.082,10.418
21.812,11.895,194.656,52.316
22.462,13.213,195.058,22.664
22.91,14.065,195.174,55.754
24.318,17.023,194.798,1.047
26.023,20.608,192.494,1.734
22.99,27.815,195.219,318.774
23.227,28.2,194.982,366.865
23.452,28.58,194.746,296.345
23.678,28.962,194.489,255.017
23.88,29.362,194.258,221.528
21.965,21.098,187.575,273.616
21.695,15.952,190.076,1.794
27.14,27.125,194.52,129.64
9.445,0.958,191.947,524.871
10,2.06,191.403,450.7
11.055,4.248,190.571,375.394
14.562,11.2,186.587,9.985
11.725,-3.855,192.069,336.435
12.718,-1.857,191.56,951.051
13.812,0.318,190.917,607.002
14.782,2.27,190.369,532.877
17.865,8.675,186.663,112.81
9.87,1.878,193.415,650.099
10.072,2.33,193.17,677.909
10.627,3.433,192.625,554.865
11.905,6.058,191.583,534.603
14.377,10.97,189.793,25.837
14.877,7.217,188.028,373.86
13.335,-0.48,191.748,390.709
15.742,4.34,190.918,816.119
18.925,10.928,187.707,17.321
18.72,15.325,194.235,53.544
22.9,23.19,188.764,4.625
19.88,12.632,188.008,89.73
18.427,5.137,191.957,495.731
20.517,9.29,194.31,461.194
21.06,10.39,194.228,829.142
21.915,12.092,194.31,202.972
25.062,18.688,191.157,30.461
17.095,16.798,195.89,106.644
20.595,23.407,192.252,3.772
19.22,15.987,189.753,23.694
18.205,9.362,192.077,384.12
20.567,14.157,194.2,98.791
17.39,17.452,196.275,28.15
19.02,15.537,190.544,7.8
18.515,10.028,192.193,33.616
20.877,14.822,194.431,15.828
23.535,20.332,192.237,7.441
21.995,21.605,196.175,149.88
23.31,24.098,194.214,597.645
21.933,16.688,190.648,107.583
20.898,10.06,192.452,35.863
22.843,13.992,194.758,7.121
23.492,15.31,195.185,11.811
24.013,16.345,196.091,103.451
24.525,17.382,196.542,138.806
26.928,22.52,194.028,489.979
13.183,8.518,194.068,486.457
13.38,8.925,194.017,422.748
13.56,9.33,193.988,697.879
13.983,10.195,193.637,991.466
15.712,13.602,192.561,245.678
18.3,18.615,189.639,18.423
17.033,11.428,189.451,296.762
15.462,3.732,192.144,69.291
17.513,7.883,192.391,408.961
21.025,15.135,189.144,13.769
9.877,1.885,193.417,662.244
10.08,2.338,193.172,727.508
10.87,3.865,192.49,608.505
12.045,6.242,191.567,557.169
14.282,10.73,189.914,75.9
15.363,8.09,188.031,312.824
13.598,-0.047,192.035,507.578
15.32,3.462,191.273,1021.68
18.02,9.037,189.218,174.178
18.975,6.245,191.608,53.375
21.175,10.62,194.166,197.51
22.468,13.22,194.947,92.039
22.69,13.648,194.973,9.21
25.69,19.995,192.282,1.182
10.098,2.31,193.669,481.065
10.3,2.763,193.424,648.184
10.96,4.09,192.78,593.333
12.135,6.467,191.857,608.516
13.35,9.052,191.119,133.001
14.795,6.992,188.583,342.873
13.46,-0.268,191.961,421.304
15.99,4.762,191.125,895.008
19.175,11.33,188.021,2.391
13.41,8.96,194.355,357.21
13.608,9.367,194.303,381.23
13.787,9.773,194.275,723.365
14.21,10.637,193.923,1131.394
14.925,12.195,193.287,492.545
17.708,17.65,189.805,8.778
17.655,12.75,189.164,525.986
16.425,5.68,192.527,503.014
20.708,14.482,189.683,387.303
16.48,15.452,195.444,190.357
16.685,15.887,195.364,41.001
17.74,17.913,195.125,3.144
19.835,21.84,192.413,9.306
18.24,13.997,189.438,62.855
20.472,13.883,194.239,195.553
23.13,19.392,191.568,24.01
12.988,3.525,190.051,163.822
15.692,4.015,189.173,572.74
13.572,-4.793,192.454,608.643
14.448,-3.013,191.846,440.182
15.232,-1.465,191.151,275.081
16.312,0.71,190.408,190.418
17.377,2.875,189.758,111.432
15.802,9.242,192.051,351.384
18.84,10.457,189.813,496.208
16.85,1.885,193.298,224.436
17.308,2.76,193.239,280.313
17.532,3.195,193.11,324.898
18.492,5.165,192.47,533.815
20.093,8.367,191.928,128.318
21.53,20.79,196.132,24.44
23.222,23.895,193.79,247.484
21.388,15.59,189.939,47.971
20.25,8.735,192.133,113.205
22.322,12.907,194.423,33.62
23.09,14.435,195.335,7.973
24.418,17.16,196.644,585.544
25.315,19.132,196.09,473.084
26.23,21.055,194.678,268.434
13.19,8.51,194.067,396.16
13.387,8.918,194.015,397.888
13.568,9.322,193.987,703.263
13.99,10.188,193.635,1031.244
15.83,13.817,192.436,262.829
18.52,19.057,189.388,20.997
17.24,11.862,189.213,359.17
15.567,3.94,192.286,186.47
17.085,7.002,192.657,485.226
20.598,14.255,189.407,246.297
18.51,14.852,193.694,3.08
22.27,21.865,188.745,7.395
19.492,11.725,188.456,141.34
17.94,4.022,192.098,391.788
19.692,7.53,193.974,340.041
20.107,8.378,194.015,556.656
20.98,10.125,194.162,516.388
22.33,12.898,193.696,162.457
24.017,16.46,191.749,48.199
15.605,8.78,192.345,973.415
20.067,17.39,188.058,12.855
18.555,9.783,188.655,491.009
16.54,1.2,193.16,478.532
17.325,2.748,193.153,544.578
18.082,4.278,192.712,449.438
20.615,9.422,191.822,8.234
22.525,13.413,189.702,27.805
17.332,12.438,192.702,41.036
19.307,16.178,190.825,13.919
20.887,19.068,188.471,5.808
18.28,9.328,188.382,187.178
16.6,1.413,192.355,509.307
18.17,4.495,193.452,421.839
19.035,6.22,193.495,552.9
21.115,10.53,192.804,126.798
23.665,15.815,189.889,30.997
18.218,14.25,194.007,136.829
20.395,18.365,191.714,6.708
22.49,22.32,188.751,4.767
20.8,14.405,189.057,516.984
19.348,6.91,193.354,620.409
20.212,8.64,194.118,558.145
20.857,9.955,194.198,682.801
21.712,11.685,193.924,78.661
22.74,13.805,193.834,254.225
24.863,18.26,190.861,33.731
17.468,12.685,193.015,55.471
19.442,16.425,191.138,11.197
21.332,19.932,188.56,6.605
18.725,10.192,188.265,166.228
16.947,2.042,192.344,480.497
18.62,5.345,193.638,406.913
19.26,6.64,193.686,545.754
20.34,8.795,193.539,255.76
21.598,11.345,192.989,17.124
22.377,13.05,192.696,38.342
23.242,23.905,193.014,135.058
21.19,15.147,189.792,36.8
20.052,8.293,192.246,439.01
22.125,12.465,194.469,80.849
22.67,13.565,194.951,51.93
25.218,18.927,195.676,81.341
26.538,21.637,193.359,116.879
19.442,16.465,191.297,994.393
21.42,20.153,188.831,10.508
18.722,10.213,188.919,136.456
17.267,2.732,192.454,188.599
18.94,6.035,193.483,666.438
19.69,7.547,194.1,948.663
20.322,8.85,193.915,1285.669
21.458,11.178,193.446,424.663
24.115,16.688,190.146,14.905
12.287,6.765,193.857,336.454
12.512,7.2,193.655,454.329
12.748,7.625,193.517,615.177
13.27,8.67,193.238,619.839
15.18,12.482,192.134,408.892
17.968,17.95,188.963,13.246
16.115,9.665,188.542,173.939
14.755,2.385,191.993,295.285
17.508,7.843,192.09,886.926
20.185,13.358,189.678,8.764
15.012,7.66,190.887,1488.32
16.915,6.463,189.542,566.944
14.578,-2.783,193.128,512.833
15.337,-1.227,192.862,533.585
16.328,0.763,192.157,527.22
17.202,2.498,191.766,397.942
18.58,5.26,191.065,263.623
16.295,14.985,195.586,688.33
16.49,15.432,195.422,454.111
16.695,15.867,195.342,77.748
17.952,18.303,194.972,5.247
20.048,22.258,191.836,12.599
19.23,15.952,190.144,395.136
18.32,9.558,192.807,204.975
20.482,13.863,194.176,311.877
23.14,19.373,191.517,33.059
16.593,15.68,195.8,324.775
16.895,16.322,195.618,88.66
17.68,17.958,195.511,1.292
19.868,22.1,192.365,5.213
19.02,15.512,189.481,88.936
20.578,14.087,194.331,318.256
23.34,19.828,191.775,20.989
12.28,6.77,193.84,460.319
12.505,7.205,193.638,536.09
12.74,7.63,193.5,682.46
13.463,9.15,192.979,693.962
14.547,11.535,192.28,95.74
17.135,16.528,189.351,8.514
16.585,10.535,189.089,281.621
14.912,2.612,192.116,290.641
20.582,14.247,188.624,9.334
13.463,4.405,190.577,227.978
15.225,7.998,189.68,12.507
15.89,4.482,189.426,570.382
14.582,-2.795,192.327,641.364
15.555,-0.797,191.685,338.734
16.525,1.155,191.073,218.138
17.38,2.898,190.56,200.724
19.237,6.768,189.073,16.259
15.275,8.133,192.153,605.818
17.863,13.157,189.471,15.866
17.86,8.453,188.92,268.015
15.765,-0.347,192.876,413.252
16.982,2.085,193.094,383.931
17.535,3.188,192.762,459.857
18.07,4.263,192.636,595.262
19.032,6.208,192.058,545.46
21.708,11.7,189.209,2.537
11.838,5.885,193.788,392.381
12.065,6.327,193.577,599.034
12.29,6.762,193.375,642.892
13.117,8.508,192.754,736.938
15.157,12.52,191.611,60.62
17.837,17.727,188.248,9.064
16.57,10.54,188.662,262.073
14.805,2.402,192.199,478.652
19.328,11.7,190.161,29.656
13.713,9.593,194.689,765.708
14.023,10.198,194.622,411.021
14.235,10.608,194.521,512.207
14.648,11.522,194.067,1091.119
16.13,14.497,193.208,138.376
18.718,19.49,190.279,22.441
17.598,12.522,189.337,313.366
16.238,5.242,192.374,338.379
21.693,16.415,189.74,23.689
15.472,13.16,195.523,1007.991
15.672,13.635,195.28,898.573
15.873,14.09,195.059,624.052
16.068,14.537,194.895,274.978
17.03,16.38,194.629,12.651
19.515,21.14,191.43,10.154
17.92,13.297,189.2,65.712
19.635,12.11,193.947,387.766
22.19,17.387,191.715,22.035
15.785,13.863,195.654,684.018
16.082,14.545,195.31,677.694
16.278,14.992,195.146,410.103
16.672,15.85,195.031,30.746
17.905,18.118,194.449,6.387
20.093,22.26,191.303,14.384
18.13,13.752,188.967,76.985
16.795,6.463,191.897,2647.346
19.635,12.123,193.982,571.226
22.718,18.528,191.289,33.634
17.142,12.023,192.31,317.05
18.645,9.99,189.101,209.737
16.55,1.19,192.635,441.324
17.53,3.197,193.37,246.001
18.307,4.735,193.263,297.872
19.265,6.692,192.716,576.5
20.835,9.87,192.309,48.032
18.902,15.433,192.09,1617.878
20.802,18.945,189.577,31.425
18.622,9.985,188.777,150.363
17.052,2.29,192.656,342.053
18.725,5.593,193.555,710.478
19.365,6.883,194.028,713.524
20.1,8.4,193.658,823.875
21.157,10.532,193.163,130.265
23.395,15.142,190.598,12.577
17.975,13.54,193.161,362.797
18.878,10.45,189.799,154.54
17.092,2.308,191.997,567.512
18.415,4.968,193.256,438.49
19.057,6.273,193.726,487.732
19.487,7.12,193.896,384.448
19.925,7.99,193.696,639.184
20.99,10.135,193.239,590.551
15.435,8.55,191.357,490.801
17.398,12.375,189.841,7.066
19.39,16.075,187.285,9.982
17.338,7.353,188.604,594.246
15.102,-1.67,192.867,550.274
15.745,-0.33,192.932,457.04
16.53,1.218,192.948,698.008
18.05,4.278,191.877,625.026
19.815,7.898,191.135,35.541
21.755,11.907,189.146,8.352
14.387,6.355,190.793,275.419
16.65,6.025,188.743,566.537
14.117,-3.663,192.971,575.968
15.122,-1.687,192.714,630.504
15.89,-0.137,192.158,479.022
16.648,1.393,191.685,291.034
18.345,4.815,190.811,220.267
15.885,14.075,195.557,701.487
16.085,14.53,195.336,650.052
16.28,14.977,195.172,331.901
16.485,15.412,195.091,47.695
17.718,17.68,194.51,3.181
20.095,22.245,191.33,18.43
18.378,14.157,189.446,103.93
19.753,12.372,193.929,330.3
22.303,17.657,191.624,39.038
15.072,7.677,191.912,687.996
17.247,11.942,190.122,14.79
19.312,15.883,188.042,11.235
17.015,6.74,188.41,489.629
15.322,-1.225,192.842,683.296
16.772,1.638,192.858,437.958
17.337,2.745,192.382,64.144
19.995,8.115,191.327,5.678
22.428,13.2,188.173,12.451
10.53,3.215,193.68,475.178
10.745,3.657,193.452,542.87
11.075,4.327,193.133,551.646
12.34,6.94,192.095,674.279
14.078,10.555,191.134,13
16.66,15.555,187.873,6.368
16.34,10.077,188.372,912.763
16.517,5.855,191.288,806.259
19.718,12.465,187.685,4.192
18.17,13.918,193.464,286.503
20.445,18.24,191.132,17.983
21.972,21.182,188.655,6.815
19.407,11.487,188.545,173.028
17.958,4.005,192.534,646.168
19.592,7.295,193.823,508.573
20.12,8.367,193.952,533.292
20.77,9.688,193.669,443.777
22.005,12.252,193.449,135.845
23.915,16.242,191.371,41.966
16.017,9.722,191.816,84.255
17.78,13.072,190.649,42.997
20.07,17.39,188.048,15.175
17.773,8.248,188.401,229.246
15.758,-0.335,192.584,516.028
16.983,2.093,193.066,511.275
17.65,3.42,193.313,352.017
19.06,6.24,192.422,421.159
20.227,8.598,191.894,2.563
22.555,13.465,188.668,5.649
17.502,12.758,193.468,111.545
19.372,16.305,192.197,57.736
21.66,20.65,189.09,19.327
19.255,11.31,188.252,133.325
17.712,3.612,192.556,371.821
19.475,7.117,193.609,619.792
19.787,7.745,194.101,981.394
20.865,9.9,194.019,1093.453
22.122,12.45,193.569,2.827
23.837,15.992,191.269,14.727
15.36,12.962,195.565,119.455
15.672,13.665,195.196,747.481
15.873,14.12,194.975,629.777
16.175,14.762,194.793,216.263
17.395,17.048,194.273,2.9
19.578,21.17,191.652,15.105
17.853,13.088,189.536,83.773
19.53,11.892,193.844,426.883
22.613,18.298,190.994,27.075
21.433,15.68,190.845,64.359
19.89,7.982,192.949,199.982
20.65,9.492,193.893,387.66
21.385,11.01,194.672,325.418
22.035,12.33,194.815,522.041
22.38,12.967,194.761,73.781
25.483,19.512,192.079,2.724
23.048,23.458,192.683,114.75
21.113,14.917,189.812,49.519
19.662,7.435,191.855,714.457
22.26,12.672,194.955,108.928
23.74,15.65,196.048,292.871
24.83,18.02,195.471,136.176
26.442,21.43,192.906,111.447
18.382,14.407,193.774,155.689
20.657,18.73,191.443,63.901
22.185,21.672,188.902,10.763
19.375,11.557,188.708,127.56
19.36,6.912,193.472,263.405
20.422,9.098,194.293,334.008
21.413,11.05,193.948,375.543
23.843,16.058,191.358,8.278
14.818,7.25,191.278,486.248
16.77,6.263,189.438,394.56
14.65,-2.545,192.986,507.968
15.875,-0.117,192.771,506.412
16.54,1.21,192.432,472.009
17.405,2.935,191.939,483.495
18.708,5.53,191.235,307.501
17.658,13.133,193.257,9.036
18.523,14.735,193.113,5.409
20.618,18.69,190.034,14.263
19.15,11.05,187.996,165.727
17.385,2.913,192.4,518.032
19.02,6.215,193.79,434.282
19.555,7.282,193.83,608.068
20.323,8.808,193.739,384.33
21.673,11.58,193.317,32.921
23.998,16.44,190.638,36.416
9.2,0.532,192.661,635.072
9.975,2.09,191.866,449.899
10.84,3.8,191.278,401.83
13.095,8.26,189.912,172.127
14.03,5.433,188.348,439.497
11.898,-3.365,192.083,425.513
13.468,-0.282,191.319,586.306
15.215,3.205,190.215,499.524
16.742,11.152,192.589,369.405
20.465,18.32,188.549,16.749
19.19,11.098,188.31,471.098
17.095,2.298,193.237,452.612
17.76,3.625,193.348,487.001
18.73,5.577,193.378,505.062
20.868,9.877,192.419,10.729
23.3,14.962,189.315,27.746
14.983,12.088,195.444,1059.161
15.293,12.755,195.109,1059.867
15.492,13.23,194.866,852.381
15.693,13.685,194.645,558.067
16.483,15.345,194.408,96.34
18.373,18.87,192.667,15.036
18.618,14.5,191.722,419.683
17.858,8.48,193.115,196.378
19.128,11.057,193.58,338.92
22.328,17.668,190.708,23.763
16.528,10.773,192.116,99.058
17.697,13.045,191.742,22.698
19.575,16.53,189.373,28.827
18.455,9.562,189.206,251.858
16.67,1.42,192.855,500.574
17.43,2.958,193.14,496.298
18.19,4.467,193.468,666.245
19.045,6.207,193.072,657.738
20.215,8.562,192.435,545.364
22.66,13.617,189.626,10.544
16.623,10.96,192.253,261.706
18.595,14.755,190.599,8.531
20.578,18.477,187.56,10.319
18.758,10.235,187.975,527.692
16.663,1.435,193.067,530.672
17.648,3.42,193.179,528.783
18.407,4.93,192.964,529.865
20.538,9.232,192.096,16.329
22.447,13.222,190.045,19.596
17.26,12.255,192.789,277.43
18.648,10.018,189.45,182.958
16.645,1.432,192.345,529.373
17.743,3.657,193.236,393.098
18.193,4.54,193.437,296.855
18.73,5.617,193.402,308.052
19.567,7.355,192.975,620.63
20.645,9.51,192.62,68.074
19.363,16.292,194.231,177.553
19.61,11.89,190.546,41.347
18.025,4.202,191.851,365.267
19.778,7.71,193.92,813.792
20.752,9.657,194.755,1019.866
21.177,10.552,194.748,1275.349
21.73,11.635,194.467,519.32
24.472,17.317,191.742,1.929
13.717,5,190.147,149.561
16.218,5.108,188.733,476.247
13.48,-5.028,192.934,437.551
14.122,-3.688,192.41,676.147
15.215,-1.47,191.516,382.69
16.09,0.275,190.919,208.549
17.273,2.65,190.191,158.807
10.525,3.21,193.679,598.962
10.74,3.652,193.451,576.064
11.425,4.957,192.892,590.122
12.393,6.888,192.197,564.824
13.57,9.46,191.488,302.557
15.715,8.747,188.82,347.657
13.818,0.39,192.205,532.453
15.645,4.13,191.668,1449.898
19.382,11.817,187.863,52.801
13.302,8.728,194.454,361.003
13.605,9.36,194.305,254.196
13.785,9.765,194.276,577.547
14.11,10.402,194.048,822.908
15.84,13.81,192.972,661.089
18.627,19.278,189.801,21.735
17.895,13.193,189.642,642.811
16.343,5.49,192.511,467.144
17.975,8.748,192.59,368.411
21.26,15.555,189.828,19.528
15.25,8.108,191.397,232.269
17.683,8.01,189.95,554.286
15.55,-0.787,193.216,410
16.19,0.542,192.932,474.839
16.975,2.085,192.444,499.127
17.735,3.588,192.182,557.092
18.815,5.742,191.573,423.788
20.305,13.307,192.106,168.055
19.455,7.085,192.97,545.994
20.33,8.83,193.874,673.811
20.962,10.133,194.578,390.493
21.607,11.448,194.76,606.091
21.938,12.09,194.634,294.86
22.58,13.335,194.596,2.151
16.73,11.14,192.56,292.195
18.477,14.555,191.428,28.826
20.572,18.51,188.354,25.701
18.637,9.97,188.256,221.931
16.427,0.945,192.496,391.764
17.632,3.387,193.317,520.375
18.718,5.565,193.542,704.288
19.572,7.307,193.16,936.116
20.532,9.22,192.647,225.045
23.082,14.505,189.693,10.667
16.202,10.093,192.51,584.46
17.805,8.305,190.373,226.137
15.88,-0.123,192.285,562.763
16.755,1.658,193.139,331.397
17.868,3.862,193.164,255.231
18.93,6.047,192.509,579.888
20.508,9.25,192.067,45.96
22.71,22.817,192.57,2.1
20.65,14.06,189.458,34.253
18.977,6.137,191.465,790.445
21.712,11.59,194.579,194.705
22.585,13.337,195.38,8.768
26.333,21.218,192.144,1.911
14.953,7.475,191.602,607.933
17.235,11.938,189.588,3.715
19.525,16.255,187.047,7.907
17.248,7.117,187.95,574.287
15.115,-1.68,193.063,648.286
15.992,0.092,192.762,584.988
16.778,1.635,192.676,304.337
18.303,4.69,191.747,2626.655
19.872,7.867,191.085,4.742
21.782,11.858,188.959,14.502
9.443,0.965,192.453,712.547
10.098,2.312,191.761,487.788
10.74,3.585,191.384,507.37
13.115,8.255,189.914,205.581
13.805,4.877,189.632,635.678
12.512,-2.29,191.976,416.286
13.38,-0.52,191.435,709.856
14.36,1.435,190.95,768.846
17.265,7.425,188.54,205.807
18.425,14.617,194.212,525.381
19.928,12.557,189.787,98.189
17.832,3.758,192.016,461.735
19.26,6.64,193.568,663.032
20.23,8.592,194.502,725.546
20.758,9.665,194.722,581.818
21.198,10.543,194.39,1138.074
22.432,13.108,193.986,16.165
24.343,17.098,192.078,4.713
22.04,21.495,192.811,37.301
20.445,13.652,189.333,43.116
18.668,5.503,191.428,945.145
21.285,10.748,194.355,123.679
22.157,12.49,195.171,33.068
24.215,16.75,194.99,2.978
26.03,20.58,191.975,6.71
15.475,8.558,191.65,294.958
17.553,7.793,189.342,317.382
15.435,-1.018,192.954,410.819
16.533,1.208,193.076,385.461
17.2,2.535,192.633,470.694
18.175,4.482,192.158,559.518
19.65,7.465,191.548,283.205
15.05,12.295,195.412,663.042
15.26,12.75,195.162,1234.575
15.46,13.225,194.919,849.077
15.865,14.115,194.618,344.648
17.183,16.608,193.997,5.298
19.468,20.958,191.25,10.771
18.4,14.207,190.247,297.112
18.89,10.64,193.505,281.132
22.09,17.25,190.699,22.534
16.94,11.528,193.162,2021.329
19.015,15.58,191.536,1421.068
20.905,19.127,188.464,22.004
18.852,10.405,188.365,209.998
16.982,2.04,192.797,406.885
18.308,4.703,193.395,616.043
18.725,5.572,193.691,529.623
19.685,7.52,193.347,606.946
21.07,10.3,192.795,14.101
22.17,12.652,192.312,9.09
21.638,20.648,192.666,17.291
20.41,13.448,190.043,106.228
18.825,5.76,191.727,1389.543
20.438,9.047,193.756,2.793
21.413,10.995,194.457,96.876
21.73,11.662,194.672,74.916
24.015,16.35,194.588,1.6
25.83,20.18,191.563,4.925
18.773,15.218,193.757,1190.654
19.192,11.08,190.677,117.369
17.72,3.567,192.182,536.493
19.045,6.23,193.485,629.203
19.805,7.732,194.247,814.908
20.325,8.802,194.526,739.343
20.645,9.477,194.259,1053.951
21.702,11.61,193.849,320.684
23.837,16.025,191.77,1.863
14.61,6.808,191.081,564.226
18.622,14.543,187.406,8.018
16.905,6.455,187.951,472.69
14.567,-2.79,193.143,483.93
15.328,-1.235,192.754,558.781
16.407,0.957,192.324,36.748
17.492,3.135,191.604,1717.61
19.065,6.332,191.001,371.381
21.53,11.383,188.187,8.081
14.07,5.68,191.104,703.556
16.028,9.55,189.582,74.552
18.5,14.348,186.872,8.889
16.565,5.808,188.039,560.319
14.547,-2.775,193.131,595.587
15.528,-0.768,192.38,423.667
17.185,2.502,191.375,1630.028
18.665,5.485,190.677,321.853
28.745,21.358,196.569,1103.508
29.325,22.675,197.571,1471.358
29.735,23.57,198.06,1367.044
29.948,24.015,198.249,1756.291
30.352,24.855,198.093,1635.867
30.76,25.652,197.429,2195.883
30.958,26.045,196.994,1100.185
31.148,26.44,196.528,295.714
31.355,26.812,196.07,313.01
31.77,27.683,195.428,479.455
14.658,11.45,195.21,286.759
14.87,11.89,194.998,705.946
15.08,12.345,194.748,1074.548
15.583,13.463,194.323,429.666
17.113,16.425,193.458,4.478
19.398,20.775,190.712,19.629
17.68,12.688,189.503,105.262
16.128,4.985,191.782,1095.359
18.188,9.17,193.134,333.633
21.472,15.978,190.842,31.203
15.582,8.797,192.073,630.683
17.983,13.445,189.871,4.507
19.752,16.73,187.879,8.634
17.475,7.625,188.634,511.576
15.782,-0.34,192.921,627.979
16.988,2.102,193.007,500.959
17.655,3.43,192.586,260.974
20.305,8.775,191.599,6.337
22.737,13.86,188.444,17.18
16.755,11.012,189.079,1113.99
18.942,15.155,185.962,8.86
16.89,6.432,188.015,344.626
14.46,-3.033,193.217,488.736
15.56,-0.818,192.635,479.728
16.345,0.73,191.988,482.446
17.2,2.47,191.418,649.079
18.965,6.09,190.616,239.799
20.915,10.152,188.822,3.774
20.88,19.155,191.696,48.282
22.5,22.312,188.726,8.507
19.935,12.617,188.535,147.66
20.028,8.21,193.677,173.163
20.555,9.282,194.285,223.051
21.428,11.03,194.321,404.003
22.857,14.037,193.633,2.171
24.96,18.47,191.011,12.723
18.023,13.788,193.423,3.646
19.315,11.295,189.733,155.728
17.197,2.485,191.834,601.883
18.64,5.365,193.313,574.375
19.515,7.1,194.009,538.271
19.93,7.948,194.259,487.62
20.355,8.843,193.963,794.063
21.517,11.198,193.501,231.806
27.418,18.555,197.572,173.36
27.715,19.18,198.228,763.528
28.002,19.835,198.77,422.406
28.292,20.518,198.961,675.062
28.602,21.175,198.835,1080.918
28.913,21.84,198.411,662.591
29.115,22.265,198.021,1289.954
29.422,22.875,197.334,1418.973
30.33,24.742,195.551,800.659
21.165,19.64,192.907,42.117
22.675,22.575,190.098,8.273
20.152,13.05,188.533,70.798
20.7,9.505,194.017,81.396
21.332,10.807,194.513,83.897
22.188,12.51,194.838,92.354
24.72,17.82,192.799,9.759
14.528,11.25,195.239,1198.776
14.852,11.887,195.011,690.82
15.062,12.342,194.76,1210.748
15.655,13.68,194.319,499.047
17.185,16.642,193.455,6.873
18.78,19.512,191.81,24.055
17.062,11.425,190.39,108.132
16.63,6.052,192.303,159.319
21.265,15.53,191.413,24.397
9.418,0.995,192.917,854.235
9.853,1.893,192.438,670.451
10.605,3.405,191.866,607.129
12.358,7.063,190.703,361.367
14.595,6.542,188.355,606.63
12.593,-2.043,192.001,615.719
13.692,0.173,191.517,888.31
14.877,2.578,190.813,964.693
18.387,9.832,187.336,41.857
14.482,6.575,191.1,828.311
14.547,-2.802,193.123,564.631
16.74,1.598,192.197,481.945
17.5,3.1,191.843,682.471
18.863,5.87,191.119,410.505
21.523,11.37,188.054,4.944
10.972,4.09,193.706,510.007
11.195,4.528,193.496,533.777
11.535,5.188,193.18,625.889
12.065,6.263,192.818,705.25
13.477,9.26,191.971,560.012
16.59,15.365,188.572,15.416
15.598,8.523,188.705,293.964
13.595,-0.062,192.083,559.679
18.803,10.578,189.806,83.941
14.8,7.252,191.318,528.656
18.415,14.383,187.968,7.146
17.462,7.567,188.019,582.389
15.227,-1.458,193.08,649.194
16.095,0.312,192.65,446.721
18.15,4.447,191.519,1624.123
19.418,7.022,190.889,41.134
20.958,10.225,189.815,5.799
27.828,19.45,197.077,128.934
28.218,20.298,197.931,587.785
28.505,20.952,198.473,485.276
28.702,21.413,198.724,560.324
29.11,22.3,198.905,890.933
29.525,23.16,198.511,1397.584
29.735,23.57,198.06,1360.576
29.938,23.985,197.584,1204.71
30.135,24.372,197.149,1051.401
30.63,25.365,196.1,428.938
11.415,4.982,193.751,473.072
11.635,5.432,193.538,528.206
12.098,6.3,193.189,750.235
12.52,7.143,192.935,587.415
14.54,11.178,191.707,570.782
16.368,10.087,188.596,310.872
14.378,1.515,192.269,559.88
14.142,10.407,194.976,483.359
14.422,11.025,194.863,339.307
14.635,11.465,194.651,804.4
15.25,12.81,194.099,788.898
16.345,15.172,193.592,3.267
18.63,19.523,190.846,19.133
17.328,12.045,189.051,129.369
16.19,5.19,192.18,208.799
21.562,16.148,190.72,26.337
14.37,6.322,190.608,202.982
16.652,10.785,188.609,7.563
16.343,5.372,189.176,607.595
13.805,-4.315,193.003,593.131
14.925,-2.115,192.455,651.725
15.565,-0.785,192.114,492.545
16.325,0.725,191.605,265.737
18.045,4.152,190.615,149.553
14.82,7.232,191.329,825.03
17.102,11.695,189.397,6.945
19.388,16.045,186.677,7.876
17.567,7.803,188.845,513.704
15.23,-1.448,192.931,613.914
15.99,0.09,193.028,295.311
16.877,1.857,192.373,417.831
17.837,3.828,191.713,683.567
19.407,7.005,191.032,104.204
21.657,11.602,188.466,5.47
15.665,8.985,192.053,630.921
17.948,13.448,190.13,404.315
19.528,16.33,188.296,20.817
17.708,8.087,189.756,2494.359
15.988,0.108,192.796,562.643
16.747,1.645,193.306,338.111
17.74,3.595,193.009,329.157
18.7,5.565,192.435,718.867
19.968,8.14,191.777,136.6
22.625,13.65,188.382,7.735
27.208,18.188,196.495,108.981
27.815,19.42,197.759,286.529
28.1,20.058,198.391,784.27
28.292,20.518,198.718,516.582
28.702,21.413,198.964,657.37
29.11,22.3,198.661,657.11
29.312,22.725,198.271,1194.87
29.523,23.135,197.821,1336.216
29.725,23.55,197.345,1198.833
30.112,24.332,196.443,804.72
11.398,4.98,193.746,345.597
11.617,5.43,193.533,448.584
12.08,6.297,193.184,689.248
12.615,7.338,192.914,637.96
13.793,9.91,192.205,579.827
16.69,15.59,188.947,7.982
15.815,8.965,188.736,270.454
14.468,1.71,192.098,403.116
16.753,6.32,191.698,1223.467
19.935,12.907,188.609,8.594
20.955,19.468,191.851,42.477
19.825,12.417,188.81,87.638
20.258,8.645,193.782,72.636
20.992,10.168,194.46,91.558
21.952,12.092,194.483,58.425
22.795,13.772,194.353,1.149
24,16.355,192.958,6.989
14.248,10.633,194.909,361.947
14.46,11.043,194.809,451.305
14.672,11.482,194.597,915.578
15.287,12.828,194.045,833.69
16.805,15.795,193.181,7.007
19.183,20.36,190.001,21.044
18.335,14.05,189.586,499.215
17.21,7.203,192.753,448.218
21.078,15.098,190.821,48.575
17.41,17.165,190.747,3.405
18.275,18.768,191.903,180.715
19.645,21.255,192.182,433.998
20.86,23.528,191.14,173.199
19.148,15.483,185.021,212.065
17.682,8.002,189.414,253.927
19.505,11.725,190.457,139.245
21.105,14.945,190.7,2.897
22.54,17.952,191.823,294.309
23.845,20.722,190.988,614.589
17.798,13.38,192.758,142.72
18.245,9.2,190.216,152.139
16.758,1.66,192.051,580.694
18.102,4.295,193.222,459.99
18.655,5.398,193.527,329.513
19.19,6.472,193.597,339.591
19.925,7.99,193.224,698.719
21.38,10.982,192.752,57.619
17.415,17.148,190.189,3.199
17.805,17.952,190.562,116.32
19.283,20.637,191.766,423.319
20.86,23.533,190.369,234.126
19.343,15.952,185.068,256.09
18.63,9.943,189.809,154.906
20.377,13.43,190.028,55.843
21.233,15.16,189.88,1.896
22.227,17.295,191.173,263.172
24.35,21.75,190.378,331.996
25.913,33.57,194.579,72.551
26.413,34.573,194.642,50.003
26.622,35.015,194.837,55.803
23.963,25.093,189.383,62.509
23.928,20.438,187.408,7.589
26.982,26.735,191.94,197.886
28.178,29.3,193.594,309.334
29.085,31.157,193.602,992.852
29.992,33.025,193.371,268.107
17.72,17.81,190.424,8.393
18.312,19.055,191.483,131.745
19.683,21.542,191.981,474.732
18.498,14.282,185.457,280.075
16.882,6.452,188.307,502.484
18.087,8.895,189.125,228.553
19.935,12.613,190.208,154.344
21.82,16.452,191.143,87.527
23.035,19.02,191.431,386.202
24.345,21.747,190.723,405.8
26.61,16.88,196.491,7.758
27.025,17.698,197.321,223.021
27.332,18.323,197.957,686.103
27.618,18.96,198.589,584.139
27.905,19.615,198.891,599.004
28.2,20.295,198.763,703.116
28.51,20.952,198.397,557.606
28.722,21.398,198.093,694.665
29.227,22.425,197.028,1521.594
29.94,23.8,195.449,700.396
27.443,32.328,193.679,292.631
28.165,33.742,193.599,179.046
25.685,24.205,188.936,209.518
28.725,25.843,191.68,392.609
29.92,28.408,193.442,558.78
30.635,29.905,193.77,573.142
31.242,31.085,193.666,253.155
31.947,32.538,193.784,288.783
26.63,30.65,195.02,335.486
27.352,32.065,194.846,180.249
24.873,22.528,188.679,212.24
23.615,15.475,187.005,7.124
26.433,21.127,190.911,1.944
27.817,23.907,193.242,182.951
28.502,25.435,194.405,746.938
29.702,27.98,195.168,201.346
30.718,30.028,194.801,265.521
31.125,30.847,194.219,353.186
12.727,7.642,193.918,381.598
12.963,8.067,193.781,539.647
13.16,8.475,193.729,425.318
13.44,9.092,193.616,615.413
14.457,11.27,192.929,637.715
17.255,16.738,189.756,11.732
16.227,9.88,188.93,134.878
14.778,2.405,191.735,204.658
20.598,14.22,189.429,13.424
12.725,7.655,193.926,317.207
12.96,8.08,193.788,524.636
13.158,8.488,193.737,437.589
13.438,9.105,193.623,668.787
14.455,11.282,192.937,722.38
16.413,15.152,191.398,9.562
16.505,10.495,191.182,431.11
15.67,4.17,192.443,366.374
16.855,6.575,192.451,227.279
20.065,13.142,189.887,75.9
15.15,7.91,191.823,1336.007
17.545,12.57,189.903,11.136
19.83,16.92,187.187,10.614
17.425,7.58,188.254,326.082
15.19,-1.445,192.811,496.277
16.64,1.418,193.259,332.212
17.515,3.162,192.733,318.389
18.05,4.23,192.567,691.459
19.127,6.385,191.91,559.315
21.787,11.885,188.848,5.797
17.71,17.778,190.502,11.351
18.725,19.628,191.709,311.87
20.82,23.555,191.801,256.324
19.095,15.472,183.678,251.055
17.852,8.398,189.946,279.528
20.36,13.443,190.148,77.31
21.722,16.212,190.803,50.489
23.035,18.988,191.377,421.498
24.348,21.71,190.191,433.346
17.932,18.152,191.68,115.322
19.057,20.225,192.096,387.221
20.032,21.885,191.681,430.972
18.548,14.242,185.658,268.795
17.712,7.985,189.683,248.688
19.325,11.272,189.818,129.936
20.595,13.85,190.741,33.149
22.135,17.08,191.591,259.666
24.15,21.31,191.002,370.859
19.737,22.163,198.032,864.73
20.012,22.548,197.806,419.648
20.38,23.213,197.429,289.503
21.282,24.888,195.858,311.937
22.34,26.938,193.8,135.773
20.105,17.838,191.067,144.704
20.232,13.565,193.107,465.49
23.195,19.628,196.357,170.658
25.01,23.458,194.097,667.7
21.31,24.868,198.892,1131.018
21.665,25.56,198.437,1201.103
21.882,26.012,198.016,1303.676
22.12,26.398,197.563,1272.002
22.845,27.78,196.052,752.099
23.567,29.195,194.646,543.295
20.79,19.055,191.349,454.524
20.82,14.562,192.679,43.079
24.535,22.188,196.723,664.841
26.34,26.012,195.357,1689.046
10.96,4.108,193.706,410.488
11.183,4.545,193.496,496.94
11.627,5.43,193.081,623.198
12.158,6.505,192.719,691.126
14.405,10.99,191.253,500.612
16.918,15.835,188.939,43.665
15.863,9.052,190.018,2063.437
14.91,2.61,192.193,233.216
16.312,5.455,191.585,1309.607
19.498,12.023,188.559,26.309
26.15,15.797,197.011,1.952
26.745,17.015,198.052,328.559
27.135,17.863,198.207,863.587
27.328,18.323,198.036,202.741
27.525,18.783,197.785,94.732
27.72,19.225,197.544,75.621
28.135,20.085,196.909,80.119
29.26,22.352,194.741,114.274
9.433,0.983,193.412,763.813
9.867,1.88,192.934,739.778
10.52,3.212,192.267,587.176
11.99,6.26,191.148,506.752
14.592,6.538,188.559,537.262
12.692,-1.82,192.05,582.646
13.91,0.613,191.688,969.364
14.552,1.918,191.35,1072.467
17.962,8.932,188.038,385.711
21.94,25.945,198.681,1178.297
22.158,26.398,198.258,1333.514
22.395,26.782,197.805,1288.028
22.62,27.163,197.352,970.593
22.845,27.545,196.906,833.296
23.655,29.205,195.165,437.322
21.132,19.68,190.92,470.159
21.45,15.843,192.893,2468.109
25.292,23.67,197.137,457.151
26.723,26.623,195.093,2060.631
9.215,0.52,193.157,779.73
9.87,1.867,192.465,687.762
10.628,3.425,191.699,617.902
11.878,6.022,190.793,426.84
14.478,6.303,188.179,533.365
12.14,-2.947,192.235,570.802
13.582,-0.067,191.575,1156.154
15.328,3.427,190.477,732.159
9.432,0.983,193.415,667.772
9.98,2.098,192.831,683.546
10.512,3.22,192.268,542.959
11.96,6.27,191.237,524.4
14.567,6.562,188.212,468.029
12.332,-2.462,192.229,563.086
13.902,0.62,191.686,1722.733
15.32,3.465,190.859,944.61
18.605,10.273,187.584,46.904
19.065,20.963,197.741,1036.741
19.262,21.365,197.722,838.472
19.532,21.755,197.588,488.435
20.065,22.582,197.105,389.701
20.875,24.08,195.852,569.425
22.128,26.573,193.235,424.64
19.85,17.435,190.276,226.028
19.475,12.095,192.351,90.078
22.88,19.055,195.729,460.024
25.002,23.51,193.569,809.07
23.605,10.692,194.924,65.79
24.03,11.588,195.512,132.801
24.237,12.032,195.76,91.248
24.685,12.885,196.218,47.089
25.31,14.123,196.268,3.461
26.108,15.832,196,3.204
27.605,18.977,193.546,6.316
10.095,2.325,193.67,646.424
10.297,2.777,193.425,743.103
10.732,3.67,192.984,621.179
11.418,4.975,192.425,703.054
13.89,9.895,190.756,401.846
16.015,9.425,188.74,750.696
15.322,3.473,191.54,865.399
18.505,10.06,188.37,426.307
22.86,27.697,198.487,1462.568
23.303,28.53,197.878,2048.015
23.528,28.913,197.431,1889.532
23.73,29.312,196.992,1271.136
23.905,29.727,196.546,212.071
24.512,30.988,195.245,308.598
21.943,21.25,190.819,561.972
22.472,17.848,192.362,753.582
26.398,25.882,196.691,680.476
27.615,28.4,194.979,517.96
24.193,30.078,197.197,795.827
24.593,30.875,196.528,142.134
24.795,31.25,196.081,111.638
25.003,31.652,195.691,128.95
25.315,32.323,195.272,212.469
25.625,32.98,194.589,159.221
22.748,22.615,190.274,410.926
22.968,18.555,191.14,367.502
26.873,26.573,195.625,505.234
28.082,29.062,194.968,535.592
25.38,32.468,195.703,29.531
25.792,33.285,195.632,61.847
26.218,34.13,195.201,49.281
26.413,34.573,194.642,49.993
23.29,23.788,189.199,154.728
24.542,21.695,190.377,41.95
27.265,27.29,194.14,444.7
28.172,29.248,194.589,1221.593
29.08,31.115,194.098,184.092
27.492,18.788,189.416,37.291
30.44,24.858,194,562.307
31.442,27.03,195.201,488.762
32.062,28.273,195.4,312.583
32.358,28.865,195.391,165.185
32.548,29.26,195.363,61.322
32.755,29.632,195.331,88.726
33.17,30.503,195.393,117.692
33.578,31.415,194.795,71.169
18.485,19.735,196.479,1.024
18.667,20.165,197.344,68.172
18.872,20.573,197.333,32.216
19.07,20.975,197.314,21.71
19.598,21.808,196.927,20.735
20.465,23.27,195.793,24.886
21.828,25.985,193.053,20.314
19.53,16.842,189.963,14.15
22.897,19.07,195.659,27.204
24.702,22.895,193.634,21.951
27.125,17.893,197.596,178.32
27.328,18.323,198.036,203.033
27.52,18.738,198.469,867.574
27.905,19.615,198.891,598.969
28.292,20.518,198.718,517.156
28.505,20.952,198.473,485.841
28.718,21.398,198.169,592.854
29.025,22.038,197.539,1362.018
30.145,24.325,195.119,948.645
22.212,22.025,195.878,696.383
23.832,25.183,193.046,205.649
21.535,16.04,189.149,77.167
20.2,8.75,191.575,9.936
22.4,13.125,194.375,27.191
23.36,15.075,195.619,148.258
24.308,16.985,196.365,16.703
25,18.488,196.513,73.4
25.482,19.585,196.192,126.179
22.837,9.17,194.812,1286.24
23.165,9.818,195.367,1048.918
23.485,10.492,195.74,1668.607
23.802,11.16,195.86,334.517
24.132,11.802,195.876,236.191
24.477,12.44,195.729,75.81
27.188,18.105,192.837,8.284
20.415,23.37,198.671,1059.359
20.672,23.812,198.418,960.236
20.93,24.255,198.163,522.303
21.137,24.727,197.842,646.519
21.697,25.745,196.744,668.571
22.852,27.988,194.326,314.405
21.78,21.325,192.356,190.008
24.008,21.345,196.695,354.062
25.715,24.95,194.967,837.241
21.94,25.945,198.928,885.293
22.415,26.84,198.513,1052.952
22.652,27.225,198.061,1106.282
22.878,27.605,197.608,810.75
23.39,28.578,196.496,470.709
24.2,30.238,194.755,257.188
21.635,20.542,191.16,324.848
21.663,16.023,192.732,42.844
25.26,23.43,196.961,189.677
26.458,25.97,196.149,215.403
23.302,28.53,198.095,1402.444
23.765,29.298,197.43,1478.872
23.968,29.697,196.991,1214.673
24.142,30.113,196.544,206.252
24.555,30.93,195.801,256.692
25.072,31.99,194.729,366.928
22.18,21.635,190.606,600.124
22.207,17.115,191.572,140.858
27.325,27.69,195.627,813.707
24.593,30.875,196.758,452.716
24.997,31.65,196.089,55.884
25.205,32.052,195.701,70.682
25.415,32.495,195.406,112.405
25.632,32.938,195.157,148.71
25.828,33.38,194.598,102.661
22.95,23.015,190.053,297.29
23.267,19.177,190.823,364.833
27.075,26.995,195.493,971.583
28.505,29.947,194.423,376.606
27.43,23.29,188.692,110.737
29.525,22.975,191.753,52.261
30.747,25.537,193.96,508.953
31.652,27.49,194.943,414.827
32.37,28.938,195.134,213.662
32.758,29.72,195.105,58.436
32.965,30.093,195.073,101.003
33.17,30.503,195.147,66.775
33.578,31.415,195.055,152.853
23.58,20.078,190.969,620.158
24.735,22.32,189.649,245.652
23.115,14.515,184.443,264.112
21.47,6.597,190.256,282.941
22.99,9.668,190.641,126.426
23.95,11.615,190.434,22.548
24.485,12.67,190.862,2.511
26.112,16.072,192.367,412.156
27.608,19.238,191.135,213.55
23.898,25.168,194.61,692.968
25.052,27.41,192.344,230.897
22.278,17.273,189.555,184.218
21.262,10.647,191.972,2.896
25.11,18.398,196.848,12.722
25.805,19.93,196.957,156.971
27.622,23.68,194.006,577.668
23.075,23.54,196.962,1123.62
24.235,25.817,194.806,888.929
25.39,28.06,192.562,178.196
23.387,19.475,190.626,188.023
22.702,13.505,193.248,2.369
25.332,18.832,197.168,10.722
25.92,20.14,197.163,191.45
27.947,24.33,194.207,869.487
23.922,25.217,197.387,971.508
24.77,26.825,196.125,949.453
25.925,29.067,193.934,311.614
23.242,19.155,189.573,422.198
22.663,13.402,191.529,10.564
25.97,20.14,196.271,277.567
26.867,22.055,197.436,305.271
27.38,23.137,197.327,220.866
28.288,24.995,196.032,195.362
29.303,27.087,194.082,2215.249
24.193,30.078,197.197,798.156
24.485,30.678,196.758,595.816
24.773,31.267,196.093,71.708
24.98,31.67,195.704,95.669
25.293,32.34,195.285,172.456
25.602,32.998,194.602,135.738
23.93,25.075,191.452,359.04
24.46,21.672,192.801,692.505
27.062,27.048,195.942,727.751
27.962,28.88,195.13,558.35
25.093,31.878,196.138,225.601
25.38,32.468,195.91,70.674
25.702,33.085,195.642,136.271
26.015,33.755,195.223,52.701
26.21,34.198,194.664,51.111
24.092,25.388,190.335,140.502
24.025,20.673,190.353,24.396
26.968,26.72,194.35,328.234
27.97,28.873,194.925,106.969
28.985,30.965,194.061,148.732
30.515,34.12,193.046,71.478
27.908,19.725,188.514,3.084
30.753,25.573,192.963,228.473
31.86,27.955,194.386,249.425
32.38,29.01,194.572,217.598
32.768,29.792,194.544,101.883
33.172,30.558,194.516,102.047
33.377,30.968,194.59,72.761
33.578,31.415,194.795,70.987
24.558,26.512,197.023,681.925
26.343,29.91,194.22,231.214
23.532,19.795,189.325,428.189
23.07,14.252,191.014,6.271
26.12,20.317,195.284,150.873
26.997,22.242,196.739,890.379
27.895,24.2,197.27,508.809
28.515,25.442,196.48,812.758
29.212,26.85,195.314,370.379
20.322,23.195,198.689,817.641
20.745,23.8,198.33,1046.022
21.002,24.242,198.074,595.202
21.21,24.715,197.752,738.091
21.652,25.548,196.876,752.227
22.808,27.79,194.457,404.799
20.402,18.45,190.49,273.767
23.868,20.898,196.73,390.476
25.475,24.263,195.146,758.477
21.14,5.688,194.183,625.904
21.467,6.355,194.627,548.733
21.66,6.778,195.009,426.241
22.078,7.627,195.524,566.104
22.515,8.498,195.465,499.765
22.73,8.95,195.215,1452.973
22.937,9.395,194.972,802.915
23.267,10.037,194.746,292.259
24.195,11.92,194.484,3.196
26,15.692,192.306,14.435
26.822,30.955,195.303,85.318
27.34,32.015,194.496,150.516
24.53,21.9,189.944,334.298
23.515,15.275,188.471,52.098
26.758,21.755,193.129,64.129
28.09,24.542,195.319,564.3
28.998,26.5,195.994,301.628
29.905,28.357,195.725,88.681
30.31,29.122,195.182,116.048
30.625,29.752,194.752,244.667
25.273,27.952,196.525,289.221
26.113,29.55,195.695,37.051
26.922,31.21,194.174,148.038
25.247,23.288,190.587,311.095
24.785,17.745,191.884,7.285
26.775,21.812,195.202,536.364
28.785,26.113,196.52,1134.724
29.088,26.715,195.98,917.775
29.693,27.928,195.352,380.55
24.965,27.33,196.848,245.165
25.81,28.915,195.758,118.321
26.62,30.575,194.182,211.291
24.602,21.992,190.201,384.067
24.227,16.652,191.894,11.46
26.39,20.958,195.17,199.544
27.393,23.125,196.525,2194.895
28.395,25.298,196.858,1129.785
28.802,26.095,196.24,925.222
29.505,27.508,195.316,388.346
21.94,25.945,198.928,881.11
22.268,26.62,198.649,1723.688
22.602,27.255,197.997,1657.925
22.828,27.635,197.544,1188.413
23.34,28.608,196.432,645.988
24.15,30.268,194.692,302.051
21.468,20.355,190.714,399.384
21.302,15.42,192.234,41.081
24.92,22.815,196.657,336.637
22.415,26.84,198.781,1316.813
22.86,27.697,198.253,1817.2
23.085,28.078,197.8,1366.684
23.31,28.46,197.353,1025.488
23.925,29.678,196.172,421.603
24.618,31.152,194.653,287.16
21.598,20.595,190.857,408.72
21.625,16.075,192.234,80.364
27.188,27.538,195.306,739.612
24.998,31.65,196.308,89.181
25.38,32.468,195.703,29
25.59,32.91,195.408,36.553
25.807,33.352,195.159,49.121
26.002,33.795,194.6,37.227
24.865,26.94,192.15,90.428
24.892,22.42,192.335,30.014
26.343,25.43,194.592,258.061
27.152,27.188,195.05,366.182
28.572,30.137,194.574,104.439
23.3,23.938,197.104,1212.358
24.258,25.767,195.325,809.193
25.292,27.808,193.257,280.567
22.855,18.332,189.823,265.513
22.17,12.363,192.218,3.59
25.752,19.698,197.36,16.843
26.448,21.23,197.237,163.62
28.163,24.747,194.493,1267.551
19.475,16.775,194.511,2.38
21.258,20.032,192.331,3.97
22.877,23.19,189.449,3.832
20.545,13.94,188.602,161.552
19.315,6.87,192.747,694.336
21.037,10.38,194.525,667.551
21.582,11.48,194.436,770.311
22.222,12.765,194.377,12.157
25.337,19.348,191.724,26.703
26.985,22.422,188.395,92.207
27.105,18.125,189.335,150.999
30.637,25.288,194.538,651.692
31.452,27.023,195.094,410.968
32.17,28.485,195.414,271.29
32.368,28.877,195.418,151.001
32.557,29.273,195.39,52.48
32.855,29.872,195.444,175.67
33.17,30.502,195.393,117.736
25.742,14.955,196.633,5.861
26.343,16.195,197.651,282.262
26.745,17.015,197.811,763.903
26.933,17.433,197.767,388.622
27.125,17.893,197.596,174.318
27.323,18.353,197.345,236.228
27.517,18.795,197.104,244.631
28.425,20.652,195.328,385.054
24.943,27.482,192.867,576.441
22.26,17.57,189.84,322.878
21.35,11.175,191.92,36.554
24.37,17.258,195.901,102.974
25.308,19.132,196.831,366.597
25.905,20.445,197.347,907.633
26.505,21.792,196.918,634.665
27.515,23.845,194.913,1065.427
22.495,22.75,196.559,219.811
23.913,25.47,194.527,2692.016
25.068,27.712,192.123,242.88
21.945,16.927,189.621,264.927
21.26,10.957,192.24,96.198
24.1,16.618,195.473,9.802
24.718,17.872,196.397,127.845
25.312,19.152,197.144,614.74
26.113,20.89,196.649,469.17
27.322,23.38,194.544,922.587
25.785,33.352,194.849,40.023
25.987,33.728,194.827,46.445
26.31,34.345,195.01,226.793
26.623,35.015,195.086,134.204
23.73,24.66,189.146,547.625
23.242,19.123,187.097,5.934
26.357,25.4,191.566,98.316
27.873,28.59,193.328,618.992
29.472,31.933,193.488,258.72
19.467,21.785,198.16,1325.796
19.737,22.175,198.026,816.615
20.012,22.56,197.799,347.751
20.27,23.003,197.546,271.118
20.97,24.278,196.414,219.404
22.24,26.778,194.108,200.262
19.962,17.64,190.896,109.24
19.987,13.14,192.769,478.826
23.605,20.535,196.163,190.153
25.42,24.365,193.808,431.13
19.942,22.582,198.471,919.47
20.218,22.968,198.244,458.128
20.475,23.41,197.991,353.408
20.733,23.852,197.735,176.915
21.402,25.093,196.513,224.835
22.562,27.37,194.331,119.161
20.04,17.845,191.038,72.209
23.093,19.422,196.232,54.223
25.215,23.877,194.369,388.785
20.942,24.202,198.757,1142.712
21.2,24.645,198.501,714.827
21.407,25.118,198.18,942.451
21.625,25.57,197.758,1019.013
22.172,26.553,196.64,948.576
23.115,28.377,194.881,331.213
20.88,19.278,191.699,402.064
21.092,15.195,193.413,281.306
24.773,22.792,196.632,705.885
26.192,25.74,194.884,657.421
21.475,25.03,198.746,963.451
21.682,25.503,198.424,1405.429
21.9,25.955,198,1363.364
22.137,26.34,197.547,1334.086
22.363,26.72,197.094,1027.714
23.188,28.363,195.563,665.325
21.155,19.662,191.698,454.514
24.35,21.69,196.595,722.391
18.227,4.377,189.056,468.765
15.582,-5.543,193.861,396.266
15.795,-5.085,193.609,593.752
16,-4.638,193.365,734.455
16.2,-4.2,193.14,707.846
16.523,-3.538,192.804,593.458
16.963,-2.645,192.344,516.816
17.942,-0.69,191.638,394.124
19.248,1.912,190.608,324.909
23.765,29.298,197.654,1129.933
24.193,30.078,196.979,710.705
24.368,30.492,196.532,140.981
24.57,30.868,196.084,133.472
24.778,31.27,195.695,156.989
25.183,32.155,194.841,240.925
22.278,21.812,190.259,436.346
22.595,17.975,191.388,562.627
26.745,26.413,195.986,522.734
27.653,28.27,195.371,683.022
24.998,31.65,196.089,55.85
25.38,32.468,195.91,70.433
25.792,33.285,195.386,38.864
26.01,33.728,195.137,68.326
26.205,34.17,194.578,62.305
23.455,24.025,189.736,152.376
22.992,18.482,188.733,5.052
26.365,25.44,193.481,222.972
28.053,29.002,194.63,175.178
28.863,30.607,194.065,159.628
28.607,21.085,193.82,976.475
29.945,23.862,196.147,592.676
30.65,25.405,196.914,1043.951
30.957,26.045,196.994,1106.062
31.16,26.46,196.98,727.807
31.548,27.242,196.741,474.268
31.952,28.008,196.06,71.392
32.158,28.418,195.676,144.137
32.358,28.865,195.391,165.139
32.675,29.55,194.706,145.697
25.637,14.76,196.879,3.994
26.255,15.992,197.441,1112.257
26.552,16.618,197.405,570.319
26.74,17.035,197.361,248.308
26.932,17.495,197.19,100.528
27.343,18.39,196.695,122.968
28.552,20.88,194.414,194.075
25.83,28.898,194.949,201.327
26.438,30.157,193.747,208.26
24.1,20.907,190.275,407.338
23.415,14.938,191.848,11.987
26.065,20.343,195.849,590.818
27.067,22.475,197.463,626.492
27.685,23.773,197.299,476.842
28.593,25.63,195.92,489.977
19.048,1.563,193.57,371.872
19.28,2.003,193.831,262.568
19.5,2.455,194.1,177.382
19.95,3.338,194.385,248.533
20.398,4.213,194.216,218.124
20.59,4.635,194.134,254.606
20.798,5.043,194.1,470.049
21.02,5.468,194.053,541.577
21.98,7.418,193.376,579.043
24.64,12.918,190.214,8.105
26.115,29.61,195.934,322.495
27.057,31.435,195.446,90.905
27.665,32.695,194.374,61.196
25.128,23.008,189.32,230.128
24.443,17.038,189.589,11.51
27.293,22.88,193.949,694.175
28.605,25.678,196.078,1438.075
29.32,27.175,196.388,1489.062
29.918,28.368,195.738,1240.405
30.73,30.045,194.66,279.114
18.165,19.128,196.966,44.286
18.47,19.75,196.919,49.31
18.675,20.157,196.908,19.423
19.148,20.945,196.662,12.796
20.345,23.017,195.054,16.898
21.763,25.737,192.616,8.432
19.24,16.212,189.972,5.973
22.595,18.445,195.337,18.978
24.612,22.705,192.876,12.101
25.44,28.335,196.353,795.643
26.165,29.717,195.15,130.379
24.113,21.055,189.754,544.629
23.428,15.085,190.307,36.002
27.718,23.958,196.528,110.101
28.335,25.255,196.769,433.09
28.955,26.497,196.388,278.004
25.82,28.925,196.206,187.842
26.645,30.567,195.282,215.606
27.252,31.827,194.152,98.008
24.812,22.355,189.695,278.736
24.438,17.015,190.959,12.203
27.287,22.865,195.303,885.945
28.29,25.032,196.811,1553.522
28.907,26.308,196.707,1276.679
29.315,27.105,195.965,940.879
30.02,28.558,195.366,360.726
18.1,4.175,188.941,492.673
15.455,-5.745,193.995,615.242
15.795,-5.068,193.616,477.513
16,-4.62,193.373,694.09
16.2,-4.182,193.148,714.304
16.637,-3.295,192.691,606.593
17.525,-1.528,191.822,465.804
18.495,0.425,191.114,438.763
19.872,3.187,190.366,191.72
25.253,28.128,193.001,690.497
23.692,20.42,191.344,288.883
23.112,14.668,193.581,214.561
24.818,18.098,195.886,156.827
25.518,19.553,196.942,651.809
26.098,20.87,197.524,856.054
26.913,22.605,196.606,865.437
28.038,24.873,194.604,645.808
28.055,33.502,194.346,96.526
25.798,24.425,189.609,244.583
27.365,23,190.761,22.755
29.115,26.672,193.585,532.698
30.02,28.625,194.499,459.335
31.035,30.672,194.631,175.429
31.737,32.085,194.466,121.073
23.705,10.912,195.17,277.621
24.025,11.588,195.543,461.297
24.355,12.242,195.965,866.201
24.685,12.885,196.218,52.975
24.995,13.515,196.37,4.825
15.787,-5.095,193.617,458.644
16.137,-4.432,193.989,578.484
16.477,-3.755,194.12,496.411
16.785,-3.085,194.003,607.625
17.087,-2.423,193.666,418.293
17.307,-1.982,193.44,645.277
17.645,-1.315,193.091,705.071
18.312,0.012,192.448,639.937
19.287,1.96,191.73,738.793
21.765,7.095,189.554,230.283
26.53,30.435,195.572,211.305
27.252,31.85,195.207,101.842
24.995,22.773,188.796,247.929
24.62,17.433,189.441,9.373
27.71,23.715,194.099,516.262
29.02,26.492,195.509,1509.75
30.032,28.62,195.755,1766.419
30.438,29.385,195.162,273.088
30.735,29.985,194.717,384.406
23.798,25.255,196.867,136.015
25.452,28.57,193.862,1029.534
24.1,21.265,191.392,390.118
23.52,15.512,193.191,45.642
25.51,19.58,196.236,518.405
26.31,21.273,197.164,980.611
26.605,21.952,197.381,1076.474
28.435,25.685,195.022,592.299
23.302,28.53,198.095,1401.481
23.955,29.692,196.98,844.361
24.13,30.108,196.534,166.148
24.332,30.483,196.086,173.144
24.85,31.542,195.014,269.298
22.825,22.962,191.111,514.624
23.142,19.125,192.674,521.963
26.607,26.215,196.195,623.824
27.72,28.482,195.155,430.554
25.97,29.4,196.116,892.413
26.483,30.372,195.268,147.474
27.09,31.632,194.37,144.619
24.757,22.382,189.814,469.755
24.073,16.412,189.847,33.08
26.93,22.25,194.134,356.438
28.242,25.048,196.097,72.895
29.057,26.782,196.24,527.156
29.562,27.785,195.848,265.665
30.167,28.998,195.473,84.04
22.82,9.19,194.754,870.876
23.147,9.838,195.309,851.987
23.362,10.282,195.557,513.009
23.802,11.16,195.86,336.595
24.237,12.033,195.76,101.989
24.46,12.46,195.681,12.547
26.662,17.065,193.662,7.268
27.538,32.4,194.598,54.846
28.145,33.66,194.136,68.67
25.253,23.305,189.502,201.53
27.775,23.835,192.512,212.77
28.99,26.402,194.567,450.453
30.003,28.53,195.032,285.325
30.697,29.952,194.788,66.135
31.105,30.773,194.641,88.905
31.628,31.868,193.95,90.949
18.125,4.15,189.177,380.301
15.582,-5.543,194.115,440.017
16.04,-4.648,193.857,428.977
16.245,-4.2,193.613,661.733
16.445,-3.763,193.388,719.242
16.65,-3.315,193.167,630.531
17.21,-2.215,192.597,631.522
18.307,-0.045,191.776,477.384
19.597,2.567,190.815,367.828
28.068,33.438,194.441,91.228
28.473,34.323,194.164,60.554
26.695,26.173,190.913,212.434
27.385,22.978,191.239,29.786
28.718,25.765,193.5,463.706
29.918,28.325,194.632,359.785
30.825,30.183,194.68,120.575
31.43,31.448,194.594,131.057
31.952,32.543,194.077,79.77
26.29,30.023,195.993,1411.943
26.803,30.995,195.023,200.325
27.32,32.055,194.413,217.816
25.295,23.475,190.079,334.076
25.025,18.33,190.683,19.448
27.387,23.08,194.111,408.416
29.19,27.005,196.018,605.244
29.788,28.197,195.772,223.864
30.29,29.163,195.167,143.685
28.235,20.292,194.689,486.19
29.335,22.645,196.722,1321.059
29.933,23.958,197.625,1293.695
30.145,24.402,197.814,1674.889
30.452,25.042,197.894,151.218
30.76,25.652,197.652,1329.251
31.345,26.828,196.528,193.25
31.552,27.2,196.07,194.651
32.075,28.295,195.001,314.454
18.273,19.323,196.943,52.523
18.477,19.742,196.915,2.589
18.683,20.15,196.904,2.01
19.155,20.938,196.658,7.45
20.235,22.825,195.272,21.592
21.653,25.545,192.834,13.835
19.248,16.205,190.189,3.907
18.965,11.08,192.102,13.294
22.113,17.365,195.251,11.427
24.128,21.595,193.318,29.067
22.315,8.102,194.401,1816.589
22.73,8.95,195.215,1454.728
22.94,9.392,195.552,1148.369
23.362,10.282,195.809,837.332
23.802,11.16,195.622,583.388
24.03,11.588,195.512,146.476
24.252,12.015,195.434,14.856
25.04,13.672,195.271,2.586
27.163,18.127,192.072,15.786
18.965,20.76,197.791,837.978
19.275,21.395,197.753,1168.728
19.545,21.785,197.619,655.776
19.967,22.39,197.26,296.37
20.67,23.69,196.232,239.362
21.94,26.19,193.925,251.411
19.643,17.048,190.378,116.45
22.708,18.598,195.879,271.416
19.387,2.235,193.468,411.736
19.725,2.902,193.867,284.131
19.95,3.338,194.135,190.917
20.397,4.212,194.466,302.931
20.815,5.082,194.401,231.215
21.022,5.49,194.368,505.47
21.245,5.915,194.321,670.774
21.455,6.358,194.168,904.826
22.52,8.492,193.483,700.282
23.962,11.503,192.604,10.216
25.808,33.352,195.159,49.202
26.01,33.728,195.137,68.33
26.218,34.13,195.201,49.168
26.623,35.015,195.086,134.536
23.845,24.875,189.264,290.629
23.16,18.905,187.212,8.61
26.368,25.405,191.871,248.037
27.988,28.812,193.807,878.348
29.913,32.765,193.661,387.335
23.765,29.298,197.654,1134.081
24.368,30.495,196.54,147.542
24.57,30.87,196.093,130.186
24.778,31.273,195.703,156.716
25.183,32.158,194.85,246.871
22.278,21.815,190.055,470.136
22.398,17.517,191.256,252.5
26.648,26.143,195.808,527.452
28.168,29.33,194.919,268.833
26.013,29.382,196.025,258.51
26.413,30.18,195.563,56.01
27.02,31.44,194.76,107.281
24.695,22.14,189.209,242.139
24.32,16.8,190.245,13.317
27.382,23.1,194.874,880.243
28.49,25.463,196.345,1476.871
29.205,26.96,196.454,1530.559
29.812,28.14,195.653,679.788
30.625,29.818,194.386,200.579
23.65,24.763,197.333,579.413
24.385,26.195,195.929,354.616
22.215,17.255,192.345,108.62
24.53,17.33,195.808,101.368
25.588,19.462,197.246,81.171
26.07,20.56,197.814,687.809
26.552,21.657,197.952,514.477
27.27,23.12,196.746,595.877
28.08,24.758,195.444,431.513
27.933,19.712,195.774,195.892
28.83,21.628,197.487,1394.448
29.312,22.725,198.271,1189.785
29.525,23.16,198.511,1395.831
29.947,24.015,198.47,1832.955
30.352,24.855,197.854,2751.582
30.55,25.242,197.419,2691.608
30.747,25.635,196.984,1249.26
30.938,26.03,196.518,335.747
31.345,26.85,195.775,477.174
18.602,0.688,193.526,417.023
18.822,1.128,193.792,311.22
19.16,1.795,194.191,631.892
19.5,2.455,194.339,276.107
19.845,3.11,194.247,408.193
20.172,3.777,193.948,265.723
20.365,4.2,193.866,305.611
20.677,4.828,193.803,566.328
21.755,6.982,193.109,601.138
24.625,12.943,189.689,8.747
26.15,15.797,197.011,2.112
26.343,16.212,196.987,2.345
26.53,16.63,196.944,7.141
26.918,17.532,196.53,10.054
27.93,19.66,194.735,14.701
21.008,5.497,193.948,579.977
21.455,6.372,194.522,382.338
21.765,7,195.122,607.189
22.077,7.628,195.524,568.139
22.397,8.293,195.494,1508.308
22.717,8.967,195.12,1278.472
22.925,9.412,194.877,858.721
23.15,9.837,194.692,482.491
24.078,11.72,194.43,27.8
26.303,16.34,191.699,15.55
22.505,22.715,196.975,164.107
23.407,24.39,195.569,210.67
21.72,16.272,192.45,81.661
23.255,14.852,194.885,3.368
24.32,16.988,196.39,374.371
25.032,18.438,197.264,1394.193
25.317,19.075,197.437,655.487
26.225,21.032,196.145,115.905
27.535,23.76,194.214,20.137
25.873,29.123,195.994,592.723
26.595,30.538,194.911,161.071
24.337,21.46,189.651,523.158
23.652,15.49,189.96,34.382
26.65,21.55,194.275,231.712
28.56,25.66,196.533,489.951
29.278,27.108,196.198,260.284
24.79,27.098,196.552,533.723
25.42,28.252,195.603,359.096
24.645,22.225,191.132,559.042
23.96,16.255,192.124,45.829
25.785,19.893,194.812,1228.772
27,22.46,196.719,411.001
27.898,24.418,197.146,609.482
28.303,25.258,196.879,623.467
29.318,27.35,194.98,609.521
28.8,21.472,193.441,343.607
30.345,24.695,196.015,513.474
30.962,25.992,196.456,777.138
31.368,26.832,196.522,604.688
31.663,27.425,196.513,1174.924
31.952,28.008,196.271,125.534
32.25,28.607,195.871,243.484
32.565,29.237,195.359,89.667
32.775,29.698,195.101,97.904
32.983,30.163,194.544,92.495
24.998,31.65,196.308,89.539
25.295,32.252,195.897,175.116
25.618,32.87,195.384,44.242
25.835,33.312,195.135,74.041
26.03,33.755,194.576,62.464
22.907,22.97,189.379,168.16
22.328,17.218,188.635,7.932
25.957,24.6,193.642,351.867
27.762,28.372,194.932,324.144
28.777,30.42,194.252,158.258
24.89,27.328,196.622,811.092
25.615,28.71,195.775,474.664
24.515,21.985,190.624,562.474
24.053,16.442,191.803,37.76
26.215,20.747,194.818,728.306
27.092,22.672,196.31,224.1
27.99,24.63,196.976,345.387
28.8,26.267,196.478,179.418
29.608,27.895,195.054,161.627
18.332,4.602,188.932,383.236
15.583,-5.543,194.115,440.671
15.922,-4.865,193.984,686.689
16.233,-4.192,193.616,510.467
16.433,-3.755,193.391,658.573
16.87,-2.867,192.934,638.929
17.535,-1.54,192.251,540.227
18.505,0.412,191.544,529.641
19.808,3.007,190.657,299.386
27.238,31.73,194.792,32.085
27.752,32.775,194.532,75.05
25.968,24.632,191.171,167.754
24.935,18,188.686,11.091
26.963,22.085,191.907,33.153
28.715,25.76,194.566,435.023
29.62,27.712,195.371,497.844
30.218,28.905,195.251,115.091
30.81,30.098,194.761,1271.675
31.225,30.968,194.351,117.673
26.343,16.212,196.987,3.284
26.745,17.015,197.811,768.826
27.135,17.863,198.424,624.347
27.52,18.738,198.469,870.013
27.717,19.198,198.219,491.631
27.912,19.64,197.977,403.784
28.53,20.915,196.867,422.285
29.863,23.648,194.142,321.6
23.602,20.072,191.245,572.115
24.763,22.35,190.35,296.749
23.69,15.635,185.397,240.661
22.657,9.002,190.723,176.415
23.84,11.395,190.5,89.362
24.385,12.49,190.507,8.209
25.53,14.82,191.951,192.966
26.83,17.6,192.149,465.764
28.358,20.775,191.019,289.042
22.582,22.863,197.477,279.116
24.11,25.805,195.193,181.551
22.295,17.468,191.661,78.713
23.762,15.885,195.308,9.072
24.612,17.575,196.591,165.373
25.312,19.03,197.53,705.036
25.795,20.128,197.597,544.337
26.71,22.05,196.247,202.542
27.932,24.538,194.311,78.279
20.26,3.973,193.728,395.88
20.59,4.635,194.134,256.18
20.815,5.082,194.401,232.511
21.245,5.93,194.896,384
21.66,6.778,195.009,431.873
21.87,7.22,194.857,670.71
22.085,7.665,194.61,640.363
22.525,8.543,194.174,978.338
22.96,9.415,193.821,30.324
24.273,12.213,192.954,7.314
24.542,26.668,194.984,2190.056
25.235,28.143,193.64,700.065
22.537,18.202,189.825,384.909
21.852,12.233,191.786,32.356
24.902,18.298,195.629,147.224
25.708,19.97,196.861,720.211
26.402,21.503,197.594,1230.639
27.317,23.425,196.556,1365.265
28.218,25.258,194.801,448.171
17.52,-1.525,193.692,601.723
17.72,-1.087,193.948,324.311
18.157,-0.2,194.228,382.352
18.598,0.693,194.015,292.756
18.822,1.128,193.792,359.877
19.048,1.562,193.57,371.675
19.273,2.01,193.337,499.202
20.023,3.522,192.84,728.218
21.087,5.688,192.112,622.28
22.307,8.095,194.408,1084.092
22.722,8.942,195.223,698.956
23.362,10.282,195.809,837.592
24.023,11.58,195.51,109.783
24.245,12.008,195.431,11.339
24.95,13.442,195.287,2.474
26.76,17.237,192.67,6.964
24.055,25.422,197.005,1296.481
24.998,27.258,195.23,933.712
25.808,28.918,193.589,335.39
22.902,18.575,189.477,372.588
22.44,13.032,191.793,2.979
25.875,19.972,196.645,191.425
26.655,21.678,197.383,146.596
26.965,22.335,197.346,136.993
27.78,24.002,196.438,54.797
22.415,26.84,198.781,1317.638
22.75,27.475,198.363,1559.694
23.095,28.057,197.686,1842.069
23.32,28.44,197.239,1531.031
23.935,29.657,196.058,580
24.535,30.918,194.973,430.699
21.515,20.36,190.947,399.026
22.022,16.958,192.536,441.669
26.172,25.395,196.644,438.418
27.188,27.442,195.357,954.992
26.087,15.82,196.117,5.068
26.938,17.475,197.639,645.779
27.52,18.738,198.71,738.411
27.81,19.42,198.675,138.563
28.105,20.1,198.304,555.697
28.317,20.535,198.06,521.454
28.635,21.175,197.545,832.232
29.852,23.693,194.944,1060.351
26.947,31.25,195.135,650.002
27.33,32.068,194.626,183.786
27.848,33.127,193.973,253.509
25.602,19.45,189.515,16.549
27.593,23.518,192.831,190.882
29.115,26.725,194.893,540.677
30.127,28.852,195.014,395.649
30.63,29.817,194.629,188.394
31.038,30.638,194.516,268.696
25.598,32.91,195.454,32.343
25.895,33.513,195.507,98.687
26.218,34.13,195.444,81.285
23.508,24.23,188.954,244.932
22.598,17.835,187.109,5.689
25.933,24.537,191.874,166.399
27.258,27.315,194.029,621.436
28.172,29.237,194.335,1005.666
29.398,31.745,194.066,270.881
27.498,18.908,188.202,7.14
29.608,23.183,191.746,162.085
31.25,26.6,194.274,403.601
31.968,28.135,194.844,426.22
32.368,28.943,194.834,210.003
32.755,29.725,194.806,59.521
32.963,30.098,194.774,92.009
33.278,30.727,194.966,327.882
33.578,31.415,195.055,152.956
23.615,20.227,190.94,459.322
25.04,22.943,189.029,170.392
23.23,14.762,184.579,255.079
22.09,7.915,190.188,234.707
23.508,10.76,189.984,107.584
24.263,12.297,190.077,17.387
25.125,13.968,190.644,51.696
26.002,15.892,191.598,370.002
27.808,19.718,191.654,300.803
18.177,-0.212,193.489,496.344
18.382,0.235,193.76,288.495
18.718,0.9,194.158,400.404
19.055,1.568,194.304,308.273
19.385,2.23,194.208,557.478
19.73,2.885,193.866,222.845
19.952,3.325,193.679,423.691
20.368,4.173,193.55,533.839
21.745,6.935,192.801,573.25
23.707,11.028,191.165,13.756
23.438,24.517,196.822,472.601
24.43,26.392,195.044,57.447
22.068,17.073,192.479,67.68
25.025,18.455,196.936,135.81
25.708,19.938,197.795,950.11
26.19,21.035,197.776,596.888
27.005,22.72,196.545,501.838
28.23,25.227,194.565,261.352
19.385,2.228,193.515,366.678
19.722,2.895,193.914,219.252
20.052,3.557,194.319,315.411
20.398,4.213,194.466,303.35
20.71,4.855,194.506,700.707
21.02,5.482,194.406,355.82
21.242,5.908,194.359,579.128
21.668,6.803,193.956,907.813
22.733,8.938,193.271,243.333
24.982,13.535,190.639,16.361
23.845,24.962,196.673,1323.979
25.012,27.235,194.708,365.974
25.705,28.71,193.265,278.639
22.812,18.355,189.601,308.521
22.128,12.385,191.776,5.23
25.148,18.468,196.025,394.429
26.053,20.378,197.43,396.049
26.437,21.255,197.312,186.364
26.95,22.338,197.105,139.188
24.727,27.148,196.294,351.365
26.06,29.79,193.827,1366.792
23.837,20.76,190.546,569.045
23.375,15.217,192.179,46.786
26.523,21.672,196.691,670.683
27.322,23.41,197.356,1087.201
29.142,27.168,194.917,296.98
25.59,32.91,195.408,36.692
25.792,33.285,195.386,38.934
26.218,34.13,195.444,81.16
26.623,35.015,194.837,55.827
23.745,24.65,189.386,222.942
22.938,18.47,187.406,6.474
25.84,24.335,191.545,75.226
27.275,27.343,193.727,600.257
29.488,31.95,193.886,327.051
28.345,20.538,194.848,189.754
29.34,22.672,196.681,1299.648
29.938,23.985,197.584,1209.613
30.15,24.43,197.773,1613.924
30.352,24.855,197.854,2759.315
30.76,25.652,197.652,1328.979
31.16,26.46,196.98,724.996
31.35,26.855,196.514,213.554
31.558,27.227,196.056,210.259
31.972,28.098,195.414,330.708
26.615,30.643,195.716,1186.816
27.332,32.087,194.986,241.782
27.85,33.147,194.016,158.507
25.952,24.79,190.472,120.925
25.268,18.82,190.039,23.552
27.477,23.332,193.596,391.327
29.605,27.815,195.759,477.879
30.317,29.19,195.285,178.358
30.712,29.995,194.886,156.47
16.433,-3.755,193.391,656.737
16.89,-2.86,193.891,438.224
17.3,-1.965,194.163,447.875
17.72,-1.087,193.948,324.986
17.952,-0.648,193.712,447.291
18.173,-0.195,193.478,600.261
18.623,0.688,193.022,546.273
19.278,1.97,192.58,796.051
20.238,3.917,191.892,763.154
22.913,9.41,188.857,3.058
19.83,22.35,198.479,781.452
20.21,22.963,198.227,901.7
20.468,23.405,197.973,731.031
20.725,23.848,197.718,369.608
21.48,25.303,196.28,447.266
22.64,27.58,194.098,160.587
20.278,18.26,191.001,147.425
20.398,13.955,193.187,264.809
23.995,21.363,196.463,285.213
25.1,23.712,195.246,663.854
23.88,20.67,191.114,506.202
25.298,23.39,189.506,108.673
23.578,15.41,184.689,279.22
22.217,8.13,190.21,317.342
23.737,11.19,190.364,148.852
24.727,13.142,190.404,6.459
25.66,15.005,191.066,86.032
26.46,16.747,191.935,401.063
27.66,19.292,191.468,484.43
24.405,26.517,196.389,209.974
25.763,29.135,193.82,1122.068
23.84,20.78,190.831,504.436
23.155,14.81,192.29,44.099
25.318,19.115,195.273,87.408
26.32,21.248,196.854,772.184
27.113,23.01,197.439,989.313
27.928,24.678,196.561,2118.309
28.73,26.28,194.998,323.557
19.048,1.575,193.559,381.22
19.28,2.015,193.821,237.142
19.62,2.675,194.219,587.078
19.95,3.337,194.385,248.732
20.278,4.005,194.336,528.345
20.59,4.648,194.134,245.419
20.798,5.055,194.1,510.365
21.235,5.925,193.806,688.171
22.405,8.28,193.091,553.339
24.76,13.108,190.333,13.916
28.947,21.795,195.159,836.472
29.825,23.72,196.789,1198.755
30.233,24.607,197.219,1311.451
30.55,25.247,197.419,2628.437
30.858,25.857,197.416,1246.565
31.16,26.46,197.193,1153.475
31.45,27.042,196.754,517.872
31.755,27.62,196.06,97.045
31.96,28.03,195.676,195.44
32.16,28.477,195.391,228.188
21.452,6.35,194.207,808.311
21.87,7.22,194.857,665.162
22.077,7.628,195.28,753.145
22.515,8.498,195.712,848.968
22.94,9.392,195.552,1149.458
23.147,9.838,195.309,853.193
23.372,10.262,195.124,506.245
23.718,10.9,194.977,53.639
24.623,12.81,194.655,2.731
26.625,17.002,192.002,17.229
22.64,22.845,195.981,136.199
24.057,25.565,193.657,104.593
22.13,17.09,191.491,49.4
23.26,14.845,195.073,2.406
25.012,18.428,197.001,435.592
25.708,19.97,196.473,85.096
27.017,22.698,194.384,94.955
23.828,25.255,193.992,812.318
21.775,16.497,190.092,179.87
20.102,8.575,190.866,4.128
24,16.418,195.608,7.361
24.512,17.455,196.406,122.899
24.915,18.275,196.794,429.117
25.918,20.427,195.943,194.145
27.23,23.15,193.955,484.985
20.837,23.975,198.783,373.497
21.205,24.64,198.406,877.264
21.413,25.113,198.085,1187.608
21.63,25.565,197.662,1149.689
22.475,27.15,195.926,851.317
23.418,28.975,194.167,538.241
21.195,19.945,191.72,355.816
21.408,15.863,193.771,683.432
24.258,21.713,197.038,773.274
24.317,21.498,190.63,403.096
22.355,12.99,183.805,413.036
21.212,6.152,190.811,432.409
23.62,10.972,190.243,126.292
24.492,12.715,190.08,8.657
25.042,13.765,190.346,8.999
25.532,14.787,191.187,77.039
26.535,16.955,191.883,420.404
27.938,19.905,191.222,319.025
27.42,18.572,197.563,141.583
27.718,19.197,198.219,493.265
27.905,19.615,198.633,801.696
28.292,20.517,198.961,674.446
28.702,21.413,198.724,559.408
28.915,21.858,198.42,717.357
29.118,22.283,198.029,1515.135
29.328,22.693,197.579,1726.469
30.025,24.1,196.054,1167.921
25.723,28.79,196.498,1347.369
26.222,29.792,195.62,197.783
23.86,20.472,191.53,329.463
23.155,14.505,190.028,616.088
27.285,22.948,196.113,871.625
28.183,24.92,197.261,1102.023
28.702,25.975,197.067,1786.986
29.415,27.35,195.852,1562.823
30.12,28.802,194.84,416.145
18.488,9.715,187.697,51.371
17.137,2.292,190.239,399.869
15.21,-6.183,193.747,353.353
15.55,-5.505,193.368,691.387
15.755,-5.058,193.125,783.194
16.395,-3.728,192.44,605.902
17.162,-2.178,191.648,340.425
18.028,-0.453,191.053,377.527
19.107,1.715,190.244,260.966
20.677,4.835,193.97,517.187
21.023,5.49,194.368,504.255
21.245,5.93,194.674,306.859
21.66,6.778,195.245,600.324
22.078,7.627,195.28,753.149
22.292,8.072,195.033,891.248
22.508,8.525,194.783,2087.427
22.838,9.18,194.471,812.501
23.775,11.055,194.135,29.88
18.172,-0.195,193.478,599.804
18.378,0.252,193.749,420.928
18.598,0.693,194.015,292.879
19.055,1.567,194.304,308.174
19.5,2.455,194.1,177.357
19.725,2.902,193.867,284.049
19.948,3.343,193.681,493.181
20.578,4.635,193.304,598.803
21.85,7.188,192.568,474.215
24.405,12.463,189.525,3.407
20.875,19.535,195.549,484.157
22.765,23.042,193.039,120.757
21.485,15.848,189.895,94.789
20.035,8.365,192.222,511.803
21.337,10.983,194.028,973.888
22.195,12.71,195.108,1777.819
23.05,14.44,195.432,31.185
23.57,15.475,195.555,30.214
24.678,17.838,195.228,38.438
25.778,20.21,193.86,420.886
27.705,19.25,195.434,240.939
28.932,21.808,197.643,1035.164
29.32,22.71,198.211,803.785
29.947,24.015,198.47,1836.501
30.255,24.625,198.023,420.239
30.558,25.227,197.349,2215.829
30.755,25.62,196.914,1078.399
30.945,26.015,196.447,288.177
31.242,26.615,195.833,376.57
25.495,32.682,195.785,214.3
25.792,33.285,195.632,61.933
26.105,33.955,195.456,190.188
26.415,34.612,194.773,55.329
23.77,24.693,189.567,188.859
22.227,16.995,186.939,5.287
25.185,23.07,191.334,142.404
27.355,27.595,194.562,439.807
29.183,31.343,194.199,223.329
18.875,20.54,197.312,732.385
19.072,20.942,197.293,503.263
19.452,21.555,197.038,239.36
20.427,23.215,195.679,208.437
21.845,25.935,193.241,171.844
19.685,17.015,190.394,74.972
19.315,11.688,192.352,63.01
22.505,18.208,195.491,142.819
24.398,22.18,193.949,265.114
22.2,22.06,196.422,705.671
23.892,25.165,193.985,398.358
21.958,16.625,189.908,119.185
22.447,13.102,193.744,4.809
23.837,15.9,195.807,93.874
24.672,17.56,196.716,10.966
25.462,19.282,196.757,143.467
27.5,23.557,193.636,717.892
26.438,16.39,197.651,161.887
26.745,17.015,198.052,326.656
27.03,17.652,198.202,46.416
27.318,18.308,198.029,685.58
27.515,18.768,197.779,351.57
27.71,19.21,197.537,278.312
28.125,20.07,196.902,268.003
28.935,21.708,195.247,391.457
27.213,31.747,194.89,56.679
24.648,22.053,190.627,148.914
23.727,15.64,187.997,159.024
26.63,21.505,192.226,5.367
28.08,24.515,194.559,557.551
28.88,26.253,195.482,411.129
29.792,28.142,195.715,161.342
30.697,29.922,194.752,110.856
22.158,26.398,198.256,1133.747
22.395,26.782,197.803,1182.957
22.62,27.163,197.35,892.15
23.228,28.363,196.067,542.971
23.945,29.808,194.761,480.316
21.04,19.465,191.107,391.913
21.065,14.965,192.577,39.024
25.118,23.202,196.617,409.934
28.422,20.74,197.451,639.66
28.905,21.838,198.333,656.128
29.215,22.495,198.694,505.639
29.525,23.16,198.76,1106.962
30.14,24.41,197.665,2408.087
30.338,24.798,197.23,2131.511
30.535,25.19,196.795,977.668
31.248,26.68,195.259,329.916
28.787,21.488,193.43,134.893
30.227,24.48,195.878,264.268
30.945,26.015,196.447,287.567
31.35,26.855,196.514,211.72
31.548,27.242,196.514,175.824
31.952,28.008,196.271,125.488
32.347,28.812,195.648,49.341
32.548,29.26,195.363,61.499
32.758,29.72,195.105,58.371
32.965,30.185,194.548,52.601
22.86,27.698,198.487,1461.892
23.548,28.845,197.352,1524.12
23.75,29.245,196.913,1168.627
24.038,29.835,196.247,204.516
24.553,30.88,195.38,339.725
21.743,20.765,190.849,467.863
22.055,16.92,192.128,300.553
25.898,24.747,196.795,72.56
27.425,27.922,195.262,763.894
21.458,6.352,194.112,652.28
21.875,7.222,194.762,482.787
22.188,7.85,195.4,335.941
22.515,8.498,195.712,848.411
23.152,9.84,195.219,596.324
23.378,10.265,195.034,427.59
23.722,10.902,194.887,49.916
24.627,12.812,194.565,2.427
26.52,16.785,192.04,14.532
24.593,30.875,196.758,452.363
24.88,31.465,196.312,62.539
25.177,32.067,195.694,43.808
25.387,32.51,195.399,73.577
25.605,32.952,195.15,107.372
25.8,33.395,194.591,80.43
24.44,26.115,191.723,228.022
25.067,22.942,192.913,461.441
27.555,28.062,195.477,706.51
28.675,30.35,194.265,177.333
24.142,11.793,195.31,11.246
24.46,12.46,195.681,6.416
24.685,12.885,195.977,74.878
25.118,13.725,196.544,24.696
25.742,14.955,196.633,3.183
22.18,22.02,195.64,9.793
23.977,25.352,193.024,19.565
21.455,15.828,190.812,5.993
15.582,-5.543,193.861,395.87
16.04,-4.648,194.105,489.667
16.477,-3.755,193.864,447.112
16.677,-3.317,193.639,621.565
16.882,-2.87,193.418,615.615
17.102,-2.43,193.192,721.6
17.665,-1.328,192.621,625.737
18.75,0.85,191.792,618.183
20.14,3.648,190.895,333.213
16.632,-3.285,193.174,533.18
17.418,-1.75,194.048,639.497
17.72,-1.087,194.195,369.221
18.055,-0.422,194.093,657.007
18.393,0.245,193.744,340.603
18.618,0.68,193.521,396.885
18.842,1.115,193.299,399.91
19.587,2.632,192.814,654.717
20.977,5.43,191.917,506.338
23.742,11.168,188.62,5.812
26.045,29.372,196.183,826.16
26.542,30.405,195.49,181.783
24.062,20.868,191.048,309.118
23.348,14.915,189.58,7.666
26.368,20.997,193.885,73.888
27.692,23.775,196.07,769.45
28.492,25.512,196.872,1276.756
29.113,26.755,196.642,316.298
29.72,27.935,195.635,643.574
30.432,29.425,194.338,352.443
20.275,3.958,193.777,436.941
20.605,4.62,194.182,245.575
20.932,5.287,194.626,546.612
21.245,5.93,194.896,380.647
21.557,6.558,195.068,1271.756
21.885,7.205,194.898,741.976
22.1,7.65,194.651,809.84
22.54,8.528,194.215,1294.11
23.582,10.633,193.753,18.896
25.807,15.252,191.022,18.85
20.657,19.143,195.046,33.067
22.442,22.44,192.791,12.552
20.382,13.683,189.326,27.065
19.15,6.642,191.597,542.525
21.135,10.573,194.134,732.604
21.87,12.09,195.084,866.78
22.52,13.408,195.065,258.265
23.163,14.652,195.38,2.706
26.07,20.837,192.467,20.47
28.095,20.118,195.338,740.504
29.22,22.46,197.425,1495.141
29.515,23.14,197.795,1231.08
29.727,23.575,198.035,1376.901
30.045,24.215,198.234,625.197
30.352,24.855,198.093,1634.449
30.95,26.05,196.97,826.828
31.14,26.445,196.503,248.488
31.755,27.73,195.204,336.702
28.392,20.642,193.54,1027.474
29.822,23.65,195.995,549.671
30.527,25.192,196.763,1515.072
30.95,26.048,196.963,1807.015
31.548,27.242,196.741,470.461
31.852,27.82,196.257,130.005
32.15,28.42,195.643,81.845
32.35,28.868,195.358,114.223
32.668,29.552,194.673,111.824
26.082,15.778,196.245,11.828
26.933,17.433,197.767,391.983
27.135,17.863,198.207,862.187
27.52,18.738,198.71,737.223
27.905,19.615,198.633,800.898
28.1,20.058,198.391,783.328
28.312,20.492,198.147,713.847
28.735,21.348,197.393,1232.505
29.845,23.64,195.219,1191.853
24.63,26.697,196.795,827.178
25.26,27.852,195.526,157.826
23.54,19.873,193.034,224.967
25.295,18.887,195.794,102.965
26.425,21.222,197.604,731.27
27.023,22.535,198.06,998.099
27.535,23.618,197.699,764.281
28.137,24.85,196.584,1119.238
29.153,26.942,194.603,312.578
21.582,21.04,196.022,555.29
22.76,23.1,194.382,202.018
21.285,15.44,190.849,51.022
20.127,8.562,191.612,41.369
21.742,11.84,193.713,189.716
23.045,14.435,195.495,357.252
23.895,16.125,196.006,13.263
24.578,17.608,196.261,43.851
27.108,22.955,192.697,246.402
26.438,30.16,195.742,148.207
26.952,31.205,195.147,177.861
24.255,21.265,190.602,293.249
26.935,22.003,193.904,107.384
27.618,23.485,195.242,527.897
28.62,25.657,196.344,679.59
30.035,28.512,195.427,204.756
30.65,29.798,194.288,314.885
15.668,-5.287,193.489,621.522
16.04,-4.648,193.857,428.278
16.477,-3.755,194.12,495.878
16.89,-2.86,193.891,438.311
17.095,-2.413,193.67,535.669
17.315,-1.973,193.444,705.958
17.548,-1.532,193.208,690.417
18.215,-0.205,192.565,682.193
19.4,2.2,191.607,746.816
22.372,8.328,188.382,70.02
17.952,-0.647,193.712,446.979
18.157,-0.2,193.983,244.317
18.598,0.693,194.267,303.595
19.055,1.567,194.054,215.765
19.28,2.002,193.831,262.546
19.505,2.45,193.598,369.591
19.727,2.89,193.412,562.271
20.142,3.738,193.282,605.943
21,5.465,192.661,708.853
21.315,20.4,195.2,480.497
23.215,23.913,192.911,131.743
21.6,16.082,190.125,53.677
20.03,8.387,191.827,131.005
21.438,11.227,193.702,448.685
22.623,13.612,195.291,897.293
23.582,15.525,195.829,13.689
24.382,17.218,196.004,53.242
25.175,18.98,195.532,78.469
26.702,22.155,192.829,302.337
25.258,27.998,196.665,855.484
26.082,29.64,195.286,227.994
23.385,19.7,191.493,268.896
26.837,22.152,196.949,1137.554
27.84,24.32,197.788,1568.459
28.262,25.175,197.422,1606.714
28.663,25.983,196.614,1193.647
29.465,27.635,195.287,289.553
19.628,17.2,195.02,23.984
20.445,13.68,189.006,76.572
18.893,5.978,191.827,615.686
20.738,9.71,194.151,1135.082
21.368,11.002,194.665,746.373
21.685,11.67,194.652,1206.126
22.43,13.15,194.843,105.435
25.267,19.065,192.496,17.93
21.858,21.438,195.454,4.194
23.438,24.328,193.081,4.517
24.512,17.413,196.276,1.538
25.41,19.37,195.571,3.753
26.63,21.87,193.592,3.106
26.335,16.412,188.17,8.022
29.525,22.933,193.012,344.949
31.048,26.14,195.244,486.799
31.763,27.637,195.671,325.813
31.96,28.025,195.671,265.513
32.158,28.417,195.676,143.307
32.347,28.812,195.648,49.291
32.755,29.632,195.574,102.907
33.17,30.503,195.147,66.832
33.377,30.968,194.59,72.794
24.765,13.028,195.521,1.032
25.31,14.123,196.268,2.432
16,-4.62,193.373,693.591
16.477,-3.755,193.864,447.214
16.89,-2.86,194.127,492.34
17.3,-1.965,193.918,365.495
17.52,-1.525,193.692,602.218
17.753,-1.085,193.456,664.798
18.197,-0.197,193,718.407
18.84,1.107,192.463,789.437
19.92,3.275,191.654,850.563
18.602,0.688,193.526,415.377
18.822,1.128,193.792,359.801
19.055,1.568,194.054,216
19.5,2.455,194.339,275.851
19.95,3.337,194.135,190.787
20.172,3.777,193.948,363.937
20.365,4.2,193.866,369.145
20.997,5.502,193.43,693.643
21.988,7.455,192.745,224.094
24.645,12.965,189.271,7.753
25.19,27.795,197.097,1734.626
25.912,29.21,196.037,919.66
23.635,20.073,191.536,317.305
26.067,20.408,194.826,149.078
27.282,22.975,196.861,1112.96
28.075,24.738,197.684,1584.795
28.79,26.175,196.779,2176.282
29.7,28.053,194.981,557.632
24.345,21.485,189.932,411.501
21.95,12.162,184.849,414.308
20.792,5.285,190.726,434.155
22.755,9.235,190.381,145.74
23.835,11.402,190.554,60.768
24.38,12.498,190.319,2.985
25.018,13.742,191.072,50.946
26.108,16.113,192.214,337.463
27.208,18.485,191.47,520.187
21.862,7.225,194.303,679.475
22.292,8.072,195.033,889.831
22.515,8.497,195.465,498.294
22.94,9.392,195.801,497.99
23.362,10.282,195.557,510.098
23.587,10.707,195.371,395.053
23.815,11.135,195.262,74.093
24.038,11.562,195.183,6.862
25.522,14.72,194.589,6.964
23.915,11.335,195.003,65.628
24.442,12.445,195.712,71.011
24.773,13.088,196.208,69.519
25.118,13.725,196.544,29.246
25.928,15.37,196.608,1.606
26.407,16.44,196.411,3.045
28.128,20.075,193.273,3.927
26.343,16.195,197.651,283.763
26.64,16.82,197.856,299.888
26.925,17.458,197.789,720.326
27.118,17.918,197.618,172.78
27.315,18.378,197.368,119.147
27.932,19.675,196.372,137.126
29.363,22.627,193.527,162.431
16.863,-2.857,193.419,565.25
17.3,-1.965,193.918,364.819
17.72,-1.087,194.195,368.538
18.157,-0.2,193.983,243.895
18.378,0.252,193.749,420.913
18.602,0.688,193.526,414.579
18.947,1.342,193.184,438.788
19.365,2.212,192.869,641.862
20.1,3.735,192.366,786.958
22.685,9.06,189.772,85.835
28.4,20.7,194.331,891.261
29.725,23.477,196.66,1035.002
30.233,24.602,197.219,1226.949
30.55,25.242,197.419,2688.282
30.76,25.652,197.429,2192.206
31.16,26.46,197.193,1150.53
31.548,27.242,196.514,176.521
31.755,27.615,196.056,160.227
31.96,28.025,195.671,265.138
32.368,28.938,194.83,256.866
26.79,17.328,195.774,1.189
27.727,19.202,197.535,315.018
28.118,20.05,198.388,790.903
28.407,20.733,198.837,1227.245
28.702,21.413,198.964,656.269
29.012,22.078,198.783,1877.985
29.33,22.718,198.269,1365.242
29.54,23.128,197.819,1399.96
29.94,23.935,196.908,1128.036
30.442,24.9,195.779,289.116
19.832,3.117,193.549,516.64
20.172,3.777,193.948,364.176
20.397,4.213,194.216,218.305
20.815,5.082,194.644,356.333
21.245,5.93,194.674,307.762
21.467,6.355,194.627,548.848
21.677,6.797,194.475,795.299
21.892,7.242,194.228,720.874
22.747,8.945,193.678,747.557
25.303,14.22,190.634,12.428
21.862,7.232,194.3,832.558
22.292,8.08,195.03,889.014
22.62,8.727,195.585,675.7
22.94,9.392,195.801,498.725
23.257,10.06,195.686,833.39
23.587,10.715,195.374,545.914
23.815,11.142,195.265,117.435
24.038,11.57,195.187,10.781
24.645,12.802,195.077,1.21
26.855,17.46,191.867,10.5
23.857,25.208,197.532,945.101
25.017,27.485,195.612,433.973
22.72,18.342,191.593,147.407
24.845,18.038,195.475,9.867
25.773,19.92,197.17,563.732
26.562,21.643,198.04,765.81
27.07,22.768,197.777,541.047
27.492,23.623,197.215,1207.065
28.295,25.225,195.608,782.418
15.995,-4.63,193.391,541.656
16.58,-3.533,194.01,581.793
16.89,-2.86,194.127,492.659
17.192,-2.198,194.035,543.921
17.515,-1.535,193.699,405.829
17.747,-1.095,193.463,533.083
17.968,-0.643,193.229,681.569
18.727,0.867,192.674,643.164
20.342,4.1,191.555,621.441
23.317,10.28,188.105,5.614
26.722,17.273,189.972,53.968
30.438,24.898,195.365,322.01
31.248,26.655,196.133,348.854
31.555,27.265,196.13,225.824
31.753,27.652,196.129,179.474
32.042,28.235,196.115,325.062
32.347,28.812,195.862,111.439
32.663,29.443,195.594,206.656
32.962,30.13,195.179,72.446
33.17,30.595,194.622,76.888
23.27,10.045,194.986,635.863
23.59,10.71,195.447,453.804
23.907,11.377,195.819,366.048
24.238,12.032,196.003,302.03
25.085,13.698,195.973,1.721
25.98,15.63,195.485,2.728
27.485,18.767,193.166,6.982
21.452,20.64,194.83,1.204
21.598,11.495,193.963,1.288
23.51,15.332,195.565,1.82
26.122,20.848,192.995,4.859
17.533,-1.525,193.682,430.253
17.835,-0.863,194.074,564.866
18.157,-0.2,194.228,382.678
18.495,0.467,194.131,356.877
18.835,1.128,193.788,256.439
19.06,1.562,193.565,306.078
19.285,2.01,193.332,427.294
19.508,2.45,193.146,629.929
20.882,5.222,192.343,621.239
23.053,9.748,190.854,13.866
19.803,3.1,193.654,380.8
20.142,3.76,194.053,235.778
20.488,4.415,194.45,520.503
20.815,5.082,194.644,356.035
21.125,5.71,194.765,738.469
21.438,6.337,194.702,472.388
21.648,6.78,194.55,731.406
22.07,7.67,194.06,916.606
23.03,9.582,193.498,100.654
25.585,14.877,190.141,24.47
24.437,12.405,195.395,5.244
24.878,13.282,195.941,56.325
25.222,13.92,196.518,95.664
27.472,18.812,190.846,248.92
30.835,25.738,195.75,311.117
31.355,26.812,196.07,313.413
31.557,27.227,196.056,209.208
31.755,27.615,196.056,159.801
31.952,28.008,196.06,71.13
32.347,28.812,195.862,111.227
32.755,29.632,195.331,88.667
32.965,30.092,195.073,100.831
33.172,30.557,194.516,101.74
20.36,18.53,194.728,24.791
19.57,12.057,190.459,27.065
18.945,6.217,191.714,628.004
20.825,9.928,194.062,803.353
21.458,11.23,194.891,887.544
22.108,12.55,194.88,549.179
22.643,13.605,195.021,19.487
24.858,18.242,193.952,44.692
27.413,18.635,196.208,86.334
28.218,20.308,197.871,648.429
28.505,20.963,198.414,516.348
28.8,21.643,198.784,776.622
29.11,22.3,198.905,890.078
29.428,22.94,198.64,1293.43
29.735,23.58,198.01,1652.173
29.938,23.995,197.534,1458.551
30.233,24.587,196.863,1000.387
30.938,26.04,195.556,286.671
15.562,-5.512,193.867,253.278
16.04,-4.648,194.105,489.95
16.35,-3.975,193.993,571.328
16.657,-3.305,193.64,489.17
16.863,-2.857,193.419,567.061
17.082,-2.418,193.193,709.133
17.42,-1.75,192.844,684.831
18.505,0.428,192.015,585.618
19.585,2.605,191.17,704.835
22.458,8.567,187.446,45.72
17.94,-0.635,193.714,367.13
18.262,0.028,194.115,693.837
18.598,0.693,194.267,303.606
18.938,1.352,194.174,413.354
19.267,2.015,193.839,206.649
19.492,2.462,193.606,331.516
19.715,2.902,193.419,546.474
20.025,3.53,193.32,584.297
20.657,4.832,192.883,806.124
23.125,9.953,190.307,114.808
20.587,4.625,193.819,418.409
21.038,5.508,194.354,319.108
21.35,6.15,194.866,370.946
21.66,6.778,195.245,601.333
21.988,7.425,195.318,501.279
22.307,8.09,195.042,580.546
22.523,8.543,194.791,1608.258
22.853,9.198,194.48,687.687
23.882,11.295,194.101,21.72
25.997,15.695,191.498,18.489
27.195,18.222,189.37,6.104
29.82,23.63,193.553,397.603
30.93,25.98,195.505,340.254
31.45,27.035,195.691,332.408
31.955,28.062,195.771,202.608
32.153,28.455,195.776,91.705
32.457,29.033,195.734,240.035
32.755,29.632,195.574,103.08
33.055,30.32,195.406,255.928
33.373,31.005,194.721,73.596
23.15,9.837,194.692,483.056
23.587,10.707,195.371,394.567
23.802,11.16,195.622,582.147
24.237,12.033,196.003,306.292
24.685,12.885,195.977,99.205
25.78,15.168,195.754,3.828
27.488,18.773,193.042,8.824
24.945,27.335,196.798,826.874
25.575,28.49,195.502,143.303
23.663,20.085,192.898,225.835
25.305,18.872,195.346,109.284
26.65,21.66,197.412,922.069
27.345,23.202,197.962,1374.108
27.858,24.285,197.77,1314.991
28.362,25.288,196.737,1162.655
29.06,26.695,195.481,301.346
26.337,16.215,196.967,3.895
27.135,17.863,198.424,625.49
27.422,18.518,198.492,558.844
27.712,19.2,198.199,687.368
27.907,19.643,197.957,596.641
28.218,20.308,197.533,505.383
29.55,23.04,194.808,842.407
27.825,19.483,196.38,175.34
28.625,21.175,197.972,663.211
28.915,21.858,198.42,719.622
29.11,22.3,198.661,658.702
29.525,23.16,198.76,1106.85
29.947,24.015,198.249,1753.227
30.15,24.43,197.773,1610.608
30.348,24.817,197.338,1318.047
30.545,25.21,196.904,651.415
30.85,25.787,196.21,203.035
16.31,-3.947,193.276,559.402
16.992,-2.635,194.016,836.657
17.3,-1.965,194.163,446.927
17.622,-1.302,194.074,359.599
17.958,-0.637,193.727,311.873
18.178,-0.185,193.493,511.018
18.628,0.698,193.038,500.353
19.492,2.422,192.443,772.031
20.868,5.195,191.641,460.593
23.74,11.157,187.917,5.979
